rtcDate,rtcTime,gps_Date,gps_Time,gps_Lat,gps_Long,gps_Alt,gps_SIV,gps_FixType,gps_GroundSpeed,gps_Heading,gps_pDOP,humidity_%,degC,

08/06/2024,21:43:43.61,08/07/2024,04:43:41.000,376652782,-1217631021,119120,0,0,0,0,9999,31.83,26.06,

08/06/2024,21:43:44.61,08/07/2024,04:43:42.000,376652782,-1217631021,119120,0,0,0,0,9999,31.81,26.19,

08/06/2024,21:43:45.61,08/07/2024,04:43:43.000,376652782,-1217631021,119120,0,0,0,0,9999,31.82,26.09,

08/06/2024,21:43:46.61,08/07/2024,04:43:44.000,376652782,-1217631021,119120,0,0,0,0,9999,31.80,26.07,

08/06/2024,21:43:47.61,08/07/2024,04:43:45.000,376652782,-1217631021,119120,0,0,0,0,9999,31.72,26.04,

08/06/2024,21:43:48.61,08/07/2024,04:43:46.000,376652782,-1217631021,119120,0,0,0,0,9999,31.58,26.07,

08/06/2024,21:43:49.61,08/07/2024,04:43:47.000,376652782,-1217631021,119120,0,0,0,0,9999,31.65,26.05,

08/06/2024,21:43:50.61,08/07/2024,04:43:48.000,376652782,-1217631021,119120,0,0,0,0,9999,31.48,25.98,

08/06/2024,21:43:51.61,08/07/2024,04:43:49.000,376652782,-1217631021,119120,0,0,0,0,9999,31.45,25.97,

08/06/2024,21:43:52.61,08/07/2024,04:43:50.000,376652782,-1217631021,119120,0,0,0,0,9999,31.50,26.13,

08/06/2024,21:43:53.61,08/07/2024,04:43:51.000,376652782,-1217631021,119120,0,0,0,0,9999,31.49,25.95,

08/06/2024,21:43:54.61,08/07/2024,04:43:52.000,376652782,-1217631021,119120,0,0,0,0,9999,31.62,26.07,

08/06/2024,21:43:55.61,08/07/2024,04:43:53.000,376652782,-1217631021,119120,0,0,0,0,9999,31.47,26.16,

08/06/2024,21:43:56.61,08/07/2024,04:43:54.000,376652782,-1217631021,119120,0,0,0,0,9999,31.58,26.10,

08/06/2024,21:43:57.61,08/07/2024,04:43:55.000,376652782,-1217631021,119120,0,0,0,0,9999,31.64,26.07,

08/06/2024,21:43:58.61,08/07/2024,04:43:56.000,376652782,-1217631021,119120,0,0,0,0,9999,31.49,26.00,

08/06/2024,21:43:59.61,08/07/2024,04:43:57.000,376652782,-1217631021,119120,0,0,0,0,9999,31.38,25.95,

08/06/2024,21:44:00.61,08/07/2024,04:43:58.000,376652782,-1217631021,119120,0,0,0,0,9999,31.65,26.03,

08/06/2024,21:44:01.61,08/07/2024,04:43:59.000,376652782,-1217631021,119120,0,0,0,0,9999,31.61,26.06,

08/06/2024,21:44:02.61,08/07/2024,04:44:00.000,376652782,-1217631021,119120,0,0,0,0,9999,31.78,26.13,

08/06/2024,21:44:03.61,08/07/2024,04:44:01.000,376652782,-1217631021,119120,0,0,0,0,9999,31.51,26.14,

08/06/2024,21:44:04.61,08/07/2024,04:44:02.000,376652782,-1217631021,119120,0,0,0,0,9999,31.66,26.02,

08/06/2024,21:44:05.61,08/07/2024,04:44:03.000,376652782,-1217631021,119120,0,0,0,0,9999,31.68,26.08,

08/06/2024,21:44:06.61,08/07/2024,04:44:04.000,376652782,-1217631021,119120,0,0,0,0,9999,31.66,26.13,

08/06/2024,21:44:07.61,08/07/2024,04:44:05.000,376652782,-1217631021,119120,0,0,0,0,9999,31.76,26.16,

08/06/2024,21:44:08.61,08/07/2024,04:44:06.000,376652782,-1217631021,119120,0,0,0,0,9999,31.69,26.11,

08/06/2024,21:44:09.61,08/07/2024,04:44:07.000,376652782,-1217631021,119120,0,0,0,0,9999,31.93,26.07,

08/06/2024,21:44:10.61,08/07/2024,04:44:08.000,376652782,-1217631021,119120,0,0,0,0,9999,31.72,25.95,

08/06/2024,21:44:11.61,08/07/2024,04:44:09.000,376652782,-1217631021,119120,0,0,0,0,9999,31.62,26.13,

08/06/2024,21:44:12.61,08/07/2024,04:44:10.000,376652782,-1217631021,119120,0,0,0,0,9999,31.64,25.95,

08/06/2024,21:44:13.61,08/07/2024,04:44:11.000,376652782,-1217631021,119120,0,0,0,0,9999,31.77,26.09,

08/06/2024,21:44:14.61,08/07/2024,04:44:12.000,376652782,-1217631021,119120,0,0,0,0,9999,31.52,26.13,

08/06/2024,21:44:15.61,08/07/2024,04:44:13.000,376652782,-1217631021,119120,0,0,0,0,9999,31.64,26.07,

08/06/2024,21:44:16.61,08/07/2024,04:44:14.000,376652782,-1217631021,119120,0,0,0,0,9999,31.67,26.09,

08/06/2024,21:44:17.61,08/07/2024,04:44:15.000,376652782,-1217631021,119120,0,0,0,0,9999,31.59,26.00,

08/06/2024,21:44:18.61,08/07/2024,04:44:16.000,376652782,-1217631021,119120,0,0,0,0,9999,32.06,26.17,

08/06/2024,21:44:19.61,08/07/2024,04:44:17.000,376652782,-1217631021,119120,0,0,0,0,9999,32.33,26.09,

08/06/2024,21:44:20.61,08/07/2024,04:44:18.000,376652782,-1217631021,119120,0,0,0,0,9999,32.63,26.14,

08/06/2024,21:44:21.61,08/07/2024,04:44:19.000,376652782,-1217631021,119120,0,0,0,0,9999,32.62,26.07,

08/06/2024,21:44:22.61,08/07/2024,04:44:20.000,376652782,-1217631021,119120,0,0,0,0,9999,32.30,26.08,

08/06/2024,21:44:23.61,08/07/2024,04:44:21.000,376652782,-1217631021,119120,0,0,0,0,9999,32.48,26.23,

08/06/2024,21:44:24.61,08/07/2024,04:44:22.000,376652782,-1217631021,119120,0,0,0,0,9999,31.99,25.98,

08/06/2024,21:44:25.61,08/07/2024,04:44:23.000,376652782,-1217631021,119120,0,0,0,0,9999,31.92,26.12,

08/06/2024,21:44:26.61,08/07/2024,04:44:24.000,376652782,-1217631021,119120,0,0,0,0,9999,31.92,26.20,

08/06/2024,21:44:27.61,08/07/2024,04:44:25.000,376652782,-1217631021,119120,0,0,0,0,9999,31.84,26.08,

08/06/2024,21:44:28.61,08/07/2024,04:44:26.000,376652782,-1217631021,119120,0,0,0,0,9999,31.69,26.12,

08/06/2024,21:44:29.61,08/07/2024,04:44:27.000,376652782,-1217631021,119120,0,0,0,0,9999,32.65,26.13,

08/06/2024,21:44:30.61,08/07/2024,04:44:28.000,376652782,-1217631021,119120,0,0,0,0,9999,33.07,26.08,

08/06/2024,21:44:31.61,08/07/2024,04:44:29.000,376652782,-1217631021,119120,0,0,0,0,9999,32.99,26.08,

08/06/2024,21:44:32.61,08/07/2024,04:44:30.000,376652782,-1217631021,119120,0,0,0,0,9999,33.06,26.16,

08/06/2024,21:44:33.61,08/07/2024,04:44:31.000,376652782,-1217631021,119120,0,0,0,0,9999,32.52,26.19,

08/06/2024,21:44:34.61,08/07/2024,04:44:32.000,376652782,-1217631021,119120,0,0,0,0,9999,32.43,26.13,

08/06/2024,21:44:35.61,08/07/2024,04:44:33.000,376652782,-1217631021,119120,0,0,0,0,9999,32.33,26.20,

08/06/2024,21:44:36.62,08/07/2024,04:44:34.000,376652782,-1217631021,119120,0,0,0,0,9999,31.89,26.02,

08/06/2024,21:44:37.62,08/07/2024,04:44:35.000,376652782,-1217631021,119120,0,0,0,0,9999,31.89,26.06,

08/06/2024,21:44:38.62,08/07/2024,04:44:36.000,376652782,-1217631021,119120,0,0,0,0,9999,31.58,26.21,

08/06/2024,21:44:39.62,08/07/2024,04:44:37.000,376652782,-1217631021,119120,0,0,0,0,9999,31.40,26.00,

08/06/2024,21:44:40.62,08/07/2024,04:44:38.000,376652782,-1217631021,119120,0,0,0,0,9999,31.57,26.09,

08/06/2024,21:44:41.62,08/07/2024,04:44:39.000,376652782,-1217631021,119120,0,0,0,0,9999,31.47,26.12,

08/06/2024,21:44:42.62,08/07/2024,04:44:40.000,376652782,-1217631021,119120,0,0,0,0,9999,31.52,26.18,

08/06/2024,21:44:43.62,08/07/2024,04:44:41.000,376652782,-1217631021,119120,0,0,0,0,9999,31.62,26.10,

08/06/2024,21:44:44.62,08/07/2024,04:44:42.000,376652782,-1217631021,119120,0,0,0,0,9999,31.69,26.17,

08/06/2024,21:44:45.62,08/07/2024,04:44:43.000,376652782,-1217631021,119120,0,0,0,0,9999,31.37,26.12,

08/06/2024,21:44:46.62,08/07/2024,04:44:44.000,376652782,-1217631021,119120,0,0,0,0,9999,31.36,26.18,

08/06/2024,21:44:47.62,08/07/2024,04:44:45.000,376652782,-1217631021,119120,0,0,0,0,9999,31.59,26.13,

08/06/2024,21:44:48.62,08/07/2024,04:44:47.000,376652782,-1217631021,119120,0,0,0,0,9999,31.44,26.01,

08/06/2024,21:44:50.50,08/07/2024,04:44:48.000,376652782,-1217631021,119120,0,0,0,0,9999,31.09,26.15,

08/06/2024,21:44:51.55,08/07/2024,04:44:49.000,376652782,-1217631021,119120,0,0,0,0,9999,31.33,26.11,

08/06/2024,21:44:52.55,08/07/2024,04:44:50.000,376652782,-1217631021,119120,0,0,0,0,9999,31.37,26.12,

08/06/2024,21:44:53.55,08/07/2024,04:44:51.000,376652782,-1217631021,119120,0,0,0,0,9999,31.61,26.21,

08/06/2024,21:44:54.55,08/07/2024,04:44:52.000,376652782,-1217631021,119120,0,0,0,0,9999,31.57,26.20,

08/06/2024,21:44:55.55,08/07/2024,04:44:53.000,376652782,-1217631021,119120,0,0,0,0,9999,31.55,26.21,

08/06/2024,21:44:56.55,08/07/2024,04:44:54.000,376652782,-1217631021,119120,0,0,0,0,9999,31.70,26.20,

08/06/2024,21:44:57.55,08/07/2024,04:44:55.000,376652782,-1217631021,119120,0,0,0,0,9999,31.61,26.19,

08/06/2024,21:44:58.55,08/07/2024,04:44:56.000,376652782,-1217631021,119120,0,0,0,0,9999,31.86,26.23,

08/06/2024,21:44:59.55,08/07/2024,04:44:57.000,376652782,-1217631021,119120,0,0,0,0,9999,32.41,26.13,

08/06/2024,21:45:00.55,08/07/2024,04:44:58.000,376652782,-1217631021,119120,0,0,0,0,9999,33.15,26.18,

08/06/2024,21:45:01.55,08/07/2024,04:44:59.000,376652782,-1217631021,119120,0,0,0,0,9999,33.61,26.13,

08/06/2024,21:45:02.56,08/07/2024,04:45:00.000,376652782,-1217631021,119120,0,0,0,0,9999,33.75,26.08,

08/06/2024,21:45:03.56,08/07/2024,04:45:01.000,376652782,-1217631021,119120,0,0,0,0,9999,33.24,26.07,

08/06/2024,21:45:04.56,08/07/2024,04:45:02.000,376652782,-1217631021,119120,0,0,0,0,9999,33.23,26.16,

08/06/2024,21:45:05.56,08/07/2024,04:45:03.000,376652782,-1217631021,119120,0,0,0,0,9999,33.05,26.16,

08/06/2024,21:45:06.56,08/07/2024,04:45:04.000,376652782,-1217631021,119120,0,0,0,0,9999,32.57,26.26,

08/06/2024,21:45:07.56,08/07/2024,04:45:05.000,376652782,-1217631021,119120,0,0,0,0,9999,32.52,26.20,

08/06/2024,21:45:08.56,08/07/2024,04:45:06.000,376652782,-1217631021,119120,0,0,0,0,9999,32.02,26.21,

08/06/2024,21:45:09.56,08/07/2024,04:45:07.000,376652782,-1217631021,119120,0,0,0,0,9999,31.89,26.20,

08/06/2024,21:45:10.56,08/07/2024,04:45:08.000,376652782,-1217631021,119120,0,0,0,0,9999,31.83,26.10,

08/06/2024,21:45:11.56,08/07/2024,04:45:09.000,376652782,-1217631021,119120,0,0,0,0,9999,31.48,26.25,

08/06/2024,21:45:12.56,08/07/2024,04:45:10.000,376652782,-1217631021,119120,0,0,0,0,9999,31.74,26.30,

08/06/2024,21:45:13.56,08/07/2024,04:45:11.000,376652782,-1217631021,119120,0,0,0,0,9999,31.51,26.07,

08/06/2024,21:45:14.56,08/07/2024,04:45:12.000,376652782,-1217631021,119120,0,0,0,0,9999,31.60,26.20,

08/06/2024,21:45:15.56,08/07/2024,04:45:13.000,376652782,-1217631021,119120,0,0,0,0,9999,31.61,26.19,

08/06/2024,21:45:16.56,08/07/2024,04:45:14.000,376652782,-1217631021,119120,0,0,0,0,9999,31.40,26.15,

08/06/2024,21:45:17.57,08/07/2024,04:45:15.000,376652782,-1217631021,119120,0,0,0,0,9999,31.69,26.20,

08/06/2024,21:45:18.57,08/07/2024,04:45:16.000,376652782,-1217631021,119120,0,0,0,0,9999,31.50,26.15,

08/06/2024,21:45:19.57,08/07/2024,04:45:17.000,376652782,-1217631021,119120,0,0,0,0,9999,31.76,26.21,

08/06/2024,21:45:20.57,08/07/2024,04:45:18.000,376652782,-1217631021,119120,0,0,0,0,9999,31.36,26.12,

08/06/2024,21:45:21.57,08/07/2024,04:45:19.000,376652782,-1217631021,119120,0,0,0,0,9999,31.58,26.18,

08/06/2024,21:45:22.57,08/07/2024,04:45:20.000,376652782,-1217631021,119120,0,0,0,0,9999,31.51,26.13,

08/06/2024,21:45:23.57,08/07/2024,04:45:21.000,376652782,-1217631021,119120,0,0,0,0,9999,31.57,26.20,

08/06/2024,21:45:24.57,08/07/2024,04:45:22.000,376652782,-1217631021,119120,0,0,0,0,9999,31.55,26.16,

08/06/2024,21:45:25.57,08/07/2024,04:45:23.000,376652782,-1217631021,119120,0,0,0,0,9999,31.51,26.26,

08/06/2024,21:45:26.57,08/07/2024,04:45:24.006,376611805,-1217628612,115624,0,0,0,0,9999,31.73,26.13,

08/06/2024,21:45:27.57,08/07/2024,04:45:25.000,376529368,-1217644165,345865,0,0,0,0,9999,31.73,26.24,

08/06/2024,21:45:28.57,08/07/2024,04:45:26.000,376529001,-1217644075,346673,0,0,0,0,9999,31.62,26.11,

08/06/2024,21:45:29.57,08/07/2024,04:45:27.000,376529015,-1217644067,346852,0,0,0,0,9999,31.84,26.17,

08/06/2024,21:45:30.57,08/07/2024,04:45:27.500,376651439,-1217633793,157810,4,3,157,0,1216,31.74,26.18,

08/06/2024,21:45:31.58,08/07/2024,04:45:29.000,376653006,-1217630625,120014,5,3,190,0,530,31.49,26.25,

08/06/2024,21:45:32.58,08/07/2024,04:45:30.000,376653915,-1217631262,130506,6,3,98,0,287,31.70,26.20,

08/06/2024,21:45:33.58,08/07/2024,04:45:31.000,376653950,-1217631270,131804,6,3,193,0,287,31.67,26.17,

08/06/2024,21:45:34.58,08/07/2024,04:45:32.000,376653924,-1217631275,131936,6,3,51,0,287,31.93,26.20,

08/06/2024,21:45:35.58,08/07/2024,04:45:33.000,376653315,-1217631190,128068,7,3,193,0,205,31.72,26.24,

08/06/2024,21:45:36.58,08/07/2024,04:45:34.000,376652841,-1217631103,125027,7,3,98,0,205,31.84,26.24,

08/06/2024,21:45:37.58,08/07/2024,04:45:35.000,376652584,-1217631079,123639,7,3,201,0,205,31.73,26.16,

08/06/2024,21:45:38.58,08/07/2024,04:45:36.000,376652364,-1217631059,122549,7,3,73,0,205,31.85,26.21,

08/06/2024,21:45:39.58,08/07/2024,04:45:37.000,376652284,-1217631056,122269,7,3,35,0,205,31.83,26.21,

08/06/2024,21:45:40.58,08/07/2024,04:45:38.000,376652258,-1217631037,121952,7,3,160,0,205,31.90,26.25,

08/06/2024,21:45:41.58,08/07/2024,04:45:39.000,376652267,-1217631023,121836,7,3,65,0,205,31.83,26.16,

08/06/2024,21:45:43.58,08/07/2024,04:45:41.000,376652290,-1217631010,121757,7,3,30,0,205,31.85,26.13,

08/06/2024,21:45:44.59,08/07/2024,04:45:42.000,376652308,-1217631009,121693,7,3,7,0,205,31.77,26.25,

08/06/2024,21:45:45.59,08/07/2024,04:45:43.000,376652314,-1217631008,121674,7,3,141,0,205,31.78,26.21,

08/06/2024,21:45:46.59,08/07/2024,04:45:44.000,376652323,-1217631002,121596,7,3,49,0,205,31.77,26.18,

08/06/2024,21:45:47.59,08/07/2024,04:45:45.000,376652321,-1217631005,121539,8,3,403,0,190,31.98,26.20,

08/06/2024,21:45:48.59,08/07/2024,04:45:46.000,376652330,-1217631003,121350,8,3,43,0,190,32.11,26.19,

08/06/2024,21:45:49.59,08/07/2024,04:45:47.000,376652331,-1217631002,121267,8,3,107,0,190,32.00,26.18,

08/06/2024,21:45:50.59,08/07/2024,04:45:48.000,376652320,-1217631004,121227,8,3,74,0,190,32.01,26.23,

08/06/2024,21:45:51.59,08/07/2024,04:45:49.000,376652333,-1217630994,121071,8,3,52,0,190,31.96,26.13,

08/06/2024,21:45:52.59,08/07/2024,04:45:50.000,376652351,-1217630986,120985,8,3,34,0,190,32.14,26.24,

08/06/2024,21:45:53.59,08/07/2024,04:45:51.000,376652366,-1217630978,120876,8,3,39,0,190,32.21,26.24,

08/06/2024,21:45:54.59,08/07/2024,04:45:52.000,376652373,-1217630980,121043,8,3,38,0,190,32.24,26.30,

08/06/2024,21:45:55.59,08/07/2024,04:45:53.000,376652386,-1217630987,121308,8,3,20,0,190,32.21,26.22,

08/06/2024,21:45:56.59,08/07/2024,04:45:54.000,376652405,-1217630995,121605,8,3,49,0,190,32.22,26.28,

08/06/2024,21:45:57.60,08/07/2024,04:45:55.000,376652461,-1217630969,121477,9,3,103,0,180,32.13,26.24,

08/06/2024,21:45:58.60,08/07/2024,04:45:56.000,376652507,-1217630954,121526,9,3,93,0,180,32.10,26.30,

08/06/2024,21:45:59.60,08/07/2024,04:45:57.000,376652544,-1217630939,121629,9,3,113,0,180,32.14,26.17,

08/06/2024,21:46:00.60,08/07/2024,04:45:58.000,376652566,-1217630931,121908,9,3,54,0,180,32.15,26.25,

08/06/2024,21:46:01.60,08/07/2024,04:45:59.000,376652601,-1217630925,122079,9,3,7,0,180,32.20,26.18,

08/06/2024,21:46:02.60,08/07/2024,04:46:00.000,376652626,-1217630922,122294,9,3,16,0,180,32.05,26.23,

08/06/2024,21:46:03.60,08/07/2024,04:46:01.000,376652645,-1217630904,122404,9,3,59,0,180,32.09,26.26,

08/06/2024,21:46:04.60,08/07/2024,04:46:02.000,376652666,-1217630889,122535,9,3,28,0,180,32.10,26.23,

08/06/2024,21:46:05.60,08/07/2024,04:46:03.000,376652684,-1217630870,122532,9,3,85,0,180,32.26,26.32,

08/06/2024,21:46:06.60,08/07/2024,04:46:04.000,376652702,-1217630850,122649,9,3,124,0,180,32.22,26.14,

08/06/2024,21:46:07.60,08/07/2024,04:46:05.000,376652714,-1217630832,122881,9,3,8,0,180,32.23,26.19,

08/06/2024,21:46:08.60,08/07/2024,04:46:06.000,376652718,-1217630816,123122,9,3,94,0,180,32.11,26.22,

08/06/2024,21:46:09.61,08/07/2024,04:46:07.000,376652728,-1217630800,123147,9,3,20,0,180,32.33,26.22,

08/06/2024,21:46:10.61,08/07/2024,04:46:09.000,376652750,-1217630765,123104,9,3,53,0,180,32.14,26.16,

08/06/2024,21:46:12.38,08/07/2024,04:46:10.000,376652757,-1217630748,122855,9,3,34,0,180,32.20,26.24,

08/06/2024,21:46:13.38,08/07/2024,04:46:11.000,376652772,-1217630732,123136,9,3,17,0,179,31.99,26.09,

08/06/2024,21:46:14.38,08/07/2024,04:46:12.000,376652783,-1217630718,123093,9,3,35,0,179,32.41,26.32,

08/06/2024,21:46:15.38,08/07/2024,04:46:13.000,376652789,-1217630707,123078,9,3,70,0,179,32.04,26.23,

08/06/2024,21:46:16.38,08/07/2024,04:46:14.000,376652811,-1217630710,123771,10,3,44,0,168,32.06,26.27,

08/06/2024,21:46:17.39,08/07/2024,04:46:15.000,376652834,-1217630717,124374,10,3,33,0,168,32.06,26.16,

08/06/2024,21:46:18.39,08/07/2024,04:46:16.000,376652847,-1217630702,124206,9,3,38,0,179,32.11,26.31,

08/06/2024,21:46:19.39,08/07/2024,04:46:17.000,376652855,-1217630702,124527,10,3,73,0,168,32.01,26.26,

08/06/2024,21:46:20.39,08/07/2024,04:46:18.000,376652876,-1217630706,125319,11,3,28,0,159,32.10,26.24,

08/06/2024,21:46:21.39,08/07/2024,04:46:19.000,376652883,-1217630694,125083,10,3,23,0,170,32.47,26.23,

08/06/2024,21:46:22.39,08/07/2024,04:46:20.000,376652895,-1217630698,125588,11,3,21,0,159,32.25,26.12,

08/06/2024,21:46:23.39,08/07/2024,04:46:21.000,376652904,-1217630705,126148,11,3,3,0,159,32.22,26.18,

08/06/2024,21:46:24.39,08/07/2024,04:46:22.000,376652899,-1217630696,126070,10,3,23,0,170,32.27,26.24,

08/06/2024,21:46:25.39,08/07/2024,04:46:23.000,376652901,-1217630699,126022,11,3,5,0,159,32.39,26.25,

08/06/2024,21:46:26.39,08/07/2024,04:46:24.000,376652906,-1217630709,126578,11,3,24,0,159,32.29,26.12,

08/06/2024,21:46:27.39,08/07/2024,04:46:25.000,376652911,-1217630699,126407,10,3,62,0,170,32.44,26.22,

08/06/2024,21:46:28.40,08/07/2024,04:46:26.000,376652930,-1217630704,127385,11,3,13,0,159,32.44,26.20,

08/06/2024,21:46:29.40,08/07/2024,04:46:27.000,376652939,-1217630710,127560,11,3,17,0,159,32.18,26.24,

08/06/2024,21:46:30.40,08/07/2024,04:46:28.000,376652953,-1217630703,127842,10,3,14,0,170,32.24,26.27,

08/06/2024,21:46:31.40,08/07/2024,04:46:29.000,376652961,-1217630712,128388,10,3,27,0,163,32.43,26.43,

08/06/2024,21:46:32.40,08/07/2024,04:46:30.000,376652968,-1217630724,128945,10,3,45,0,163,32.07,26.30,

08/06/2024,21:46:33.40,08/07/2024,04:46:31.000,376652972,-1217630719,128964,10,3,87,0,170,32.16,26.23,

08/06/2024,21:46:34.40,08/07/2024,04:46:32.000,376652977,-1217630727,129198,10,3,41,0,163,32.18,26.37,

08/06/2024,21:46:35.40,08/07/2024,04:46:33.000,376652995,-1217630741,130151,10,3,56,0,174,32.38,26.23,

08/06/2024,21:46:36.40,08/07/2024,04:46:34.000,376653014,-1217630737,130524,11,3,42,0,167,32.08,26.22,

08/06/2024,21:46:37.40,08/07/2024,04:46:35.000,376653034,-1217630745,130749,12,3,33,0,156,32.11,26.25,

08/06/2024,21:46:38.40,08/07/2024,04:46:36.000,376653060,-1217630757,131513,12,3,41,0,156,32.15,26.26,

08/06/2024,21:46:39.40,08/07/2024,04:46:37.000,376653075,-1217630750,131530,11,3,66,0,167,32.05,26.15,

08/06/2024,21:46:40.41,08/07/2024,04:46:38.000,376653097,-1217630753,132083,12,3,57,0,156,32.11,26.29,

08/06/2024,21:46:41.41,08/07/2024,04:46:39.000,376653122,-1217630755,132387,14,3,96,0,140,31.89,26.30,

08/06/2024,21:46:42.41,08/07/2024,04:46:40.000,376653134,-1217630748,132141,13,3,39,0,145,31.95,26.16,

08/06/2024,21:46:43.41,08/07/2024,04:46:41.000,376653149,-1217630750,132223,14,3,57,0,140,31.98,26.24,

08/06/2024,21:46:44.41,08/07/2024,04:46:42.000,376653171,-1217630754,132515,14,3,40,0,140,31.95,26.24,

08/06/2024,21:46:45.41,08/07/2024,04:46:43.000,376653182,-1217630747,132199,13,3,21,0,145,31.94,26.28,

08/06/2024,21:46:46.41,08/07/2024,04:46:44.000,376653198,-1217630747,132546,14,3,31,0,140,31.90,26.26,

08/06/2024,21:46:47.41,08/07/2024,04:46:45.000,376653197,-1217630738,132279,14,3,42,0,140,31.98,26.25,

08/06/2024,21:46:48.41,08/07/2024,04:46:46.000,376653192,-1217630728,131901,14,3,44,0,140,32.04,26.35,

08/06/2024,21:46:49.41,08/07/2024,04:46:47.000,376653186,-1217630721,131545,14,3,9,0,140,31.82,26.31,

08/06/2024,21:46:50.41,08/07/2024,04:46:48.000,376653188,-1217630713,131326,13,3,27,0,149,32.07,26.24,

08/06/2024,21:46:51.42,08/07/2024,04:46:49.000,376653179,-1217630708,131038,14,3,108,0,140,31.88,26.30,

08/06/2024,21:46:52.42,08/07/2024,04:46:50.000,376653174,-1217630703,130775,14,3,45,0,140,31.73,26.21,

08/06/2024,21:46:53.42,08/07/2024,04:46:51.000,376653174,-1217630697,130477,14,3,28,0,140,31.80,26.28,

08/06/2024,21:46:54.42,08/07/2024,04:46:52.000,376653170,-1217630692,129930,14,3,19,0,140,31.92,26.27,

08/06/2024,21:46:55.42,08/07/2024,04:46:53.000,376653174,-1217630688,129711,14,3,79,0,140,31.97,26.33,

08/06/2024,21:46:56.42,08/07/2024,04:46:54.000,376653166,-1217630686,129335,14,3,75,0,140,31.84,26.29,

08/06/2024,21:46:57.42,08/07/2024,04:46:55.000,376653163,-1217630679,129151,14,3,50,0,140,31.84,26.32,

08/06/2024,21:46:58.42,08/07/2024,04:46:56.000,376653160,-1217630678,128962,14,3,41,0,140,31.84,26.27,

08/06/2024,21:46:59.42,08/07/2024,04:46:58.000,376653138,-1217630676,128712,13,3,43,0,149,31.92,26.31,

08/06/2024,21:47:01.40,08/07/2024,04:46:59.000,376653143,-1217630673,128427,13,3,45,0,149,31.94,26.34,

08/06/2024,21:47:02.40,08/07/2024,04:47:00.000,376653144,-1217630671,128362,13,3,14,0,149,31.91,26.31,

08/06/2024,21:47:03.40,08/07/2024,04:47:01.000,376653145,-1217630670,128220,13,3,15,0,149,31.85,26.27,

08/06/2024,21:47:04.40,08/07/2024,04:47:02.000,376653149,-1217630674,128011,13,3,79,0,149,31.99,26.25,

08/06/2024,21:47:05.40,08/07/2024,04:47:03.000,376653147,-1217630676,127756,13,3,63,0,149,31.98,26.29,

08/06/2024,21:47:06.40,08/07/2024,04:47:04.000,376653148,-1217630676,127511,13,3,76,0,149,31.93,26.29,

08/06/2024,21:47:07.40,08/07/2024,04:47:05.000,376653144,-1217630676,127305,13,3,55,0,149,31.88,26.37,

08/06/2024,21:47:08.40,08/07/2024,04:47:06.000,376653152,-1217630675,127180,13,3,94,0,149,32.00,26.31,

08/06/2024,21:47:09.41,08/07/2024,04:47:07.000,376653159,-1217630673,127087,13,3,121,0,149,31.87,26.35,

08/06/2024,21:47:10.41,08/07/2024,04:47:08.000,376653159,-1217630678,126998,13,3,46,0,149,32.11,26.34,

08/06/2024,21:47:11.41,08/07/2024,04:47:09.000,376653164,-1217630668,126870,14,3,38,0,147,32.00,26.31,

08/06/2024,21:47:12.41,08/07/2024,04:47:10.000,376653178,-1217630660,126706,14,3,34,0,147,31.76,26.34,

08/06/2024,21:47:13.41,08/07/2024,04:47:11.000,376653210,-1217630656,126635,14,3,282,0,147,31.70,26.31,

08/06/2024,21:47:14.41,08/07/2024,04:47:12.000,376653220,-1217630653,126265,15,3,17,0,138,31.98,26.33,

08/06/2024,21:47:15.41,08/07/2024,04:47:14.000,376653240,-1217630633,125899,15,3,77,0,138,31.98,26.21,

08/06/2024,21:47:17.39,08/07/2024,04:47:15.000,376653248,-1217630630,125585,15,3,38,0,138,31.80,26.31,

08/06/2024,21:47:18.39,08/07/2024,04:47:16.000,376653256,-1217630628,125435,15,3,38,0,138,31.98,26.36,

08/06/2024,21:47:19.39,08/07/2024,04:47:17.000,376653278,-1217630625,125459,15,3,170,0,138,31.94,26.26,

08/06/2024,21:47:20.39,08/07/2024,04:47:18.000,376653282,-1217630627,125305,15,3,61,0,138,31.91,26.35,

08/06/2024,21:47:21.39,08/07/2024,04:47:19.000,376653282,-1217630627,125166,16,3,81,0,136,31.74,26.21,

08/06/2024,21:47:22.39,08/07/2024,04:47:20.000,376653286,-1217630627,124988,16,3,17,0,136,32.00,26.36,

08/06/2024,21:47:23.39,08/07/2024,04:47:21.000,376653283,-1217630626,124787,16,3,24,0,136,31.97,26.39,

08/06/2024,21:47:24.39,08/07/2024,04:47:22.000,376653280,-1217630626,124536,16,3,36,0,136,32.08,26.34,

08/06/2024,21:47:25.39,08/07/2024,04:47:23.000,376653276,-1217630626,124390,16,3,39,0,136,31.92,26.37,

08/06/2024,21:47:26.40,08/07/2024,04:47:24.000,376653275,-1217630623,124393,16,3,66,0,136,31.86,26.23,

08/06/2024,21:47:27.40,08/07/2024,04:47:25.000,376653267,-1217630624,124216,16,3,44,0,136,32.17,26.23,

08/06/2024,21:47:28.40,08/07/2024,04:47:26.000,376653265,-1217630625,123994,16,3,69,0,136,32.00,26.34,

08/06/2024,21:47:29.40,08/07/2024,04:47:27.000,376653263,-1217630625,123999,16,3,23,0,136,32.07,26.31,

08/06/2024,21:47:30.40,08/07/2024,04:47:28.000,376653255,-1217630631,123693,16,3,29,0,136,31.98,26.28,

08/06/2024,21:47:31.40,08/07/2024,04:47:29.000,376653266,-1217630629,123699,15,3,38,0,142,32.03,26.28,

08/06/2024,21:47:32.40,08/07/2024,04:47:30.000,376653250,-1217630640,123611,16,3,126,0,136,32.36,26.29,

08/06/2024,21:47:33.40,08/07/2024,04:47:31.000,376653244,-1217630647,123520,16,3,0,0,136,32.11,26.28,

08/06/2024,21:47:34.40,08/07/2024,04:47:32.000,376653230,-1217630653,123541,16,3,34,0,136,32.20,26.37,

08/06/2024,21:47:35.40,08/07/2024,04:47:33.000,376653233,-1217630658,123515,16,3,247,0,136,32.14,26.21,

08/06/2024,21:47:36.41,08/07/2024,04:47:34.000,376653228,-1217630667,123444,16,3,19,0,136,32.13,26.34,

08/06/2024,21:47:37.41,08/07/2024,04:47:35.000,376653239,-1217630672,123359,15,3,102,0,138,32.14,26.32,

08/06/2024,21:47:38.41,08/07/2024,04:47:36.000,376653239,-1217630675,123465,15,3,9,0,138,32.41,26.30,

08/06/2024,21:47:39.41,08/07/2024,04:47:37.000,376653236,-1217630681,123417,15,3,36,0,138,32.26,26.40,

08/06/2024,21:47:40.41,08/07/2024,04:47:38.000,376653240,-1217630687,123338,15,3,44,0,138,32.24,26.38,

08/06/2024,21:47:41.41,08/07/2024,04:47:39.000,376653234,-1217630693,123501,15,3,54,0,138,31.98,26.22,

08/06/2024,21:47:42.41,08/07/2024,04:47:40.000,376653235,-1217630700,123599,15,3,98,0,138,32.40,26.39,

08/06/2024,21:47:43.41,08/07/2024,04:47:41.000,376653232,-1217630703,123683,15,3,41,0,138,32.27,26.39,

08/06/2024,21:47:44.41,08/07/2024,04:47:42.000,376653222,-1217630706,123563,15,3,95,0,138,32.25,26.35,

08/06/2024,21:47:45.41,08/07/2024,04:47:43.000,376653216,-1217630708,123606,15,3,14,0,138,32.34,26.42,

08/06/2024,21:47:46.42,08/07/2024,04:47:44.000,376653205,-1217630712,123655,15,3,116,0,138,32.02,26.29,

08/06/2024,21:47:47.42,08/07/2024,04:47:45.000,376653192,-1217630715,123584,15,3,84,0,138,32.07,26.39,

08/06/2024,21:47:48.42,08/07/2024,04:47:46.000,376653189,-1217630718,123394,14,3,94,0,142,32.00,26.28,

08/06/2024,21:47:49.42,08/07/2024,04:47:47.000,376653183,-1217630721,123289,14,3,61,0,142,32.19,26.41,

08/06/2024,21:47:50.42,08/07/2024,04:47:48.000,376653182,-1217630724,123146,14,3,51,0,142,32.14,26.28,

08/06/2024,21:47:51.42,08/07/2024,04:47:49.000,376653170,-1217630732,122845,15,3,122,0,129,32.25,26.41,

08/06/2024,21:47:52.42,08/07/2024,04:47:50.000,376653156,-1217630739,122551,15,3,24,0,129,32.27,26.29,

08/06/2024,21:47:53.42,08/07/2024,04:47:51.000,376653152,-1217630745,122240,15,3,120,0,129,31.99,26.32,

08/06/2024,21:47:54.42,08/07/2024,04:47:52.000,376653155,-1217630746,122040,15,3,27,0,129,31.94,26.33,

08/06/2024,21:47:55.42,08/07/2024,04:47:53.000,376653175,-1217630740,121856,15,3,103,0,129,32.14,26.26,

08/06/2024,21:47:56.42,08/07/2024,04:47:54.000,376653181,-1217630738,121707,15,3,77,0,129,31.86,26.31,

08/06/2024,21:47:57.43,08/07/2024,04:47:55.000,376653179,-1217630737,121631,15,3,24,0,129,32.07,26.35,

08/06/2024,21:47:58.43,08/07/2024,04:47:56.000,376653172,-1217630736,121587,15,3,27,0,129,31.99,26.24,

08/06/2024,21:47:59.43,08/07/2024,04:47:57.000,376653179,-1217630733,121506,15,3,82,0,129,32.04,26.39,

08/06/2024,21:48:00.43,08/07/2024,04:47:58.000,376653171,-1217630736,121260,15,3,24,0,129,32.01,26.34,

08/06/2024,21:48:01.43,08/07/2024,04:47:59.000,376653173,-1217630736,121145,15,3,96,0,129,31.96,26.26,

08/06/2024,21:48:02.43,08/07/2024,04:48:00.000,376653161,-1217630737,121015,14,3,19,0,140,31.90,26.35,

08/06/2024,21:48:03.43,08/07/2024,04:48:01.000,376653151,-1217630738,120893,15,3,56,0,129,31.93,26.30,

08/06/2024,21:48:04.43,08/07/2024,04:48:02.000,376653140,-1217630739,120661,14,3,31,0,140,32.07,26.34,

08/06/2024,21:48:05.43,08/07/2024,04:48:03.000,376653132,-1217630738,120581,15,3,8,0,129,31.94,26.37,

08/06/2024,21:48:06.44,08/07/2024,04:48:04.000,376653129,-1217630738,120538,15,3,54,0,136,32.19,26.36,

08/06/2024,21:48:07.44,08/07/2024,04:48:05.000,376653132,-1217630738,120469,15,3,224,0,136,32.02,26.40,

08/06/2024,21:48:08.44,08/07/2024,04:48:06.000,376653119,-1217630743,120304,15,3,29,0,136,32.05,26.30,

08/06/2024,21:48:09.44,08/07/2024,04:48:07.000,376653115,-1217630745,120216,16,3,46,0,125,31.98,26.34,

08/06/2024,21:48:10.44,08/07/2024,04:48:08.000,376653117,-1217630744,120239,16,3,45,0,130,31.94,26.33,

08/06/2024,21:48:11.44,08/07/2024,04:48:09.000,376653114,-1217630748,120289,16,3,55,0,130,31.99,26.41,

08/06/2024,21:48:12.44,08/07/2024,04:48:10.000,376653111,-1217630752,120277,16,3,117,0,125,31.79,26.51,

08/06/2024,21:48:13.44,08/07/2024,04:48:11.000,376653109,-1217630751,120268,15,3,65,0,132,31.93,26.40,

08/06/2024,21:48:14.44,08/07/2024,04:48:12.000,376653103,-1217630751,120362,15,3,98,0,132,31.70,26.33,

08/06/2024,21:48:15.44,08/07/2024,04:48:13.000,376653096,-1217630755,120353,16,3,36,0,125,31.77,26.34,

08/06/2024,21:48:16.44,08/07/2024,04:48:14.000,376653094,-1217630762,120387,16,3,22,0,125,31.80,26.36,

08/06/2024,21:48:17.45,08/07/2024,04:48:15.000,376653087,-1217630764,120403,16,3,45,0,125,31.77,26.35,

08/06/2024,21:48:18.45,08/07/2024,04:48:16.000,376653082,-1217630771,120072,17,3,24,0,123,31.83,26.30,

08/06/2024,21:48:19.45,08/07/2024,04:48:17.000,376653081,-1217630775,120114,17,3,76,0,123,31.91,26.35,

08/06/2024,21:48:20.45,08/07/2024,04:48:18.000,376653081,-1217630776,120178,16,3,68,0,125,31.85,26.31,

08/06/2024,21:48:21.45,08/07/2024,04:48:19.000,376653082,-1217630775,120191,17,3,9,0,123,31.83,26.35,

08/06/2024,21:48:22.45,08/07/2024,04:48:20.000,376653082,-1217630773,120334,17,3,122,0,123,32.20,26.40,

08/06/2024,21:48:23.45,08/07/2024,04:48:21.000,376653080,-1217630773,120375,17,3,34,0,123,31.85,26.33,

08/06/2024,21:48:24.45,08/07/2024,04:48:22.000,376653077,-1217630773,120425,17,3,54,0,123,31.98,26.41,

08/06/2024,21:48:25.45,08/07/2024,04:48:23.000,376653070,-1217630772,120521,17,3,71,0,123,32.00,26.31,

08/06/2024,21:48:26.46,08/07/2024,04:48:24.000,376653063,-1217630771,120723,18,3,111,0,121,31.87,26.27,

08/06/2024,21:48:27.46,08/07/2024,04:48:25.000,376653044,-1217630774,120890,18,3,165,0,121,31.87,26.38,

08/06/2024,21:48:28.46,08/07/2024,04:48:26.000,376653021,-1217630781,120888,18,3,109,0,121,32.03,26.30,

08/06/2024,21:48:29.46,08/07/2024,04:48:27.000,376653010,-1217630778,121078,18,3,35,0,121,31.75,26.32,

08/06/2024,21:48:30.46,08/07/2024,04:48:28.000,376652985,-1217630778,121261,18,3,159,0,121,31.88,26.31,

08/06/2024,21:48:31.46,08/07/2024,04:48:29.000,376652967,-1217630779,121409,17,3,46,0,128,31.84,26.33,

08/06/2024,21:48:32.46,08/07/2024,04:48:30.000,376652950,-1217630779,121572,18,3,43,0,121,31.54,26.30,

08/06/2024,21:48:33.46,08/07/2024,04:48:31.000,376652942,-1217630778,121682,18,3,48,0,121,31.78,26.27,

08/06/2024,21:48:34.46,08/07/2024,04:48:32.000,376652923,-1217630779,121849,16,3,18,0,132,31.94,26.37,

08/06/2024,21:48:35.46,08/07/2024,04:48:33.000,376652906,-1217630779,121948,17,3,40,0,127,31.91,26.34,

08/06/2024,21:48:36.47,08/07/2024,04:48:34.000,376652888,-1217630781,121947,17,3,147,0,127,31.84,26.35,

08/06/2024,21:48:37.47,08/07/2024,04:48:35.000,376652870,-1217630786,121882,16,3,62,0,134,31.69,26.36,

08/06/2024,21:48:38.47,08/07/2024,04:48:36.000,376652849,-1217630791,121794,15,3,76,0,138,31.72,26.37,

08/06/2024,21:48:39.47,08/07/2024,04:48:37.000,376652828,-1217630796,121641,16,3,89,0,129,31.69,26.32,

08/06/2024,21:48:40.47,08/07/2024,04:48:38.000,376652819,-1217630798,121557,16,3,44,0,132,31.96,26.42,

08/06/2024,21:48:41.47,08/07/2024,04:48:39.000,376652802,-1217630806,121327,15,3,48,0,138,31.87,26.29,

08/06/2024,21:48:42.47,08/07/2024,04:48:40.000,376652784,-1217630816,121086,15,3,19,0,138,32.02,26.34,

08/06/2024,21:48:43.47,08/07/2024,04:48:41.000,376652780,-1217630823,120874,15,3,36,0,138,31.66,26.42,

08/06/2024,21:48:44.47,08/07/2024,04:48:42.000,376652779,-1217630829,120660,15,3,59,0,138,31.53,26.35,

08/06/2024,21:48:45.48,08/07/2024,04:48:43.000,376652778,-1217630839,120417,16,3,35,0,129,31.63,26.39,

08/06/2024,21:48:46.48,08/07/2024,04:48:44.000,376652771,-1217630852,120118,16,3,93,0,132,31.73,26.43,

08/06/2024,21:48:47.48,08/07/2024,04:48:45.000,376652763,-1217630861,119833,17,3,19,0,123,31.64,26.33,

08/06/2024,21:48:48.48,08/07/2024,04:48:46.000,376652751,-1217630872,119566,17,3,60,0,123,31.58,26.35,

08/06/2024,21:48:49.48,08/07/2024,04:48:47.000,376652753,-1217630877,119284,16,3,39,0,132,31.68,26.30,

08/06/2024,21:48:50.48,08/07/2024,04:48:48.000,376652756,-1217630884,118996,17,3,96,0,123,31.61,26.38,

08/06/2024,21:48:51.48,08/07/2024,04:48:49.000,376652746,-1217630894,118755,17,3,241,0,123,31.79,26.32,

08/06/2024,21:48:52.48,08/07/2024,04:48:50.000,376652734,-1217630903,118481,16,3,148,0,132,31.76,26.38,

08/06/2024,21:48:53.48,08/07/2024,04:48:51.000,376652742,-1217630907,118270,17,3,57,0,123,31.76,26.33,

08/06/2024,21:48:54.48,08/07/2024,04:48:52.000,376652748,-1217630911,118084,17,3,61,0,123,31.85,26.39,

08/06/2024,21:48:55.49,08/07/2024,04:48:53.000,376652753,-1217630914,117957,16,3,13,0,132,31.64,26.35,

08/06/2024,21:48:56.49,08/07/2024,04:48:54.000,376652740,-1217630919,117876,17,3,113,0,123,31.86,26.34,

08/06/2024,21:48:57.49,08/07/2024,04:48:55.000,376652720,-1217630927,117723,17,3,119,0,123,31.70,26.33,

08/06/2024,21:48:58.49,08/07/2024,04:48:56.000,376652711,-1217630932,117611,17,3,44,0,128,31.60,26.38,

08/06/2024,21:48:59.49,08/07/2024,04:48:57.000,376652717,-1217630931,117571,17,3,129,0,123,31.92,26.32,

08/06/2024,21:49:00.49,08/07/2024,04:48:58.000,376652708,-1217630936,117455,17,3,22,0,123,31.73,26.47,

08/06/2024,21:49:01.49,08/07/2024,04:48:59.000,376652683,-1217630948,117329,17,3,90,0,123,31.69,26.34,

08/06/2024,21:49:02.49,08/07/2024,04:49:00.000,376652677,-1217630953,117176,17,3,91,0,123,31.68,26.39,

08/06/2024,21:49:03.49,08/07/2024,04:49:01.000,376652665,-1217630958,117144,17,3,60,0,123,31.94,26.36,

08/06/2024,21:49:04.50,08/07/2024,04:49:02.000,376652653,-1217630964,116903,16,3,100,0,132,31.87,26.32,

08/06/2024,21:49:05.50,08/07/2024,04:49:03.000,376652635,-1217630972,116656,16,3,23,0,132,31.87,26.28,

08/06/2024,21:49:06.50,08/07/2024,04:49:04.000,376652629,-1217630975,116664,17,3,178,0,123,31.88,26.46,

08/06/2024,21:49:07.50,08/07/2024,04:49:05.000,376652610,-1217630980,116753,17,3,33,0,123,31.88,26.45,

08/06/2024,21:49:08.50,08/07/2024,04:49:06.000,376652575,-1217630984,116705,17,3,162,0,123,31.92,26.34,

08/06/2024,21:49:09.50,08/07/2024,04:49:07.000,376652572,-1217630981,116698,17,3,88,0,123,31.76,26.33,

08/06/2024,21:49:10.50,08/07/2024,04:49:08.000,376652581,-1217630976,116656,16,3,50,0,130,31.79,26.34,

08/06/2024,21:49:11.50,08/07/2024,04:49:09.000,376652557,-1217630968,116693,18,3,555,0,121,31.99,26.42,

08/06/2024,21:49:12.50,08/07/2024,04:49:11.000,376652520,-1217630910,116679,18,3,422,0,121,32.10,26.28,

08/06/2024,21:49:14.38,08/07/2024,04:49:12.000,376652536,-1217630907,116332,18,3,332,0,121,32.52,26.37,

08/06/2024,21:49:15.38,08/07/2024,04:49:13.000,376652536,-1217630913,116391,18,3,76,0,121,32.77,26.34,

08/06/2024,21:49:16.38,08/07/2024,04:49:14.000,376652538,-1217630906,116543,18,3,174,0,121,32.80,26.35,

08/06/2024,21:49:17.39,08/07/2024,04:49:15.000,376652512,-1217630905,116778,18,3,453,0,121,32.76,26.37,

08/06/2024,21:49:18.39,08/07/2024,04:49:16.000,376652514,-1217630858,117185,18,3,422,0,121,32.68,26.32,

08/06/2024,21:49:19.39,08/07/2024,04:49:17.000,376652485,-1217630845,117853,18,3,395,0,121,32.60,26.31,

08/06/2024,21:49:20.39,08/07/2024,04:49:18.000,376652459,-1217630825,118139,18,3,350,0,121,32.61,26.29,

08/06/2024,21:49:21.39,08/07/2024,04:49:19.000,376652427,-1217630809,118708,18,3,350,0,121,32.56,26.31,

08/06/2024,21:49:22.39,08/07/2024,04:49:20.000,376652440,-1217630791,119015,18,3,364,0,121,32.68,26.28,

08/06/2024,21:49:23.39,08/07/2024,04:49:21.000,376652413,-1217630820,119055,18,3,378,0,121,32.93,26.32,

08/06/2024,21:49:24.39,08/07/2024,04:49:22.000,376652428,-1217630860,119694,18,3,499,0,121,33.34,26.31,

08/06/2024,21:49:25.39,08/07/2024,04:49:23.000,376652430,-1217630880,119550,18,3,397,0,121,33.31,26.36,

08/06/2024,21:49:26.40,08/07/2024,04:49:24.000,376652418,-1217630913,120110,18,3,178,0,121,33.86,26.35,

08/06/2024,21:49:27.40,08/07/2024,04:49:25.000,376652390,-1217630925,120781,18,3,30,0,121,34.06,26.24,

08/06/2024,21:49:28.40,08/07/2024,04:49:26.000,376652368,-1217630907,121620,18,3,287,0,121,34.27,26.36,

08/06/2024,21:49:29.40,08/07/2024,04:49:27.000,376652335,-1217630894,121800,18,3,313,0,121,34.63,26.29,

08/06/2024,21:49:30.40,08/07/2024,04:49:28.000,376652311,-1217630902,121976,18,3,115,0,121,34.44,26.25,

08/06/2024,21:49:31.40,08/07/2024,04:49:29.000,376652253,-1217630917,122209,17,3,26,0,123,34.58,26.39,

08/06/2024,21:49:32.40,08/07/2024,04:49:30.000,376652209,-1217630929,122480,17,3,1,0,123,34.69,26.36,

08/06/2024,21:49:33.40,08/07/2024,04:49:31.000,376652175,-1217630935,122736,17,3,29,0,123,34.93,26.47,

08/06/2024,21:49:34.40,08/07/2024,04:49:32.000,376652144,-1217630941,123099,17,3,8,0,123,34.94,26.27,

08/06/2024,21:49:35.40,08/07/2024,04:49:33.000,376652121,-1217630946,123281,17,3,31,0,123,34.96,26.37,

08/06/2024,21:49:36.41,08/07/2024,04:49:34.000,376652103,-1217630950,123438,17,3,14,0,123,34.89,26.23,

08/06/2024,21:49:37.41,08/07/2024,04:49:35.000,376652085,-1217630956,123582,16,3,9,0,125,34.83,26.40,

08/06/2024,21:49:38.41,08/07/2024,04:49:36.000,376652068,-1217630964,123693,17,3,13,0,123,34.82,26.25,

08/06/2024,21:49:39.41,08/07/2024,04:49:37.000,376652053,-1217630970,123837,16,3,12,0,125,34.81,26.31,

08/06/2024,21:49:40.41,08/07/2024,04:49:38.000,376652040,-1217630979,123919,16,3,13,0,125,34.82,26.35,

08/06/2024,21:49:41.41,08/07/2024,04:49:39.000,376652027,-1217630996,123987,18,3,125,0,117,34.69,26.34,

08/06/2024,21:49:42.41,08/07/2024,04:49:40.000,376652014,-1217631013,124200,18,3,38,0,117,34.85,26.36,

08/06/2024,21:49:43.41,08/07/2024,04:49:41.000,376652000,-1217631027,124319,18,3,35,0,117,34.91,26.34,

08/06/2024,21:49:44.41,08/07/2024,04:49:42.000,376651990,-1217631038,124490,18,3,23,0,117,34.92,26.36,

08/06/2024,21:49:45.42,08/07/2024,04:49:43.000,376651979,-1217631043,124589,18,3,39,0,117,34.71,26.27,

08/06/2024,21:49:46.42,08/07/2024,04:49:44.000,376651968,-1217631048,124787,18,3,23,0,117,34.90,26.50,

08/06/2024,21:49:47.42,08/07/2024,04:49:45.000,376651952,-1217631049,124825,18,3,60,0,117,34.68,26.44,

08/06/2024,21:49:48.42,08/07/2024,04:49:46.000,376651937,-1217631053,124938,18,3,32,0,117,34.80,26.34,

08/06/2024,21:49:49.42,08/07/2024,04:49:47.000,376651924,-1217631056,125055,18,3,30,0,117,34.97,26.43,

08/06/2024,21:49:50.42,08/07/2024,04:49:48.000,376651912,-1217631055,125180,18,3,17,0,117,34.70,26.25,

08/06/2024,21:49:51.42,08/07/2024,04:49:49.000,376651901,-1217631054,125309,18,3,7,0,117,34.86,26.31,

08/06/2024,21:49:52.42,08/07/2024,04:49:50.000,376651888,-1217631061,125317,17,3,38,0,118,34.77,26.24,

08/06/2024,21:49:53.42,08/07/2024,04:49:51.000,376651878,-1217631065,125453,18,3,19,0,117,34.93,26.27,

08/06/2024,21:49:54.43,08/07/2024,04:49:52.000,376651869,-1217631072,125583,18,3,20,0,117,35.02,26.39,

08/06/2024,21:49:55.43,08/07/2024,04:49:53.000,376651864,-1217631080,125700,17,3,28,0,118,34.96,26.40,

08/06/2024,21:49:56.43,08/07/2024,04:49:54.000,376651857,-1217631093,125747,18,3,47,0,117,34.99,26.35,

08/06/2024,21:49:57.43,08/07/2024,04:49:55.000,376651853,-1217631101,125900,18,3,45,0,117,35.10,26.34,

08/06/2024,21:49:58.43,08/07/2024,04:49:56.000,376651852,-1217631109,126093,18,3,63,0,117,34.90,26.39,

08/06/2024,21:49:59.43,08/07/2024,04:49:57.000,376651850,-1217631120,126360,18,3,14,0,117,34.85,26.40,

08/06/2024,21:50:00.43,08/07/2024,04:49:58.000,376651845,-1217631130,126653,18,3,33,0,117,34.95,26.45,

08/06/2024,21:50:01.43,08/07/2024,04:49:59.000,376651838,-1217631141,126805,18,3,39,0,117,34.81,26.37,

08/06/2024,21:50:02.43,08/07/2024,04:49:00.000,376651832,-1217631143,126967,17,3,8,0,118,35.01,26.52,

08/06/2024,21:50:03.44,08/07/2024,04:50:01.000,376651826,-1217631147,127046,18,3,35,0,113,34.91,26.41,

08/06/2024,21:50:04.44,08/07/2024,04:50:02.000,376651824,-1217631149,127212,17,3,19,0,117,34.92,26.41,

08/06/2024,21:50:05.44,08/07/2024,04:50:03.000,376651825,-1217631150,127432,18,3,27,0,113,34.81,26.40,

08/06/2024,21:50:06.44,08/07/2024,04:50:04.000,376651827,-1217631145,127716,18,3,41,0,113,35.05,26.43,

08/06/2024,21:50:07.44,08/07/2024,04:50:05.000,376651831,-1217631138,127882,17,3,45,0,117,34.74,26.40,

08/06/2024,21:50:08.44,08/07/2024,04:50:05.000,376651840,-1217631134,128225,19,3,16,0,112,34.61,26.36,

08/06/2024,21:50:10.42,08/07/2024,04:50:07.000,376651844,-1217631136,128322,19,3,50,0,112,34.86,26.42,

08/06/2024,21:50:11.42,08/07/2024,04:50:08.000,376651846,-1217631136,128422,19,3,14,0,112,34.75,26.36,

08/06/2024,21:50:12.42,08/07/2024,04:50:09.000,376651848,-1217631137,128548,19,3,44,0,112,34.72,26.35,

08/06/2024,21:50:13.42,08/07/2024,04:50:10.000,376651851,-1217631144,128622,19,3,11,0,122,35.06,26.34,

08/06/2024,21:50:14.42,08/07/2024,04:50:11.000,376651854,-1217631151,128709,19,3,17,0,122,34.78,26.38,

08/06/2024,21:50:15.42,08/07/2024,04:50:12.000,376651855,-1217631152,128826,18,3,7,0,123,34.83,26.37,

08/06/2024,21:50:16.42,08/07/2024,04:50:13.000,376651857,-1217631148,128970,19,3,74,0,122,34.83,26.53,

08/06/2024,21:50:17.43,08/07/2024,04:50:14.000,376651858,-1217631145,129107,19,3,29,0,122,34.78,26.42,

08/06/2024,21:50:18.43,08/07/2024,04:50:15.000,376651857,-1217631142,129259,18,3,16,0,123,34.94,26.43,

08/06/2024,21:50:19.43,08/07/2024,04:50:16.000,376651855,-1217631137,129409,18,3,8,0,123,34.85,26.34,

08/06/2024,21:50:20.43,08/07/2024,04:50:17.000,376651853,-1217631134,129467,18,3,26,0,123,34.86,26.38,

08/06/2024,21:50:21.43,08/07/2024,04:50:18.000,376651850,-1217631129,129560,18,3,43,0,123,34.82,26.40,

08/06/2024,21:50:22.43,08/07/2024,04:50:19.000,376651846,-1217631124,129661,18,3,45,0,123,34.79,26.43,

08/06/2024,21:50:23.43,08/07/2024,04:50:20.000,376651842,-1217631123,129757,18,3,1,0,123,34.67,26.29,

08/06/2024,21:50:24.43,08/07/2024,04:50:21.000,376651839,-1217631124,129880,18,3,7,0,123,34.79,26.37,

08/06/2024,21:50:25.44,08/07/2024,04:50:22.000,376651837,-1217631123,129996,18,3,23,0,123,34.78,26.36,

08/06/2024,21:50:26.44,08/07/2024,04:50:23.000,376651836,-1217631119,130115,17,3,33,0,127,34.90,26.36,

08/06/2024,21:50:27.44,08/07/2024,04:50:24.000,376651835,-1217631116,130220,18,3,48,0,123,35.03,26.34,

08/06/2024,21:50:28.44,08/07/2024,04:50:25.000,376651834,-1217631115,130357,18,3,14,0,123,34.85,26.35,

08/06/2024,21:50:29.44,08/07/2024,04:50:26.000,376651834,-1217631107,130561,17,3,3,0,125,34.99,26.35,

08/06/2024,21:50:30.44,08/07/2024,04:50:27.000,376651832,-1217631100,130745,17,3,18,0,125,34.89,26.31,

08/06/2024,21:50:31.44,08/07/2024,04:50:28.000,376651832,-1217631093,130932,17,3,34,0,125,34.99,26.44,

08/06/2024,21:50:32.44,08/07/2024,04:50:29.000,376651836,-1217631086,131053,16,3,14,0,129,34.94,26.37,

08/06/2024,21:50:33.44,08/07/2024,04:50:30.000,376651840,-1217631080,131224,17,3,28,0,128,34.94,26.46,

08/06/2024,21:50:34.45,08/07/2024,04:50:31.000,376651845,-1217631076,131407,17,3,5,0,128,35.02,26.35,

08/06/2024,21:50:35.45,08/07/2024,04:50:32.000,376651851,-1217631075,131533,18,3,14,0,124,34.75,26.28,

08/06/2024,21:50:36.45,08/07/2024,04:50:33.000,376651859,-1217631072,131698,18,3,28,0,124,35.11,26.40,

08/06/2024,21:50:37.45,08/07/2024,04:50:34.000,376651865,-1217631071,131872,18,3,7,0,124,34.77,26.35,

08/06/2024,21:50:38.45,08/07/2024,04:50:35.000,376651871,-1217631071,132026,17,3,11,0,125,34.85,26.42,

08/06/2024,21:50:39.45,08/07/2024,04:50:36.000,376651875,-1217631071,132195,17,3,4,0,125,34.88,26.42,

08/06/2024,21:50:40.45,08/07/2024,04:50:37.000,376651881,-1217631072,132245,17,3,16,0,125,34.82,26.32,

08/06/2024,21:50:41.46,08/07/2024,04:50:38.000,376651887,-1217631072,132303,17,3,28,0,125,34.82,26.37,

08/06/2024,21:50:42.46,08/07/2024,04:50:39.000,376651894,-1217631073,132392,18,3,7,0,124,34.79,26.38,

08/06/2024,21:50:43.47,08/07/2024,04:50:40.000,376651900,-1217631073,132384,18,3,10,0,124,35.05,26.40,

08/06/2024,21:50:44.47,08/07/2024,04:50:41.000,376651908,-1217631076,132377,18,3,12,0,124,34.72,26.39,

08/06/2024,21:50:45.47,08/07/2024,04:50:42.000,376651913,-1217631077,132406,17,3,13,0,125,34.76,26.34,

08/06/2024,21:50:46.47,08/07/2024,04:50:43.000,376651919,-1217631080,132473,18,3,3,0,124,34.67,26.28,

08/06/2024,21:50:47.47,08/07/2024,04:50:44.000,376651924,-1217631084,132465,18,3,29,0,124,35.02,26.48,

08/06/2024,21:50:48.47,08/07/2024,04:50:45.000,376651931,-1217631086,132488,18,3,20,0,124,34.65,26.30,

08/06/2024,21:50:49.47,08/07/2024,04:50:46.000,376651935,-1217631088,132568,18,3,1,0,124,34.94,26.40,

08/06/2024,21:50:50.47,08/07/2024,04:50:47.000,376651936,-1217631086,132738,18,3,51,0,124,34.71,26.29,

08/06/2024,21:50:51.47,08/07/2024,04:50:48.000,376651939,-1217631086,132787,18,3,15,0,124,34.98,26.43,

08/06/2024,21:50:52.48,08/07/2024,04:50:49.000,376651943,-1217631090,132767,18,3,35,0,124,35.05,26.34,

08/06/2024,21:50:53.48,08/07/2024,04:50:50.000,376651946,-1217631089,132825,18,3,9,0,124,35.00,26.37,

08/06/2024,21:50:54.48,08/07/2024,04:50:51.000,376651947,-1217631083,132997,18,3,30,0,124,34.91,26.35,

08/06/2024,21:50:55.48,08/07/2024,04:50:52.000,376651948,-1217631075,133175,18,3,36,0,124,35.02,26.49,

08/06/2024,21:50:56.48,08/07/2024,04:50:53.000,376651948,-1217631067,133362,18,3,18,0,124,35.09,26.40,

08/06/2024,21:50:57.48,08/07/2024,04:50:54.000,376651949,-1217631060,133538,18,3,12,0,124,35.05,26.33,

08/06/2024,21:50:58.48,08/07/2024,04:50:55.000,376651949,-1217631050,133690,18,3,13,0,124,35.02,26.41,

08/06/2024,21:50:59.48,08/07/2024,04:50:56.000,376651946,-1217631034,133918,19,3,29,0,113,34.92,26.46,

08/06/2024,21:51:00.49,08/07/2024,04:50:57.000,376651940,-1217631020,134184,19,3,8,0,113,35.10,26.51,

08/06/2024,21:51:01.49,08/07/2024,04:50:58.000,376651940,-1217630997,134470,19,3,162,0,113,34.84,26.46,

08/06/2024,21:51:02.49,08/07/2024,04:50:59.000,376651935,-1217630980,135028,19,3,66,0,113,34.92,26.36,

08/06/2024,21:51:03.49,08/07/2024,04:51:00.000,376651968,-1217630966,135542,20,3,492,0,112,35.13,26.35,

08/06/2024,21:51:04.49,08/07/2024,04:51:01.000,376651948,-1217630958,135908,20,3,343,0,112,35.15,26.38,

08/06/2024,21:51:05.49,08/07/2024,04:51:02.000,376651930,-1217630890,136583,20,3,704,0,112,35.00,26.33,

08/06/2024,21:51:06.49,08/07/2024,04:51:03.000,376651881,-1217630824,136642,20,3,758,0,112,35.16,26.41,

08/06/2024,21:51:07.49,08/07/2024,04:51:04.000,376651836,-1217630798,136747,20,3,559,0,112,35.00,26.40,

08/06/2024,21:51:08.50,08/07/2024,04:51:05.000,376651796,-1217630738,135458,20,3,624,15190918,112,34.74,26.43,

08/06/2024,21:51:09.50,08/07/2024,04:51:06.000,376651782,-1217630694,134998,20,3,486,15190918,112,34.75,26.40,

08/06/2024,21:51:10.50,08/07/2024,04:51:07.000,376651767,-1217630683,135645,20,3,308,15190918,112,34.64,26.44,

08/06/2024,21:51:11.50,08/07/2024,04:51:08.000,376651751,-1217630643,135337,20,3,368,15190918,112,34.81,26.42,

08/06/2024,21:51:12.50,08/07/2024,04:51:09.000,376651766,-1217630548,135151,20,3,211,15190918,112,34.70,26.35,

08/06/2024,21:51:13.50,08/07/2024,04:51:10.000,376651773,-1217630513,135238,20,3,193,15190918,112,34.92,26.24,

08/06/2024,21:51:14.50,08/07/2024,04:51:11.000,376651743,-1217630444,134819,20,3,408,15190918,112,34.53,26.30,

08/06/2024,21:51:15.50,08/07/2024,04:51:12.000,376651766,-1217630431,134481,20,3,272,15190918,112,34.61,26.13,

08/06/2024,21:51:16.51,08/07/2024,04:51:13.000,376651827,-1217630392,135029,20,3,760,15190918,112,34.72,26.15,

08/06/2024,21:51:17.51,08/07/2024,04:51:14.000,376651846,-1217630432,134733,20,3,668,15190918,112,34.68,26.04,

08/06/2024,21:51:18.51,08/07/2024,04:51:15.000,376651877,-1217630445,134697,20,3,321,15190918,112,34.68,26.12,

08/06/2024,21:51:19.51,08/07/2024,04:51:16.000,376651926,-1217630467,134801,20,3,801,15190918,112,35.00,26.08,

08/06/2024,21:51:20.51,08/07/2024,04:51:17.000,376651971,-1217630443,135037,20,3,379,15190918,112,34.83,26.05,

08/06/2024,21:51:21.51,08/07/2024,04:51:18.000,376652012,-1217630422,134418,20,3,313,15190918,112,34.93,26.12,

08/06/2024,21:51:22.51,08/07/2024,04:51:19.000,376652037,-1217630339,134032,20,3,486,15190918,112,34.99,25.97,

08/06/2024,21:51:23.52,08/07/2024,04:51:20.000,376652034,-1217630280,134929,20,3,115,15190918,112,35.36,25.98,

08/06/2024,21:51:24.52,08/07/2024,04:51:21.000,376652022,-1217630230,135393,20,3,113,15190918,112,35.42,26.23,

08/06/2024,21:51:25.52,08/07/2024,04:51:22.000,376652026,-1217630182,135807,20,3,35,15190918,112,35.41,26.06,

08/06/2024,21:51:26.52,08/07/2024,04:51:23.000,376652000,-1217630173,135954,20,3,560,15190918,112,35.60,26.13,

08/06/2024,21:51:27.52,08/07/2024,04:51:24.000,376652002,-1217630152,136297,20,3,72,15190918,112,35.75,26.21,

08/06/2024,21:51:28.52,08/07/2024,04:51:25.000,376652006,-1217630163,136485,20,3,375,15190918,112,35.99,26.17,

08/06/2024,21:51:29.53,08/07/2024,04:51:26.000,376652001,-1217630143,136574,20,3,72,15190918,112,36.05,26.11,

08/06/2024,21:51:30.53,08/07/2024,04:51:27.000,376652024,-1217630124,136236,20,3,269,15190918,112,35.76,26.09,

08/06/2024,21:51:31.53,08/07/2024,04:51:28.000,376652097,-1217630107,136191,20,3,780,15190918,112,35.88,26.09,

08/06/2024,21:51:32.53,08/07/2024,04:51:29.000,376652179,-1217630097,136590,20,3,906,15190918,112,35.98,26.13,

08/06/2024,21:51:33.53,08/07/2024,04:51:30.000,376652260,-1217630122,136605,20,3,906,15190918,112,36.48,26.10,

08/06/2024,21:51:34.53,08/07/2024,04:51:31.000,376652280,-1217630160,136413,19,3,240,15190918,117,36.92,26.17,

08/06/2024,21:51:35.54,08/07/2024,04:51:32.000,376652318,-1217630123,136721,20,3,541,15190918,112,37.58,26.18,

08/06/2024,21:51:36.54,08/07/2024,04:51:33.000,376652334,-1217630099,136271,20,3,247,15190918,112,37.82,26.14,

08/06/2024,21:51:37.54,08/07/2024,04:51:34.000,376652391,-1217630140,135577,20,3,710,15190918,112,38.23,26.15,

08/06/2024,21:51:38.54,08/07/2024,04:51:35.000,376652453,-1217630219,134933,20,3,596,15190918,112,38.42,26.13,

08/06/2024,21:51:39.54,08/07/2024,04:51:36.000,376652492,-1217630312,134222,18,3,396,15190918,126,38.72,26.13,

08/06/2024,21:51:40.54,08/07/2024,04:51:37.000,376652517,-1217630366,132684,20,3,137,15190918,112,38.82,26.19,

08/06/2024,21:51:41.55,08/07/2024,04:51:38.000,376652523,-1217630433,133111,20,3,316,15190918,112,38.89,26.29,

08/06/2024,21:51:42.55,08/07/2024,04:51:39.000,376652513,-1217630548,132345,20,3,667,15190918,112,38.76,26.28,

08/06/2024,21:51:43.55,08/07/2024,04:51:40.000,376652534,-1217630559,130897,18,3,273,15190918,123,38.99,26.28,

08/06/2024,21:51:44.55,08/07/2024,04:51:41.000,376652549,-1217630545,131159,17,3,695,11301320,133,39.14,26.19,

08/06/2024,21:51:45.55,08/07/2024,04:51:42.000,376652540,-1217630518,130282,17,3,194,11301320,133,39.36,26.29,

08/06/2024,21:51:46.55,08/07/2024,04:51:43.000,376652565,-1217630524,130067,17,3,492,11301320,133,39.24,26.31,

08/06/2024,21:51:47.55,08/07/2024,04:51:44.000,376652578,-1217630545,130393,17,3,184,11301320,133,39.24,26.24,

08/06/2024,21:51:48.56,08/07/2024,04:51:45.000,376652561,-1217630594,130477,15,3,386,11301320,154,39.39,26.30,

08/06/2024,21:51:49.56,08/07/2024,04:51:46.000,376652532,-1217630649,130219,15,3,223,11301320,154,39.54,26.41,

08/06/2024,21:51:50.56,08/07/2024,04:51:47.000,376652522,-1217630787,130995,15,3,154,11301320,144,39.32,26.34,

08/06/2024,21:51:51.56,08/07/2024,04:51:48.000,376652524,-1217630857,131109,16,3,200,11301320,122,39.33,26.34,

08/06/2024,21:51:52.56,08/07/2024,04:51:49.000,376652494,-1217630919,131226,15,3,488,11301320,131,39.31,26.32,

08/06/2024,21:51:53.56,08/07/2024,04:51:50.000,376652478,-1217630960,131753,16,3,107,11301320,127,39.06,26.31,

08/06/2024,21:51:54.57,08/07/2024,04:51:51.000,376652463,-1217631018,131917,15,3,62,11301320,133,38.97,26.31,

08/06/2024,21:51:55.57,08/07/2024,04:51:52.000,376652477,-1217631026,131615,16,3,289,11301320,132,38.80,26.36,

08/06/2024,21:51:56.57,08/07/2024,04:51:53.000,376652472,-1217631046,131111,15,3,208,11301320,133,38.63,26.28,

08/06/2024,21:51:57.57,08/07/2024,04:51:54.000,376652464,-1217631086,130936,15,3,71,11301320,133,38.53,26.32,

08/06/2024,21:51:58.57,08/07/2024,04:51:55.000,376652447,-1217631124,130699,14,3,84,11301320,156,38.66,26.34,

08/06/2024,21:51:59.57,08/07/2024,04:51:56.000,376652419,-1217631188,130642,15,3,174,11301320,128,38.87,26.25,

08/06/2024,21:52:00.58,08/07/2024,04:51:57.000,376652397,-1217631211,130279,15,3,149,11301320,128,38.80,26.38,

08/06/2024,21:52:01.58,08/07/2024,04:51:58.000,376652378,-1217631265,130147,15,3,235,11301320,128,38.57,26.20,

08/06/2024,21:52:02.58,08/07/2024,04:51:59.000,376652364,-1217631277,129586,15,3,146,11301320,128,38.58,26.31,

08/06/2024,21:52:03.58,08/07/2024,04:52:00.000,376652343,-1217631332,129337,16,3,187,11301320,126,38.62,26.36,

08/06/2024,21:52:04.58,08/07/2024,04:52:01.000,376652325,-1217631371,128951,15,3,30,11301320,130,38.83,26.35,

08/06/2024,21:52:05.58,08/07/2024,04:52:02.000,376652302,-1217631414,128653,14,3,38,11301320,133,38.92,26.28,

08/06/2024,21:52:06.58,08/07/2024,04:52:03.000,376652282,-1217631454,128276,17,3,9,11301320,123,38.84,26.36,

08/06/2024,21:52:07.59,08/07/2024,04:52:04.000,376652271,-1217631459,127765,16,3,184,11301320,128,38.91,26.44,

08/06/2024,21:52:08.59,08/07/2024,04:52:05.000,376652254,-1217631491,127631,17,3,107,11301320,123,38.99,26.42,

08/06/2024,21:52:09.59,08/07/2024,04:52:06.000,376652240,-1217631521,127574,16,3,84,11301320,128,39.01,26.42,

08/06/2024,21:52:10.59,08/07/2024,04:52:07.000,376652228,-1217631521,127202,15,3,180,11301320,132,38.90,26.44,

08/06/2024,21:52:11.59,08/07/2024,04:52:08.000,376652211,-1217631564,127491,16,3,67,11301320,128,39.01,26.42,

08/06/2024,21:52:12.59,08/07/2024,04:52:09.000,376652206,-1217631591,127298,16,3,61,11301320,128,38.84,26.45,

08/06/2024,21:52:13.60,08/07/2024,04:52:10.000,376652204,-1217631606,126874,17,3,22,11301320,124,38.92,26.41,

08/06/2024,21:52:14.60,08/07/2024,04:52:11.000,376652196,-1217631644,126914,16,3,36,11301320,146,38.76,26.46,

08/06/2024,21:52:15.60,08/07/2024,04:52:12.000,376652191,-1217631664,126792,15,3,27,11301320,130,39.01,26.50,

08/06/2024,21:52:16.60,08/07/2024,04:52:13.000,376652188,-1217631688,126681,15,3,64,11301320,130,39.17,26.44,

08/06/2024,21:52:17.60,08/07/2024,04:52:14.000,376652192,-1217631704,126830,17,3,88,11301320,131,38.95,26.40,

08/06/2024,21:52:18.60,08/07/2024,04:52:15.000,376652191,-1217631712,127072,17,3,133,11301320,131,38.93,26.39,

08/06/2024,21:52:19.60,08/07/2024,04:52:16.000,376652191,-1217631731,127538,17,3,60,11301320,138,38.82,26.48,

08/06/2024,21:52:20.61,08/07/2024,04:52:17.000,376652195,-1217631725,127596,18,3,43,11301320,136,38.81,26.48,

08/06/2024,21:52:21.61,08/07/2024,04:52:18.000,376652199,-1217631709,127512,19,3,31,11301320,119,38.69,26.49,

08/06/2024,21:52:22.61,08/07/2024,04:52:19.000,376652211,-1217631658,127127,19,3,75,11301320,119,38.75,26.50,

08/06/2024,21:52:23.61,08/07/2024,04:52:20.000,376652218,-1217631634,126930,19,3,41,11301320,119,38.91,26.51,

08/06/2024,21:52:24.61,08/07/2024,04:52:21.000,376652221,-1217631607,126697,19,3,101,11301320,119,38.96,26.49,

08/06/2024,21:52:25.61,08/07/2024,04:52:22.000,376652226,-1217631571,126349,19,3,86,11301320,119,38.83,26.51,

08/06/2024,21:52:26.62,08/07/2024,04:52:23.000,376652229,-1217631544,126107,19,3,110,11301320,119,38.87,26.55,

08/06/2024,21:52:27.62,08/07/2024,04:52:24.000,376652231,-1217631518,125935,19,3,162,11301320,119,38.64,26.47,

08/06/2024,21:52:28.62,08/07/2024,04:52:25.000,376652233,-1217631496,125822,19,3,70,11301320,119,38.76,26.50,

08/06/2024,21:52:29.62,08/07/2024,04:52:26.000,376652234,-1217631467,125622,19,3,140,11301320,119,38.63,26.56,

08/06/2024,21:52:30.62,08/07/2024,04:52:27.000,376652230,-1217631456,125655,19,3,105,11301320,119,38.60,26.48,

08/06/2024,21:52:31.62,08/07/2024,04:52:28.000,376652223,-1217631464,125846,19,3,28,11301320,119,38.42,26.48,

08/06/2024,21:52:32.63,08/07/2024,04:52:29.000,376652222,-1217631430,125761,19,3,41,11301320,119,38.22,26.55,

08/06/2024,21:52:33.63,08/07/2024,04:52:30.000,376652216,-1217631431,125920,19,3,51,11301320,119,38.04,26.64,

08/06/2024,21:52:34.63,08/07/2024,04:52:31.000,376652210,-1217631425,126021,19,3,22,11301320,119,37.86,26.61,

08/06/2024,21:52:35.63,08/07/2024,04:52:32.000,376652203,-1217631428,126279,18,3,37,11301320,122,37.80,26.52,

08/06/2024,21:52:36.63,08/07/2024,04:52:33.000,376652195,-1217631446,126569,18,3,24,11301320,123,37.76,26.45,

08/06/2024,21:52:37.63,08/07/2024,04:52:34.000,376652186,-1217631447,126773,17,3,24,11301320,126,37.93,26.55,

08/06/2024,21:52:38.63,08/07/2024,04:52:35.000,376652180,-1217631441,126992,20,3,22,11301320,119,37.87,26.64,

08/06/2024,21:52:39.64,08/07/2024,04:52:36.000,376652174,-1217631437,127177,20,3,32,11301320,119,38.18,26.51,

08/06/2024,21:52:40.64,08/07/2024,04:52:37.000,376652171,-1217631424,127299,20,3,41,11301320,112,38.27,26.62,

08/06/2024,21:52:41.64,08/07/2024,04:52:38.000,376652174,-1217631404,127344,20,3,6,11301320,116,38.23,26.50,

08/06/2024,21:52:42.64,08/07/2024,04:52:39.000,376652175,-1217631391,127418,20,3,44,11301320,116,38.38,26.54,

08/06/2024,21:52:43.64,08/07/2024,04:52:40.000,376652172,-1217631417,127720,19,3,61,11301320,121,38.31,26.57,

08/06/2024,21:52:44.64,08/07/2024,04:52:41.000,376652170,-1217631430,127995,17,3,12,11301320,147,38.15,26.60,

08/06/2024,21:52:45.65,08/07/2024,04:52:42.000,376652171,-1217631438,128195,19,3,78,11301320,125,38.40,26.62,

08/06/2024,21:52:46.65,08/07/2024,04:52:43.000,376652175,-1217631434,128350,18,3,129,11301320,129,38.40,26.56,

08/06/2024,21:52:47.65,08/07/2024,04:52:44.000,376652176,-1217631440,128555,19,3,61,11301320,125,38.38,26.56,

08/06/2024,21:52:48.65,08/07/2024,04:52:45.000,376652183,-1217631430,128639,19,3,128,11301320,117,38.19,26.52,

08/06/2024,21:52:49.65,08/07/2024,04:52:46.000,376652184,-1217631448,128962,18,3,40,11301320,129,38.25,26.61,

08/06/2024,21:52:50.65,08/07/2024,04:52:47.000,376652191,-1217631433,129038,19,3,97,11301320,113,38.27,26.65,

08/06/2024,21:52:51.65,08/07/2024,04:52:48.000,376652197,-1217631432,129193,19,3,134,11301320,113,38.20,26.58,

08/06/2024,21:52:52.66,08/07/2024,04:52:49.000,376652200,-1217631442,129392,20,3,62,11301320,112,38.34,26.55,

08/06/2024,21:52:53.66,08/07/2024,04:52:50.000,376652202,-1217631457,129566,20,3,13,11301320,112,38.31,26.63,

08/06/2024,21:52:54.67,08/07/2024,04:52:51.000,376652207,-1217631481,129819,18,3,46,11301320,132,38.25,26.54,

08/06/2024,21:52:55.68,08/07/2024,04:52:52.000,376652206,-1217631503,130121,20,3,28,11301320,112,38.37,26.63,

08/06/2024,21:52:56.68,08/07/2024,04:52:53.000,376652206,-1217631526,130375,20,3,40,11301320,112,38.11,26.63,

08/06/2024,21:52:57.68,08/07/2024,04:52:54.000,376652208,-1217631551,130637,18,3,48,11301320,132,38.11,26.55,

08/06/2024,21:52:58.68,08/07/2024,04:52:55.000,376652210,-1217631561,130853,19,3,56,11301320,127,38.34,26.62,

08/06/2024,21:52:59.68,08/07/2024,04:52:56.000,376652212,-1217631570,130971,19,3,10,11301320,127,38.21,26.59,

08/06/2024,21:53:00.68,08/07/2024,04:52:57.000,376652212,-1217631581,131118,19,3,15,11301320,116,38.34,26.64,

08/06/2024,21:53:01.69,08/07/2024,04:52:58.000,376652212,-1217631595,131280,19,3,24,11301320,127,38.00,26.68,

08/06/2024,21:53:02.69,08/07/2024,04:52:59.000,376652214,-1217631613,131462,18,3,44,11301320,132,38.53,26.72,

08/06/2024,21:53:03.69,08/07/2024,04:53:00.000,376652219,-1217631621,131631,18,3,35,11301320,132,38.14,26.68,

08/06/2024,21:53:04.69,08/07/2024,04:53:01.000,376652220,-1217631629,131753,19,3,32,11301320,127,38.17,26.70,

08/06/2024,21:53:05.69,08/07/2024,04:53:02.000,376652221,-1217631641,131921,19,3,12,11301320,127,38.10,26.58,

08/06/2024,21:53:06.69,08/07/2024,04:53:03.000,376652221,-1217631654,132064,18,3,36,11301320,132,38.02,26.62,

08/06/2024,21:53:07.69,08/07/2024,04:53:04.000,376652223,-1217631664,132152,18,3,27,11301320,132,37.89,26.70,

08/06/2024,21:53:08.70,08/07/2024,04:53:05.000,376652229,-1217631669,132195,19,3,51,11301320,127,37.85,26.59,

08/06/2024,21:53:09.70,08/07/2024,04:53:06.000,376652230,-1217631695,132445,19,3,17,11301320,116,37.75,26.56,

08/06/2024,21:53:11.37,08/07/2024,04:53:08.000,376652232,-1217631702,132497,19,3,19,11301320,116,37.55,26.73,

08/06/2024,21:53:12.43,08/07/2024,04:53:09.000,376652234,-1217631713,132619,19,3,25,11301320,116,37.05,26.64,

08/06/2024,21:53:13.43,08/07/2024,04:53:10.000,376652236,-1217631721,132701,20,3,21,11301320,112,36.72,26.69,

08/06/2024,21:53:14.43,08/07/2024,04:53:11.000,376652238,-1217631731,132798,20,3,87,11301320,112,36.42,26.57,

08/06/2024,21:53:15.43,08/07/2024,04:53:12.000,376652239,-1217631737,132899,19,3,38,11301320,116,36.55,26.66,

08/06/2024,21:53:16.43,08/07/2024,04:53:13.000,376652241,-1217631747,133008,20,3,27,11301320,112,36.39,26.63,

08/06/2024,21:53:17.44,08/07/2024,04:53:14.000,376652246,-1217631750,133070,20,3,79,11301320,112,36.22,26.64,

08/06/2024,21:53:18.44,08/07/2024,04:53:15.000,376652252,-1217631751,133126,19,3,69,11301320,116,36.11,26.60,

08/06/2024,21:53:19.44,08/07/2024,04:53:16.000,376652255,-1217631754,133171,20,3,6,11301320,112,35.90,26.79,

08/06/2024,21:53:20.44,08/07/2024,04:53:17.000,376652257,-1217631749,133124,20,3,21,11301320,112,35.48,26.69,

08/06/2024,21:53:21.44,08/07/2024,04:53:18.000,376652257,-1217631747,133158,19,3,52,11301320,116,35.36,26.68,

08/06/2024,21:53:22.44,08/07/2024,04:53:19.000,376652257,-1217631749,133259,20,3,22,11301320,112,35.30,26.62,

08/06/2024,21:53:23.44,08/07/2024,04:53:20.000,376652257,-1217631754,133319,20,3,27,11301320,112,35.35,26.73,

08/06/2024,21:53:24.45,08/07/2024,04:53:21.000,376652258,-1217631755,133402,19,3,27,11301320,116,35.17,26.59,

08/06/2024,21:53:25.45,08/07/2024,04:53:22.000,376652262,-1217631757,133023,19,3,220,11301320,116,35.36,26.65,

08/06/2024,21:53:26.45,08/07/2024,04:53:23.000,376652250,-1217631790,132805,19,3,461,11301320,116,35.14,26.76,

08/06/2024,21:53:27.45,08/07/2024,04:53:24.000,376652222,-1217631861,132667,20,3,736,18849428,111,34.71,26.67,

08/06/2024,21:53:28.45,08/07/2024,04:53:25.000,376652184,-1217631897,132723,20,3,474,19917262,111,34.48,26.75,

08/06/2024,21:53:29.45,08/07/2024,04:53:26.000,376652147,-1217631933,132540,19,3,435,20671460,115,33.65,26.61,

08/06/2024,21:53:30.46,08/07/2024,04:53:27.000,376652104,-1217631971,132518,21,3,434,21675224,106,33.19,26.60,

08/06/2024,21:53:31.46,08/07/2024,04:53:28.000,376652080,-1217632050,132836,21,3,549,22338684,108,32.98,26.60,

08/06/2024,21:53:32.46,08/07/2024,04:53:29.000,376652052,-1217632123,132990,21,3,595,22508552,108,32.16,26.54,

08/06/2024,21:53:33.46,08/07/2024,04:53:30.000,376652052,-1217632282,133279,22,3,729,23462438,103,31.30,26.37,

08/06/2024,21:53:35.44,08/07/2024,04:53:32.000,376651963,-1217632320,133343,22,3,612,23264150,103,31.30,26.35,

08/06/2024,21:53:36.44,08/07/2024,04:53:33.000,376651924,-1217632339,133150,22,3,340,23141182,103,31.14,26.41,

08/06/2024,21:53:37.44,08/07/2024,04:53:34.000,376651903,-1217632361,133204,22,3,230,23141182,103,30.90,26.35,

08/06/2024,21:53:38.44,08/07/2024,04:53:35.000,376651885,-1217632395,133274,23,3,287,23263414,102,30.85,26.34,

08/06/2024,21:53:39.45,08/07/2024,04:53:36.000,376651870,-1217632438,133444,22,3,288,23822020,107,30.78,26.34,

08/06/2024,21:53:40.45,08/07/2024,04:53:37.000,376651854,-1217632460,133342,22,3,394,24149684,107,30.77,26.33,

08/06/2024,21:53:41.45,08/07/2024,04:53:38.000,376651839,-1217632492,133153,22,3,502,24948504,107,30.97,26.40,

08/06/2024,21:53:42.45,08/07/2024,04:53:39.000,376651824,-1217632514,132740,22,3,560,25435672,107,30.85,26.28,

08/06/2024,21:53:43.45,08/07/2024,04:53:40.000,376651821,-1217632517,132206,23,3,490,25941730,102,31.00,26.38,

08/06/2024,21:53:44.45,08/07/2024,04:53:41.000,376651826,-1217632509,131743,22,3,320,26269498,107,30.91,26.30,

08/06/2024,21:53:45.46,08/07/2024,04:53:42.000,376651836,-1217632522,131526,22,3,269,26773416,107,30.81,26.31,

08/06/2024,21:53:46.46,08/07/2024,04:53:43.000,376651847,-1217632522,131361,22,3,111,26773416,107,30.67,26.37,

08/06/2024,21:53:47.46,08/07/2024,04:53:44.000,376651855,-1217632511,131245,22,3,19,26773416,107,30.62,26.22,

08/06/2024,21:53:48.46,08/07/2024,04:53:45.000,376651861,-1217632498,131142,21,3,16,26773416,109,30.70,26.23,

08/06/2024,21:53:49.46,08/07/2024,04:53:46.000,376651866,-1217632472,131036,21,3,219,26773416,109,30.86,26.28,

08/06/2024,21:53:50.46,08/07/2024,04:53:47.000,376651861,-1217632427,131021,21,3,484,18417998,109,30.79,26.32,

08/06/2024,21:53:51.46,08/07/2024,04:53:48.000,376651841,-1217632380,131075,22,3,516,16378440,105,30.70,26.27,

08/06/2024,21:53:52.47,08/07/2024,04:53:49.000,376651815,-1217632362,131073,23,3,377,16160368,103,30.72,26.25,

08/06/2024,21:53:53.47,08/07/2024,04:53:50.000,376651786,-1217632328,130994,23,3,389,15377716,103,30.82,26.34,

08/06/2024,21:53:54.47,08/07/2024,04:53:51.000,376651763,-1217632312,130936,23,3,36,15377716,103,30.71,26.26,

08/06/2024,21:53:55.47,08/07/2024,04:53:52.000,376651758,-1217632308,130857,23,3,9,15377716,103,30.62,26.36,

08/06/2024,21:53:56.47,08/07/2024,04:53:53.000,376651761,-1217632303,130777,23,3,10,15377716,103,30.68,26.34,

08/06/2024,21:53:57.47,08/07/2024,04:53:54.000,376651767,-1217632296,130715,23,3,11,15377716,103,30.66,26.35,

08/06/2024,21:53:58.47,08/07/2024,04:53:55.000,376651773,-1217632291,130650,23,3,23,15377716,103,30.72,26.31,

08/06/2024,21:53:59.48,08/07/2024,04:53:56.000,376651778,-1217632285,130544,23,3,5,15377716,103,30.72,26.34,

08/06/2024,21:54:00.48,08/07/2024,04:53:57.000,376651781,-1217632281,130435,23,3,3,15377716,103,30.81,26.31,

08/06/2024,21:54:01.48,08/07/2024,04:53:58.000,376651785,-1217632275,130346,22,3,5,15377716,110,30.75,26.30,

08/06/2024,21:54:02.48,08/07/2024,04:53:59.000,376651789,-1217632271,130228,22,3,14,15377716,110,30.74,26.24,

08/06/2024,21:54:03.48,08/07/2024,04:54:00.000,376651791,-1217632266,130120,22,3,17,15377716,110,30.86,26.30,

08/06/2024,21:54:04.48,08/07/2024,04:54:01.000,376651795,-1217632263,130050,22,3,27,15377716,110,30.80,26.32,

08/06/2024,21:54:05.48,08/07/2024,04:54:02.000,376651797,-1217632259,129966,23,3,6,15377716,107,30.71,26.32,

08/06/2024,21:54:06.48,08/07/2024,04:54:03.000,376651799,-1217632255,129897,23,3,12,15377716,107,30.57,26.27,

08/06/2024,21:54:07.49,08/07/2024,04:54:04.000,376651801,-1217632248,129776,23,3,3,15377716,107,30.75,26.22,

08/06/2024,21:54:08.49,08/07/2024,04:54:05.000,376651804,-1217632242,129664,23,3,7,15377716,107,30.80,26.38,

08/06/2024,21:54:09.49,08/07/2024,04:54:06.000,376651807,-1217632236,129570,23,3,10,15377716,107,30.89,26.23,

08/06/2024,21:54:10.49,08/07/2024,04:54:07.000,376651810,-1217632232,129510,22,3,2,15377716,110,30.80,26.40,

08/06/2024,21:54:11.49,08/07/2024,04:54:08.000,376651814,-1217632227,129462,22,3,11,15377716,110,30.91,26.31,

08/06/2024,21:54:12.49,08/07/2024,04:54:09.000,376651817,-1217632221,129390,23,3,4,15377716,102,30.70,26.35,

08/06/2024,21:54:13.49,08/07/2024,04:54:10.000,376651821,-1217632216,129336,22,3,10,15377716,110,30.79,26.27,

08/06/2024,21:54:14.50,08/07/2024,04:54:11.000,376651825,-1217632213,129289,22,3,29,15377716,110,30.75,26.30,

08/06/2024,21:54:15.50,08/07/2024,04:54:12.000,376651828,-1217632209,129231,22,3,14,15377716,110,30.66,26.25,

08/06/2024,21:54:16.50,08/07/2024,04:54:13.000,376651831,-1217632204,129161,22,3,16,15377716,110,30.70,26.33,

08/06/2024,21:54:17.50,08/07/2024,04:54:14.000,376651836,-1217632198,129106,22,3,16,15377716,110,30.67,26.27,

08/06/2024,21:54:18.50,08/07/2024,04:54:15.000,376651841,-1217632192,129043,22,3,6,15377716,110,30.81,26.20,

08/06/2024,21:54:19.50,08/07/2024,04:54:16.000,376651846,-1217632185,128965,22,3,9,15377716,110,30.62,26.28,

08/06/2024,21:54:20.50,08/07/2024,04:54:17.000,376651851,-1217632180,128920,22,3,16,15377716,110,30.73,26.28,

08/06/2024,21:54:21.50,08/07/2024,04:54:18.000,376651856,-1217632172,128837,22,3,11,15377716,110,30.62,26.18,

08/06/2024,21:54:22.51,08/07/2024,04:54:19.000,376651862,-1217632163,128753,22,3,9,15377716,107,30.67,26.34,

08/06/2024,21:54:23.51,08/07/2024,04:54:20.000,376651867,-1217632156,128734,22,3,21,15377716,107,30.71,26.23,

08/06/2024,21:54:24.51,08/07/2024,04:54:21.000,376651870,-1217632151,128682,22,3,8,15377716,107,30.86,26.29,

08/06/2024,21:54:25.51,08/07/2024,04:54:22.000,376651874,-1217632144,128625,22,3,3,15377716,107,30.86,26.21,

08/06/2024,21:54:26.51,08/07/2024,04:54:23.000,376651879,-1217632136,128562,22,3,12,15377716,107,30.68,26.25,

08/06/2024,21:54:27.51,08/07/2024,04:54:24.000,376651884,-1217632130,128526,23,3,20,15377716,107,30.68,26.31,

08/06/2024,21:54:28.51,08/07/2024,04:54:25.000,376651888,-1217632108,128518,23,3,437,15369880,107,30.74,26.26,

08/06/2024,21:54:29.51,08/07/2024,04:54:26.000,376651867,-1217632058,128565,23,3,1285,15787298,107,30.75,26.24,

08/06/2024,21:54:30.52,08/07/2024,04:54:27.000,376651785,-1217631987,128563,24,3,2285,16251744,100,30.83,26.24,

08/06/2024,21:54:31.52,08/07/2024,04:54:28.000,376651618,-1217631913,128529,23,3,3100,16723124,107,30.84,26.15,

08/06/2024,21:54:32.52,08/07/2024,04:54:29.000,376651367,-1217631855,128754,23,3,3079,17073212,107,30.72,26.04,

08/06/2024,21:54:33.52,08/07/2024,04:54:30.000,376651090,-1217631829,128714,23,3,3155,17581258,107,30.85,25.92,

08/06/2024,21:54:34.52,08/07/2024,04:54:31.000,376650806,-1217631815,128663,24,3,2738,17794896,100,31.22,25.96,

08/06/2024,21:54:35.52,08/07/2024,04:54:32.000,376650551,-1217631810,128725,24,3,2333,18050338,100,31.21,25.93,

08/06/2024,21:54:36.52,08/07/2024,04:54:33.000,376650334,-1217631801,128839,24,3,1710,17943804,100,31.29,25.86,

08/06/2024,21:54:37.52,08/07/2024,04:54:34.000,376650165,-1217631790,128807,24,3,1381,17987612,100,31.42,25.78,

08/06/2024,21:54:38.52,08/07/2024,04:54:35.000,376650036,-1217631779,128878,24,3,1522,17864192,100,31.43,25.84,

08/06/2024,21:54:39.53,08/07/2024,04:54:36.000,376649904,-1217631749,128906,24,3,1568,17341854,100,31.56,25.84,

08/06/2024,21:54:40.53,08/07/2024,04:54:37.000,376649767,-1217631680,128921,24,3,1718,16226460,100,31.65,25.85,

08/06/2024,21:54:41.53,08/07/2024,04:54:38.000,376649627,-1217631504,128997,24,3,2783,14147100,100,31.90,25.88,

08/06/2024,21:54:42.53,08/07/2024,04:54:39.000,376649457,-1217631159,129172,24,3,3834,11907044,100,31.89,25.67,

08/06/2024,21:54:43.53,08/07/2024,04:54:40.000,376649302,-1217630683,129226,24,3,4519,10126696,100,32.02,25.73,

08/06/2024,21:54:44.53,08/07/2024,04:54:41.000,376649210,-1217630135,129355,24,3,5031,9510432,100,32.14,25.66,

08/06/2024,21:54:45.53,08/07/2024,04:54:42.000,376649156,-1217629512,129259,24,3,5586,9287988,100,32.13,25.53,

08/06/2024,21:54:46.53,08/07/2024,04:54:43.000,376649119,-1217628857,129332,24,3,5885,8855824,100,32.33,25.53,

08/06/2024,21:54:47.53,08/07/2024,04:54:44.000,376649112,-1217628191,129385,24,3,5916,8333587,100,32.29,25.40,

08/06/2024,21:54:48.53,08/07/2024,04:54:45.000,376649157,-1217627530,129428,24,3,5967,7751978,100,32.22,25.37,

08/06/2024,21:54:49.54,08/07/2024,04:54:46.000,376649255,-1217626878,129293,24,3,6054,7198632,100,32.27,25.35,

08/06/2024,21:54:50.54,08/07/2024,04:54:47.000,376649408,-1217626878,129078,24,3,5660,7702912,100,32.21,25.27,

08/06/2024,21:54:52.41,08/07/2024,04:54:49.000,376649702,-1217625611,128960,24,3,5272,8649602,100,32.18,25.24,

08/06/2024,21:54:53.42,08/07/2024,04:54:50.000,376649746,-1217625008,128844,24,3,4563,9467736,100,32.20,25.26,

08/06/2024,21:54:54.42,08/07/2024,04:54:51.000,376649720,-1217624466,128715,24,3,3961,9883444,100,32.35,25.32,

08/06/2024,21:54:55.42,08/07/2024,04:54:52.000,376649662,-1217624000,128669,24,3,3493,8839938,100,32.18,25.32,

08/06/2024,21:54:56.42,08/07/2024,04:54:53.000,376649651,-1217623590,128583,24,3,2906,6251398,100,32.09,25.33,

08/06/2024,21:54:57.42,08/07/2024,04:54:54.000,376649756,-1217623284,128627,24,3,2698,3349671,100,32.13,25.34,

08/06/2024,21:54:58.42,08/07/2024,04:54:55.000,376649952,-1217623116,128635,24,3,2586,568695,100,32.19,25.34,

08/06/2024,21:54:59.42,08/07/2024,04:54:56.000,376650179,-1217623095,128745,24,3,2454,33996148,100,32.02,25.38,

08/06/2024,21:55:00.42,08/07/2024,04:54:57.000,376650377,-1217623209,128747,24,3,2485,31594590,100,32.10,25.45,

08/06/2024,21:55:01.42,08/07/2024,04:54:58.000,376650509,-1217623419,128818,24,3,2568,28648492,100,31.82,25.35,

08/06/2024,21:55:02.42,08/07/2024,04:54:59.000,376650558,-1217623688,128768,24,3,3108,25945910,100,31.90,25.34,

08/06/2024,21:55:03.42,08/07/2024,04:55:00.000,376650504,-1217624007,128710,24,3,3854,24547528,100,32.14,25.40,

08/06/2024,21:55:04.42,08/07/2024,04:55:01.000,376650366,-1217624380,128684,25,3,4587,24177148,95,32.06,25.44,

08/06/2024,21:55:05.43,08/07/2024,04:55:02.000,376650176,-1217624817,128703,25,3,5103,24374890,95,32.12,25.47,

08/06/2024,21:55:06.43,08/07/2024,04:55:03.000,376649974,-1217625317,128703,24,3,5394,24880914,100,32.10,25.46,

08/06/2024,21:55:07.43,08/07/2024,04:55:04.000,376649789,-1217625872,128676,24,3,5576,25300996,100,32.07,25.37,

08/06/2024,21:55:08.43,08/07/2024,04:55:05.000,376649633,-1217626466,128728,24,3,5844,25730626,100,32.20,25.38,

08/06/2024,21:55:09.43,08/07/2024,04:55:06.000,376649505,-1217627102,128761,24,3,6228,26274448,100,32.32,25.27,

08/06/2024,21:55:10.43,08/07/2024,04:55:07.000,376649421,-1217627787,128691,24,3,6371,26647376,100,32.09,25.25,

08/06/2024,21:55:11.43,08/07/2024,04:55:08.000,376649374,-1217628503,128666,24,3,6431,26955034,100,32.19,25.25,

08/06/2024,21:55:12.43,08/07/2024,04:55:09.000,376649357,-1217629227,128540,24,3,6527,27070944,100,32.38,25.29,

08/06/2024,21:55:13.43,08/07/2024,04:55:10.000,376649357,-1217629964,128452,24,3,6675,26992820,100,32.46,25.30,

08/06/2024,21:55:14.43,08/07/2024,04:55:11.000,376649357,-1217630715,128366,24,3,6904,26998774,100,32.60,25.31,

08/06/2024,21:55:15.43,08/07/2024,04:55:12.000,376649356,-1217631491,128266,24,3,7157,26974184,100,32.77,25.26,

08/06/2024,21:55:16.43,08/07/2024,04:55:13.000,376649352,-1217632294,128117,24,3,7396,26979638,100,33.08,25.30,

08/06/2024,21:55:17.43,08/07/2024,04:55:14.000,376649347,-1217633124,127968,24,3,7821,26956658,100,32.98,25.32,

08/06/2024,21:55:18.43,08/07/2024,04:55:15.000,376649340,-1217633995,127968,24,3,8106,26970188,100,32.83,25.20,

08/06/2024,21:55:20.41,08/07/2024,04:55:17.000,376649332,-1217635823,127539,24,3,8187,27033108,100,32.89,25.19,

08/06/2024,21:55:21.41,08/07/2024,04:55:18.000,376649333,-1217636749,127468,24,3,8364,27041384,100,32.89,25.14,

08/06/2024,21:55:22.41,08/07/2024,04:55:19.000,376649334,-1217637691,127329,24,3,8568,27033492,100,32.99,25.18,

08/06/2024,21:55:23.41,08/07/2024,04:55:20.000,376649337,-1217638654,127155,24,3,8783,26998932,100,32.70,25.07,

08/06/2024,21:55:24.41,08/07/2024,04:55:21.000,376649336,-1217639641,127039,24,3,9009,27002722,100,32.78,25.11,

08/06/2024,21:55:25.41,08/07/2024,04:55:22.000,376649331,-1217640654,126894,24,3,9247,26995582,100,32.87,25.14,

08/06/2024,21:55:26.41,08/07/2024,04:55:23.000,376649329,-1217641693,126753,24,3,9486,27012298,100,32.70,25.06,

08/06/2024,21:55:27.42,08/07/2024,04:55:24.000,376649329,-1217642760,126574,24,3,9699,26952172,100,32.89,25.13,

08/06/2024,21:55:28.42,08/07/2024,04:55:25.000,376649324,-1217643851,126502,24,3,9800,26993260,100,32.88,25.12,

08/06/2024,21:55:29.42,08/07/2024,04:55:26.000,376649319,-1217644957,126456,24,3,9872,27017218,100,32.94,25.07,

08/06/2024,21:55:30.42,08/07/2024,04:55:27.000,376649318,-1217646071,126427,24,3,9904,26959934,100,33.04,24.88,

08/06/2024,21:55:31.42,08/07/2024,04:55:28.000,376649312,-1217647192,126369,24,3,10005,26993318,100,33.62,24.82,

08/06/2024,21:55:32.42,08/07/2024,04:55:29.000,376649308,-1217648320,126303,24,3,10122,27024740,100,34.15,24.58,

08/06/2024,21:55:33.42,08/07/2024,04:55:30.000,376649310,-1217649463,126213,24,3,10206,27020822,100,35.04,24.58,

08/06/2024,21:55:34.42,08/07/2024,04:55:31.000,376649311,-1217650616,126180,24,3,10322,27037388,100,35.21,24.58,

08/06/2024,21:55:35.42,08/07/2024,04:55:32.000,376649317,-1217651780,126103,24,3,10427,27056612,100,34.94,24.40,

08/06/2024,21:55:36.42,08/07/2024,04:55:33.000,376649324,-1217652958,126143,24,3,10515,27069100,100,34.72,24.43,

08/06/2024,21:55:37.42,08/07/2024,04:55:34.000,376649335,-1217654146,126092,24,3,10432,27066480,100,34.71,24.50,

08/06/2024,21:55:38.42,08/07/2024,04:55:35.000,376649346,-1217655331,126003,24,3,10303,27033726,100,34.59,24.49,

08/06/2024,21:55:39.42,08/07/2024,04:55:36.000,376649352,-1217656502,126018,24,3,10270,26998086,100,34.41,24.47,

08/06/2024,21:55:40.42,08/07/2024,04:55:37.000,376649354,-1217657667,126003,24,3,10159,27009262,100,34.40,24.40,

08/06/2024,21:55:41.42,08/07/2024,04:55:38.000,376649354,-1217658822,126011,24,3,10180,26961566,100,34.40,24.44,

08/06/2024,21:55:42.42,08/07/2024,04:55:39.000,376649349,-1217659975,125968,24,3,10265,26969284,100,34.40,24.44,

08/06/2024,21:55:43.42,08/07/2024,04:55:40.000,376649344,-1217661136,125935,24,3,10242,26982012,100,34.38,24.36,

08/06/2024,21:55:44.42,08/07/2024,04:55:41.000,376649344,-1217662295,126066,24,3,10499,27107220,100,34.74,24.44,

08/06/2024,21:55:45.42,08/07/2024,04:55:42.000,376649355,-1217663476,126041,24,3,10700,26962850,100,34.86,24.48,

08/06/2024,21:55:46.42,08/07/2024,04:55:43.000,376649354,-1217664685,125919,24,3,10802,27036468,100,34.81,24.44,

08/06/2024,21:55:47.42,08/07/2024,04:55:44.000,376649355,-1217665905,125909,24,3,10852,27059530,100,35.01,24.44,

08/06/2024,21:55:48.42,08/07/2024,04:55:45.000,376649364,-1217667134,125860,24,3,10870,27069996,100,35.06,24.45,

08/06/2024,21:55:49.42,08/07/2024,04:55:46.000,376649376,-1217668366,125796,24,3,10868,27077152,100,35.05,24.63,

08/06/2024,21:55:50.42,08/07/2024,04:55:47.000,376649386,-1217669598,125682,24,3,10891,27059574,100,35.03,24.58,

08/06/2024,21:55:51.42,08/07/2024,04:55:48.000,376649394,-1217670831,125561,24,3,10728,27098126,100,34.70,24.76,

08/06/2024,21:55:53.40,08/07/2024,04:55:50.000,376649410,-1217673281,125535,24,3,10524,27063084,100,34.56,24.75,

08/06/2024,21:55:54.40,08/07/2024,04:55:51.000,376649418,-1217674481,125459,24,3,10156,27071356,100,34.52,24.73,

08/06/2024,21:55:55.40,08/07/2024,04:55:52.000,376649425,-1217675645,125338,24,3,9181,27058484,100,34.22,24.76,

08/06/2024,21:55:56.40,08/07/2024,04:55:53.000,376649432,-1217676719,125322,24,3,7763,27010300,100,34.13,24.74,

08/06/2024,21:55:57.40,08/07/2024,04:55:54.000,376649430,-1217677648,125326,24,3,6290,26961290,100,33.78,24.86,

08/06/2024,21:55:58.40,08/07/2024,04:55:55.000,376649425,-1217678412,125394,24,3,4914,27088998,95,33.63,24.89,

08/06/2024,21:55:59.40,08/07/2024,04:55:56.000,376649424,-1217679017,125453,25,3,3632,27582102,100,33.59,24.91,

08/06/2024,21:56:00.40,08/07/2024,04:55:57.000,376649451,-1217679469,125494,24,3,2505,28126406,100,33.52,24.95,

08/06/2024,21:56:01.40,08/07/2024,04:55:58.000,376649503,-1217679785,125552,24,3,1992,28701376,100,33.66,25.01,

08/06/2024,21:56:02.40,08/07/2024,04:55:59.000,376649569,-1217680013,125713,24,3,2412,29638022,100,33.34,24.91,

08/06/2024,21:56:03.40,08/07/2024,04:56:00.000,376649670,-1217680239,125766,24,3,3648,31536218,100,33.33,24.98,

08/06/2024,21:56:04.40,08/07/2024,04:56:01.000,376649882,-1217680498,125802,24,3,4971,33581368,100,33.32,25.05,

08/06/2024,21:56:05.40,08/07/2024,04:56:02.000,376650245,-1217680733,125810,24,3,6430,35152360,100,33.25,25.05,

08/06/2024,21:56:06.40,08/07/2024,04:56:03.000,376650774,-1217680870,125804,24,3,7772,35507636,100,33.19,25.03,

08/06/2024,21:56:07.40,08/07/2024,04:56:04.000,376651438,-1217680952,125942,24,3,8726,35685576,105,33.10,25.13,

08/06/2024,21:56:08.40,08/07/2024,04:56:05.000,376652202,-1217681010,125834,23,3,9439,35763460,105,33.00,25.10,

08/06/2024,21:56:09.40,08/07/2024,04:56:06.000,376653032,-1217681054,125918,23,3,9945,35788768,105,32.88,25.16,

08/06/2024,21:56:10.40,08/07/2024,04:56:07.000,376653918,-1217681095,125923,23,3,10285,35774424,105,33.03,25.06,

08/06/2024,21:56:11.40,08/07/2024,04:56:08.000,376654833,-1217681139,126086,23,3,10644,35881192,105,32.68,25.11,

08/06/2024,21:56:12.40,08/07/2024,04:56:09.000,376655784,-1217681171,126050,23,3,10999,35953284,105,33.19,25.06,

08/06/2024,21:56:13.40,08/07/2024,04:56:10.000,376656768,-1217681184,125969,23,3,11248,18993,105,33.16,25.17,

08/06/2024,21:56:14.40,08/07/2024,04:56:11.000,376657774,-1217681187,125983,23,3,11347,35985296,100,33.19,25.13,

08/06/2024,21:56:15.40,08/07/2024,04:56:12.000,376658793,-1217681192,126075,24,3,11451,35999268,100,33.38,25.13,

08/06/2024,21:56:16.40,08/07/2024,04:56:13.000,376659820,-1217681194,126055,24,3,11582,35960644,100,33.35,25.22,

08/06/2024,21:56:17.40,08/07/2024,04:56:14.000,376660859,-1217681196,126003,24,3,11432,7880,100,33.20,25.25,

08/06/2024,21:56:18.40,08/07/2024,04:56:15.000,376661891,-1217681194,125842,24,3,11214,45250,100,33.31,25.08,

08/06/2024,21:56:19.40,08/07/2024,04:56:16.000,376662905,-1217681186,125994,24,3,11033,35993880,100,32.74,25.04,

08/06/2024,21:56:20.40,08/07/2024,04:56:17.000,376663904,-1217681181,125910,24,3,10847,35974848,100,33.24,25.00,

08/06/2024,21:56:21.39,08/07/2024,04:56:18.000,376664886,-1217681183,125852,24,3,10716,35963020,100,33.34,24.98,

08/06/2024,21:56:22.39,08/07/2024,04:56:19.000,376665851,-1217681197,125791,24,3,10659,35974284,100,33.50,25.01,

08/06/2024,21:56:23.39,08/07/2024,04:56:20.000,376666812,-1217681204,125679,24,3,10752,35968328,100,33.53,25.01,

08/06/2024,21:56:24.39,08/07/2024,04:56:21.000,376667778,-1217681211,125652,24,3,10853,35989312,100,33.36,24.98,

08/06/2024,21:56:25.45,08/07/2024,04:56:22.000,376668753,-1217681212,125647,24,3,10913,35983872,100,33.26,25.14,

08/06/2024,21:56:27.42,08/07/2024,04:56:24.000,376670715,-1217681225,125527,24,3,10936,35991200,100,33.68,25.09,

08/06/2024,21:56:28.42,08/07/2024,04:56:25.000,376671700,-1217681227,125484,24,3,10883,35921044,100,33.71,25.22,

08/06/2024,21:56:29.42,08/07/2024,04:56:26.000,376672681,-1217681239,125528,24,3,10891,35950564,100,33.67,25.19,

08/06/2024,21:56:30.42,08/07/2024,04:56:27.000,376673663,-1217681250,125480,24,3,10890,35961216,100,33.59,25.17,

08/06/2024,21:56:31.42,08/07/2024,04:56:28.000,376674644,-1217681258,125448,24,3,11031,35987184,100,33.44,25.13,

08/06/2024,21:56:32.42,08/07/2024,04:56:29.000,376675636,-1217681261,125394,24,3,11072,35993512,100,33.48,25.07,

08/06/2024,21:56:33.42,08/07/2024,04:56:30.000,376676634,-1217681262,125363,24,3,11115,20981,100,33.45,25.01,

08/06/2024,21:56:34.42,08/07/2024,04:56:31.000,376677634,-1217681258,125378,24,3,11206,91400,100,33.36,25.15,

08/06/2024,21:56:35.42,08/07/2024,04:56:32.000,376678640,-1217681241,125396,24,3,11277,86787,100,33.24,25.18,

08/06/2024,21:56:36.42,08/07/2024,04:56:33.000,376679653,-1217681220,125560,24,3,11418,102785,100,33.02,25.11,

08/06/2024,21:56:37.42,08/07/2024,04:56:34.000,376680678,-1217681199,125507,24,3,11369,59508,100,33.07,25.24,

08/06/2024,21:56:38.42,08/07/2024,04:56:35.000,376681703,-1217681183,125522,24,3,11385,15055,100,32.92,25.25,

08/06/2024,21:56:39.42,08/07/2024,04:56:36.000,376682728,-1217681176,125556,24,3,11392,35995228,100,32.65,25.17,

08/06/2024,21:56:40.42,08/07/2024,04:56:37.000,376683754,-1217681177,125401,24,3,11403,34467,100,32.93,25.35,

08/06/2024,21:56:41.42,08/07/2024,04:56:38.000,376684780,-1217681173,125343,24,3,11436,42250,100,32.44,25.37,

08/06/2024,21:56:42.42,08/07/2024,04:56:39.000,376685809,-1217681164,125261,24,3,11409,24467,100,32.53,25.34,

08/06/2024,21:56:43.42,08/07/2024,04:56:40.000,376686839,-1217681154,125287,24,3,11276,21074,100,32.43,25.30,

08/06/2024,21:56:44.42,08/07/2024,04:56:41.000,376687858,-1217681149,125144,24,3,11276,35976708,100,32.38,25.39,

08/06/2024,21:56:46.39,08/07/2024,04:56:43.000,376689830,-1217681152,124997,24,3,10723,35994408,100,32.35,25.42,

08/06/2024,21:56:47.44,08/07/2024,04:56:44.000,376690759,-1217681151,124940,24,3,10134,35979696,100,32.30,25.37,

08/06/2024,21:56:48.44,08/07/2024,04:56:45.000,376691603,-1217681153,124719,24,3,9059,35988496,100,32.26,25.37,

08/06/2024,21:56:49.44,08/07/2024,04:56:46.000,376692326,-1217681155,124602,24,3,7604,11774,100,32.39,25.33,

08/06/2024,21:56:50.44,08/07/2024,04:56:47.000,376692885,-1217681156,124543,24,3,5628,35971040,100,32.49,25.22,

08/06/2024,21:56:51.44,08/07/2024,04:56:48.000,376693248,-1217681156,124475,24,3,3354,35932488,100,32.70,25.19,

08/06/2024,21:56:52.44,08/07/2024,04:56:49.000,376693427,-1217681160,124474,24,3,1416,35906724,100,32.51,25.23,

08/06/2024,21:56:53.44,08/07/2024,04:56:50.000,376693526,-1217681162,124435,24,3,975,35984324,100,32.73,25.23,

08/06/2024,21:56:54.44,08/07/2024,04:56:51.000,376693706,-1217681162,124397,24,3,2419,33745,100,32.80,25.17,

08/06/2024,21:56:55.44,08/07/2024,04:56:52.000,376694061,-1217681160,124356,24,3,4590,35995452,100,32.82,25.18,

08/06/2024,21:56:56.44,08/07/2024,04:56:53.000,376694586,-1217681161,124229,24,3,6361,35967344,100,32.92,25.21,

08/06/2024,21:56:57.44,08/07/2024,04:56:54.000,376695252,-1217681165,124122,24,3,7829,3923,100,32.75,25.28,

08/06/2024,21:56:58.44,08/07/2024,04:56:55.000,376696022,-1217681166,123910,24,3,8855,20264,100,32.79,25.19,

08/06/2024,21:56:59.44,08/07/2024,04:56:56.000,376696859,-1217681164,123762,24,3,9476,42037,100,32.83,25.23,

08/06/2024,21:57:00.44,08/07/2024,04:56:57.000,376697748,-1217681154,123777,24,3,10012,2677,100,32.81,25.23,

08/06/2024,21:57:01.44,08/07/2024,04:56:58.000,376698671,-1217681153,123638,24,3,10355,35977016,100,32.59,25.21,

08/06/2024,21:57:02.44,08/07/2024,04:56:59.000,376699621,-1217681154,123748,24,3,10600,35926360,100,32.73,25.32,

08/06/2024,21:57:03.44,08/07/2024,04:57:00.000,376700590,-1217681167,123653,24,3,10843,35926360,100,32.58,25.28,

08/06/2024,21:57:05.41,08/07/2024,04:57:02.000,376702598,-1217681171,123722,24,3,11310,35977436,100,32.85,25.35,

08/06/2024,21:57:06.41,08/07/2024,04:57:03.000,376703626,-1217681174,123747,24,3,11450,1513,100,32.92,25.48,

08/06/2024,21:57:07.41,08/07/2024,04:57:04.000,376704651,-1217681173,123753,24,3,11321,10195,100,32.94,25.23,

08/06/2024,21:57:08.41,08/07/2024,04:57:05.000,376705659,-1217681173,123712,24,3,11120,35990328,100,32.82,25.29,

08/06/2024,21:57:09.41,08/07/2024,04:57:06.000,376706647,-1217681181,123662,24,3,10901,35949648,100,32.99,25.36,

08/06/2024,21:57:10.41,08/07/2024,04:57:07.000,376707624,-1217681185,123557,24,3,10840,1642,100,32.77,25.28,

08/06/2024,21:57:11.41,08/07/2024,04:57:08.000,376708580,-1217681191,123679,24,3,10548,35946712,100,32.65,25.26,

08/06/2024,21:57:12.41,08/07/2024,04:57:09.000,376709513,-1217681207,123542,24,3,10294,35924944,100,32.63,25.30,

08/06/2024,21:57:13.41,08/07/2024,04:57:10.000,376710436,-1217681206,123394,24,3,10225,43998,100,32.85,25.40,

08/06/2024,21:57:14.41,08/07/2024,04:57:11.000,376711349,-1217681200,123377,24,3,10102,22198,105,32.72,25.32,

08/06/2024,21:57:15.41,08/07/2024,04:57:12.000,376712257,-1217681194,123271,23,3,10082,45458,105,32.68,25.16,

08/06/2024,21:57:16.41,08/07/2024,04:57:13.000,376713162,-1217681191,123298,23,3,10010,35992604,105,32.72,25.32,

08/06/2024,21:57:17.41,08/07/2024,04:57:14.000,376714052,-1217681202,123310,23,3,9821,35914508,105,32.60,25.26,

08/06/2024,21:57:18.40,08/07/2024,04:57:15.000,376714915,-1217681260,123406,23,3,9515,35614872,105,32.43,25.26,

08/06/2024,21:57:19.40,08/07/2024,04:57:16.000,376715762,-1217681389,123477,23,3,9450,35180672,99,32.70,25.34,

08/06/2024,21:57:20.40,08/07/2024,04:57:17.000,376716600,-1217681592,123519,24,3,9510,34801632,95,32.50,25.32,

08/06/2024,21:57:21.40,08/07/2024,04:57:18.000,376717425,-1217681868,123798,25,3,9501,34401644,105,32.61,25.20,

08/06/2024,21:57:22.40,08/07/2024,04:57:19.000,376718240,-1217682222,123945,23,3,9626,33973740,105,32.83,25.06,

08/06/2024,21:57:23.40,08/07/2024,04:57:20.000,376719044,-1217682643,123950,23,3,9726,33655452,100,32.93,25.01,

08/06/2024,21:57:24.40,08/07/2024,04:57:21.000,376719841,-1217683129,124027,24,3,9917,33323592,100,33.44,24.83,

08/06/2024,21:57:25.40,08/07/2024,04:57:22.000,376720632,-1217683669,123891,24,3,10015,33120102,100,33.60,24.92,

08/06/2024,21:57:26.40,08/07/2024,04:57:23.000,376721440,-1217684221,123839,24,3,10286,33182922,100,33.80,24.91,

08/06/2024,21:57:27.40,08/07/2024,04:57:24.000,376722274,-1217684794,123751,24,3,10641,33150812,100,33.79,24.76,

08/06/2024,21:57:28.40,08/07/2024,04:57:25.000,376723124,-1217685349,123621,24,3,10666,33301916,95,33.86,24.78,

08/06/2024,21:57:29.40,08/07/2024,04:57:26.000,376723994,-1217685856,123401,25,3,10649,33620768,99,33.74,24.78,

08/06/2024,21:57:30.45,08/07/2024,04:57:27.000,376724905,-1217686288,123146,26,3,10920,34059996,99,33.81,24.71,

08/06/2024,21:57:31.45,08/07/2024,04:57:29.000,376726850,-1217686832,122654,26,3,11217,35159524,99,34.00,24.72,

08/06/2024,21:57:32.45,08/07/2024,04:57:30.000,376727867,-1217686946,122499,26,3,11449,35626076,99,33.92,24.81,

08/06/2024,21:57:33.45,08/07/2024,04:57:31.000,376728897,-1217686999,122466,26,3,11438,35825212,99,33.88,24.84,

08/06/2024,21:57:34.45,08/07/2024,04:57:32.000,376729916,-1217687025,122495,26,3,11287,35894984,99,33.96,24.90,

08/06/2024,21:57:35.45,08/07/2024,04:57:33.000,376730936,-1217687029,122279,27,3,11348,9135,93,34.03,24.89,

08/06/2024,21:57:36.45,08/07/2024,04:57:34.000,376731950,-1217687030,122209,27,3,11249,35993672,93,33.87,25.11,

08/06/2024,21:57:37.45,08/07/2024,04:57:35.000,376732944,-1217687050,122348,27,3,10947,35876236,93,33.92,25.03,

08/06/2024,21:57:38.45,08/07/2024,04:57:36.000,376733919,-1217687070,122444,26,3,10793,35928724,99,33.57,25.15,

08/06/2024,21:57:39.45,08/07/2024,04:57:37.000,376734876,-1217687078,122399,26,3,10593,1207,99,33.44,25.18,

08/06/2024,21:57:40.45,08/07/2024,04:57:38.000,376735815,-1217687078,122332,26,3,10363,3962,99,33.48,25.24,

08/06/2024,21:57:41.45,08/07/2024,04:57:39.000,376736746,-1217687085,122164,26,3,10300,35956796,99,33.32,25.26,

08/06/2024,21:57:42.45,08/07/2024,04:57:40.000,376737672,-1217687093,121879,26,3,10253,35975464,99,33.60,25.30,

08/06/2024,21:57:43.44,08/07/2024,04:57:41.000,376738584,-1217687118,121881,26,3,10074,35849476,99,33.43,25.25,

08/06/2024,21:57:44.44,08/07/2024,04:57:42.000,376739471,-1217687146,121882,26,3,9765,35868924,99,33.34,25.30,

08/06/2024,21:57:45.44,08/07/2024,04:57:43.000,376740339,-1217687178,121797,26,3,9572,35833284,99,33.39,25.34,

08/06/2024,21:57:46.44,08/07/2024,04:57:44.000,376741151,-1217687194,121798,26,3,8804,35932832,99,33.30,25.30,

08/06/2024,21:57:47.44,08/07/2024,04:57:45.000,376741860,-1217687205,121716,26,3,7466,35903256,99,33.38,25.32,

08/06/2024,21:57:48.44,08/07/2024,04:57:46.000,376742429,-1217687213,121722,26,3,5852,35967928,99,33.01,25.35,

08/06/2024,21:57:49.44,08/07/2024,04:57:47.000,376742837,-1217687219,121725,26,3,3989,35905012,99,33.02,25.47,

08/06/2024,21:57:50.44,08/07/2024,04:57:48.000,376743062,-1217687228,121708,25,3,1933,35881208,104,33.02,25.50,

08/06/2024,21:57:51.44,08/07/2024,04:57:49.000,376743228,-1217687234,121717,25,3,1826,35890340,104,32.80,25.42,

08/06/2024,21:57:52.44,08/07/2024,04:57:50.000,376743484,-1217687244,121720,25,3,3287,35792800,104,32.91,25.40,

08/06/2024,21:57:53.44,08/07/2024,04:57:51.000,376743870,-1217687264,121670,26,3,4821,35754312,99,32.93,25.53,

08/06/2024,21:57:54.44,08/07/2024,04:57:53.000,376745019,-1217687326,121729,26,3,7417,35779180,99,32.57,25.58,

08/06/2024,21:57:56.41,08/07/2024,04:57:54.000,376745756,-1217687361,121741,26,3,8508,35788144,99,32.60,25.62,

08/06/2024,21:57:57.41,08/07/2024,04:57:55.000,376746565,-1217687375,121772,26,3,9162,35977196,99,32.61,25.64,

08/06/2024,21:57:58.41,08/07/2024,04:57:56.000,376747419,-1217687380,121611,26,3,9664,35990588,99,32.39,25.71,

08/06/2024,21:57:59.41,08/07/2024,04:57:57.000,376748319,-1217687390,121389,26,3,10165,35951936,99,32.18,25.66,

08/06/2024,21:58:00.41,08/07/2024,04:57:58.000,376749241,-1217687401,121102,26,3,10297,35953340,99,32.20,25.59,

08/06/2024,21:58:01.41,08/07/2024,04:57:59.000,376750187,-1217687397,120787,26,3,10586,57637,99,32.09,25.54,

08/06/2024,21:58:02.41,08/07/2024,04:58:00.000,376751146,-1217687389,120796,26,3,10645,11780,99,32.05,25.68,

08/06/2024,21:58:03.41,08/07/2024,04:58:01.000,376752101,-1217687393,120969,26,3,10598,35957068,99,31.94,25.70,

08/06/2024,21:58:04.41,08/07/2024,04:58:02.000,376753037,-1217687405,121140,26,3,10312,35938980,99,31.81,25.64,

08/06/2024,21:58:05.41,08/07/2024,04:58:03.000,376753969,-1217687411,121065,26,3,10317,35996844,99,32.02,25.64,

08/06/2024,21:58:06.41,08/07/2024,04:58:04.000,376754882,-1217687415,120868,26,3,10103,35989044,99,32.11,25.74,

08/06/2024,21:58:07.41,08/07/2024,04:58:05.000,376755776,-1217687458,120872,26,3,9859,35686736,99,31.83,25.79,

08/06/2024,21:58:08.41,08/07/2024,04:58:06.000,376756658,-1217687619,120660,26,3,9947,34962820,99,32.07,25.63,

08/06/2024,21:58:09.40,08/07/2024,04:58:07.000,376757524,-1217687914,120714,26,3,10029,34287488,99,31.84,25.56,

08/06/2024,21:58:10.40,08/07/2024,04:58:08.000,376758376,-1217688295,120456,26,3,10046,33963924,99,31.90,25.68,

08/06/2024,21:58:11.40,08/07/2024,04:58:09.000,376759231,-1217688694,120321,26,3,10202,33957564,99,31.85,25.64,

08/06/2024,21:58:12.40,08/07/2024,04:58:10.000,376760100,-1217689099,120383,26,3,10330,33974544,99,31.71,25.49,

08/06/2024,21:58:13.40,08/07/2024,04:58:11.000,376760977,-1217689512,120316,26,3,10438,33925468,99,31.53,25.65,

08/06/2024,21:58:14.40,08/07/2024,04:58:12.000,376761868,-1217689932,119913,26,3,10629,33968780,99,31.71,25.68,

08/06/2024,21:58:15.40,08/07/2024,04:58:13.000,376762755,-1217690350,119808,27,3,10478,33932816,94,31.58,25.66,

08/06/2024,21:58:16.40,08/07/2024,04:58:14.000,376763638,-1217690776,119690,26,3,10502,33898752,99,31.36,25.72,

08/06/2024,21:58:17.40,08/07/2024,04:58:15.000,376764504,-1217691160,119725,26,3,10452,34000272,99,31.17,25.62,

08/06/2024,21:58:18.46,08/07/2024,04:58:16.000,376765378,-1217691572,119811,27,3,10452,34026460,94,31.02,25.75,

08/06/2024,21:58:19.46,08/07/2024,04:58:17.000,376766245,-1217691981,119817,27,3,10300,34010540,94,30.70,25.80,

08/06/2024,21:58:20.45,08/07/2024,04:58:18.000,376767102,-1217692376,119668,26,3,10180,34071276,99,30.48,25.89,

08/06/2024,21:58:21.45,08/07/2024,04:58:19.000,376767957,-1217692752,119622,27,3,10072,34162228,94,30.23,25.84,

08/06/2024,21:58:22.45,08/07/2024,04:58:20.000,376768819,-1217693120,119446,26,3,10080,34167516,99,30.07,25.78,

08/06/2024,21:58:23.45,08/07/2024,04:58:21.000,376769681,-1217693489,119479,26,3,10090,34136856,99,30.29,25.98,

08/06/2024,21:58:24.45,08/07/2024,04:58:22.000,376770542,-1217693893,119427,26,3,10185,33884396,99,29.97,26.03,

08/06/2024,21:58:25.45,08/07/2024,04:58:23.000,376771399,-1217694350,119291,27,3,10366,33679684,94,29.98,26.02,

08/06/2024,21:58:26.45,08/07/2024,04:58:24.000,376772267,-1217694824,118985,26,3,10557,33661808,99,29.62,25.95,

08/06/2024,21:58:27.45,08/07/2024,04:58:26.000,376774050,-1217695747,118872,26,3,10709,33836492,99,29.49,26.02,

08/06/2024,21:58:29.43,08/07/2024,04:58:27.000,376774947,-1217696193,118935,27,3,10692,33859168,94,29.42,26.08,

08/06/2024,21:58:30.43,08/07/2024,04:58:28.000,376775842,-1217696634,118907,26,3,10667,33858244,99,29.31,26.15,

08/06/2024,21:58:31.42,08/07/2024,04:58:29.000,376776740,-1217697073,118845,26,3,10707,33886676,99,29.36,26.05,

08/06/2024,21:58:32.42,08/07/2024,04:58:30.000,376777640,-1217697515,118818,26,3,10711,33867320,99,29.19,26.10,

08/06/2024,21:58:33.42,08/07/2024,04:58:31.000,376778536,-1217697951,118801,27,3,10671,33921400,94,29.18,26.16,

08/06/2024,21:58:34.42,08/07/2024,04:58:32.000,376779432,-1217698366,118756,25,3,10518,34016864,100,29.01,26.20,

08/06/2024,21:58:35.42,08/07/2024,04:58:33.000,376780315,-1217698767,118673,25,3,10327,34004920,100,29.00,26.21,

08/06/2024,21:58:36.42,08/07/2024,04:58:34.000,376781186,-1217699154,118445,26,3,10194,34063000,99,29.00,26.30,

08/06/2024,21:58:37.42,08/07/2024,04:58:35.000,376782047,-1217699540,118293,26,3,10133,34024508,99,28.54,26.24,

08/06/2024,21:58:38.42,08/07/2024,04:58:36.000,376782889,-1217699930,118213,26,3,9924,33930352,99,28.72,26.42,

08/06/2024,21:58:39.42,08/07/2024,04:58:37.000,376783685,-1217700357,118270,27,3,9469,33599892,94,28.74,26.48,

08/06/2024,21:58:40.42,08/07/2024,04:58:38.000,376784402,-1217700790,118315,27,3,8542,33339818,94,28.70,26.40,

08/06/2024,21:58:41.42,08/07/2024,04:58:39.000,376785022,-1217701168,118351,27,3,7249,33457296,94,28.41,26.39,

08/06/2024,21:58:42.42,08/07/2024,04:58:40.000,376785524,-1217701447,118460,27,3,5595,33689432,94,28.51,26.42,

08/06/2024,21:58:43.42,08/07/2024,04:58:41.000,376785879,-1217701630,118466,26,3,3673,33788164,99,28.21,26.40,

08/06/2024,21:58:44.42,08/07/2024,04:58:42.000,376786077,-1217701723,118491,26,3,1813,33923476,99,28.13,26.47,

08/06/2024,21:58:45.42,08/07/2024,04:58:43.000,376786159,-1217701762,118472,27,3,632,33941048,94,27.98,26.45,

08/06/2024,21:58:46.42,08/07/2024,04:58:44.000,376786174,-1217701766,118383,25,3,44,33941048,103,27.96,26.52,

08/06/2024,21:58:47.42,08/07/2024,04:58:45.000,376786173,-1217701760,118179,26,3,11,33941048,99,28.24,26.52,

08/06/2024,21:58:48.42,08/07/2024,04:58:46.000,376786172,-1217701756,117939,23,3,9,33941048,107,28.15,26.63,

08/06/2024,21:58:49.42,08/07/2024,04:58:47.000,376786168,-1217701753,117743,23,3,12,33941048,107,28.07,26.48,

08/06/2024,21:58:50.42,08/07/2024,04:58:48.000,376786165,-1217701752,117632,23,3,5,33941048,107,27.85,26.58,

08/06/2024,21:58:51.42,08/07/2024,04:58:49.000,376786188,-1217701769,117630,24,3,460,33938624,101,27.84,26.51,

08/06/2024,21:58:52.42,08/07/2024,04:58:50.000,376786253,-1217701798,117675,24,3,906,34166192,101,27.77,26.50,

08/06/2024,21:58:53.41,08/07/2024,04:58:51.000,376786343,-1217701841,117670,23,3,1171,34087812,107,27.93,26.49,

08/06/2024,21:58:54.41,08/07/2024,04:58:52.000,376786457,-1217701892,117632,24,3,1440,34145904,101,27.92,26.48,

08/06/2024,21:58:55.41,08/07/2024,04:58:53.000,376786612,-1217701970,117758,26,3,2056,33859904,95,28.08,26.56,

08/06/2024,21:58:56.41,08/07/2024,04:58:54.000,376786834,-1217702125,117953,24,3,3122,33092688,101,27.89,26.54,

08/06/2024,21:58:57.41,08/07/2024,04:58:55.000,376787088,-1217702431,118015,26,3,4283,31374302,95,27.78,26.50,

08/06/2024,21:58:58.41,08/07/2024,04:58:56.000,376787276,-1217702949,117933,25,3,5444,29120700,100,27.89,26.66,

08/06/2024,21:58:59.41,08/07/2024,04:58:57.000,376787308,-1217703620,117843,26,3,6229,26876820,95,27.81,26.62,

08/06/2024,21:59:00.41,08/07/2024,04:58:58.000,376787180,-1217704391,117721,25,3,7300,25518522,100,27.82,26.58,

08/06/2024,21:59:01.41,08/07/2024,04:58:59.000,376786952,-1217705240,117561,25,3,8155,25010184,100,28.03,26.65,

08/06/2024,21:59:02.41,08/07/2024,04:59:00.000,376786696,-1217706139,117449,25,3,8565,25022168,100,27.75,26.61,

08/06/2024,21:59:03.41,08/07/2024,04:59:01.000,376786436,-1217707081,117250,25,3,8912,25101110,100,27.64,26.59,

08/06/2024,21:59:04.41,08/07/2024,04:59:02.000,376786172,-1217708070,117107,26,3,9351,25132906,95,27.58,26.63,

08/06/2024,21:59:05.41,08/07/2024,04:59:03.000,376785890,-1217709092,117031,26,3,9621,25030862,95,27.73,26.66,

08/06/2024,21:59:06.41,08/07/2024,04:59:05.000,376785296,-1217711181,116827,25,3,9938,24992318,100,27.72,26.69,

08/06/2024,21:59:08.38,08/07/2024,04:59:06.000,376784984,-1217712246,116842,25,3,10085,24948988,100,27.84,26.67,

08/06/2024,21:59:09.44,08/07/2024,04:59:07.000,376784664,-1217713328,116753,26,3,10251,24943274,95,27.76,26.63,

08/06/2024,21:59:10.44,08/07/2024,04:59:08.000,376784332,-1217714422,116688,26,3,10396,24875502,95,27.87,26.63,

08/06/2024,21:59:11.44,08/07/2024,04:59:09.000,376783993,-1217715533,116521,25,3,10564,24890672,100,27.69,26.69,

08/06/2024,21:59:12.44,08/07/2024,04:59:10.000,376783647,-1217716662,116449,26,3,10728,24865968,95,27.72,26.76,

08/06/2024,21:59:13.44,08/07/2024,04:59:12.000,376782958,-1217718991,116135,26,3,11141,24970634,95,27.56,26.59,

08/06/2024,21:59:15.41,08/07/2024,04:59:13.000,376782604,-1217720185,115942,25,3,11297,24939922,100,27.64,26.53,

08/06/2024,21:59:16.41,08/07/2024,04:59:14.000,376782254,-1217721396,115811,25,3,11421,25007176,100,27.67,26.60,

08/06/2024,21:59:17.41,08/07/2024,04:59:15.000,376781903,-1217722616,115690,25,3,11469,24998162,100,27.74,26.59,

08/06/2024,21:59:18.41,08/07/2024,04:59:16.000,376781552,-1217723843,115458,25,3,11541,25019070,100,27.78,26.69,

08/06/2024,21:59:19.41,08/07/2024,04:59:17.000,376781200,-1217725057,115205,26,3,11360,24964512,95,27.88,26.62,

08/06/2024,21:59:20.41,08/07/2024,04:59:18.000,376780838,-1217726232,115207,25,3,11067,24829268,100,27.73,26.66,

08/06/2024,21:59:21.41,08/07/2024,04:59:19.000,376780477,-1217727392,115115,26,3,10993,24848140,95,27.83,26.60,

08/06/2024,21:59:22.41,08/07/2024,04:59:20.000,376780114,-1217728560,114863,25,3,11105,24868746,100,27.73,26.60,

08/06/2024,21:59:23.41,08/07/2024,04:59:21.000,376779759,-1217729726,114769,25,3,11033,24895848,100,27.91,26.56,

08/06/2024,21:59:24.41,08/07/2024,04:59:22.000,376779406,-1217730895,114803,26,3,11055,24905626,95,27.83,26.49,

08/06/2024,21:59:25.41,08/07/2024,04:59:23.000,376779061,-1217732062,114747,26,3,10978,24955336,95,27.86,26.53,

08/06/2024,21:59:26.41,08/07/2024,04:59:24.000,376778718,-1217733223,114625,25,3,10930,24955484,100,27.98,26.50,

08/06/2024,21:59:27.41,08/07/2024,04:59:25.000,376778375,-1217734371,114557,26,3,10801,24929114,95,27.96,26.56,

08/06/2024,21:59:28.41,08/07/2024,04:59:26.000,376778038,-1217735510,114616,26,3,10709,24956804,95,28.20,26.46,

08/06/2024,21:59:29.41,08/07/2024,04:59:27.000,376777702,-1217736643,114628,26,3,10663,24935694,95,28.15,26.47,

08/06/2024,21:59:30.41,08/07/2024,04:59:28.000,376777369,-1217737774,114530,25,3,10637,24969478,100,28.21,26.43,

08/06/2024,21:59:31.41,08/07/2024,04:59:29.000,376777041,-1217738886,114482,25,3,10402,24948922,100,28.16,26.54,

08/06/2024,21:59:32.41,08/07/2024,04:59:30.000,376776723,-1217739973,114469,25,3,10157,24979382,100,28.20,26.43,

08/06/2024,21:59:33.41,08/07/2024,04:59:31.000,376776403,-1217741040,114366,25,3,10011,24901616,100,28.34,26.46,

08/06/2024,21:59:34.41,08/07/2024,04:59:32.000,376776084,-1217742102,114342,26,3,10035,24904694,95,28.40,26.49,

08/06/2024,21:59:35.40,08/07/2024,04:59:33.000,376775755,-1217743167,114098,25,3,10070,24865884,100,28.30,26.32,

08/06/2024,21:59:36.40,08/07/2024,04:59:34.000,376775435,-1217744235,113984,25,3,10064,24960504,100,28.33,26.33,

08/06/2024,21:59:37.40,08/07/2024,04:59:35.000,376775122,-1217745306,113835,25,3,10094,24989646,100,28.38,26.41,

08/06/2024,21:59:38.40,08/07/2024,04:59:36.000,376774818,-1217746377,113643,25,3,9988,25059458,100,28.57,26.35,

08/06/2024,21:59:39.40,08/07/2024,04:59:37.000,376774530,-1217747434,113549,25,3,9820,25116204,100,28.34,26.23,

08/06/2024,21:59:40.40,08/07/2024,04:59:38.000,376774252,-1217748440,113409,25,3,9208,25057738,100,28.52,26.32,

08/06/2024,21:59:41.40,08/07/2024,04:59:39.000,376774011,-1217749323,113449,25,3,7852,25094916,100,28.30,26.11,

08/06/2024,21:59:42.40,08/07/2024,04:59:40.000,376773833,-1217750067,113335,26,3,6441,25431256,95,28.09,26.23,

08/06/2024,21:59:43.40,08/07/2024,04:59:41.000,376773822,-1217750738,112926,25,3,5843,27426410,100,28.57,26.23,

08/06/2024,21:59:44.40,08/07/2024,04:59:42.000,376773996,-1217751335,112770,25,3,5657,29321150,100,28.53,26.24,

08/06/2024,21:59:45.40,08/07/2024,04:59:43.000,376774372,-1217751792,112719,25,3,6102,31927186,100,28.64,26.42,

08/06/2024,21:59:46.40,08/07/2024,04:59:44.000,376774901,-1217752157,112610,25,3,7020,33323758,100,28.58,26.43,

08/06/2024,21:59:47.40,08/07/2024,04:59:45.000,376775541,-1217752490,112533,25,3,8066,33879900,100,28.50,26.45,

08/06/2024,21:59:48.40,08/07/2024,04:59:46.000,376776259,-1217752862,112745,25,3,8883,33752084,100,28.42,26.50,

08/06/2024,21:59:49.40,08/07/2024,04:59:47.000,376777035,-1217753242,112576,24,3,9492,33876540,101,28.19,26.55,

08/06/2024,21:59:50.40,08/07/2024,04:59:48.000,376777850,-1217753640,112640,25,3,9782,33840448,100,28.27,26.47,

08/06/2024,21:59:51.40,08/07/2024,04:59:49.000,376778674,-1217754042,112566,24,3,9889,33867008,101,27.98,26.63,

08/06/2024,21:59:52.40,08/07/2024,04:59:50.000,376779507,-1217754453,112596,24,3,9986,33860200,101,28.18,26.55,

08/06/2024,21:59:53.40,08/07/2024,04:59:51.000,376780349,-1217754866,112530,25,3,10093,33869752,100,28.23,26.68,

08/06/2024,21:59:54.45,08/07/2024,04:59:52.000,376781196,-1217755279,112531,25,3,10084,33862592,100,28.07,26.60,

08/06/2024,21:59:55.45,08/07/2024,04:59:53.000,376782037,-1217755692,112628,25,3,10024,33860512,100,27.97,26.53,

08/06/2024,21:59:56.45,08/07/2024,04:59:54.000,376782865,-1217756098,112720,26,3,9790,33868620,95,28.16,26.58,

08/06/2024,21:59:57.45,08/07/2024,04:59:55.000,376783670,-1217756485,112733,26,3,9460,33923652,95,27.89,26.48,

08/06/2024,21:59:58.45,08/07/2024,04:59:56.000,376784419,-1217756837,112719,26,3,8613,33952104,95,27.99,26.48,

08/06/2024,21:59:59.45,08/07/2024,04:59:57.000,376785053,-1217757130,112698,25,3,7019,33973892,100,27.79,26.52,

08/06/2024,22:00:00.45,08/07/2024,04:59:58.000,376785538,-1217757352,112709,26,3,5205,34020052,95,28.30,26.63,

08/06/2024,22:00:01.45,08/07/2024,04:59:59.000,376785845,-1217757489,112675,25,3,2951,34040168,100,28.06,26.60,

08/06/2024,22:00:02.45,08/07/2024,04:00:00.000,376786045,-1217757582,112702,25,3,2159,34011596,100,28.09,26.60,

08/06/2024,22:00:03.45,08/07/2024,05:00:01.000,376786295,-1217757697,112752,26,3,3308,34055832,95,27.97,26.57,

08/06/2024,22:00:04.45,08/07/2024,05:00:02.000,376786671,-1217757868,112794,24,3,4958,34048280,103,28.18,26.59,

08/06/2024,22:00:05.45,08/07/2024,05:00:03.000,376787160,-1217758088,112944,26,3,6100,34041872,95,28.05,26.56,

08/06/2024,22:00:06.45,08/07/2024,05:00:04.000,376787732,-1217758351,112986,26,3,7054,33999892,95,28.04,26.56,

08/06/2024,22:00:07.45,08/07/2024,05:00:05.000,376788368,-1217758646,112934,26,3,7715,33987072,95,27.99,26.73,

08/06/2024,22:00:08.45,08/07/2024,05:00:06.000,376789038,-1217758963,113002,26,3,8034,33926824,95,28.05,26.67,

08/06/2024,22:00:09.45,08/07/2024,05:00:07.000,376789719,-1217759289,113016,24,3,8106,33910100,101,27.86,26.68,

08/06/2024,22:00:10.45,08/07/2024,05:00:08.000,376790391,-1217759605,112937,24,3,7905,33990184,101,27.99,26.67,

08/06/2024,22:00:11.45,08/07/2024,05:00:09.000,376791048,-1217759924,112893,24,3,7773,33865704,101,27.74,26.50,

08/06/2024,22:00:12.44,08/07/2024,05:00:10.000,376791690,-1217760226,112878,24,3,7520,33991648,101,27.86,26.71,

08/06/2024,22:00:13.44,08/07/2024,05:00:11.000,376792268,-1217760484,112840,24,3,6474,34062488,101,27.71,26.68,

08/06/2024,22:00:14.44,08/07/2024,05:00:12.000,376792709,-1217760677,112742,25,3,4641,34097916,100,27.70,26.76,

08/06/2024,22:00:15.44,08/07/2024,05:00:13.000,376792965,-1217760785,112641,26,3,2314,34175088,94,27.68,26.71,

08/06/2024,22:00:16.44,08/07/2024,05:00:14.000,376793069,-1217760822,112642,26,3,759,34265340,94,27.68,26.67,

08/06/2024,22:00:17.44,08/07/2024,05:00:15.000,376793092,-1217760834,112692,26,3,115,34265340,94,27.64,26.66,

08/06/2024,22:00:18.44,08/07/2024,05:00:16.000,376793092,-1217760836,112721,26,3,8,34265340,94,27.70,26.70,

08/06/2024,22:00:19.44,08/07/2024,05:00:17.000,376793090,-1217760836,112743,26,3,8,34265340,94,27.48,26.64,

08/06/2024,22:00:20.44,08/07/2024,05:00:18.000,376793127,-1217760850,112725,26,3,664,34296128,94,27.68,26.55,

08/06/2024,22:00:21.44,08/07/2024,05:00:19.000,376793321,-1217760931,112771,26,3,2997,34217160,94,27.57,26.65,

08/06/2024,22:00:22.44,08/07/2024,05:00:20.000,376793703,-1217761086,112771,26,3,5108,34209880,94,27.87,26.55,

08/06/2024,22:00:23.44,08/07/2024,05:00:21.000,376794219,-1217761303,112808,26,3,6434,34124936,94,27.68,26.56,

08/06/2024,22:00:24.44,08/07/2024,05:00:22.000,376794838,-1217761577,112769,26,3,7671,34051056,94,27.59,26.69,

08/06/2024,22:00:25.44,08/07/2024,05:00:23.000,376795539,-1217761889,112696,25,3,8518,34034988,95,27.81,26.81,

08/06/2024,22:00:26.44,08/07/2024,05:00:24.000,376796313,-1217762249,112707,25,3,9433,33954120,95,27.71,26.77,

08/06/2024,22:00:27.44,08/07/2024,05:00:25.000,376797147,-1217762649,112783,25,3,10107,33875892,95,27.59,26.74,

08/06/2024,22:00:28.44,08/07/2024,05:00:26.000,376798023,-1217763073,112863,25,3,10547,33897236,95,27.64,26.82,

08/06/2024,22:00:29.44,08/07/2024,05:00:27.000,376798922,-1217763504,112863,26,3,10716,33919024,94,27.45,26.72,

08/06/2024,22:00:30.44,08/07/2024,05:00:29.000,376800742,-1217764365,112838,26,3,10854,33961860,94,27.54,26.76,

08/06/2024,22:00:32.42,08/07/2024,05:00:30.000,376801657,-1217764791,112915,26,3,10837,33974728,94,27.56,26.70,

08/06/2024,22:00:33.42,08/07/2024,05:00:31.000,376802575,-1217765208,112928,25,3,10821,34036064,100,27.60,26.62,

08/06/2024,22:00:34.42,08/07/2024,05:00:32.000,376803489,-1217765619,112922,25,3,10753,34046200,100,27.52,26.70,

08/06/2024,22:00:35.42,08/07/2024,05:00:33.000,376804400,-1217766027,113029,25,3,10734,34047824,100,27.66,26.80,

08/06/2024,22:00:36.42,08/07/2024,05:00:34.000,376805328,-1217766440,113028,25,3,10976,34042328,100,27.63,26.74,

08/06/2024,22:00:37.41,08/07/2024,05:00:35.000,376806262,-1217766852,113089,25,3,11016,34084596,100,27.47,26.66,

08/06/2024,22:00:38.41,08/07/2024,05:00:36.000,376807153,-1217767237,113059,25,3,10227,34108680,100,27.59,26.73,

08/06/2024,22:00:39.41,08/07/2024,05:00:37.000,376807935,-1217767574,113090,24,3,8746,34119480,105,27.72,26.75,

08/06/2024,22:00:40.41,08/07/2024,05:00:38.000,376808576,-1217767846,112946,25,3,7013,34118056,100,27.66,26.74,

08/06/2024,22:00:41.41,08/07/2024,05:00:39.000,376809083,-1217768057,112799,25,3,5414,34183952,100,27.69,26.79,

08/06/2024,22:00:42.41,08/07/2024,05:00:40.000,376809471,-1217768219,112564,24,3,4155,34138552,101,27.54,26.67,

08/06/2024,22:00:43.41,08/07/2024,05:00:41.000,376809749,-1217768329,112392,25,3,2821,34272800,100,27.54,26.70,

08/06/2024,22:00:44.41,08/07/2024,05:00:42.000,376809922,-1217768398,112407,25,3,1693,34343732,100,27.48,26.65,

08/06/2024,22:00:45.41,08/07/2024,05:00:43.000,376810020,-1217768428,112441,25,3,901,34417528,100,27.27,26.74,

08/06/2024,22:00:46.41,08/07/2024,05:00:44.000,376810053,-1217768439,112419,25,3,154,34417528,100,27.39,26.62,

08/06/2024,22:00:47.41,08/07/2024,05:00:45.000,376810053,-1217768448,112407,25,3,14,34417528,100,27.44,26.61,

08/06/2024,22:00:48.41,08/07/2024,05:00:46.000,376810049,-1217768454,112412,25,3,5,34417528,100,27.48,26.68,

08/06/2024,22:00:49.41,08/07/2024,05:00:46.000,376810040,-1217768465,112531,25,3,16,34417528,100,27.54,26.77,

08/06/2024,22:00:51.39,08/07/2024,05:00:48.000,376810037,-1217768470,112564,25,3,17,34417528,100,27.49,26.65,

08/06/2024,22:00:52.44,08/07/2024,05:00:49.000,376810033,-1217768475,112601,25,3,14,34417528,100,27.62,26.78,

08/06/2024,22:00:53.44,08/07/2024,05:00:50.000,376810030,-1217768479,112625,25,3,6,34417528,100,27.65,26.73,

08/06/2024,22:00:54.44,08/07/2024,05:00:51.000,376810027,-1217768483,112627,25,3,29,34417528,100,27.51,26.73,

08/06/2024,22:00:55.44,08/07/2024,05:00:52.000,376810024,-1217768485,112675,25,3,9,34417528,100,27.36,26.75,

08/06/2024,22:00:56.44,08/07/2024,05:00:53.000,376810053,-1217768501,112648,25,3,499,34357028,100,27.53,26.64,

08/06/2024,22:00:57.44,08/07/2024,05:00:54.000,376810230,-1217768573,112636,25,3,2735,34256680,100,27.48,26.72,

08/06/2024,22:00:58.44,08/07/2024,05:00:55.000,376810605,-1217768732,112616,25,3,5091,34149024,100,27.53,26.63,

08/06/2024,22:00:59.44,08/07/2024,05:00:56.000,376811141,-1217768968,112541,26,3,6814,34064264,94,27.28,26.65,

08/06/2024,22:01:00.44,08/07/2024,05:00:57.000,376811805,-1217769259,112440,26,3,8193,34068876,94,27.49,26.56,

08/06/2024,22:01:01.44,08/07/2024,05:00:58.000,376812562,-1217769588,112222,25,3,9179,34115932,100,27.32,26.55,

08/06/2024,22:01:02.44,08/07/2024,05:00:59.000,376813391,-1217769919,111807,26,3,9832,34302880,94,27.28,26.63,

08/06/2024,22:01:03.44,08/07/2024,05:01:00.000,376814263,-1217770222,111279,26,3,10141,34512792,94,27.49,26.73,

08/06/2024,22:01:04.44,08/07/2024,05:01:01.000,376815187,-1217770511,110656,26,3,10746,34640380,94,27.57,26.70,

08/06/2024,22:01:05.44,08/07/2024,05:01:02.000,376816167,-1217770822,109981,26,3,11378,34570132,94,27.35,26.66,

08/06/2024,22:01:06.44,08/07/2024,05:01:03.000,376817169,-1217771175,109253,26,3,11617,34384076,94,27.23,26.65,

08/06/2024,22:01:07.44,08/07/2024,05:01:04.000,376818185,-1217771564,108479,26,3,11837,34273632,94,27.38,26.68,

08/06/2024,22:01:08.44,08/07/2024,05:01:05.000,376819222,-1217771980,107741,26,3,12179,34211636,94,27.66,26.55,

08/06/2024,22:01:09.44,08/07/2024,05:01:06.000,376820279,-1217772428,107164,26,3,12479,34113404,94,27.77,26.38,

08/06/2024,22:01:10.44,08/07/2024,05:01:07.000,376821328,-1217772915,106874,25,3,12415,33924952,100,27.96,26.37,

08/06/2024,22:01:11.44,08/07/2024,05:01:08.000,376822368,-1217773446,106409,24,3,12457,33735048,101,28.08,26.42,

08/06/2024,22:01:12.44,08/07/2024,05:01:09.000,376823366,-1217773994,107582,22,3,11947,33726068,109,28.13,26.30,

08/06/2024,22:01:13.44,08/07/2024,05:01:10.000,376824349,-1217774505,108065,23,3,11606,33688444,106,28.36,26.28,

08/06/2024,22:01:14.44,08/07/2024,05:01:11.000,376825251,-1217775025,108754,25,3,10824,33435940,100,28.53,26.37,

08/06/2024,22:01:15.44,08/07/2024,05:01:12.000,376826860,-1217775967,109921,25,3,9181,33636884,100,28.71,26.39,

08/06/2024,22:01:17.41,08/07/2024,05:01:14.000,376827580,-1217776340,110517,23,3,8377,33789236,106,28.52,26.31,

08/06/2024,22:01:18.41,08/07/2024,05:01:15.000,376828248,-1217776653,110944,24,3,7647,34020076,105,28.70,26.36,

08/06/2024,22:01:19.41,08/07/2024,05:01:16.000,376828849,-1217776923,111441,24,3,6824,34039520,105,28.69,26.22,

08/06/2024,22:01:20.41,08/07/2024,05:01:17.000,376829361,-1217777151,111752,24,3,5651,34060396,105,28.97,26.13,

08/06/2024,22:01:21.41,08/07/2024,05:01:18.000,376829771,-1217777339,111886,24,3,4486,33989268,105,29.06,26.21,

08/06/2024,22:01:22.41,08/07/2024,05:01:19.000,376830086,-1217777486,111942,24,3,3371,33925124,105,29.05,26.07,

08/06/2024,22:01:23.41,08/07/2024,05:01:20.000,376830305,-1217777584,111999,23,3,2231,34005220,106,29.72,26.26,

08/06/2024,22:01:24.41,08/07/2024,05:01:21.000,376830419,-1217777635,112033,23,3,990,34013048,106,29.67,26.26,

08/06/2024,22:01:25.41,08/07/2024,05:01:22.000,376830489,-1217777666,111999,23,3,726,33961984,106,29.76,26.31,

08/06/2024,22:01:26.41,08/07/2024,05:01:23.000,376830536,-1217777691,111981,23,3,485,33796652,106,29.47,26.27,

08/06/2024,22:01:27.41,08/07/2024,05:01:24.000,376830571,-1217777707,111925,23,3,338,33614452,106,29.46,26.29,

08/06/2024,22:01:28.41,08/07/2024,05:01:25.000,376830593,-1217777718,111886,23,3,226,33614452,106,29.40,26.17,

08/06/2024,22:01:29.41,08/07/2024,05:01:26.000,376830612,-1217777728,111845,23,3,201,33614452,106,29.53,26.20,

08/06/2024,22:01:30.41,08/07/2024,05:01:27.000,376830632,-1217777730,111690,24,3,173,33614452,97,29.51,26.24,

08/06/2024,22:01:31.41,08/07/2024,05:01:28.000,376830640,-1217777727,111584,24,3,14,33614452,97,29.66,26.30,

08/06/2024,22:01:32.41,08/07/2024,05:01:29.000,376830644,-1217777719,111507,25,3,10,33614452,96,29.69,26.38,

08/06/2024,22:01:33.41,08/07/2024,05:01:30.000,376830647,-1217777710,111449,25,3,11,33614452,96,29.71,26.31,

08/06/2024,22:01:34.41,08/07/2024,05:01:31.000,376830652,-1217777696,111278,25,3,28,33614452,96,29.58,26.34,

08/06/2024,22:01:35.41,08/07/2024,05:01:32.000,376830654,-1217777687,111126,26,3,28,33614452,94,29.73,26.43,

08/06/2024,22:01:36.41,08/07/2024,05:01:33.000,376830656,-1217777680,111038,26,3,30,33614452,94,29.85,26.28,

08/06/2024,22:01:37.41,08/07/2024,05:01:34.000,376830661,-1217777674,110973,25,3,11,33614452,95,29.77,26.49,

08/06/2024,22:01:38.41,08/07/2024,05:01:35.000,376830664,-1217777672,110909,25,3,8,33614452,95,29.72,26.37,

08/06/2024,22:01:39.41,08/07/2024,05:01:36.000,376830665,-1217777673,110789,25,3,10,33614452,95,30.08,26.53,

08/06/2024,22:01:40.41,08/07/2024,05:01:37.000,376830666,-1217777673,110677,25,3,13,33614452,95,30.11,26.35,

08/06/2024,22:01:41.41,08/07/2024,05:01:38.000,376830667,-1217777677,110502,25,3,9,33614452,92,30.09,26.40,

08/06/2024,22:01:42.46,08/07/2024,05:01:39.000,376830668,-1217777679,110373,25,3,6,33614452,92,30.21,26.50,

08/06/2024,22:01:43.46,08/07/2024,05:01:40.000,376830668,-1217777684,110287,25,3,15,33614452,92,30.03,26.55,

08/06/2024,22:01:44.46,08/07/2024,05:01:41.000,376830668,-1217777690,110199,24,3,18,33614452,99,30.12,26.47,

08/06/2024,22:01:45.46,08/07/2024,05:01:42.000,376830676,-1217777694,110114,25,3,120,33614452,92,29.73,26.46,

08/06/2024,22:01:46.46,08/07/2024,05:01:43.000,376830774,-1217777739,109997,24,3,1606,33944676,100,29.82,26.51,

08/06/2024,22:01:47.46,08/07/2024,05:01:44.000,376830999,-1217777856,109997,23,3,3177,33762552,101,29.70,26.45,

08/06/2024,22:01:48.46,08/07/2024,05:01:45.000,376831307,-1217778065,110071,24,3,4238,33010804,97,29.56,26.43,

08/06/2024,22:01:49.46,08/07/2024,05:01:46.000,376831627,-1217778400,110201,27,3,4846,31772628,89,29.27,26.42,

08/06/2024,22:01:50.46,08/07/2024,05:01:47.000,376831880,-1217778886,110130,26,3,5334,29956330,91,29.11,26.31,

08/06/2024,22:01:51.46,08/07/2024,05:01:48.000,376831997,-1217779495,110052,27,3,5722,27888480,89,28.81,26.27,

08/06/2024,22:01:52.46,08/07/2024,05:01:49.000,376831958,-1217780171,109965,26,3,6126,26179358,91,28.78,26.42,

08/06/2024,22:01:53.46,08/07/2024,05:01:50.000,376831791,-1217780890,109890,27,3,6827,25128010,89,28.62,26.34,

08/06/2024,22:01:54.46,08/07/2024,05:01:51.000,376831556,-1217781659,109902,27,3,7509,24834964,89,28.46,26.37,

08/06/2024,22:01:55.46,08/07/2024,05:01:52.000,376831301,-1217782499,109848,27,3,8161,24922358,89,28.67,26.45,

08/06/2024,22:01:56.46,08/07/2024,05:01:53.000,376831054,-1217783401,109865,27,3,8579,25144486,89,28.39,26.55,

08/06/2024,22:01:57.46,08/07/2024,05:01:54.000,376830847,-1217784357,109852,27,3,8822,25590094,89,28.46,26.47,

08/06/2024,22:01:58.46,08/07/2024,05:01:55.000,376830707,-1217785367,109726,27,3,9152,26178990,89,28.18,26.60,

08/06/2024,22:01:59.46,08/07/2024,05:01:56.000,376830643,-1217786422,109674,27,3,9450,26709416,89,28.03,26.48,

08/06/2024,22:02:00.46,08/07/2024,05:01:57.000,376830616,-1217787519,109549,27,3,9774,26862168,89,28.04,26.61,

08/06/2024,22:02:01.46,08/07/2024,05:01:58.000,376830612,-1217788656,109478,27,3,10139,27010256,89,27.89,26.55,

08/06/2024,22:02:02.46,08/07/2024,05:01:59.000,376830612,-1217789835,109392,27,3,10515,26982362,89,27.54,26.53,

08/06/2024,22:02:03.46,08/07/2024,05:02:00.000,376830613,-1217791040,109302,26,3,10680,26990388,94,27.69,26.70,

08/06/2024,22:02:04.46,08/07/2024,05:02:01.000,376830604,-1217792252,109238,26,3,10705,26888714,94,27.47,26.63,

08/06/2024,22:02:05.46,08/07/2024,05:02:02.000,376830583,-1217793474,109204,26,3,10803,26854444,94,27.51,26.64,

08/06/2024,22:02:06.46,08/07/2024,05:02:03.000,376830556,-1217794702,109060,26,3,10854,26822426,94,27.66,26.58,

08/06/2024,22:02:07.45,08/07/2024,05:02:04.000,376830522,-1217795933,108899,26,3,10900,26780058,94,27.51,26.68,

08/06/2024,22:02:08.45,08/07/2024,05:02:05.000,376830482,-1217797168,108814,26,3,10922,26754338,94,27.62,26.54,

08/06/2024,22:02:09.45,08/07/2024,05:02:06.000,376830439,-1217798399,108662,26,3,10862,26753502,94,27.47,26.52,

08/06/2024,22:02:10.45,08/07/2024,05:02:07.000,376830408,-1217799621,108512,26,3,10765,26832290,94,27.78,26.60,

08/06/2024,22:02:11.45,08/07/2024,05:02:08.000,376830386,-1217800833,108357,26,3,10665,26884160,94,27.67,26.62,

08/06/2024,22:02:12.45,08/07/2024,05:02:09.000,376830371,-1217802036,108290,26,3,10608,26919018,94,27.79,26.49,

08/06/2024,22:02:13.45,08/07/2024,05:02:10.000,376830371,-1217804464,108070,27,3,10809,26817848,91,27.88,26.45,

08/06/2024,22:02:15.43,08/07/2024,05:02:12.000,376830320,-1217805693,108007,27,3,10851,26903358,91,27.98,26.52,

08/06/2024,22:02:16.43,08/07/2024,05:02:13.000,376830301,-1217806922,107949,26,3,10841,26953962,94,27.94,26.52,

08/06/2024,22:02:17.43,08/07/2024,05:02:14.000,376830291,-1217808148,107893,26,3,10809,26946202,94,28.12,26.46,

08/06/2024,22:02:18.43,08/07/2024,05:02:15.000,376830282,-1217809373,107845,26,3,10812,26923922,94,28.21,26.47,

08/06/2024,22:02:19.43,08/07/2024,05:02:16.000,376830270,-1217810588,107764,26,3,10695,26883376,94,28.13,26.44,

08/06/2024,22:02:20.43,08/07/2024,05:02:17.000,376830253,-1217811800,107780,26,3,10697,26935504,94,27.93,26.48,

08/06/2024,22:02:21.43,08/07/2024,05:02:18.000,376830240,-1217813018,107783,26,3,10777,26998670,94,28.14,26.40,

08/06/2024,22:02:22.43,08/07/2024,05:02:19.000,376830237,-1217814248,107696,26,3,10891,26969302,94,27.95,26.31,

08/06/2024,22:02:23.43,08/07/2024,05:02:20.000,376830234,-1217815485,107566,26,3,10928,26971158,94,28.10,26.27,

08/06/2024,22:02:24.43,08/07/2024,05:02:21.000,376830227,-1217816721,107439,26,3,10904,26943736,94,28.20,26.22,

08/06/2024,22:02:25.43,08/07/2024,05:02:22.000,376830219,-1217817951,107408,27,3,10805,26966488,91,28.35,26.28,

08/06/2024,22:02:26.43,08/07/2024,05:02:23.000,376830211,-1217819173,107334,26,3,10755,26921398,94,28.38,26.17,

08/06/2024,22:02:27.43,08/07/2024,05:02:24.000,376830199,-1217820381,107305,26,3,10623,26897462,94,28.40,26.23,

08/06/2024,22:02:28.43,08/07/2024,05:02:25.000,376830184,-1217821562,107227,26,3,10358,27030206,94,28.52,26.26,

08/06/2024,22:02:29.43,08/07/2024,05:02:26.000,376830184,-1217822761,107280,26,3,10673,27022692,94,28.58,26.27,

08/06/2024,22:02:30.42,08/07/2024,05:02:27.000,376830188,-1217823996,107316,26,3,10999,27030334,94,28.44,26.13,

08/06/2024,22:02:31.42,08/07/2024,05:02:28.000,376830194,-1217825252,107231,26,3,11136,27053204,94,28.55,26.19,

08/06/2024,22:02:32.42,08/07/2024,05:02:29.000,376830202,-1217826502,107208,26,3,10994,27086296,94,28.51,26.13,

08/06/2024,22:02:33.42,08/07/2024,05:02:30.000,376830217,-1217827728,107257,27,3,10748,27073326,91,28.56,26.23,

08/06/2024,22:02:34.42,08/07/2024,05:02:31.000,376830233,-1217828898,107321,27,3,10145,27065644,91,28.40,26.15,

08/06/2024,22:02:35.42,08/07/2024,05:02:32.000,376830245,-1217829972,107344,27,3,9192,27050298,91,28.69,26.08,

08/06/2024,22:02:36.42,08/07/2024,05:02:33.000,376830255,-1217830934,107220,26,3,8190,27143830,94,28.62,26.20,

08/06/2024,22:02:37.42,08/07/2024,05:02:34.000,376830271,-1217831756,107272,27,3,6861,27163898,91,28.71,26.08,

08/06/2024,22:02:38.42,08/07/2024,05:02:35.000,376830290,-1217832418,107292,27,3,5406,27206244,91,28.76,26.22,

08/06/2024,22:02:39.42,08/07/2024,05:02:36.000,376830309,-1217832868,107301,27,3,3353,27351102,91,28.81,26.25,

08/06/2024,22:02:40.42,08/07/2024,05:02:37.000,376830329,-1217833082,107275,26,3,1266,27406566,94,28.84,26.20,

08/06/2024,22:02:41.42,08/07/2024,05:02:38.000,376830342,-1217833178,107222,27,3,711,27622746,91,28.80,26.06,

08/06/2024,22:02:42.42,08/07/2024,05:02:39.000,376830352,-1217833360,107149,28,3,2079,28426494,89,28.66,26.18,

08/06/2024,22:02:43.42,08/07/2024,05:02:40.000,376830388,-1217833644,107201,28,3,3121,29593038,89,28.69,26.22,

08/06/2024,22:02:44.42,08/07/2024,05:02:41.000,376830498,-1217833921,107215,27,3,3860,31760028,91,28.52,26.28,

08/06/2024,22:02:45.42,08/07/2024,05:02:42.000,376830733,-1217834087,107246,27,3,4669,34270224,91,28.40,26.25,

08/06/2024,22:02:46.42,08/07/2024,05:02:43.000,376831101,-1217834148,107323,28,3,5824,35658220,89,28.39,26.40,

08/06/2024,22:02:47.42,08/07/2024,05:02:44.000,376831592,-1217834156,107407,27,3,6831,37723,91,28.40,26.40,

08/06/2024,22:02:48.42,08/07/2024,05:02:45.000,376832179,-1217834146,107446,28,3,7437,86514,89,28.29,26.40,

08/06/2024,22:02:49.42,08/07/2024,05:02:46.000,376832836,-1217834140,107357,27,3,7814,18048,91,28.36,26.31,

08/06/2024,22:02:50.42,08/07/2024,05:02:47.000,376833530,-1217834131,107423,27,3,8008,44524,91,28.52,26.29,

08/06/2024,22:02:51.42,08/07/2024,05:02:48.000,376834247,-1217834118,107458,27,3,8206,86566,91,28.52,26.24,

08/06/2024,22:02:52.42,08/07/2024,05:02:49.000,376834981,-1217834111,107510,27,3,8354,9817,91,28.54,26.34,

08/06/2024,22:02:53.42,08/07/2024,05:02:50.000,376835730,-1217834113,107469,27,3,8508,35961876,91,28.63,26.22,

08/06/2024,22:02:54.42,08/07/2024,05:02:51.000,376836494,-1217834110,107519,27,3,8646,10001,91,28.58,26.31,

08/06/2024,22:02:55.42,08/07/2024,05:02:52.000,376837271,-1217834104,107591,27,3,8673,38958,91,28.64,26.31,

08/06/2024,22:02:56.42,08/07/2024,05:02:53.000,376838052,-1217834103,107595,27,3,8741,16516,91,28.58,26.40,

08/06/2024,22:02:57.42,08/07/2024,05:02:54.000,376838836,-1217834089,107608,27,3,8775,112780,91,28.43,26.19,

08/06/2024,22:02:58.42,08/07/2024,05:02:55.000,376839624,-1217834074,107588,27,3,8997,68084,91,28.47,26.24,

08/06/2024,22:02:59.42,08/07/2024,05:02:56.000,376840429,-1217834058,107615,27,3,9221,92474,91,28.65,26.13,

08/06/2024,22:03:00.42,08/07/2024,05:02:57.000,376841252,-1217834038,107700,27,3,9342,105203,91,28.61,26.08,

08/06/2024,22:03:01.42,08/07/2024,05:02:58.000,376842092,-1217834024,107588,27,3,9440,54417,91,28.56,26.07,

08/06/2024,22:03:02.42,08/07/2024,05:02:59.000,376842941,-1217834022,107448,28,3,9547,35996472,89,28.71,26.13,

08/06/2024,22:03:03.42,08/07/2024,05:03:00.000,376843799,-1217834025,107404,27,3,9726,35982320,91,28.75,25.99,

08/06/2024,22:03:04.42,08/07/2024,05:03:01.000,376844671,-1217834013,107220,27,3,9948,50801,91,28.71,26.04,

08/06/2024,22:03:05.42,08/07/2024,05:03:02.000,376845566,-1217834003,107193,27,3,10002,19544,91,28.86,25.91,

08/06/2024,22:03:06.42,08/07/2024,05:03:03.000,376846470,-1217833995,107361,27,3,10070,31325,91,28.94,26.00,

08/06/2024,22:03:07.42,08/07/2024,05:03:04.000,376847379,-1217833993,107402,27,3,10223,9664,91,28.97,26.05,

08/06/2024,22:03:08.42,08/07/2024,05:03:05.000,376848297,-1217833991,107330,27,3,10353,5086,91,28.98,25.86,

08/06/2024,22:03:09.42,08/07/2024,05:03:06.000,376849226,-1217833987,107361,26,3,10386,31095,94,29.16,26.08,

08/06/2024,22:03:10.42,08/07/2024,05:03:07.000,376850162,-1217833974,107380,27,3,10250,45874,91,29.14,25.92,

08/06/2024,22:03:11.42,08/07/2024,05:03:08.000,376851091,-1217833970,107269,27,3,10225,35991880,91,29.30,26.03,

08/06/2024,22:03:12.42,08/07/2024,05:03:09.000,376852014,-1217833965,107164,27,3,10287,30887,91,29.08,26.04,

08/06/2024,22:03:13.42,08/07/2024,05:03:10.000,376852939,-1217833955,107084,27,3,10304,37343,91,28.94,25.96,

08/06/2024,22:03:14.42,08/07/2024,05:03:11.000,376853869,-1217833952,107032,27,3,10261,3702,91,28.96,26.09,

08/06/2024,22:03:15.41,08/07/2024,05:03:12.000,376854794,-1217833957,107032,28,3,10244,35970652,89,28.57,26.14,

08/06/2024,22:03:16.41,08/07/2024,05:03:13.000,376855716,-1217833955,107042,27,3,10221,24931,91,28.76,26.17,

08/06/2024,22:03:17.41,08/07/2024,05:03:14.000,376856634,-1217833946,107058,27,3,10212,30306,91,28.66,26.14,

08/06/2024,22:03:18.41,08/07/2024,05:03:15.000,376857553,-1217833940,106986,27,3,10260,22202,91,28.51,26.25,

08/06/2024,22:03:19.41,08/07/2024,05:03:16.000,376858477,-1217833928,106882,28,3,10270,75105,89,28.49,26.15,

08/06/2024,22:03:20.41,08/07/2024,05:03:17.000,376859403,-1217833906,106944,28,3,10345,103643,89,28.45,26.08,

08/06/2024,22:03:21.41,08/07/2024,05:03:18.000,376860335,-1217833887,106925,26,3,10265,68459,94,28.67,26.06,

08/06/2024,22:03:22.41,08/07/2024,05:03:19.000,376861262,-1217833875,106946,27,3,10169,44565,91,28.86,25.87,

08/06/2024,22:03:23.41,08/07/2024,05:03:20.000,376862182,-1217833866,107076,28,3,10084,27333,89,28.85,25.93,

08/06/2024,22:03:24.41,08/07/2024,05:03:21.000,376863093,-1217833860,106995,28,3,10210,21611,89,28.69,25.88,

08/06/2024,22:03:25.41,08/07/2024,05:03:22.000,376864008,-1217833849,107113,26,3,10103,54534,92,28.85,25.85,

08/06/2024,22:03:26.41,08/07/2024,05:03:23.000,376864921,-1217833835,106969,26,3,9843,71872,94,28.87,25.96,

08/06/2024,22:03:27.41,08/07/2024,05:03:24.000,376865816,-1217833822,106932,27,3,9909,44111,91,28.84,25.89,

08/06/2024,22:03:28.41,08/07/2024,05:03:25.000,376866707,-1217833818,106884,27,3,10108,14708,91,28.53,25.85,

08/06/2024,22:03:29.41,08/07/2024,05:03:26.000,376867611,-1217833827,106945,28,3,10123,35939168,89,28.75,25.93,

08/06/2024,22:03:30.41,08/07/2024,05:03:27.000,376868522,-1217833830,106974,26,3,9898,35999912,94,28.65,25.97,

08/06/2024,22:03:31.41,08/07/2024,05:03:28.000,376869419,-1217833828,106939,26,3,9299,20325,94,28.74,25.87,

08/06/2024,22:03:32.41,08/07/2024,05:03:29.000,376870272,-1217833830,106863,26,3,8147,35995464,94,28.67,25.75,

08/06/2024,22:03:33.41,08/07/2024,05:03:30.000,376871034,-1217833851,107098,27,3,6519,35758560,91,28.73,25.94,

08/06/2024,22:03:34.41,08/07/2024,05:03:31.000,376871668,-1217833948,106659,26,3,4971,34843100,94,28.80,25.90,

08/06/2024,22:03:35.41,08/07/2024,05:03:32.000,376872146,-1217834129,107082,26,3,3402,32954266,94,28.79,25.89,

08/06/2024,22:03:36.41,08/07/2024,05:03:33.000,376872455,-1217834373,106923,26,3,2561,30737912,94,28.91,25.96,

08/06/2024,22:03:37.41,08/07/2024,05:03:34.000,376872610,-1217834601,106861,26,3,1978,29446042,94,28.90,26.00,

08/06/2024,22:03:38.41,08/07/2024,05:03:35.000,376872678,-1217834841,106740,27,3,2177,28345660,91,28.70,25.98,

08/06/2024,22:03:39.41,08/07/2024,05:03:36.000,376872714,-1217835132,106712,27,3,2733,27397946,91,28.77,25.76,

08/06/2024,22:03:40.41,08/07/2024,05:03:37.000,376872731,-1217835513,106626,26,3,3629,27237270,94,29.10,25.85,

08/06/2024,22:03:41.41,08/07/2024,05:03:38.000,376872745,-1217835993,106587,27,3,4485,27202930,91,28.78,25.79,

08/06/2024,22:03:42.41,08/07/2024,05:03:39.000,376872760,-1217836559,106537,27,3,5200,27208356,91,28.84,26.00,

08/06/2024,22:03:43.41,08/07/2024,05:03:40.000,376872776,-1217837206,106468,27,3,5895,27249516,91,28.88,25.93,

08/06/2024,22:03:44.41,08/07/2024,05:03:41.000,376872795,-1217837920,106387,27,3,6467,27247280,91,29.00,25.94,

08/06/2024,22:03:45.41,08/07/2024,05:03:42.000,376872819,-1217838685,106258,27,3,6895,27454930,91,29.04,25.80,

08/06/2024,22:03:46.41,08/07/2024,05:03:43.000,376872861,-1217839482,106172,27,3,7125,27590192,91,29.45,25.94,

08/06/2024,22:03:47.41,08/07/2024,05:03:44.000,376872922,-1217840278,106006,27,3,7056,27786630,91,29.40,25.72,

08/06/2024,22:03:48.41,08/07/2024,05:03:45.000,376873003,-1217841060,105870,27,3,6927,27736376,91,30.08,25.84,

08/06/2024,22:03:49.41,08/07/2024,05:03:46.000,376873086,-1217841830,105762,27,3,6773,27558464,91,29.71,25.82,

08/06/2024,22:03:50.40,08/07/2024,05:03:47.000,376873151,-1217842583,105675,27,3,6610,27295408,91,29.56,25.83,

08/06/2024,22:03:51.40,08/07/2024,05:03:48.000,376873190,-1217843321,105639,27,3,6465,27077958,91,29.73,25.79,

08/06/2024,22:03:52.46,08/07/2024,05:03:49.000,376873205,-1217844045,105583,27,3,6343,26992774,91,29.61,25.71,

08/06/2024,22:03:53.46,08/07/2024,05:03:50.000,376873207,-1217844736,105552,27,3,6016,26641880,91,29.54,25.68,

08/06/2024,22:03:54.46,08/07/2024,05:03:51.000,376873180,-1217845354,105552,27,3,5324,25849722,91,29.64,25.59,

08/06/2024,22:03:55.46,08/07/2024,05:03:52.000,376873101,-1217845879,105526,26,3,4969,24366966,92,29.47,25.59,

08/06/2024,22:03:56.46,08/07/2024,05:03:53.000,376872928,-1217846293,105444,27,3,4637,22758768,91,29.45,25.55,

08/06/2024,22:03:57.46,08/07/2024,05:03:54.000,376872664,-1217846558,105464,27,3,4392,20843140,91,29.53,25.51,

08/06/2024,22:03:58.46,08/07/2024,05:03:55.000,376872329,-1217846653,105462,27,3,4034,18841538,91,29.60,25.60,

08/06/2024,22:03:59.46,08/07/2024,05:03:56.000,376871970,-1217846597,105455,27,3,3615,17044712,91,29.74,25.45,

08/06/2024,22:04:00.46,08/07/2024,05:03:57.000,376871641,-1217846467,105408,27,3,3409,16020134,91,29.59,25.37,

08/06/2024,22:04:01.46,08/07/2024,05:03:58.000,376871350,-1217846296,105399,27,3,3220,15233902,91,29.97,25.45,

08/06/2024,22:04:02.46,08/07/2024,05:03:59.000,376871089,-1217846121,105435,27,3,2963,15146736,91,30.00,25.42,

08/06/2024,22:04:03.46,08/07/2024,05:04:00.000,376870852,-1217845993,105566,27,3,1849,15069088,91,29.70,25.36,

08/06/2024,22:04:04.45,08/07/2024,05:04:01.000,376870684,-1217845926,105605,27,3,809,15070438,91,29.89,25.44,

08/06/2024,22:04:05.45,08/07/2024,05:04:02.000,376870598,-1217845926,105994,28,3,7,15070438,89,29.79,25.33,

08/06/2024,22:04:07.47,08/07/2024,05:04:04.000,376870577,-1217845893,106181,28,3,3,15070438,89,29.88,25.43,

08/06/2024,22:04:08.47,08/07/2024,05:04:05.000,376870574,-1217845886,106382,27,3,8,15070438,91,29.99,25.46,

08/06/2024,22:04:09.47,08/07/2024,05:04:06.000,376870571,-1217845879,106585,27,3,4,15070438,91,29.96,25.42,

08/06/2024,22:04:10.47,08/07/2024,05:04:07.000,376870569,-1217845874,106817,27,3,9,15070438,91,29.88,25.30,

08/06/2024,22:04:11.47,08/07/2024,05:04:08.000,376870567,-1217845871,106953,26,3,9,15070438,93,29.98,25.42,

08/06/2024,22:04:12.47,08/07/2024,05:04:09.000,376870563,-1217845867,107101,28,3,7,15070438,89,29.92,25.55,

08/06/2024,22:04:13.47,08/07/2024,05:04:10.000,376870562,-1217845863,107210,28,3,2,15070438,89,29.78,25.46,

08/06/2024,22:04:14.47,08/07/2024,05:04:11.000,376870561,-1217845861,107329,27,3,13,15070438,91,29.97,25.49,

08/06/2024,22:04:15.47,08/07/2024,05:04:12.000,376870560,-1217845858,107471,27,3,11,15070438,91,29.84,25.50,

08/06/2024,22:04:16.47,08/07/2024,05:04:13.000,376870560,-1217845854,107589,28,3,10,15070438,89,29.88,25.46,

08/06/2024,22:04:17.47,08/07/2024,05:04:14.000,376870561,-1217845851,107692,28,3,5,15070438,89,29.74,25.50,

08/06/2024,22:04:18.47,08/07/2024,05:04:15.000,376870561,-1217845848,107791,28,3,6,15070438,89,29.81,25.42,

08/06/2024,22:04:19.47,08/07/2024,05:04:16.000,376870562,-1217845846,107870,28,3,9,15070438,89,29.78,25.45,

08/06/2024,22:04:20.47,08/07/2024,05:04:17.000,376870563,-1217845843,107958,28,3,11,15070438,89,29.74,25.47,

08/06/2024,22:04:21.47,08/07/2024,05:04:18.000,376870565,-1217845839,108017,27,3,6,15070438,91,29.70,25.53,

08/06/2024,22:04:22.47,08/07/2024,05:04:19.000,376870566,-1217845835,108086,28,3,13,15070438,89,29.79,25.46,

08/06/2024,22:04:23.47,08/07/2024,05:04:20.000,376870567,-1217845831,108153,28,3,5,15070438,89,29.74,25.52,

08/06/2024,22:04:24.47,08/07/2024,05:04:21.000,376870567,-1217845826,107996,28,3,9,15070438,89,29.70,25.44,

08/06/2024,22:04:25.47,08/07/2024,05:04:22.000,376870559,-1217845814,107866,28,3,11,15070438,89,29.87,25.55,

08/06/2024,22:04:26.47,08/07/2024,05:04:23.000,376870553,-1217845800,107789,27,3,12,15070438,91,29.78,25.54,

08/06/2024,22:04:27.47,08/07/2024,05:04:24.000,376870548,-1217845792,107788,28,3,6,15070438,89,29.90,25.52,

08/06/2024,22:04:28.46,08/07/2024,05:04:25.000,376870543,-1217845787,107828,28,3,8,15070438,89,29.56,25.46,

08/06/2024,22:04:29.46,08/07/2024,05:04:26.000,376870543,-1217845781,107885,28,3,14,15070438,89,29.84,25.49,

08/06/2024,22:04:30.46,08/07/2024,05:04:27.000,376870546,-1217845777,107931,28,3,3,15070438,89,29.65,25.45,

08/06/2024,22:04:31.46,08/07/2024,05:04:28.000,376870548,-1217845776,107943,27,3,11,15070438,91,29.82,25.52,

08/06/2024,22:04:32.46,08/07/2024,05:04:29.000,376870549,-1217845776,107966,28,3,14,15070438,89,29.59,25.44,

08/06/2024,22:04:33.46,08/07/2024,05:04:30.000,376870549,-1217845775,107969,29,3,6,15070438,86,29.68,25.54,

08/06/2024,22:04:34.46,08/07/2024,05:04:31.000,376870551,-1217845775,107990,29,3,5,15070438,86,29.58,25.54,

08/06/2024,22:04:35.46,08/07/2024,05:04:32.000,376870551,-1217845775,107969,29,3,2,15070438,86,29.74,25.54,

08/06/2024,22:04:36.46,08/07/2024,05:04:33.000,376870551,-1217845777,107933,29,3,5,15070438,86,29.46,25.54,

08/06/2024,22:04:37.46,08/07/2024,05:04:34.000,376870550,-1217845778,107899,29,3,6,15070438,86,29.58,25.60,

08/06/2024,22:04:38.46,08/07/2024,05:04:35.000,376870548,-1217845781,107847,29,3,15,15070438,86,29.62,25.52,

08/06/2024,22:04:39.46,08/07/2024,05:04:36.000,376870549,-1217845784,107797,28,3,6,15070438,87,29.54,25.55,

08/06/2024,22:04:40.46,08/07/2024,05:04:37.000,376870548,-1217845788,107746,29,3,7,15070438,86,29.59,25.57,

08/06/2024,22:04:41.46,08/07/2024,05:04:38.000,376870548,-1217845792,107655,29,3,7,15070438,86,29.69,25.52,

08/06/2024,22:04:42.46,08/07/2024,05:04:39.000,376870548,-1217845795,107588,29,3,8,15070438,86,29.55,25.54,

08/06/2024,22:04:43.46,08/07/2024,05:04:40.000,376870548,-1217845800,107474,29,3,12,15070438,86,29.39,25.59,

08/06/2024,22:04:44.46,08/07/2024,05:04:41.000,376870550,-1217845804,107378,29,3,18,15070438,86,29.48,25.61,

08/06/2024,22:04:45.46,08/07/2024,05:04:42.000,376870548,-1217845809,107274,29,3,10,15070438,86,29.45,25.56,

08/06/2024,22:04:46.46,08/07/2024,05:04:43.000,376870547,-1217845815,107116,29,3,2,15070438,86,29.47,25.60,

08/06/2024,22:04:47.46,08/07/2024,05:04:44.000,376870547,-1217845823,106957,29,3,4,15070438,86,29.47,25.58,

08/06/2024,22:04:48.46,08/07/2024,05:04:45.000,376870547,-1217845829,106830,29,3,6,15070438,86,29.61,25.56,

08/06/2024,22:04:49.46,08/07/2024,05:04:46.000,376870548,-1217845837,106760,29,3,10,15070438,86,29.68,25.60,

08/06/2024,22:04:50.46,08/07/2024,05:04:47.000,376870547,-1217845841,106696,29,3,3,15070438,86,29.38,25.54,

08/06/2024,22:04:51.46,08/07/2024,05:04:48.000,376870546,-1217845845,106632,29,3,6,15070438,86,29.49,25.55,

08/06/2024,22:04:52.46,08/07/2024,05:04:49.000,376870545,-1217845848,106569,29,3,11,15070438,86,29.36,25.57,

08/06/2024,22:04:53.45,08/07/2024,05:04:50.000,376870543,-1217845851,106497,29,3,9,15070438,86,29.56,25.61,

08/06/2024,22:04:54.45,08/07/2024,05:04:51.000,376870542,-1217845855,106445,29,3,8,15070438,86,29.65,25.64,

08/06/2024,22:04:55.45,08/07/2024,05:04:52.000,376870539,-1217845858,106404,29,3,7,15070438,86,29.47,25.56,

08/06/2024,22:04:56.45,08/07/2024,05:04:53.000,376870537,-1217845860,106355,29,3,10,15070438,86,29.59,25.67,

08/06/2024,22:04:57.45,08/07/2024,05:04:54.000,376870534,-1217845861,106317,29,3,1,15070438,86,29.41,25.66,

08/06/2024,22:04:58.45,08/07/2024,05:04:55.000,376870531,-1217845862,106270,29,3,6,15070438,86,29.56,25.61,

08/06/2024,22:04:59.45,08/07/2024,05:04:56.000,376870528,-1217845863,106220,29,3,6,15070438,86,29.61,25.65,

08/06/2024,22:05:00.45,08/07/2024,05:04:57.000,376870526,-1217845862,106201,29,3,9,15070438,86,29.52,25.68,

08/06/2024,22:05:01.45,08/07/2024,05:04:58.000,376870523,-1217845862,106196,29,3,8,15070438,86,29.47,25.60,

08/06/2024,22:05:02.45,08/07/2024,05:04:59.000,376870520,-1217845863,106180,29,3,13,15070438,86,29.56,25.73,

08/06/2024,22:05:03.45,08/07/2024,05:05:00.000,376870518,-1217845861,106177,29,3,7,15070438,86,29.41,25.69,

08/06/2024,22:05:04.45,08/07/2024,05:05:01.000,376870514,-1217845858,106173,29,3,17,15070438,86,29.57,25.73,

08/06/2024,22:05:05.45,08/07/2024,05:05:02.000,376870510,-1217845856,106163,29,3,8,15070438,86,29.41,25.57,

08/06/2024,22:05:06.45,08/07/2024,05:05:03.000,376870509,-1217845854,106174,29,3,11,15070438,86,29.48,25.69,

08/06/2024,22:05:07.45,08/07/2024,05:05:04.000,376870508,-1217845853,106167,29,3,4,15070438,86,29.21,25.60,

08/06/2024,22:05:08.45,08/07/2024,05:05:05.000,376870507,-1217845851,106116,29,3,4,15070438,86,29.36,25.57,

08/06/2024,22:05:09.45,08/07/2024,05:05:06.000,376870507,-1217845849,106051,29,3,5,15070438,86,29.43,25.59,

08/06/2024,22:05:10.45,08/07/2024,05:05:07.000,376870509,-1217845849,105979,29,3,7,15070438,86,29.52,25.77,

08/06/2024,22:05:11.45,08/07/2024,05:05:08.000,376870512,-1217845849,105930,29,3,11,15070438,86,29.29,25.73,

08/06/2024,22:05:12.45,08/07/2024,05:05:09.000,376870515,-1217845849,105845,29,3,13,15070438,86,29.25,25.62,

08/06/2024,22:05:13.45,08/07/2024,05:05:10.000,376870519,-1217845850,105760,29,3,5,15070438,86,29.31,25.71,

08/06/2024,22:05:14.45,08/07/2024,05:05:11.000,376870521,-1217845849,105718,29,3,9,15070438,86,29.25,25.67,

08/06/2024,22:05:15.45,08/07/2024,05:05:12.000,376870523,-1217845848,105653,29,3,10,15070438,86,29.40,25.64,

08/06/2024,22:05:16.44,08/07/2024,05:05:13.000,376870526,-1217845850,105597,29,3,17,15070438,86,29.41,25.65,

08/06/2024,22:05:17.44,08/07/2024,05:05:14.000,376870528,-1217845853,105571,29,3,6,15070438,86,29.31,25.59,

08/06/2024,22:05:18.44,08/07/2024,05:05:15.000,376870530,-1217845855,105573,29,3,16,15070438,86,29.24,25.70,

08/06/2024,22:05:19.44,08/07/2024,05:05:16.000,376870533,-1217845857,105576,29,3,16,15070438,86,29.35,25.61,

08/06/2024,22:05:20.44,08/07/2024,05:05:17.000,376870534,-1217845858,105547,29,3,11,15070438,86,29.31,25.69,

08/06/2024,22:05:21.44,08/07/2024,05:05:18.000,376870536,-1217845858,105541,29,3,11,15070438,86,29.33,25.75,

08/06/2024,22:05:22.44,08/07/2024,05:05:19.000,376870538,-1217845859,105534,29,3,16,15070438,86,29.42,25.66,

08/06/2024,22:05:23.44,08/07/2024,05:05:20.000,376870541,-1217845858,105551,29,3,15,15070438,86,29.43,25.68,

08/06/2024,22:05:24.44,08/07/2024,05:05:21.000,376870545,-1217845858,105551,29,3,15,15070438,86,29.36,25.68,

08/06/2024,22:05:26.42,08/07/2024,05:05:23.000,376870552,-1217845855,105596,29,3,11,15070438,86,29.10,25.63,

08/06/2024,22:05:27.41,08/07/2024,05:05:24.000,376870555,-1217845853,105625,29,3,2,15070438,86,29.34,25.81,

08/06/2024,22:05:28.41,08/07/2024,05:05:25.000,376870557,-1217845852,105630,29,3,6,15070438,86,29.25,25.70,

08/06/2024,22:05:29.41,08/07/2024,05:05:26.000,376870559,-1217845851,105638,29,3,7,15070438,86,29.21,25.69,

08/06/2024,22:05:30.41,08/07/2024,05:05:27.000,376870560,-1217845849,105646,29,3,12,15070438,86,29.20,25.72,

08/06/2024,22:05:31.41,08/07/2024,05:05:28.000,376870561,-1217845848,105668,29,3,5,15070438,86,29.12,25.60,

08/06/2024,22:05:32.41,08/07/2024,05:05:29.000,376870562,-1217845847,105707,29,3,6,15070438,86,29.09,25.75,

08/06/2024,22:05:34.38,08/07/2024,05:05:31.000,376870567,-1217845846,105790,29,3,5,15070438,81,29.07,25.73,

08/06/2024,22:05:35.44,08/07/2024,05:05:32.000,376870571,-1217845845,105839,30,3,3,15070438,81,29.18,25.68,

08/06/2024,22:05:36.44,08/07/2024,05:05:33.000,376870574,-1217845844,105870,30,3,9,15070438,81,29.16,25.69,

08/06/2024,22:05:37.44,08/07/2024,05:05:34.000,376870576,-1217845844,105899,30,3,7,15070438,81,29.02,25.65,

08/06/2024,22:05:38.43,08/07/2024,05:05:35.000,376870578,-1217845844,105926,30,3,10,15070438,81,29.24,25.74,

08/06/2024,22:05:39.43,08/07/2024,05:05:36.000,376870581,-1217845844,105955,30,3,14,15070438,81,29.33,25.69,

08/06/2024,22:05:40.43,08/07/2024,05:05:37.000,376870583,-1217845844,105983,30,3,16,15070438,81,29.23,25.71,

08/06/2024,22:05:41.43,08/07/2024,05:05:38.000,376870585,-1217845843,106065,30,3,1,15070438,81,29.15,25.72,

08/06/2024,22:05:42.43,08/07/2024,05:05:39.000,376870587,-1217845843,106111,30,3,8,15070438,81,29.35,25.81,

08/06/2024,22:05:43.43,08/07/2024,05:05:40.000,376870588,-1217845842,106168,30,3,7,15070438,81,29.16,25.73,

08/06/2024,22:05:44.43,08/07/2024,05:05:41.000,376870589,-1217845841,106233,30,3,5,15070438,81,29.17,25.73,

08/06/2024,22:05:45.43,08/07/2024,05:05:42.000,376870589,-1217845840,106293,30,3,6,15070438,81,29.17,25.73,

08/06/2024,22:05:47.40,08/07/2024,05:05:44.000,376870593,-1217845840,106380,30,3,9,15070438,81,29.24,25.72,

08/06/2024,22:05:48.46,08/07/2024,05:05:45.000,376870595,-1217845841,106422,30,3,13,15070438,81,29.21,25.65,

08/06/2024,22:05:49.46,08/07/2024,05:05:46.000,376870597,-1217845842,106494,30,3,5,15070438,81,29.21,25.73,

08/06/2024,22:05:50.45,08/07/2024,05:05:47.000,376870599,-1217845843,106578,30,3,1,15070438,81,28.98,25.74,

08/06/2024,22:05:51.45,08/07/2024,05:05:48.000,376870599,-1217845844,106660,30,3,4,15070438,81,29.11,25.69,

08/06/2024,22:05:52.45,08/07/2024,05:05:49.000,376870600,-1217845844,106747,30,3,5,15070438,81,29.09,25.66,

08/06/2024,22:05:53.45,08/07/2024,05:05:50.000,376870601,-1217845843,106805,30,3,16,15070438,81,28.96,25.68,

08/06/2024,22:05:54.45,08/07/2024,05:05:51.000,376870601,-1217845843,106871,30,3,11,15070438,81,29.00,25.81,

08/06/2024,22:05:55.45,08/07/2024,05:05:52.000,376870602,-1217845842,106973,30,3,10,15070438,81,29.18,25.72,

08/06/2024,22:05:56.45,08/07/2024,05:05:53.000,376870603,-1217845841,107079,30,3,6,15070438,86,28.96,25.69,

08/06/2024,22:05:57.45,08/07/2024,05:05:54.000,376870603,-1217845840,107155,29,3,5,15070438,86,28.92,25.74,

08/06/2024,22:05:58.45,08/07/2024,05:05:55.000,376870601,-1217845836,107298,29,3,5,15070438,86,28.94,25.61,

08/06/2024,22:05:59.45,08/07/2024,05:05:56.000,376870599,-1217845832,107406,29,3,7,15070438,86,29.07,25.79,

08/06/2024,22:06:00.45,08/07/2024,05:05:57.000,376870598,-1217845829,107501,29,3,11,15070438,86,28.75,25.76,

08/06/2024,22:06:01.45,08/07/2024,05:05:58.000,376870598,-1217845825,107588,29,3,10,15070438,86,28.86,25.72,

08/06/2024,22:06:02.45,08/07/2024,05:05:59.000,376870594,-1217845816,107780,29,3,7,15070438,81,28.79,25.70,

08/06/2024,22:06:03.45,08/07/2024,05:06:00.000,376870592,-1217845810,107901,30,3,12,15070438,81,28.79,25.72,

08/06/2024,22:06:04.45,08/07/2024,05:06:01.000,376870589,-1217845806,107948,30,3,12,15070438,81,28.77,25.79,

08/06/2024,22:06:05.45,08/07/2024,05:06:02.000,376870588,-1217845805,107962,30,3,4,15070438,81,28.73,25.79,

08/06/2024,22:06:06.45,08/07/2024,05:06:03.000,376870588,-1217845805,107961,30,3,10,15070438,81,28.76,25.76,

08/06/2024,22:06:07.45,08/07/2024,05:06:04.000,376870588,-1217845807,107925,30,3,12,15070438,81,28.61,25.84,

08/06/2024,22:06:08.45,08/07/2024,05:06:05.000,376870589,-1217845810,107874,30,3,11,15070438,81,28.62,25.70,

08/06/2024,22:06:09.44,08/07/2024,05:06:06.000,376870590,-1217845814,107789,30,3,10,15070438,82,28.64,25.68,

08/06/2024,22:06:10.44,08/07/2024,05:06:07.000,376870593,-1217845818,107730,30,3,11,15070438,82,28.83,25.84,

08/06/2024,22:06:11.44,08/07/2024,05:06:08.000,376870597,-1217845822,107685,30,3,17,15070438,82,28.64,25.74,

08/06/2024,22:06:12.44,08/07/2024,05:06:09.000,376870601,-1217845827,107594,30,3,14,15070438,82,28.65,25.78,

08/06/2024,22:06:13.44,08/07/2024,05:06:10.000,376870608,-1217845835,107397,30,3,11,15070438,82,28.54,25.64,

08/06/2024,22:06:14.44,08/07/2024,05:06:11.000,376870614,-1217845842,107198,30,3,3,15070438,82,28.80,25.77,

08/06/2024,22:06:15.44,08/07/2024,05:06:12.000,376870619,-1217845850,107045,30,3,9,15070438,82,28.77,25.76,

08/06/2024,22:06:16.44,08/07/2024,05:06:13.000,376870623,-1217845856,106912,30,3,6,15070438,82,28.54,25.71,

08/06/2024,22:06:17.44,08/07/2024,05:06:14.000,376870626,-1217845859,106858,30,3,3,15070438,82,28.51,25.76,

08/06/2024,22:06:18.44,08/07/2024,05:06:15.000,376870627,-1217845860,106826,30,3,11,15070438,86,28.78,25.79,

08/06/2024,22:06:19.44,08/07/2024,05:06:16.000,376870629,-1217845862,106768,29,3,5,15070438,88,28.61,25.74,

08/06/2024,22:06:20.44,08/07/2024,05:06:17.000,376870630,-1217845862,106784,28,3,5,15070438,88,28.70,25.77,

08/06/2024,22:06:21.44,08/07/2024,05:06:18.000,376870631,-1217845862,106773,28,3,23,15070438,88,28.78,25.73,

08/06/2024,22:06:22.44,08/07/2024,05:06:19.000,376870633,-1217845862,106755,28,3,17,15070438,88,28.62,25.71,

08/06/2024,22:06:23.44,08/07/2024,05:06:20.000,376870634,-1217845863,106749,28,3,16,15070438,88,28.78,25.76,

08/06/2024,22:06:24.44,08/07/2024,05:06:21.000,376870635,-1217845865,106734,28,3,15,15070438,86,28.70,25.78,

08/06/2024,22:06:25.44,08/07/2024,05:06:22.000,376870635,-1217845866,106735,29,3,13,15070438,88,28.78,25.78,

08/06/2024,22:06:26.44,08/07/2024,05:06:23.000,376870635,-1217845867,106725,28,3,3,15070438,88,28.63,25.75,

08/06/2024,22:06:27.44,08/07/2024,05:06:24.000,376870636,-1217845869,106720,28,3,3,15070438,90,28.71,25.77,

08/06/2024,22:06:28.44,08/07/2024,05:06:25.000,376870637,-1217845873,106674,27,3,11,15070438,90,28.88,25.78,

08/06/2024,22:06:29.43,08/07/2024,05:06:26.000,376870636,-1217845875,106634,27,3,12,15070438,88,28.61,25.81,

08/06/2024,22:06:30.43,08/07/2024,05:06:27.000,376870635,-1217845878,106619,28,3,10,15070438,88,28.85,25.77,

08/06/2024,22:06:31.43,08/07/2024,05:06:28.000,376870635,-1217845881,106585,28,3,8,15070438,88,28.87,25.81,

08/06/2024,22:06:32.43,08/07/2024,05:06:29.000,376870634,-1217845885,106524,28,3,11,15070438,88,28.78,25.77,

08/06/2024,22:06:33.43,08/07/2024,05:06:30.000,376870634,-1217845890,106462,28,3,15,15070438,88,28.85,25.71,

08/06/2024,22:06:34.43,08/07/2024,05:06:31.000,376870634,-1217845895,106411,28,3,11,15070438,88,28.91,25.76,

08/06/2024,22:06:35.43,08/07/2024,05:06:32.000,376870632,-1217845900,106394,28,3,20,15070438,86,29.00,25.82,

08/06/2024,22:06:36.43,08/07/2024,05:06:33.000,376870631,-1217845906,106351,29,3,11,15070438,86,29.09,25.83,

08/06/2024,22:06:37.43,08/07/2024,05:06:34.000,376870630,-1217845911,106289,29,3,7,15070438,88,28.78,25.69,

08/06/2024,22:06:38.43,08/07/2024,05:06:35.000,376870629,-1217845917,106246,28,3,7,15070438,86,28.87,25.79,

08/06/2024,22:06:40.40,08/07/2024,05:06:37.000,376870630,-1217845932,106092,29,3,4,15070438,86,28.83,25.74,

08/06/2024,22:06:41.46,08/07/2024,05:06:38.000,376870631,-1217845941,105989,29,3,12,15070438,88,29.10,25.84,

08/06/2024,22:06:42.45,08/07/2024,05:06:39.000,376870631,-1217845949,105906,28,3,11,15070438,88,28.88,25.76,

08/06/2024,22:06:43.45,08/07/2024,05:06:40.000,376870631,-1217845957,105858,28,3,5,15070438,88,28.80,25.65,

08/06/2024,22:06:44.45,08/07/2024,05:06:41.000,376870631,-1217845965,105784,28,3,11,15070438,88,29.00,25.82,

08/06/2024,22:06:45.45,08/07/2024,05:06:42.000,376870631,-1217845968,105741,28,3,7,15070438,88,28.93,25.79,

08/06/2024,22:06:46.45,08/07/2024,05:06:43.000,376870629,-1217845971,105728,28,3,10,15070438,90,28.93,25.81,

08/06/2024,22:06:47.45,08/07/2024,05:06:44.000,376870629,-1217845972,105702,27,3,18,15070438,88,29.15,25.78,

08/06/2024,22:06:48.45,08/07/2024,05:06:45.000,376870628,-1217845973,105674,28,3,14,15070438,88,29.33,25.71,

08/06/2024,22:06:49.45,08/07/2024,05:06:46.000,376870626,-1217845973,105661,28,3,11,15070438,88,29.65,25.78,

08/06/2024,22:06:50.45,08/07/2024,05:06:47.000,376870623,-1217845975,105665,28,3,9,15070438,86,30.06,25.76,

08/06/2024,22:06:51.45,08/07/2024,05:06:48.000,376870620,-1217845977,105670,29,3,2,15070438,86,30.41,25.76,

08/06/2024,22:06:52.45,08/07/2024,05:06:49.000,376870616,-1217845976,105700,29,3,14,15070438,86,30.50,25.73,

08/06/2024,22:06:53.45,08/07/2024,05:06:50.000,376870615,-1217845978,105720,29,3,58,3156289,86,30.72,25.77,

08/06/2024,22:06:54.45,08/07/2024,05:06:51.000,376870644,-1217845996,105726,29,3,593,34656772,86,30.76,25.73,

08/06/2024,22:06:55.45,08/07/2024,05:06:52.000,376870711,-1217846041,105659,29,3,992,33886428,86,30.97,25.81,

08/06/2024,22:06:56.45,08/07/2024,05:06:53.000,376870783,-1217846092,105598,29,3,931,33623860,86,30.65,25.50,

08/06/2024,22:06:57.45,08/07/2024,05:06:54.000,376870839,-1217846130,105555,29,3,651,33623860,86,30.75,25.54,

08/06/2024,22:06:58.44,08/07/2024,05:06:55.000,376870860,-1217846142,105446,29,3,152,1295598,86,30.53,25.52,

08/06/2024,22:06:59.44,08/07/2024,05:06:56.000,376870844,-1217846120,105394,29,3,368,11469774,86,30.45,25.58,

08/06/2024,22:07:00.44,08/07/2024,05:06:57.000,376870789,-1217846032,105319,29,3,1173,10977378,86,30.32,25.48,

08/06/2024,22:07:01.44,08/07/2024,05:06:58.000,376870729,-1217845856,105190,29,3,1887,9684942,86,30.44,25.51,

08/06/2024,22:07:02.44,08/07/2024,05:06:59.000,376870700,-1217845595,105081,29,3,2505,8429890,86,30.53,25.47,

08/06/2024,22:07:03.44,08/07/2024,05:07:00.000,376870719,-1217845260,105134,29,3,3214,8098574,86,30.44,25.44,

08/06/2024,22:07:04.44,08/07/2024,05:07:01.000,376870767,-1217844846,105192,29,3,3912,8185389,86,30.21,25.45,

08/06/2024,22:07:05.44,08/07/2024,05:07:02.000,376870818,-1217844356,105227,29,3,4589,8274704,86,30.25,25.61,

08/06/2024,22:07:06.44,08/07/2024,05:07:03.000,376870864,-1217843853,105282,29,3,4447,8715620,86,29.85,25.54,

08/06/2024,22:07:07.44,08/07/2024,05:07:04.000,376870884,-1217843375,105268,29,3,4153,9172292,86,29.60,25.52,

08/06/2024,22:07:08.44,08/07/2024,05:07:05.000,376870873,-1217842900,105268,29,3,4220,9614816,91,29.73,25.59,

08/06/2024,22:07:09.44,08/07/2024,05:07:06.000,376870833,-1217842405,105272,27,3,4457,9653160,91,29.57,25.62,

08/06/2024,22:07:10.44,08/07/2024,05:07:07.000,376870780,-1217841883,105269,27,3,4687,9094484,89,29.32,25.72,

08/06/2024,22:07:11.44,08/07/2024,05:07:08.000,376870756,-1217841333,105255,28,3,4908,8510322,89,29.58,25.58,

08/06/2024,22:07:12.44,08/07/2024,05:07:09.000,376870777,-1217840761,105317,28,3,5148,8443362,91,29.56,25.67,

08/06/2024,22:07:13.44,08/07/2024,05:07:10.000,376870817,-1217840156,105410,27,3,5459,8481854,89,29.64,25.60,

08/06/2024,22:07:14.43,08/07/2024,05:07:11.000,376870857,-1217839511,105474,28,3,5838,8563748,89,29.57,25.70,

08/06/2024,22:07:15.43,08/07/2024,05:07:12.000,376870892,-1217838828,105568,28,3,6131,8655960,89,29.67,25.62,

08/06/2024,22:07:16.43,08/07/2024,05:07:13.000,376870921,-1217838136,105587,28,3,6128,8755710,86,29.44,25.73,

08/06/2024,22:07:17.43,08/07/2024,05:07:14.000,376870940,-1217837466,105604,29,3,5821,8804798,86,29.24,25.65,

08/06/2024,22:07:18.43,08/07/2024,05:07:15.000,376870952,-1217836834,105633,29,3,5455,8916104,88,29.55,25.70,

08/06/2024,22:07:19.43,08/07/2024,05:07:16.000,376870955,-1217836262,105581,28,3,4842,8953214,88,29.77,25.65,

08/06/2024,22:07:20.43,08/07/2024,05:07:17.000,376870954,-1217835801,105626,28,3,3734,8901192,88,30.12,25.55,

08/06/2024,22:07:21.43,08/07/2024,05:07:18.000,376870954,-1217835462,105639,28,3,2665,8620570,87,30.18,25.66,

08/06/2024,22:07:22.43,08/07/2024,05:07:19.000,376870966,-1217835205,105694,28,3,2134,8498898,87,30.36,25.70,

08/06/2024,22:07:23.43,08/07/2024,05:07:20.000,376870979,-1217835027,105738,28,3,1389,8075476,87,30.40,25.64,

08/06/2024,22:07:24.43,08/07/2024,05:07:21.000,376870998,-1217834858,105769,28,3,1758,7601202,82,30.37,25.58,

08/06/2024,22:07:25.43,08/07/2024,05:07:22.000,376871031,-1217834689,105880,30,3,1449,6336010,82,30.39,25.62,

08/06/2024,22:07:26.43,08/07/2024,05:07:23.000,376871095,-1217834530,105901,30,3,1701,4692676,82,30.39,25.60,

08/06/2024,22:07:27.43,08/07/2024,05:07:24.000,376871240,-1217834329,106073,30,3,2729,2620154,82,30.55,25.59,

08/06/2024,22:07:28.43,08/07/2024,05:07:25.000,376871511,-1217834149,106074,30,3,3795,1707154,82,30.40,25.68,

08/06/2024,22:07:29.42,08/07/2024,05:07:26.000,376871900,-1217833989,106299,30,3,4910,791258,84,30.23,25.61,

08/06/2024,22:07:30.42,08/07/2024,05:07:27.000,376872386,-1217833875,106272,29,3,5755,261146,84,30.36,25.72,

08/06/2024,22:07:31.42,08/07/2024,05:07:28.000,376872945,-1217833821,106277,29,3,6399,52604,81,30.17,25.73,

08/06/2024,22:07:32.42,08/07/2024,05:07:29.000,376873562,-1217833805,106225,30,3,7021,35973348,81,30.06,25.79,

08/06/2024,22:07:33.42,08/07/2024,05:07:30.000,376874220,-1217833792,106396,30,3,7457,35951880,81,29.94,25.73,

08/06/2024,22:07:34.42,08/07/2024,05:07:31.000,376874908,-1217833794,106431,30,3,7699,35980832,81,29.85,25.81,

08/06/2024,22:07:35.42,08/07/2024,05:07:32.000,376875605,-1217833796,106402,30,3,7744,13325,81,29.63,25.88,

08/06/2024,22:07:36.42,08/07/2024,05:07:33.000,376876311,-1217833794,106398,30,3,7883,80725,81,29.67,25.84,

08/06/2024,22:07:37.42,08/07/2024,05:07:34.000,376877039,-1217833775,106465,30,3,8149,111764,81,29.68,25.95,

08/06/2024,22:07:38.42,08/07/2024,05:07:35.000,376877790,-1217833749,106470,30,3,8372,39317,81,29.72,26.00,

08/06/2024,22:07:39.42,08/07/2024,05:07:36.000,376878551,-1217833731,106604,30,3,8465,51208,81,29.54,26.03,

08/06/2024,22:07:40.42,08/07/2024,05:07:37.000,376879296,-1217833715,106736,30,3,8165,100239,81,29.53,26.14,

08/06/2024,22:07:41.42,08/07/2024,05:07:38.000,376879967,-1217833695,106780,30,3,7110,429328,81,29.66,26.11,

08/06/2024,22:07:42.42,08/07/2024,05:07:39.000,376880543,-1217833650,106888,30,3,6081,770448,81,29.49,26.27,

08/06/2024,22:07:43.42,08/07/2024,05:07:40.000,376881024,-1217833577,106987,30,3,5092,1225072,81,29.30,26.23,

08/06/2024,22:07:44.41,08/07/2024,05:07:41.001,376881395,-1217833483,106961,30,3,3801,1893717,81,29.13,26.15,

08/06/2024,22:07:45.41,08/07/2024,05:07:42.000,376881679,-1217833370,106897,30,3,3109,3410795,81,29.08,26.20,

08/06/2024,22:07:46.41,08/07/2024,05:07:43.000,376881919,-1217833171,106740,30,3,3309,5048832,83,28.95,26.13,

08/06/2024,22:07:47.41,08/07/2024,05:07:44.000,376882147,-1217832847,106703,29,3,4047,5860975,83,29.02,26.13,

08/06/2024,22:07:48.41,08/07/2024,05:07:45.000,376882374,-1217832392,106818,29,3,5062,6398399,83,28.90,26.03,

08/06/2024,22:07:49.41,08/07/2024,05:07:46.000,376882608,-1217831815,106846,29,3,6061,6659530,83,28.89,26.14,

08/06/2024,22:07:50.41,08/07/2024,05:07:47.000,376882853,-1217831115,106810,29,3,7134,6632715,83,28.67,26.10,

08/06/2024,22:07:51.41,08/07/2024,05:07:48.000,376883137,-1217830292,106748,29,3,8296,6712629,81,28.38,26.01,

08/06/2024,22:07:52.41,08/07/2024,05:07:49.000,376883452,-1217829360,106521,30,3,9153,6751046,81,28.51,26.06,

08/06/2024,22:07:53.41,08/07/2024,05:07:50.000,376883782,-1217828353,106485,30,3,9768,6821956,81,28.73,25.91,

08/06/2024,22:07:54.41,08/07/2024,05:07:51.000,376884114,-1217827318,106519,30,3,9927,6832038,81,28.69,25.92,

08/06/2024,22:07:55.41,08/07/2024,05:07:52.000,376884446,-1217826267,106540,30,3,10026,6859134,81,28.67,25.99,

08/06/2024,22:07:56.41,08/07/2024,05:07:53.000,376884778,-1217825205,106564,30,3,10111,6865034,81,28.59,25.88,

08/06/2024,22:07:57.46,08/07/2024,05:07:54.000,376885111,-1217824132,106563,30,3,10203,6881919,81,28.75,25.95,

08/06/2024,22:07:58.46,08/07/2024,05:07:55.000,376885444,-1217823053,106578,30,3,10261,6933161,81,28.85,25.90,

08/06/2024,22:07:59.46,08/07/2024,05:07:56.000,376885774,-1217821962,106704,30,3,10353,6951553,82,28.78,25.99,

08/06/2024,22:08:00.46,08/07/2024,05:07:57.000,376886101,-1217820862,106813,29,3,10417,6949169,82,28.95,25.99,

08/06/2024,22:08:01.46,08/07/2024,05:07:58.000,376886428,-1217819762,106965,29,3,10362,6952591,82,29.02,25.97,

08/06/2024,22:08:02.46,08/07/2024,05:07:59.000,376886756,-1217818662,107047,29,3,10366,6955538,82,29.05,25.83,

08/06/2024,22:08:03.46,08/07/2024,05:08:00.000,376887083,-1217817564,107126,29,3,10333,6953250,82,29.09,25.88,

08/06/2024,22:08:04.46,08/07/2024,05:08:01.000,376887406,-1217816476,107169,29,3,10225,6961784,81,28.94,25.83,

08/06/2024,22:08:05.45,08/07/2024,05:08:02.000,376887725,-1217815397,107193,30,3,10143,6935555,81,29.12,25.77,

08/06/2024,22:08:06.45,08/07/2024,05:08:03.000,376888043,-1217814328,107306,30,3,10069,6963763,81,29.00,25.70,

08/06/2024,22:08:07.45,08/07/2024,05:08:04.000,376888356,-1217813275,107274,30,3,9843,6989591,81,28.78,25.88,

08/06/2024,22:08:08.45,08/07/2024,05:08:05.000,376888654,-1217812254,107344,30,3,9481,6975108,81,28.89,25.93,

08/06/2024,22:08:09.45,08/07/2024,05:08:06.000,376888941,-1217811271,107250,30,3,9193,7009354,81,28.60,25.91,

08/06/2024,22:08:10.45,08/07/2024,05:08:07.000,376889210,-1217810339,107247,30,3,8599,6942210,81,28.57,25.77,

08/06/2024,22:08:11.45,08/07/2024,05:08:08.000,376889454,-1217809511,107281,30,3,7502,6933847,81,28.66,26.09,

08/06/2024,22:08:12.45,08/07/2024,05:08:09.000,376889657,-1217808834,107297,30,3,5957,6894268,81,28.37,25.97,

08/06/2024,22:08:13.45,08/07/2024,05:08:10.000,376889803,-1217808357,107309,30,3,3906,6904537,81,28.56,26.10,

08/06/2024,22:08:14.45,08/07/2024,05:08:11.000,376889884,-1217808082,107348,30,3,2078,6875758,81,28.45,26.12,

08/06/2024,22:08:15.45,08/07/2024,05:08:12.000,376889927,-1217807943,107297,30,3,1025,6928142,81,28.39,26.00,

08/06/2024,22:08:16.45,08/07/2024,05:08:13.000,376889942,-1217807883,107289,30,3,393,7000641,81,28.31,26.05,

08/06/2024,22:08:17.45,08/07/2024,05:08:14.000,376889961,-1217807809,107323,30,3,844,7006329,82,28.47,26.03,

08/06/2024,22:08:18.45,08/07/2024,05:08:15.000,376890000,-1217807669,107340,29,3,1544,6645459,82,28.26,25.89,

08/06/2024,22:08:19.45,08/07/2024,05:08:16.000,376890082,-1217807426,107377,29,3,2686,5687262,82,28.49,26.08,

08/06/2024,22:08:20.45,08/07/2024,05:08:17.000,376890242,-1217807098,107404,29,3,3733,3909605,82,28.34,26.08,

08/06/2024,22:08:21.44,08/07/2024,05:08:18.000,376890535,-1217806762,107354,29,3,4755,1793990,82,28.38,26.06,

08/06/2024,22:08:22.44,08/07/2024,05:08:19.000,376890969,-1217806537,107328,29,3,5470,73321,81,28.43,26.14,

08/06/2024,22:08:23.44,08/07/2024,05:08:20.000,376891505,-1217806485,107170,30,3,6219,34733512,81,28.30,26.11,

08/06/2024,22:08:24.44,08/07/2024,05:08:21.000,376892106,-1217806612,107136,30,3,7032,34065308,81,28.24,26.24,

08/06/2024,22:08:25.44,08/07/2024,05:08:22.000,376892761,-1217806877,107133,30,3,7893,33973428,82,28.29,26.25,

08/06/2024,22:08:26.44,08/07/2024,05:08:23.000,376893475,-1217807207,107035,29,3,8652,33922920,81,28.29,26.22,

08/06/2024,22:08:27.44,08/07/2024,05:08:24.000,376894228,-1217807565,107078,30,3,9033,33927240,82,27.97,26.23,

08/06/2024,22:08:28.44,08/07/2024,05:08:25.000,376895017,-1217807943,107071,29,3,9499,33922356,82,28.09,26.28,

08/06/2024,22:08:29.44,08/07/2024,05:08:26.000,376895841,-1217808339,107100,29,3,9879,33914840,82,27.95,26.32,

08/06/2024,22:08:30.44,08/07/2024,05:08:27.000,376896694,-1217808749,107106,29,3,10214,33956016,82,27.77,26.24,

08/06/2024,22:08:31.44,08/07/2024,05:08:28.000,376897566,-1217809162,107106,29,3,10384,33949476,82,27.59,26.20,

08/06/2024,22:08:32.44,08/07/2024,05:08:29.000,376898451,-1217809579,107112,29,3,10527,34022112,82,27.54,26.30,

08/06/2024,22:08:33.44,08/07/2024,05:08:30.000,376899350,-1217809994,107112,29,3,10678,33957596,82,27.66,26.36,

08/06/2024,22:08:34.44,08/07/2024,05:08:31.000,376900257,-1217810417,107118,29,3,10757,33901016,82,27.61,26.33,

08/06/2024,22:08:35.44,08/07/2024,05:08:32.000,376901170,-1217810855,107091,29,3,10897,33864224,81,27.61,26.27,

08/06/2024,22:08:36.44,08/07/2024,05:08:33.000,376902081,-1217811302,107074,30,3,10841,33825184,81,27.60,26.25,

08/06/2024,22:08:37.43,08/07/2024,05:08:34.000,376902983,-1217811752,107077,30,3,10726,33881152,81,27.40,26.12,

08/06/2024,22:08:38.43,08/07/2024,05:08:35.000,376903876,-1217812188,107155,30,3,10580,33992736,82,27.44,26.17,

08/06/2024,22:08:39.43,08/07/2024,05:08:36.000,376904766,-1217812602,107267,29,3,10521,34428056,82,27.53,26.25,

08/06/2024,22:08:40.43,08/07/2024,05:08:37.000,376905675,-1217812954,107331,29,3,10555,35223132,82,27.59,26.30,

08/06/2024,22:08:41.43,08/07/2024,05:08:38.000,376906602,-1217813162,107253,29,3,10479,35545176,82,27.56,26.33,

08/06/2024,22:08:42.43,08/07/2024,05:08:39.000,376907526,-1217813271,107485,29,3,10364,35502624,81,27.54,26.06,

08/06/2024,22:08:43.43,08/07/2024,05:08:40.000,376908448,-1217813360,107475,30,3,10290,35138212,82,27.88,26.01,

08/06/2024,22:08:44.43,08/07/2024,05:08:41.000,376909371,-1217813503,107484,29,3,10322,34705324,82,28.08,26.15,

08/06/2024,22:08:45.43,08/07/2024,05:08:42.000,376910280,-1217813741,107563,29,3,10316,34477892,82,28.23,26.06,

08/06/2024,22:08:46.43,08/07/2024,05:08:43.000,376911191,-1217814040,107402,29,3,10523,34333108,82,27.75,26.11,

08/06/2024,22:08:47.43,08/07/2024,05:08:44.000,376912110,-1217814383,107371,29,3,10723,34310632,81,27.69,26.00,

08/06/2024,22:08:48.43,08/07/2024,05:08:45.000,376913049,-1217814739,107277,29,3,10920,34224432,81,28.01,25.98,

08/06/2024,22:08:49.43,08/07/2024,05:08:46.000,376913988,-1217815110,107429,29,3,10946,34293160,81,28.08,26.03,

08/06/2024,22:08:50.43,08/07/2024,05:08:47.000,376914932,-1217815483,107378,29,3,10999,34252728,81,28.13,25.94,

08/06/2024,22:08:51.43,08/07/2024,05:08:48.000,376915876,-1217815857,107281,29,3,11017,34271440,81,27.83,26.04,

08/06/2024,22:08:52.43,08/07/2024,05:08:49.000,376916825,-1217816227,107379,29,3,11086,34313124,81,27.87,26.10,

08/06/2024,22:08:53.43,08/07/2024,05:08:50.000,376917786,-1217816597,107416,29,3,11186,34353648,81,27.89,26.13,

08/06/2024,22:08:54.43,08/07/2024,05:08:51.000,376918753,-1217816960,107494,29,3,11209,34364760,81,28.04,26.03,

08/06/2024,22:08:55.42,08/07/2024,05:08:52.000,376919719,-1217817320,107481,29,3,11193,34288336,81,27.86,26.11,

08/06/2024,22:08:56.42,08/07/2024,05:08:53.000,376920680,-1217817689,107470,29,3,11146,34319492,83,27.73,26.12,

08/06/2024,22:08:57.42,08/07/2024,05:08:54.000,376921642,-1217818059,107387,28,3,11166,34304968,83,27.55,26.00,

08/06/2024,22:08:58.42,08/07/2024,05:08:55.000,376922599,-1217818428,107323,28,3,11092,34293756,83,27.71,26.00,

08/06/2024,22:08:59.42,08/07/2024,05:08:56.000,376923547,-1217818798,107308,28,3,10998,34291688,83,27.66,26.07,

08/06/2024,22:09:00.42,08/07/2024,05:08:57.000,376924488,-1217819167,107309,28,3,10915,34330564,83,27.87,26.05,

08/06/2024,22:09:01.42,08/07/2024,05:08:58.000,376925425,-1217819528,107341,28,3,10858,34524868,83,27.64,26.14,

08/06/2024,22:09:02.42,08/07/2024,05:08:59.000,376926361,-1217819857,107352,28,3,10760,34769292,83,27.78,26.12,

08/06/2024,22:09:03.42,08/07/2024,05:09:00.000,376927302,-1217820136,107322,28,3,10722,35194168,83,27.80,26.08,

08/06/2024,22:09:04.42,08/07/2024,05:09:01.000,376928256,-1217820336,107324,28,3,10734,35638604,86,27.86,25.93,

08/06/2024,22:09:05.42,08/07/2024,05:09:02.000,376929230,-1217820439,107287,27,3,10838,109495,84,27.84,26.00,

08/06/2024,22:09:06.42,08/07/2024,05:09:03.000,376930221,-1217820443,107167,28,3,11023,532882,84,27.90,25.95,

08/06/2024,22:09:07.42,08/07/2024,05:09:04.000,376931210,-1217820353,106986,28,3,10997,916447,82,27.77,26.00,

08/06/2024,22:09:08.42,08/07/2024,05:09:05.000,376932192,-1217820181,107328,29,3,10890,1320063,84,27.85,25.94,

08/06/2024,22:09:09.42,08/07/2024,05:09:06.000,376933143,-1217819924,107091,28,3,10781,1320063,83,27.93,26.24,

08/06/2024,22:09:11.39,08/07/2024,05:09:08.000,376934920,-1217819162,107208,29,3,10154,2205693,83,27.64,26.24,

08/06/2024,22:09:12.44,08/07/2024,05:09:10.000,376936514,-1217818236,107327,30,3,9442,2507576,81,27.54,26.14,

08/06/2024,22:09:13.44,08/07/2024,05:09:11.000,376937261,-1217817804,107330,29,3,9026,2441930,83,27.49,26.19,

08/06/2024,22:09:14.44,08/07/2024,05:09:12.000,376937935,-1217817380,107310,30,3,8077,2754466,81,27.45,26.17,

08/06/2024,22:09:15.44,08/07/2024,05:09:13.000,376938474,-1217817004,107405,30,3,6322,2981217,81,27.36,26.23,

08/06/2024,22:09:16.44,08/07/2024,05:09:14.000,376938859,-1217816718,107361,29,3,4334,3062089,83,27.30,26.25,

08/06/2024,22:09:17.44,08/07/2024,05:09:15.000,376939085,-1217816551,107314,30,3,2303,3042688,81,27.47,26.27,

08/06/2024,22:09:18.44,08/07/2024,05:09:16.000,376939182,-1217816477,107278,30,3,804,3047840,81,27.34,26.25,

08/06/2024,22:09:19.44,08/07/2024,05:09:17.000,376939201,-1217816463,107251,29,3,16,3047840,83,27.35,26.30,

08/06/2024,22:09:20.44,08/07/2024,05:09:18.000,376939200,-1217816463,107225,30,3,11,3047840,81,27.01,26.22,

08/06/2024,22:09:21.44,08/07/2024,05:09:19.000,376939200,-1217816464,107174,29,3,6,3047840,81,27.31,26.24,

08/06/2024,22:09:22.44,08/07/2024,05:09:20.000,376939200,-1217816465,107101,29,3,9,3047840,81,27.34,26.27,

08/06/2024,22:09:23.44,08/07/2024,05:09:21.000,376939201,-1217816466,107020,29,3,14,3047840,81,27.32,26.24,

08/06/2024,22:09:24.44,08/07/2024,05:09:22.000,376939201,-1217816468,106952,29,3,10,3047840,81,27.23,26.28,

08/06/2024,22:09:25.44,08/07/2024,05:09:23.000,376939201,-1217816469,106910,29,3,15,3047840,81,27.30,26.23,

08/06/2024,22:09:26.43,08/07/2024,05:09:24.000,376939202,-1217816470,106853,29,3,12,3047840,81,27.21,26.37,

08/06/2024,22:09:27.43,08/07/2024,05:09:25.000,376939202,-1217816470,106810,29,3,17,3047840,81,27.34,26.34,

08/06/2024,22:09:28.43,08/07/2024,05:09:26.000,376939201,-1217816471,106790,29,3,8,3047840,81,27.34,26.22,

08/06/2024,22:09:29.43,08/07/2024,05:09:27.000,376939200,-1217816471,106784,29,3,9,3047840,81,27.53,26.39,

08/06/2024,22:09:30.43,08/07/2024,05:09:28.000,376939198,-1217816472,106775,28,3,6,3047840,84,27.33,26.26,

08/06/2024,22:09:31.43,08/07/2024,05:09:29.000,376939197,-1217816473,106754,29,3,2,3047840,81,27.30,26.31,

08/06/2024,22:09:32.43,08/07/2024,05:09:30.000,376939196,-1217816475,106720,29,3,12,3047840,81,27.46,26.29,

08/06/2024,22:09:33.43,08/07/2024,05:09:31.000,376939194,-1217816478,106677,29,3,5,3047840,81,27.17,26.27,

08/06/2024,22:09:34.43,08/07/2024,05:09:32.000,376939194,-1217816480,106633,29,3,7,3047840,81,27.18,26.31,

08/06/2024,22:09:35.43,08/07/2024,05:09:33.000,376939192,-1217816481,106597,29,3,11,3047840,81,27.10,26.23,

08/06/2024,22:09:36.43,08/07/2024,05:09:34.000,376939191,-1217816482,106546,29,3,9,3047840,81,27.16,26.24,

08/06/2024,22:09:37.43,08/07/2024,05:09:35.000,376939189,-1217816480,106513,29,3,15,3047840,81,27.19,26.23,

08/06/2024,22:09:38.43,08/07/2024,05:09:36.000,376939187,-1217816478,106453,29,3,12,3047840,81,27.28,26.21,

08/06/2024,22:09:39.43,08/07/2024,05:09:37.000,376939186,-1217816478,106409,29,3,3,3047840,81,27.15,26.13,

08/06/2024,22:09:40.43,08/07/2024,05:09:38.000,376939185,-1217816476,106368,29,3,5,3047840,81,27.09,26.18,

08/06/2024,22:09:41.43,08/07/2024,05:09:39.000,376939184,-1217816474,106343,29,3,9,3047840,81,27.19,26.24,

08/06/2024,22:09:42.43,08/07/2024,05:09:40.000,376939185,-1217816474,106342,29,3,8,3047840,81,27.26,26.24,

08/06/2024,22:09:43.43,08/07/2024,05:09:41.000,376939186,-1217816473,106364,29,3,3,3047840,81,27.23,26.25,

08/06/2024,22:09:44.42,08/07/2024,05:09:43.000,376939320,-1217816380,106455,29,3,1886,3032401,81,27.17,26.17,

08/06/2024,22:09:46.40,08/07/2024,05:09:44.000,376939573,-1217816218,106561,29,3,3650,2709338,81,27.45,26.28,

08/06/2024,22:09:47.45,08/07/2024,05:09:45.000,376939958,-1217816059,106559,29,3,4874,1596611,81,27.27,26.28,

08/06/2024,22:09:48.45,08/07/2024,05:09:46.000,376940452,-1217816008,106542,30,3,5804,160996,81,27.03,26.21,

08/06/2024,22:09:49.45,08/07/2024,05:09:47.000,376941020,-1217816132,106572,29,3,6721,34697416,83,27.13,26.24,

08/06/2024,22:09:50.45,08/07/2024,05:09:48.000,376941622,-1217816465,106427,29,3,7541,33254676,84,27.35,26.23,

08/06/2024,22:09:51.45,08/07/2024,05:09:49.000,376942193,-1217817023,106343,29,3,8200,31780180,84,27.24,26.22,

08/06/2024,22:09:52.45,08/07/2024,05:09:50.000,376942719,-1217817764,106106,29,3,9121,30945808,84,27.31,26.24,

08/06/2024,22:09:53.45,08/07/2024,05:09:51.000,376943229,-1217818652,105994,29,3,9956,30482212,84,27.26,26.17,

08/06/2024,22:09:54.45,08/07/2024,05:09:52.000,376943744,-1217819625,105737,29,3,10533,30341586,84,27.16,26.08,

08/06/2024,22:09:55.45,08/07/2024,05:09:53.000,376944291,-1217820637,105492,29,3,10971,30459182,84,27.59,26.01,

08/06/2024,22:09:56.45,08/07/2024,05:09:54.000,376944868,-1217821691,105363,29,3,11440,30455634,84,27.41,26.10,

08/06/2024,22:09:57.45,08/07/2024,05:09:55.000,376945472,-1217822782,105077,30,3,11848,30512928,81,27.60,26.16,

08/06/2024,22:09:58.45,08/07/2024,05:09:56.000,376946103,-1217823892,104867,30,3,12136,30592202,81,27.58,25.97,

08/06/2024,22:09:59.44,08/07/2024,05:09:57.000,376946770,-1217825003,104705,30,3,12344,30761240,81,27.75,25.97,

08/06/2024,22:10:00.44,08/07/2024,05:09:58.000,376947457,-1217826112,104529,30,3,12420,30806470,81,27.73,26.06,

08/06/2024,22:10:01.44,08/07/2024,05:09:59.000,376948140,-1217827212,104384,30,3,12264,30801072,81,27.68,26.26,

08/06/2024,22:10:02.44,08/07/2024,05:10:00.000,376948824,-1217828287,104270,30,3,12075,30902118,81,27.52,26.05,

08/06/2024,22:10:03.44,08/07/2024,05:10:01.000,376949510,-1217829345,104132,30,3,12028,30927032,81,27.40,26.27,

08/06/2024,22:10:04.44,08/07/2024,05:10:02.000,376950198,-1217830388,104029,30,3,11936,30988290,81,27.41,26.17,

08/06/2024,22:10:05.44,08/07/2024,05:10:03.000,376950883,-1217831420,103918,30,3,11832,31001106,81,27.23,26.28,

08/06/2024,22:10:06.44,08/07/2024,05:10:04.000,376951562,-1217832441,103888,30,3,11701,30992132,81,27.41,26.21,

08/06/2024,22:10:07.44,08/07/2024,05:10:05.000,376952230,-1217833457,103803,30,3,11612,30962658,81,27.39,26.25,

08/06/2024,22:10:08.44,08/07/2024,05:10:06.000,376952898,-1217834470,103835,30,3,11606,30970346,81,27.45,26.13,

08/06/2024,22:10:09.44,08/07/2024,05:10:07.000,376953558,-1217835486,103821,30,3,11540,30925678,81,27.33,26.07,

08/06/2024,22:10:10.44,08/07/2024,05:10:08.000,376954215,-1217836503,103806,30,3,11552,30914598,81,27.30,26.19,

08/06/2024,22:10:11.44,08/07/2024,05:10:09.000,376954873,-1217837525,103796,30,3,11601,30903652,81,27.42,26.28,

08/06/2024,22:10:12.44,08/07/2024,05:10:10.000,376955533,-1217838551,103826,30,3,11652,30897394,81,27.29,26.21,

08/06/2024,22:10:13.44,08/07/2024,05:10:11.000,376956200,-1217839582,103844,30,3,11759,30940770,81,27.29,26.21,

08/06/2024,22:10:14.44,08/07/2024,05:10:12.000,376956885,-1217840613,103817,30,3,11886,31011646,81,27.46,26.24,

08/06/2024,22:10:15.44,08/07/2024,05:10:13.000,376957601,-1217841634,103815,30,3,12066,31195390,81,27.46,26.24,

08/06/2024,22:10:16.44,08/07/2024,05:10:14.000,376958354,-1217842638,103684,30,3,12244,31397946,81,27.23,26.12,

08/06/2024,22:10:17.44,08/07/2024,05:10:15.000,376959156,-1217843615,103569,30,3,12445,31669806,81,27.43,26.24,

08/06/2024,22:10:18.44,08/07/2024,05:10:16.000,376960008,-1217844554,103468,30,3,12635,31973946,81,27.53,26.16,

08/06/2024,22:10:19.43,08/07/2024,05:10:17.000,376960920,-1217845424,103456,30,3,12747,32409094,81,27.49,26.01,

08/06/2024,22:10:20.43,08/07/2024,05:10:18.000,376961894,-1217846205,103470,30,3,12850,32890710,81,27.42,26.13,

08/06/2024,22:10:21.43,08/07/2024,05:10:19.000,376962918,-1217846890,103491,30,3,12871,33327116,81,27.35,26.04,

08/06/2024,22:10:22.43,08/07/2024,05:10:20.000,376963983,-1217847472,103431,30,3,12926,33791020,81,27.32,25.99,

08/06/2024,22:10:23.43,08/07/2024,05:10:21.000,376965086,-1217847950,103477,30,3,12971,34216372,81,27.41,25.93,

08/06/2024,22:10:24.43,08/07/2024,05:10:22.000,376966220,-1217848324,103575,30,3,13054,34667192,81,27.38,26.05,

08/06/2024,22:10:25.43,08/07/2024,05:10:23.000,376967377,-1217848599,103503,30,3,13125,35049332,81,27.50,26.09,

08/06/2024,22:10:26.43,08/07/2024,05:10:24.000,376968530,-1217848808,103403,29,3,12940,35239120,83,27.55,26.05,

08/06/2024,22:10:27.43,08/07/2024,05:10:25.000,376969670,-1217848982,103311,29,3,12745,35307376,83,27.38,26.17,

08/06/2024,22:10:28.43,08/07/2024,05:10:26.000,376970806,-1217849150,103202,29,3,12754,35315244,83,27.38,25.89,

08/06/2024,22:10:29.43,08/07/2024,05:10:27.000,376971943,-1217849324,103024,30,3,12789,35290076,82,27.29,25.80,

08/06/2024,22:10:30.43,08/07/2024,05:10:28.000,376973080,-1217849500,102994,30,3,12789,35289592,82,27.38,25.84,

08/06/2024,22:10:31.43,08/07/2024,05:10:29.000,376974212,-1217849676,102987,30,3,12690,35291084,82,27.26,25.59,

08/06/2024,22:10:32.43,08/07/2024,05:10:30.000,376975337,-1217849852,103003,30,3,12607,35288576,82,27.30,25.55,

08/06/2024,22:10:33.43,08/07/2024,05:10:31.000,376976454,-1217850026,103085,30,3,12491,35306524,82,27.30,25.43,

08/06/2024,22:10:34.43,08/07/2024,05:10:32.000,376977558,-1217850193,103255,30,3,12319,35322520,82,27.34,25.37,

08/06/2024,22:10:35.43,08/07/2024,05:10:33.000,376978648,-1217850353,103530,30,3,12145,35327432,82,27.35,25.26,

08/06/2024,22:10:36.43,08/07/2024,05:10:34.000,376979729,-1217850519,103871,30,3,12073,35293980,82,27.48,25.29,

08/06/2024,22:10:37.43,08/07/2024,05:10:36.000,376981867,-1217850859,104671,30,3,11857,35275484,82,27.61,25.42,

08/06/2024,22:10:39.40,08/07/2024,05:10:37.000,376982917,-1217851028,105158,30,3,11670,35265912,82,27.75,25.65,

08/06/2024,22:10:40.45,08/07/2024,05:10:38.000,376983954,-1217851191,105676,30,3,11537,35291168,82,27.52,25.61,

08/06/2024,22:10:41.45,08/07/2024,05:10:39.000,376984984,-1217851350,106264,30,3,11471,35296564,82,27.44,25.70,

08/06/2024,22:10:42.45,08/07/2024,05:10:40.000,376986009,-1217851506,106835,29,3,11427,35313252,84,27.37,25.95,

08/06/2024,22:10:43.45,08/07/2024,05:10:41.000,376987033,-1217851656,107471,29,3,11395,35327456,84,27.37,25.91,

08/06/2024,22:10:44.45,08/07/2024,05:10:42.000,376988061,-1217851800,108114,29,3,11474,35371668,84,27.01,25.85,

08/06/2024,22:10:45.45,08/07/2024,05:10:43.000,376989096,-1217851940,108711,29,3,11542,35397432,84,26.92,25.82,

08/06/2024,22:10:46.45,08/07/2024,05:10:44.000,376990138,-1217852081,109256,29,3,11649,35379600,84,26.72,25.88,

08/06/2024,22:10:47.45,08/07/2024,05:10:45.000,376991190,-1217852224,109823,29,3,11755,35385692,84,26.39,25.81,

08/06/2024,22:10:48.45,08/07/2024,05:10:46.000,376992250,-1217852374,110374,29,3,11841,35350872,84,26.67,25.97,

08/06/2024,22:10:49.45,08/07/2024,05:10:47.000,376993317,-1217852533,110896,29,3,11938,35325992,84,26.39,26.00,

08/06/2024,22:10:50.45,08/07/2024,05:10:48.000,376994393,-1217852702,111407,29,3,12052,35287360,84,26.48,26.10,

08/06/2024,22:10:51.45,08/07/2024,05:10:49.000,376995471,-1217852878,111936,29,3,12055,35259312,84,26.32,26.16,

08/06/2024,22:10:52.45,08/07/2024,05:10:50.000,376996540,-1217853055,112407,29,3,11929,35248828,84,26.17,26.12,

08/06/2024,22:10:53.45,08/07/2024,05:10:51.000,376997605,-1217853222,112884,29,3,11897,35307192,84,26.30,26.21,

08/06/2024,22:10:54.45,08/07/2024,05:10:52.000,376998675,-1217853387,113290,29,3,11995,35304056,84,26.08,26.21,

08/06/2024,22:10:55.45,08/07/2024,05:10:53.000,376999757,-1217853559,113695,30,3,12160,35273696,82,25.94,26.13,

08/06/2024,22:10:56.44,08/07/2024,05:10:54.000,377000853,-1217853742,114111,30,3,12298,35227128,82,25.75,26.12,

08/06/2024,22:10:57.44,08/07/2024,05:10:55.000,377001959,-1217853951,114437,30,3,12441,35112044,82,25.79,26.13,

08/06/2024,22:10:58.44,08/07/2024,05:10:56.000,377003061,-1217854213,114742,30,3,12407,34864872,82,25.83,26.08,

08/06/2024,22:10:59.44,08/07/2024,05:10:57.000,377004152,-1217854532,114991,30,3,12419,34626964,82,25.94,26.05,

08/06/2024,22:11:00.44,08/07/2024,05:10:58.000,377005235,-1217854913,115231,30,3,12467,34366016,82,25.85,26.08,

08/06/2024,22:11:01.44,08/07/2024,05:10:59.000,377006304,-1217855354,115428,30,3,12475,34114176,82,26.01,26.13,

08/06/2024,22:11:02.44,08/07/2024,05:11:00.000,377007359,-1217855843,115616,29,3,12431,33930016,83,25.91,26.00,

08/06/2024,22:11:03.44,08/07/2024,05:11:01.000,377008396,-1217856377,115698,30,3,12424,33709816,82,26.12,25.92,

08/06/2024,22:11:04.44,08/07/2024,05:11:02.000,377009417,-1217856963,115805,30,3,12449,33486036,82,25.87,25.98,

08/06/2024,22:11:05.44,08/07/2024,05:11:03.000,377010420,-1217857604,115819,29,3,12539,33238058,83,26.00,25.91,

08/06/2024,22:11:06.44,08/07/2024,05:11:04.000,377011412,-1217858302,115847,29,3,12636,33022664,83,26.00,25.73,

08/06/2024,22:11:07.44,08/07/2024,05:11:05.000,377012392,-1217859050,115763,29,3,12711,32818234,83,26.07,25.69,

08/06/2024,22:11:08.44,08/07/2024,05:11:06.000,377013355,-1217859844,115589,29,3,12793,32618208,83,26.07,25.63,

08/06/2024,22:11:09.44,08/07/2024,05:11:07.000,377014297,-1217860689,115372,29,3,12811,32394200,83,26.39,25.45,

08/06/2024,22:11:10.44,08/07/2024,05:11:08.000,377015206,-1217861590,115149,29,3,12851,32094040,83,26.35,25.36,

08/06/2024,22:11:11.44,08/07/2024,05:11:09.000,377016080,-1217862541,114991,30,3,12808,31840686,82,26.41,25.40,

08/06/2024,22:11:12.44,08/07/2024,05:11:10.000,377016911,-1217863521,114870,30,3,12575,31627834,82,26.71,25.19,

08/06/2024,22:11:13.44,08/07/2024,05:11:11.000,377017700,-1217864522,114748,30,3,12328,31430556,82,26.76,25.11,

08/06/2024,22:11:14.44,08/07/2024,05:11:12.000,377018446,-1217865541,114668,30,3,12117,31199920,82,26.85,25.07,

08/06/2024,22:11:15.43,08/07/2024,05:11:13.000,377019147,-1217866577,114622,30,3,11927,30971158,82,26.93,25.04,

08/06/2024,22:11:16.43,08/07/2024,05:11:14.000,377019810,-1217867640,114509,30,3,11927,30737188,82,26.92,24.94,

08/06/2024,22:11:17.43,08/07/2024,05:11:15.000,377020457,-1217868732,114427,29,3,12042,30634738,85,26.99,24.87,

08/06/2024,22:11:18.43,08/07/2024,05:11:16.000,377021103,-1217869835,114389,29,3,12125,30633546,85,27.17,24.88,

08/06/2024,22:11:19.43,08/07/2024,05:11:17.000,377021756,-1217870947,114387,29,3,12242,30644616,85,27.20,24.73,

08/06/2024,22:11:20.43,08/07/2024,05:11:18.000,377022413,-1217872067,114431,29,3,12318,30637852,85,27.43,24.66,

08/06/2024,22:11:21.43,08/07/2024,05:11:19.000,377023064,-1217873186,114478,29,3,12197,30610778,85,27.56,24.66,

08/06/2024,22:11:22.43,08/07/2024,05:11:20.000,377023709,-1217874300,114517,29,3,12159,30604252,85,27.66,24.60,

08/06/2024,22:11:23.43,08/07/2024,05:11:21.000,377024360,-1217875409,114572,29,3,12169,30657916,85,27.80,24.62,

08/06/2024,22:11:24.43,08/07/2024,05:11:22.000,377025013,-1217876517,114706,29,3,12169,30645822,85,27.70,24.64,

08/06/2024,22:11:25.43,08/07/2024,05:11:23.000,377025659,-1217877617,114850,29,3,12029,30637346,85,27.73,24.47,

08/06/2024,22:11:26.43,08/07/2024,05:11:24.000,377026296,-1217878709,114998,29,3,11909,30616578,85,27.83,24.72,

08/06/2024,22:11:27.43,08/07/2024,05:11:25.000,377026931,-1217879793,115145,29,3,11870,30639328,85,27.73,24.77,

08/06/2024,22:11:28.43,08/07/2024,05:11:26.000,377027572,-1217880872,115314,30,3,11906,30686532,82,27.55,24.71,

08/06/2024,22:11:29.43,08/07/2024,05:11:28.000,377028840,-1217883018,115613,30,3,11709,30641218,82,27.80,24.72,

08/06/2024,22:11:31.40,08/07/2024,05:11:29.000,377029462,-1217884075,115756,30,3,11583,30635858,83,27.86,24.77,

08/06/2024,22:11:32.45,08/07/2024,05:11:30.000,377030079,-1217885130,115876,30,3,11565,30623598,83,27.69,24.80,

08/06/2024,22:11:33.45,08/07/2024,05:11:31.000,377030698,-1217886185,116014,30,3,11576,30637606,83,27.85,24.92,

08/06/2024,22:11:34.45,08/07/2024,05:11:32.000,377031318,-1217887243,116186,30,3,11602,30640308,83,27.74,24.78,

08/06/2024,22:11:35.45,08/07/2024,05:11:33.000,377031936,-1217888307,116311,30,3,11651,30606802,83,27.63,24.77,

08/06/2024,22:11:36.45,08/07/2024,05:11:34.000,377032556,-1217889373,116435,30,3,11650,30614222,83,27.69,24.76,

08/06/2024,22:11:37.45,08/07/2024,05:11:35.000,377033175,-1217890438,116539,30,3,11627,30624134,83,27.55,24.81,

08/06/2024,22:11:38.45,08/07/2024,05:11:36.000,377033795,-1217891498,116635,30,3,11599,30633686,83,27.52,24.59,

08/06/2024,22:11:39.45,08/07/2024,05:11:37.000,377034414,-1217892556,116784,30,3,11584,30630634,83,27.48,24.55,

08/06/2024,22:11:40.45,08/07/2024,05:11:38.000,377035028,-1217893615,116899,30,3,11549,30602166,83,27.40,24.43,

08/06/2024,22:11:41.44,08/07/2024,05:11:39.000,377035636,-1217894674,117082,30,3,11520,30571640,83,27.62,24.39,

08/06/2024,22:11:42.44,08/07/2024,05:11:40.000,377036240,-1217895732,117272,30,3,11509,30564592,83,27.64,24.40,

08/06/2024,22:11:43.44,08/07/2024,05:11:41.000,377036849,-1217896786,117460,30,3,11470,30595482,83,27.85,24.27,

08/06/2024,22:11:44.44,08/07/2024,05:11:42.000,377037456,-1217897836,117574,30,3,11450,30596634,83,27.94,24.38,

08/06/2024,22:11:45.44,08/07/2024,05:11:43.000,377038062,-1217898881,117695,30,3,11398,30620394,83,27.83,24.27,

08/06/2024,22:11:46.44,08/07/2024,05:11:44.000,377038671,-1217899923,117840,30,3,11399,30626850,83,27.88,24.23,

08/06/2024,22:11:47.44,08/07/2024,05:11:45.000,377039280,-1217900963,117922,30,3,11367,30637734,83,28.17,24.29,

08/06/2024,22:11:48.44,08/07/2024,05:11:46.000,377039888,-1217902007,118014,30,3,11451,30617708,83,28.14,24.30,

08/06/2024,22:11:49.44,08/07/2024,05:11:47.000,377040503,-1217903056,118163,30,3,11511,30646868,83,28.25,24.34,

08/06/2024,22:11:50.44,08/07/2024,05:11:48.000,377041122,-1217904108,118317,30,3,11550,30649072,83,28.18,24.35,

08/06/2024,22:11:51.44,08/07/2024,05:11:49.000,377041738,-1217905168,118355,30,3,11580,30602488,83,28.33,24.36,

08/06/2024,22:11:52.44,08/07/2024,05:11:50.000,377042348,-1217906227,118411,30,3,11521,30597488,83,28.38,24.48,

08/06/2024,22:11:53.43,08/07/2024,05:11:51.000,377042960,-1217907277,118507,30,3,11458,30633194,83,28.29,24.41,

08/06/2024,22:11:54.43,08/07/2024,05:11:52.000,377043570,-1217908320,118534,30,3,11381,30646758,83,28.12,24.31,

08/06/2024,22:11:55.43,08/07/2024,05:11:53.000,377044181,-1217909356,118583,30,3,11388,30658184,83,28.21,24.37,

08/06/2024,22:11:56.43,08/07/2024,05:11:54.000,377044793,-1217910396,118587,30,3,11438,30645862,83,28.31,24.47,

08/06/2024,22:11:57.43,08/07/2024,05:11:55.000,377045409,-1217911449,118546,30,3,11551,30647024,83,28.16,24.30,

08/06/2024,22:11:58.43,08/07/2024,05:11:56.000,377046030,-1217912506,118579,30,3,11609,30652138,83,28.18,24.35,

08/06/2024,22:11:59.43,08/07/2024,05:11:57.000,377046650,-1217913566,118506,30,3,11600,30637570,83,28.25,24.27,

08/06/2024,22:12:00.43,08/07/2024,05:11:58.000,377047258,-1217914619,118445,30,3,11413,30592666,83,28.12,24.25,

08/06/2024,22:12:01.43,08/07/2024,05:11:59.000,377047850,-1217915656,118381,30,3,11183,30566466,83,28.31,24.35,

08/06/2024,22:12:02.43,08/07/2024,05:12:00.000,377048435,-1217916679,118325,30,3,11078,30585290,83,28.18,24.28,

08/06/2024,22:12:03.42,08/07/2024,05:12:01.000,377049019,-1217917699,118215,30,3,11084,30589150,83,28.27,24.33,

08/06/2024,22:12:04.42,08/07/2024,05:12:02.000,377049606,-1217918721,118136,29,3,11131,30601396,85,28.17,24.34,

08/06/2024,22:12:05.42,08/07/2024,05:12:03.000,377050197,-1217919752,117913,29,3,11223,30585202,85,28.27,24.34,

08/06/2024,22:12:06.42,08/07/2024,05:12:04.000,377050792,-1217920790,117739,30,3,11319,30581492,83,28.37,24.40,

08/06/2024,22:12:07.42,08/07/2024,05:12:05.000,377051373,-1217921833,117591,30,3,11219,30477826,83,28.28,24.38,

08/06/2024,22:12:08.42,08/07/2024,05:12:06.000,377051939,-1217922864,117538,30,3,11072,30430100,83,28.54,24.35,

08/06/2024,22:12:09.42,08/07/2024,05:12:07.000,377052477,-1217923909,117463,30,3,10967,30249114,83,28.59,24.25,

08/06/2024,22:12:10.42,08/07/2024,05:12:08.000,377052987,-1217924962,117391,30,3,10847,30102612,83,28.69,24.34,

08/06/2024,22:12:11.42,08/07/2024,05:12:09.000,377053487,-1217926009,117242,30,3,10718,30110430,83,28.94,24.32,

08/06/2024,22:12:12.41,08/07/2024,05:12:10.000,377053983,-1217927043,117066,30,3,10620,30084702,83,28.92,24.32,

08/06/2024,22:12:13.41,08/07/2024,05:12:11.000,377054471,-1217928063,116969,30,3,10447,30088774,83,28.91,24.22,

08/06/2024,22:12:14.41,08/07/2024,05:12:12.000,377054945,-1217929077,116796,30,3,10346,30008042,83,29.11,24.24,

08/06/2024,22:12:15.41,08/07/2024,05:12:13.000,377055405,-1217930081,116643,30,3,10186,29968274,83,29.36,24.23,

08/06/2024,22:12:16.41,08/07/2024,05:12:14.000,377055829,-1217931092,116473,30,3,10064,29673560,83,29.34,24.21,

08/06/2024,22:12:17.46,08/07/2024,05:12:16.000,377056512,-1217933173,116077,30,3,9900,28975868,83,29.76,24.23,

08/06/2024,22:12:19.44,08/07/2024,05:12:17.000,377056812,-1217934219,115815,30,3,9790,28968032,83,29.65,24.32,

08/06/2024,22:12:20.43,08/07/2024,05:12:18.000,377057119,-1217935252,115591,29,3,9733,29073304,85,29.75,24.31,

08/06/2024,22:12:21.43,08/07/2024,05:12:19.000,377057451,-1217936266,115333,29,3,9636,29288778,85,29.58,24.38,

08/06/2024,22:12:22.43,08/07/2024,05:12:20.000,377057815,-1217937236,115103,29,3,9401,29610394,85,29.39,24.47,

08/06/2024,22:12:23.43,08/07/2024,05:12:21.000,377058179,-1217938100,114916,29,3,8281,29852926,85,29.45,24.54,

08/06/2024,22:12:24.43,08/07/2024,05:12:22.000,377058497,-1217938809,114713,29,3,6693,29953262,85,29.15,24.86,

08/06/2024,22:12:25.43,08/07/2024,05:12:23.000,377058746,-1217939341,114513,29,3,4897,30061302,85,29.00,24.68,

08/06/2024,22:12:26.43,08/07/2024,05:12:24.000,377058907,-1217939676,114361,29,3,2819,30094098,85,28.83,24.83,

08/06/2024,22:12:27.43,08/07/2024,05:12:25.000,377058981,-1217939825,114342,29,3,1032,30098190,85,28.62,24.84,

08/06/2024,22:12:28.43,08/07/2024,05:12:26.000,377058999,-1217939857,114301,29,3,69,30098190,85,28.55,24.89,

08/06/2024,22:12:29.42,08/07/2024,05:12:27.000,377059002,-1217939862,114270,29,3,39,30098190,85,28.48,24.91,

08/06/2024,22:12:30.42,08/07/2024,05:12:28.000,377059034,-1217939930,114223,29,3,967,30059540,85,28.32,24.92,

08/06/2024,22:12:31.42,08/07/2024,05:12:29.000,377059096,-1217940112,114170,29,3,2086,29237522,85,28.30,24.95,

08/06/2024,22:12:32.42,08/07/2024,05:12:30.000,377059117,-1217940400,114109,29,3,2793,27374232,85,28.03,24.99,

08/06/2024,22:12:33.42,08/07/2024,05:12:31.000,377058997,-1217940703,113945,29,3,3207,23817326,85,28.05,24.93,

08/06/2024,22:12:34.42,08/07/2024,05:12:32.000,377058751,-1217940872,113887,27,3,3282,20353182,91,28.25,24.96,

08/06/2024,22:12:35.42,08/07/2024,05:12:33.000,377058472,-1217940837,113929,28,3,3323,17007962,89,28.11,25.17,

08/06/2024,22:12:36.42,08/07/2024,05:12:35.000,377058000,-1217940234,114267,28,3,4405,12304198,89,27.93,25.23,

08/06/2024,22:12:38.39,08/07/2024,05:12:36.000,377057777,-1217939727,114384,29,3,5462,11974736,85,27.81,25.27,

08/06/2024,22:12:39.44,08/07/2024,05:12:36.000,377057209,-1217938421,114507,29,3,7290,11853818,85,27.78,25.29,

08/06/2024,22:12:41.42,08/07/2024,05:12:38.000,377056876,-1217937626,114508,29,3,8178,11769742,85,27.77,25.33,

08/06/2024,22:12:42.42,08/07/2024,05:12:39.000,377056518,-1217936741,114463,29,3,8959,11717780,85,27.77,25.37,

08/06/2024,22:12:43.42,08/07/2024,05:12:40.000,377056133,-1217935789,114451,29,3,9573,11723922,85,27.75,25.24,

08/06/2024,22:12:44.41,08/07/2024,05:12:41.000,377055729,-1217934773,114421,29,3,10188,11671524,85,27.88,25.26,

08/06/2024,22:12:45.41,08/07/2024,05:12:42.000,377055301,-1217933697,114470,29,3,10773,11681082,85,27.87,25.17,

08/06/2024,22:12:46.41,08/07/2024,05:12:43.000,377054858,-1217932587,114573,29,3,11011,11690546,85,27.80,25.06,

08/06/2024,22:12:47.41,08/07/2024,05:12:44.000,377054395,-1217931470,114707,29,3,11101,11814684,85,28.03,25.08,

08/06/2024,22:12:48.46,08/07/2024,05:12:45.000,377053903,-1217930351,114881,29,3,11346,11948126,85,27.92,25.01,

08/06/2024,22:12:49.46,08/07/2024,05:12:46.000,377053375,-1217929214,115103,29,3,11704,12074606,85,28.05,24.94,

08/06/2024,22:12:50.46,08/07/2024,05:12:47.000,377052816,-1217928054,115294,29,3,12072,12157536,85,28.24,24.80,

08/06/2024,22:12:51.46,08/07/2024,05:12:48.000,377052230,-1217926876,115555,29,3,12339,12237024,85,28.24,24.85,

08/06/2024,22:12:52.46,08/07/2024,05:12:49.000,377051001,-1217924494,115919,29,3,12534,12359914,85,28.37,24.87,

08/06/2024,22:12:54.43,08/07/2024,05:12:51.000,377050372,-1217923318,116143,29,3,12490,12432626,85,28.19,24.79,

08/06/2024,22:12:55.43,08/07/2024,05:12:52.000,377049741,-1217922155,116348,29,3,12395,12458542,85,28.27,24.86,

08/06/2024,22:12:56.43,08/07/2024,05:12:53.000,377049120,-1217920994,116526,29,3,12336,12401144,85,28.34,24.80,

08/06/2024,22:12:57.43,08/07/2024,05:12:54.000,377048502,-1217919828,116726,29,3,12389,12373024,85,27.96,24.78,

08/06/2024,22:12:58.43,08/07/2024,05:12:55.000,377047886,-1217918656,116869,29,3,12398,12351624,85,28.17,24.81,

08/06/2024,22:12:59.42,08/07/2024,05:12:56.000,377047265,-1217917494,117015,29,3,12352,12438134,85,28.04,24.98,

08/06/2024,22:13:00.42,08/07/2024,05:12:57.000,377046640,-1217916345,117126,29,3,12273,12454260,85,28.03,24.82,

08/06/2024,22:13:01.42,08/07/2024,05:12:58.000,377046014,-1217915204,117233,29,3,12246,12466474,85,27.84,24.94,

08/06/2024,22:13:02.42,08/07/2024,05:12:59.000,377045390,-1217914062,117324,29,3,12257,12456016,85,27.79,24.81,

08/06/2024,22:13:03.42,08/07/2024,05:13:00.000,377044757,-1217912926,117321,30,3,12279,12533758,82,27.88,24.99,

08/06/2024,22:13:04.42,08/07/2024,05:13:01.000,377044113,-1217911793,117308,30,3,12336,12561946,82,27.70,24.95,

08/06/2024,22:13:05.42,08/07/2024,05:13:02.000,377043467,-1217910653,117283,30,3,12406,12551930,82,27.76,25.05,

08/06/2024,22:13:06.42,08/07/2024,05:13:03.000,377042822,-1217909509,117222,30,3,12413,12534300,82,27.60,25.01,

08/06/2024,22:13:07.42,08/07/2024,05:13:04.000,377042175,-1217908373,117134,29,3,12346,12584272,85,27.54,25.02,

08/06/2024,22:13:08.41,08/07/2024,05:13:05.000,377041526,-1217907242,117084,29,3,12297,12584668,85,27.54,24.87,

08/06/2024,22:13:09.41,08/07/2024,05:13:06.000,377040874,-1217906112,117038,29,3,12352,12604272,85,27.53,24.93,

08/06/2024,22:13:10.41,08/07/2024,05:13:07.000,377040210,-1217904966,117037,29,3,12585,12614688,85,27.62,24.87,

08/06/2024,22:13:11.41,08/07/2024,05:13:08.000,377039535,-1217903798,116914,29,3,12822,12604656,85,27.52,24.85,

08/06/2024,22:13:12.46,08/07/2024,05:13:09.000,377038848,-1217902614,116808,30,3,13010,12625786,82,27.61,24.72,

08/06/2024,22:13:13.46,08/07/2024,05:13:10.000,377038153,-1217901423,116691,30,3,13075,12636158,82,27.62,24.76,

08/06/2024,22:13:14.46,08/07/2024,05:13:11.000,377037458,-1217900249,116555,30,3,12885,12684836,82,27.61,24.81,

08/06/2024,22:13:15.46,08/07/2024,05:13:12.000,377036755,-1217899111,116435,30,3,12633,12838256,82,27.79,24.73,

08/06/2024,22:13:16.46,08/07/2024,05:13:13.000,377036061,-1217898069,116355,30,3,11712,13075176,82,27.73,24.66,

08/06/2024,22:13:17.46,08/07/2024,05:13:14.000,377035399,-1217897177,116318,30,3,10389,13439742,82,27.79,24.69,

08/06/2024,22:13:18.46,08/07/2024,05:13:15.000,377034825,-1217896434,116232,30,3,8605,13425282,82,27.77,24.73,

08/06/2024,22:13:19.46,08/07/2024,05:13:16.000,377034377,-1217895835,116204,30,3,6693,13273260,82,27.85,24.61,

08/06/2024,22:13:20.45,08/07/2024,05:13:17.000,377034058,-1217895373,116268,30,3,4853,13017816,82,27.84,24.81,

08/06/2024,22:13:21.45,08/07/2024,05:13:18.000,377033852,-1217895039,116318,30,3,3220,12691876,82,27.76,24.78,

08/06/2024,22:13:22.45,08/07/2024,05:13:19.000,377033740,-1217894834,116329,30,3,1726,12508360,82,27.96,24.72,

08/06/2024,22:13:23.45,08/07/2024,05:13:20.000,377033678,-1217894713,116291,30,3,1047,12447192,82,27.88,24.76,

08/06/2024,22:13:24.45,08/07/2024,05:13:21.000,377033621,-1217894600,116279,30,3,1226,12243970,82,27.82,24.73,

08/06/2024,22:13:25.45,08/07/2024,05:13:22.000,377033530,-1217894396,116230,30,3,2416,11914674,82,27.94,24.74,

08/06/2024,22:13:26.45,08/07/2024,05:13:23.000,377033391,-1217894018,116194,30,3,4196,11423222,82,28.08,24.70,

08/06/2024,22:13:27.45,08/07/2024,05:13:24.000,377033208,-1217893452,116125,30,3,5913,11177248,82,27.87,24.76,

08/06/2024,22:13:28.45,08/07/2024,05:13:25.000,377032976,-1217892737,116074,30,3,7185,11235706,82,27.87,24.82,

08/06/2024,22:13:29.44,08/07/2024,05:13:26.000,377032698,-1217891902,115980,30,3,8311,11285556,82,27.79,24.77,

08/06/2024,22:13:30.44,08/07/2024,05:13:27.000,377032381,-1217890983,115855,30,3,9045,11380772,82,27.69,24.89,

08/06/2024,22:13:31.44,08/07/2024,05:13:28.000,377032026,-1217890013,115657,30,3,9597,11514242,82,27.67,24.91,

08/06/2024,22:13:32.44,08/07/2024,05:13:29.000,377031625,-1217889015,115465,30,3,9988,11739590,82,27.65,24.88,

08/06/2024,22:13:33.44,08/07/2024,05:13:30.000,377031185,-1217887994,115254,30,3,10343,11884858,82,27.52,24.92,

08/06/2024,22:13:34.44,08/07/2024,05:13:31.000,377030707,-1217886979,115031,30,3,10449,12131238,82,27.58,24.91,

08/06/2024,22:13:35.44,08/07/2024,05:13:32.000,377030198,-1217885974,114872,30,3,10514,12310862,82,27.58,25.05,

08/06/2024,22:13:36.44,08/07/2024,05:13:33.000,377029658,-1217884975,114738,30,3,10688,12483458,82,27.54,25.06,

08/06/2024,22:13:37.44,08/07/2024,05:13:34.000,377029087,-1217883981,114607,30,3,10859,12639198,82,27.48,25.02,

08/06/2024,22:13:38.43,08/07/2024,05:13:35.000,377028503,-1217882988,114466,30,3,10887,12649946,82,27.23,24.87,

08/06/2024,22:13:39.43,08/07/2024,05:13:36.000,377027920,-1217881994,114377,30,3,10883,12634822,82,27.43,24.91,

08/06/2024,22:13:40.43,08/07/2024,05:13:37.000,377027338,-1217880991,114322,30,3,10963,12613664,82,27.40,24.97,

08/06/2024,22:13:41.43,08/07/2024,05:13:38.000,377026751,-1217879980,114267,30,3,11063,12612556,82,27.55,25.01,

08/06/2024,22:13:42.43,08/07/2024,05:13:39.000,377026158,-1217878956,114231,30,3,11185,12597862,82,27.49,25.00,

08/06/2024,22:13:43.43,08/07/2024,05:13:40.000,377025562,-1217877926,114128,30,3,11243,12603334,82,27.51,25.06,

08/06/2024,22:13:44.43,08/07/2024,05:13:41.000,377024964,-1217876893,114046,30,3,11254,12603868,82,27.65,24.97,

08/06/2024,22:13:45.43,08/07/2024,05:13:42.000,377024369,-1217875863,113958,30,3,11208,12600568,82,27.54,24.98,

08/06/2024,22:13:46.43,08/07/2024,05:13:43.000,377023773,-1217874840,113947,30,3,11180,12618038,82,27.46,24.91,

08/06/2024,22:13:47.42,08/07/2024,05:13:44.000,377023180,-1217873821,113839,30,3,11131,12623712,82,27.58,24.87,

08/06/2024,22:13:48.42,08/07/2024,05:13:45.000,377022584,-1217872809,113713,30,3,11110,12673334,82,27.65,24.91,

08/06/2024,22:13:49.42,08/07/2024,05:13:46.000,377021987,-1217871802,113581,30,3,11062,12659188,82,27.66,24.80,

08/06/2024,22:13:50.42,08/07/2024,05:13:47.000,377021397,-1217870802,113505,30,3,10985,12649028,82,27.89,24.74,

08/06/2024,22:13:51.42,08/07/2024,05:13:48.000,377020806,-1217869804,113490,30,3,10956,12677598,82,27.78,24.78,

08/06/2024,22:13:52.42,08/07/2024,05:13:49.000,377020217,-1217868816,113461,30,3,10864,12685492,82,27.88,24.66,

08/06/2024,22:13:53.42,08/07/2024,05:13:50.000,377019621,-1217867853,113476,30,3,10731,12825772,82,28.03,24.57,

08/06/2024,22:13:54.42,08/07/2024,05:13:51.000,377019017,-1217866871,113530,30,3,10609,12962150,82,28.04,24.47,

08/06/2024,22:13:55.47,08/07/2024,05:13:52.000,377018395,-1217865956,113599,30,3,10459,13138060,82,28.19,24.57,

08/06/2024,22:13:56.47,08/07/2024,05:13:53.000,377017756,-1217865068,113644,30,3,10425,13322262,82,27.82,24.44,

08/06/2024,22:13:57.47,08/07/2024,05:13:54.000,377017103,-1217864215,113760,30,3,10430,13472864,82,28.21,24.42,

08/06/2024,22:13:58.47,08/07/2024,05:13:55.000,377016431,-1217863392,113904,30,3,10415,13653204,82,27.94,24.44,

08/06/2024,22:13:59.47,08/07/2024,05:13:56.000,377015739,-1217862594,114008,30,3,10449,13836580,82,28.26,24.43,

08/06/2024,22:14:00.47,08/07/2024,05:13:57.000,377015018,-1217861820,114134,30,3,10532,14020918,82,28.18,24.40,

08/06/2024,22:14:01.47,08/07/2024,05:13:58.000,377014276,-1217861070,114321,30,3,10555,14191674,82,28.32,24.39,

08/06/2024,22:14:02.46,08/07/2024,05:13:59.000,377013520,-1217860351,114481,30,3,10497,14362400,82,28.26,24.50,

08/06/2024,22:14:03.46,08/07/2024,05:14:00.000,377012756,-1217859673,114696,30,3,10379,14557760,82,28.19,24.41,

08/06/2024,22:14:04.46,08/07/2024,05:14:01.000,377011979,-1217859036,114875,30,3,10324,14739456,82,28.35,24.51,

08/06/2024,22:14:05.46,08/07/2024,05:14:02.000,377011182,-1217858424,115009,30,3,10367,14931560,82,28.33,24.53,

08/06/2024,22:14:06.46,08/07/2024,05:14:03.000,377010367,-1217857849,115160,30,3,10437,15148330,82,28.19,24.65,

08/06/2024,22:14:07.46,08/07/2024,05:14:04.000,377009526,-1217857310,115370,30,3,10530,15360222,82,28.22,24.67,

08/06/2024,22:14:08.46,08/07/2024,05:14:05.000,377008658,-1217856807,115496,30,3,10718,15597744,82,28.16,24.82,

08/06/2024,22:14:09.46,08/07/2024,05:14:06.000,377007757,-1217856328,115572,30,3,10955,15794374,82,27.91,25.01,

08/06/2024,22:14:10.46,08/07/2024,05:14:07.000,377006823,-1217855878,115602,30,3,11247,15974016,82,28.09,25.15,

08/06/2024,22:14:11.45,08/07/2024,05:14:08.000,377005853,-1217855452,115642,30,3,11506,16149004,82,27.93,25.18,

08/06/2024,22:14:12.45,08/07/2024,05:14:09.000,377004851,-1217855072,115746,30,3,11725,16386872,82,27.76,25.20,

08/06/2024,22:14:13.45,08/07/2024,05:14:10.000,377003823,-1217854805,115963,30,3,11871,16616850,82,27.64,25.33,

08/06/2024,22:14:14.45,08/07/2024,05:14:11.000,377002777,-1217854515,116049,30,3,11988,16834440,82,27.56,25.29,

08/06/2024,22:14:15.45,08/07/2024,05:14:12.000,377001689,-1217854291,115979,30,3,12163,17052164,82,27.52,25.40,

08/06/2024,22:14:16.45,08/07/2024,05:14:13.000,377000600,-1217854098,115940,29,3,12093,17215496,86,27.28,25.50,

08/06/2024,22:14:17.45,08/07/2024,05:14:14.000,376999518,-1217853929,115821,29,3,12000,17289856,86,27.07,25.53,

08/06/2024,22:14:18.45,08/07/2024,05:14:15.000,376998452,-1217853765,115572,29,3,11931,17324050,86,27.03,25.58,

08/06/2024,22:14:19.44,08/07/2024,05:14:16.000,376997383,-1217853607,115376,29,3,11917,17305218,86,26.86,25.76,

08/06/2024,22:14:20.44,08/07/2024,05:14:17.000,376996317,-1217853443,115005,29,3,11923,17291462,86,26.94,25.68,

08/06/2024,22:14:21.44,08/07/2024,05:14:18.000,376995248,-1217853265,114673,29,3,11969,17279922,86,26.92,25.92,

08/06/2024,22:14:22.44,08/07/2024,05:14:19.000,376994171,-1217853091,114412,29,3,12050,17292354,86,26.80,25.87,

08/06/2024,22:14:23.44,08/07/2024,05:14:20.000,376993081,-1217852927,114012,29,3,12239,17320724,86,26.64,26.01,

08/06/2024,22:14:24.44,08/07/2024,05:14:21.000,376991971,-1217852769,113534,29,3,12452,17378072,86,26.81,25.84,

08/06/2024,22:14:25.44,08/07/2024,05:14:22.000,376990848,-1217852626,113011,29,3,12568,17447668,86,26.47,25.72,

08/06/2024,22:14:26.44,08/07/2024,05:14:23.000,376989715,-1217852506,112365,29,3,12687,17562408,86,26.59,25.76,

08/06/2024,22:14:27.44,08/07/2024,05:14:24.000,376988565,-1217852413,111652,29,3,12828,17657954,86,26.62,25.84,

08/06/2024,22:14:28.44,08/07/2024,05:14:25.000,376987402,-1217852333,110839,29,3,13003,17708760,86,26.68,25.89,

08/06/2024,22:14:29.43,08/07/2024,05:14:26.000,376986222,-1217852249,110043,29,3,13191,17680308,86,26.60,25.96,

08/06/2024,22:14:30.43,08/07/2024,05:14:27.000,376985028,-1217852161,109329,29,3,13336,17663094,86,26.68,25.97,

08/06/2024,22:14:31.43,08/07/2024,05:14:28.000,376983822,-1217852069,108679,29,3,13449,17649028,86,26.69,25.95,

08/06/2024,22:14:32.43,08/07/2024,05:14:29.000,376982607,-1217851973,108036,29,3,13560,17629988,86,26.93,25.95,

08/06/2024,22:14:33.43,08/07/2024,05:14:30.000,376981384,-1217851870,107519,29,3,13632,17613146,86,26.98,26.09,

08/06/2024,22:14:34.43,08/07/2024,05:14:31.000,376980159,-1217851767,107058,29,3,13631,17624442,86,26.70,25.88,

08/06/2024,22:14:35.43,08/07/2024,05:14:32.000,376978939,-1217851647,106684,29,3,13587,17538362,86,26.95,25.96,

08/06/2024,22:14:36.43,08/07/2024,05:14:33.000,376977728,-1217851499,106362,29,3,13484,17427046,86,27.02,25.89,

08/06/2024,22:14:37.43,08/07/2024,05:14:34.000,376977728,-1217851499,105531,29,3,12968,17311932,86,27.15,25.76,

08/06/2024,22:14:40.42,08/07/2024,05:14:37.000,376974177,-1217850976,105462,29,3,12718,17303468,86,27.16,25.93,

08/06/2024,22:14:41.42,08/07/2024,05:14:38.000,376973033,-1217850799,105391,29,3,12449,17304572,86,27.41,25.94,

08/06/2024,22:14:42.42,08/07/2024,05:14:39.000,376971912,-1217850628,105336,29,3,12153,17300422,86,27.42,26.04,

08/06/2024,22:14:43.42,08/07/2024,05:14:40.000,376970817,-1217850461,105382,29,3,11804,17272674,86,27.43,25.94,

08/06/2024,22:14:44.42,08/07/2024,05:14:41.000,376969752,-1217850295,105382,29,3,11113,17174842,86,27.40,25.89,

08/06/2024,22:14:46.39,08/07/2024,05:14:43.000,376967723,-1217849943,105668,29,3,10772,16968316,86,27.43,25.93,

08/06/2024,22:14:47.44,08/07/2024,05:14:44.000,376966761,-1217849735,105748,29,3,10637,16758454,86,27.60,25.94,

08/06/2024,22:14:48.44,08/07/2024,05:14:45.000,376965821,-1217849485,105846,29,3,10542,16487392,86,27.53,26.01,

08/06/2024,22:14:49.44,08/07/2024,05:14:46.000,376964899,-1217849186,105893,29,3,10465,16244204,86,27.54,26.12,

08/06/2024,22:14:50.44,08/07/2024,05:14:47.000,376963997,-1217848838,105964,30,3,10545,15869866,82,27.33,25.95,

08/06/2024,22:14:51.44,08/07/2024,05:14:48.000,376963109,-1217848424,106025,30,3,10675,15463110,82,27.46,26.07,

08/06/2024,22:14:52.44,08/07/2024,05:14:49.000,376962241,-1217847926,105995,30,3,10790,15059694,82,27.56,25.93,

08/06/2024,22:14:53.44,08/07/2024,05:14:50.000,376961389,-1217847345,105987,30,3,10788,14726676,82,27.68,25.86,

08/06/2024,22:14:54.43,08/07/2024,05:14:51.000,376960567,-1217846697,105991,30,3,10719,14459490,82,27.66,25.90,

08/06/2024,22:14:55.43,08/07/2024,05:14:52.000,376959772,-1217846002,105915,30,3,10652,14153048,82,27.85,25.80,

08/06/2024,22:14:56.43,08/07/2024,05:14:53.000,376959010,-1217845260,105835,30,3,10691,13800618,82,27.94,25.82,

08/06/2024,22:14:57.43,08/07/2024,05:14:54.000,376958285,-1217844463,105886,30,3,10628,13421060,82,27.80,25.87,

08/06/2024,22:14:58.43,08/07/2024,05:14:55.000,376957605,-1217843612,105886,30,3,10714,13140070,82,28.08,25.78,

08/06/2024,22:14:59.43,08/07/2024,05:14:56.000,376956959,-1217842714,105849,30,3,10862,13039122,82,28.04,25.80,

08/06/2024,22:15:00.43,08/07/2024,05:14:57.000,376956324,-1217841782,105878,30,3,11082,13025400,82,27.94,25.80,

08/06/2024,22:15:01.43,08/07/2024,05:14:58.000,376955683,-1217840827,105927,30,3,11174,13013562,82,28.13,25.84,

08/06/2024,22:15:02.43,08/07/2024,05:14:59.000,376955035,-1217839862,105863,30,3,11157,12999556,82,28.05,25.78,

08/06/2024,22:15:03.43,08/07/2024,05:15:00.000,376954390,-1217838895,105772,30,3,11127,12978650,82,28.14,25.72,

08/06/2024,22:15:04.43,08/07/2024,05:15:01.000,376953747,-1217837927,105590,30,3,10865,12999070,82,28.22,25.79,

08/06/2024,22:15:05.42,08/07/2024,05:15:02.000,376953114,-1217836976,105559,30,3,10697,12956152,82,27.97,25.76,

08/06/2024,22:15:06.42,08/07/2024,05:15:03.000,376952496,-1217836038,105721,30,3,10703,12920674,82,28.07,25.65,

08/06/2024,22:15:07.42,08/07/2024,05:15:04.000,376951887,-1217835099,105788,30,3,10794,12952772,82,27.97,25.60,

08/06/2024,22:15:08.42,08/07/2024,05:15:05.000,376951274,-1217834161,105682,30,3,10879,12915520,82,27.93,25.72,

08/06/2024,22:15:09.42,08/07/2024,05:15:06.000,376950657,-1217833210,105676,29,3,10825,12907650,83,27.88,25.69,

08/06/2024,22:15:10.42,08/07/2024,05:15:07.000,376950040,-1217832255,105626,29,3,10790,12887800,83,27.89,25.76,

08/06/2024,22:15:11.42,08/07/2024,05:15:08.000,376949428,-1217831301,105683,30,3,10716,12789992,82,27.90,25.82,

08/06/2024,22:15:12.42,08/07/2024,05:15:09.000,376948830,-1217830342,105772,29,3,10576,12787378,84,27.70,25.90,

08/06/2024,22:15:13.42,08/07/2024,05:15:10.000,376948244,-1217829391,105850,30,3,10358,12805210,82,27.85,25.84,

08/06/2024,22:15:14.42,08/07/2024,05:15:11.000,376947665,-1217828458,105917,30,3,10233,12874182,82,27.71,25.96,

08/06/2024,22:15:15.42,08/07/2024,05:15:12.000,376947089,-1217827549,105973,30,3,10240,13026762,82,27.91,25.99,

08/06/2024,22:15:16.42,08/07/2024,05:15:13.000,376946498,-1217826658,105943,30,3,10393,12806594,82,27.84,25.76,

08/06/2024,22:15:17.41,08/07/2024,05:15:14.000,376945914,-1217825741,106040,30,3,10539,12793700,82,27.79,25.89,

08/06/2024,22:15:18.41,08/07/2024,05:15:15.000,376945335,-1217824796,106169,30,3,10624,12765558,82,27.83,25.83,

08/06/2024,22:15:19.41,08/07/2024,05:15:16.000,376944748,-1217823843,106306,30,3,10604,12712416,82,27.84,25.81,

08/06/2024,22:15:20.41,08/07/2024,05:15:17.000,376944170,-1217822883,106505,30,3,10512,12667476,82,27.88,25.93,

08/06/2024,22:15:21.41,08/07/2024,05:15:18.000,376943598,-1217821924,106643,30,3,10491,12505736,82,27.84,25.98,

08/06/2024,22:15:22.41,08/07/2024,05:15:19.000,376943050,-1217820950,106799,29,3,10662,12316640,86,27.93,26.00,

08/06/2024,22:15:23.41,08/07/2024,05:15:20.000,376942522,-1217819941,106934,29,3,10847,12236160,86,28.15,25.97,

08/06/2024,22:15:24.47,08/07/2024,05:15:21.000,376941997,-1217818911,106991,29,3,11018,12202992,86,28.01,25.94,

08/06/2024,22:15:25.47,08/07/2024,05:15:22.000,376941474,-1217817849,107007,29,3,11085,12104618,86,27.76,25.86,

08/06/2024,22:15:26.47,08/07/2024,05:15:23.000,376940955,-1217816773,107125,29,3,11146,12083114,84,28.00,26.13,

08/06/2024,22:15:27.47,08/07/2024,05:15:24.000,376940443,-1217815685,107138,30,3,11124,12102990,82,27.88,26.04,

08/06/2024,22:15:28.46,08/07/2024,05:15:25.000,376939932,-1217814600,107002,30,3,11215,12221722,82,27.80,26.08,

08/06/2024,22:15:29.46,08/07/2024,05:15:26.000,376939400,-1217813520,107042,30,3,11459,12286502,82,27.84,26.05,

08/06/2024,22:15:30.46,08/07/2024,05:15:27.000,376938846,-1217812429,107066,30,3,11645,12432666,82,27.82,26.07,

08/06/2024,22:15:31.46,08/07/2024,05:15:28.000,376938260,-1217811332,107102,30,3,11532,12594504,82,27.69,25.99,

08/06/2024,22:15:32.46,08/07/2024,05:15:29.000,376937656,-1217810262,107144,29,3,11208,12644864,84,27.72,26.02,

08/06/2024,22:15:33.46,08/07/2024,05:15:30.000,376937051,-1217809228,107167,28,3,10932,12435414,88,27.79,26.07,

08/06/2024,22:15:34.46,08/07/2024,05:15:31.000,376936481,-1217808203,107228,28,3,10771,12302540,88,27.91,25.91,

08/06/2024,22:15:35.46,08/07/2024,05:15:32.000,376935944,-1217807179,107279,28,3,10797,12229864,88,27.76,25.91,

08/06/2024,22:15:36.46,08/07/2024,05:15:33.000,376935420,-1217806150,107279,28,3,10821,12137498,88,27.83,25.91,

08/06/2024,22:15:37.46,08/07/2024,05:15:34.000,376934907,-1217805109,107313,29,3,10838,12197658,84,27.91,25.86,

08/06/2024,22:15:38.46,08/07/2024,05:15:35.000,376934392,-1217804067,107371,29,3,10686,12155462,84,28.05,25.80,

08/06/2024,22:15:39.46,08/07/2024,05:15:36.000,376933883,-1217803033,107419,29,3,10610,12161934,84,28.04,25.76,

08/06/2024,22:15:40.45,08/07/2024,05:15:37.000,376933381,-1217802007,107500,28,3,10634,12111070,89,27.96,25.93,

08/06/2024,22:15:41.45,08/07/2024,05:15:38.000,376932884,-1217800980,107539,29,3,10702,12123496,84,28.09,25.93,

08/06/2024,22:15:42.45,08/07/2024,05:15:39.000,376932385,-1217799948,107467,29,3,10772,12143460,84,28.02,25.79,

08/06/2024,22:15:43.45,08/07/2024,05:15:40.000,376931880,-1217798909,107426,29,3,10808,12129666,84,27.86,25.76,

08/06/2024,22:15:44.45,08/07/2024,05:15:41.000,376931374,-1217797864,107459,30,3,10941,12183770,82,28.15,25.87,

08/06/2024,22:15:45.45,08/07/2024,05:15:42.000,376930857,-1217796813,107461,30,3,11113,12193258,82,28.17,26.00,

08/06/2024,22:15:46.45,08/07/2024,05:15:43.000,376930328,-1217795750,107487,30,3,11109,12200638,82,28.11,25.86,

08/06/2024,22:15:47.45,08/07/2024,05:15:44.000,376929795,-1217794684,107570,30,3,10953,12192796,82,28.02,26.00,

08/06/2024,22:15:48.45,08/07/2024,05:15:45.000,376929268,-1217793626,107785,29,3,10898,12161098,84,28.00,25.84,

08/06/2024,22:15:49.45,08/07/2024,05:15:46.000,376928749,-1217792574,107868,29,3,10724,12237500,84,28.05,25.86,

08/06/2024,22:15:50.45,08/07/2024,05:15:47.000,376928229,-1217791541,107960,29,3,10605,12257636,84,27.91,25.84,

08/06/2024,22:15:51.45,08/07/2024,05:15:48.000,376927711,-1217790522,108018,29,3,10436,12176862,84,28.00,25.80,

08/06/2024,22:15:52.45,08/07/2024,05:15:49.000,376927209,-1217789516,108125,29,3,10234,12064420,84,28.21,25.75,

08/06/2024,22:15:53.44,08/07/2024,05:15:50.000,376926731,-1217788517,108194,29,3,10212,12184642,84,28.32,25.65,

08/06/2024,22:15:55.42,08/07/2024,05:15:52.000,376925770,-1217786520,108504,29,3,10289,12545702,85,28.68,25.62,

08/06/2024,22:15:56.47,08/07/2024,05:15:53.000,376925195,-1217785477,108418,28,3,10268,12171712,84,28.61,25.65,

08/06/2024,22:15:57.47,08/07/2024,05:15:54.000,376924694,-1217784462,108547,29,3,10247,12102968,86,28.64,25.69,

08/06/2024,22:15:58.47,08/07/2024,05:15:55.000,376924217,-1217783447,108569,28,3,10412,12129874,84,28.71,25.73,

08/06/2024,22:15:59.47,08/07/2024,05:15:56.000,376923732,-1217782433,108741,29,3,10194,12141836,85,28.70,25.85,

08/06/2024,22:16:00.47,08/07/2024,05:15:57.000,376923251,-1217781432,108906,28,3,10104,12079682,84,28.38,25.74,

08/06/2024,22:16:01.47,08/07/2024,05:15:58.000,376922785,-1217780447,108832,29,3,10124,12063252,84,28.31,25.77,

08/06/2024,22:16:02.47,08/07/2024,05:15:59.000,376922323,-1217779459,108874,29,3,10072,12212604,85,28.59,25.80,

08/06/2024,22:16:03.47,08/07/2024,05:16:00.000,376921853,-1217778488,108985,28,3,9941,12177660,84,28.23,25.83,

08/06/2024,22:16:04.46,08/07/2024,05:16:01.000,376921377,-1217777531,109068,29,3,9951,12160954,84,28.19,25.76,

08/06/2024,22:16:05.46,08/07/2024,05:16:02.000,376920911,-1217776573,108950,29,3,9912,12080838,85,28.24,25.91,

08/06/2024,22:16:06.46,08/07/2024,05:16:03.000,376920450,-1217775611,109232,28,3,10044,12156334,84,28.39,25.90,

08/06/2024,22:16:07.46,08/07/2024,05:16:04.000,376919984,-1217774642,109297,29,3,10396,12250518,89,28.36,25.95,

08/06/2024,22:16:08.46,08/07/2024,05:16:05.000,376919486,-1217773654,109440,28,3,10634,12229506,84,27.96,25.78,

08/06/2024,22:16:09.46,08/07/2024,05:16:06.000,376918976,-1217772643,109530,29,3,10670,12275694,85,28.26,25.89,

08/06/2024,22:16:10.46,08/07/2024,05:16:07.000,376918460,-1217771627,109504,28,3,10599,12212734,84,28.24,25.85,

08/06/2024,22:16:11.46,08/07/2024,05:16:08.000,376917948,-1217770609,109615,29,3,10540,12121406,84,28.36,25.98,

08/06/2024,22:16:12.46,08/07/2024,05:16:09.000,376917448,-1217769592,109614,29,3,10548,12118634,84,28.32,25.91,

08/06/2024,22:16:13.46,08/07/2024,05:16:10.000,376916950,-1217768571,109748,29,3,10394,11969886,86,28.18,26.00,

08/06/2024,22:16:14.46,08/07/2024,05:16:11.000,376916479,-1217767547,109871,28,3,10096,11948890,86,28.21,25.98,

08/06/2024,22:16:15.46,08/07/2024,05:16:12.000,376916029,-1217766547,110175,28,3,9592,11892338,86,28.20,25.80,

08/06/2024,22:16:16.46,08/07/2024,05:16:13.000,376915599,-1217765591,110363,28,3,9364,11729710,84,28.08,25.90,

08/06/2024,22:16:17.46,08/07/2024,05:16:14.000,376915207,-1217764646,110575,29,3,8693,11600266,86,28.14,25.87,

08/06/2024,22:16:18.45,08/07/2024,05:16:15.000,376914845,-1217763746,110885,28,3,7757,11727634,84,28.10,25.83,

08/06/2024,22:16:19.45,08/07/2024,05:16:16.000,376914520,-1217762936,110907,29,3,7191,12249224,84,28.02,25.85,

08/06/2024,22:16:20.45,08/07/2024,05:16:17.000,376914177,-1217762228,110785,29,3,7275,13367266,89,28.21,25.91,

08/06/2024,22:16:21.45,08/07/2024,05:16:18.000,376913757,-1217761611,110846,28,3,8507,15574622,91,28.09,25.95,

08/06/2024,22:16:23.43,08/07/2024,05:16:20.000,376912546,-1217760678,110845,27,3,9081,15716400,83,27.92,25.88,

08/06/2024,22:16:24.43,08/07/2024,05:16:21.000,376911813,-1217760282,110711,30,3,9591,15653944,88,28.00,25.92,

08/06/2024,22:16:25.43,08/07/2024,05:16:22.000,376911036,-1217759858,110758,29,3,9680,15533922,83,28.00,25.93,

08/06/2024,22:16:26.42,08/07/2024,05:16:23.000,376910247,-1217759407,110518,30,3,9460,15776966,83,27.99,25.84,

08/06/2024,22:16:27.42,08/07/2024,05:16:24.000,376909457,-1217758984,110498,30,3,8981,15877056,83,28.00,25.92,

08/06/2024,22:16:28.42,08/07/2024,05:16:25.000,376908696,-1217758601,110492,30,3,7806,15929990,83,28.00,25.75,

08/06/2024,22:16:29.42,08/07/2024,05:16:26.000,376908011,-1217758269,110575,30,3,5933,15927408,83,28.18,25.90,

08/06/2024,22:16:30.42,08/07/2024,05:16:27.000,376907466,-1217758005,110697,30,3,3666,15964814,83,28.15,25.82,

08/06/2024,22:16:31.42,08/07/2024,05:16:28.000,376907105,-1217757831,110730,30,3,1565,15953124,83,28.21,25.76,

08/06/2024,22:16:32.42,08/07/2024,05:16:29.000,376906924,-1217757742,110804,30,3,794,16064748,83,28.15,25.81,

08/06/2024,22:16:33.42,08/07/2024,05:16:30.000,376906843,-1217757705,110803,30,3,2266,16002116,83,28.33,25.85,

08/06/2024,22:16:34.48,08/07/2024,05:16:31.000,376906686,-1217757693,111149,30,3,4317,16036140,83,28.43,25.75,

08/06/2024,22:16:35.47,08/07/2024,05:16:32.000,376906375,-1217757565,111163,30,3,6106,16041840,83,28.44,25.80,

08/06/2024,22:16:36.47,08/07/2024,05:16:33.000,376905906,-1217757364,111344,30,3,7270,15881316,83,28.40,25.89,

08/06/2024,22:16:37.47,08/07/2024,05:16:34.000,376905320,-1217757090,111250,30,3,8137,15885338,83,28.40,25.81,

08/06/2024,22:16:38.47,08/07/2024,05:16:35.000,376904663,-1217756759,111325,30,3,8137,15899320,83,28.42,25.83,

08/06/2024,22:16:40.51,08/07/2024,05:16:37.000,376903267,-1217756068,111578,30,3,8515,15894716,83,28.55,25.83,

08/06/2024,22:16:41.51,08/07/2024,05:16:38.000,376902546,-1217755713,111693,30,3,8664,15938014,83,28.62,25.91,

08/06/2024,22:16:42.51,08/07/2024,05:16:39.000,376901812,-1217755357,111817,30,3,8774,15981584,83,28.31,25.88,

08/06/2024,22:16:43.51,08/07/2024,05:16:40.000,376901057,-1217754999,111973,30,3,8968,15975488,83,28.60,25.91,

08/06/2024,22:16:44.51,08/07/2024,05:16:41.000,376900284,-1217754635,112135,30,3,9221,16014840,83,28.55,25.84,

08/06/2024,22:16:45.51,08/07/2024,05:16:42.000,376899483,-1217754262,112322,30,3,9592,15994090,83,28.53,25.83,

08/06/2024,22:16:46.51,08/07/2024,05:16:43.000,376898662,-1217753880,112440,30,3,9740,15996934,83,28.58,25.79,

08/06/2024,22:16:47.51,08/07/2024,05:16:44.000,376897835,-1217753494,112556,30,3,9791,16072104,83,28.78,25.82,

08/06/2024,22:16:48.51,08/07/2024,05:16:45.000,376897006,-1217753118,112604,30,3,9787,15970338,83,28.81,25.80,

08/06/2024,22:16:49.51,08/07/2024,05:16:46.000,376896177,-1217752731,112692,30,3,9793,15971150,83,28.80,25.86,

08/06/2024,22:16:50.51,08/07/2024,05:16:47.000,376895353,-1217752345,112649,30,3,9751,15996626,83,28.74,25.79,

08/06/2024,22:16:51.51,08/07/2024,05:16:48.000,376894527,-1217751958,112826,30,3,9753,15944436,83,28.76,25.83,

08/06/2024,22:16:52.51,08/07/2024,05:16:49.000,376893700,-1217751567,112953,30,3,9787,15862460,83,28.88,25.71,

08/06/2024,22:16:53.51,08/07/2024,05:16:50.000,376892875,-1217751161,113011,30,3,9834,15870316,83,28.82,25.57,

08/06/2024,22:16:54.50,08/07/2024,05:16:51.000,376892051,-1217750755,113080,30,3,9829,15918702,83,29.11,25.64,

08/06/2024,22:16:55.50,08/07/2024,05:16:52.000,376891229,-1217750357,113114,30,3,9738,15947086,83,29.22,25.69,

08/06/2024,22:16:56.50,08/07/2024,05:16:53.000,376890418,-1217749971,113193,30,3,9579,16015906,83,29.16,25.57,

08/06/2024,22:16:57.50,08/07/2024,05:16:54.000,376889605,-1217749596,113235,30,3,9598,15953896,83,29.36,25.63,

08/06/2024,22:16:58.50,08/07/2024,05:16:55.000,376888787,-1217749214,113401,30,3,9587,15980094,83,29.26,25.58,

08/06/2024,22:16:59.50,08/07/2024,05:16:56.000,376887973,-1217748837,113489,30,3,9623,15846808,83,29.22,25.50,

08/06/2024,22:17:00.50,08/07/2024,05:16:57.000,376887167,-1217748439,113536,30,3,9559,15775176,83,29.44,25.58,

08/06/2024,22:17:01.50,08/07/2024,05:16:58.000,376886365,-1217748027,113638,30,3,9578,15889520,84,29.71,25.71,

08/06/2024,22:17:02.50,08/07/2024,05:16:59.000,376885555,-1217747624,113671,29,3,9676,15926254,83,29.89,25.70,

08/06/2024,22:17:03.50,08/07/2024,05:17:00.000,376884738,-1217747231,113705,30,3,9734,15949470,83,29.50,25.74,

08/06/2024,22:17:04.50,08/07/2024,05:17:01.000,376883907,-1217746834,113936,30,3,9880,15900596,83,29.49,25.79,

08/06/2024,22:17:05.50,08/07/2024,05:17:02.000,376883073,-1217746433,113989,30,3,9922,15916734,83,29.31,25.71,

08/06/2024,22:17:06.50,08/07/2024,05:17:03.000,376882222,-1217746024,114021,30,3,10179,15927164,86,29.25,25.75,

08/06/2024,22:17:07.50,08/07/2024,05:17:04.000,376881350,-1217745604,114050,29,3,10428,15972684,86,29.19,25.80,

08/06/2024,22:17:08.49,08/07/2024,05:17:05.000,376880453,-1217745183,114086,29,3,10673,15934398,86,28.89,25.81,

08/06/2024,22:17:09.49,08/07/2024,05:17:06.000,376879547,-1217744753,114186,29,3,10749,15970690,86,28.85,25.75,

08/06/2024,22:17:10.49,08/07/2024,05:17:07.000,376878638,-1217744327,114170,29,3,10753,15958232,86,28.86,25.83,

08/06/2024,22:17:11.49,08/07/2024,05:17:08.000,376877729,-1217743899,114179,29,3,10761,15935252,86,29.00,25.94,

08/06/2024,22:17:12.49,08/07/2024,05:17:09.000,376876823,-1217743473,114192,29,3,10692,15953746,86,28.98,25.95,

08/06/2024,22:17:13.49,08/07/2024,05:17:10.000,376875921,-1217743048,114199,29,3,10690,15956646,83,28.72,25.90,

08/06/2024,22:17:14.49,08/07/2024,05:17:11.000,376875021,-1217742625,114170,30,3,10657,15927822,83,28.64,25.95,

08/06/2024,22:17:15.49,08/07/2024,05:17:12.000,376874118,-1217742193,114240,30,3,10750,16004774,86,28.80,25.93,

08/06/2024,22:17:16.49,08/07/2024,05:17:13.000,376873201,-1217741763,114438,29,3,10910,15986062,83,28.59,25.89,

08/06/2024,22:17:17.49,08/07/2024,05:17:14.000,376872281,-1217741338,114544,30,3,10862,15946148,86,28.65,25.95,

08/06/2024,22:17:18.49,08/07/2024,05:17:15.000,376871365,-1217740904,114669,29,3,10846,15907624,87,28.52,25.91,

08/06/2024,22:17:19.49,08/07/2024,05:17:16.000,376870451,-1217740464,114643,28,3,10877,15982428,87,28.51,25.93,

08/06/2024,22:17:20.49,08/07/2024,05:17:17.000,376869535,-1217740031,114671,28,3,10841,15926754,86,28.43,25.91,

08/06/2024,22:17:21.49,08/07/2024,05:17:18.000,376868626,-1217739597,114816,29,3,10743,15960828,83,28.70,25.99,

08/06/2024,22:17:22.48,08/07/2024,05:17:19.000,376867722,-1217739165,114878,30,3,10724,15918944,83,28.68,25.99,

08/06/2024,22:17:23.48,08/07/2024,05:17:20.000,376866821,-1217738732,114981,30,3,10702,15961884,83,28.63,25.85,

08/06/2024,22:17:24.48,08/07/2024,05:17:21.000,376865918,-1217738304,115107,30,3,10725,15934632,83,28.45,25.88,

08/06/2024,22:17:25.48,08/07/2024,05:17:22.000,376865012,-1217737874,115192,30,3,10769,15973920,83,28.68,25.95,

08/06/2024,22:17:26.48,08/07/2024,05:17:23.000,376864098,-1217737447,115244,30,3,10816,15909804,83,28.59,25.95,

08/06/2024,22:17:27.48,08/07/2024,05:17:24.000,376863183,-1217737012,115426,30,3,10856,15973778,83,28.62,25.98,

08/06/2024,22:17:28.48,08/07/2024,05:17:25.000,376862266,-1217736578,115611,30,3,10868,15924328,83,28.64,25.94,

08/06/2024,22:17:29.48,08/07/2024,05:17:26.000,376861356,-1217736144,115698,30,3,10768,15958550,87,28.63,25.97,

08/06/2024,22:17:30.48,08/07/2024,05:17:27.000,376860452,-1217735716,115836,29,3,10686,15941588,87,28.71,25.84,

08/06/2024,22:17:31.48,08/07/2024,05:17:28.000,376859556,-1217735291,116010,29,3,10601,15956504,88,28.71,25.85,

08/06/2024,22:17:32.48,08/07/2024,05:17:29.000,376858668,-1217734876,115981,28,3,10492,16042934,88,28.52,25.87,

08/06/2024,22:17:33.48,08/07/2024,05:17:30.000,376857785,-1217734474,115869,28,3,10417,16042934,87,28.65,25.88,

08/06/2024,22:17:35.45,08/07/2024,05:17:32.000,376856036,-1217733664,115922,29,3,10254,15950392,87,28.46,26.01,

08/06/2024,22:17:36.45,08/07/2024,05:17:33.000,376855170,-1217733251,115974,29,3,10316,15955998,87,28.55,25.94,

08/06/2024,22:17:37.45,08/07/2024,05:17:34.000,376854302,-1217732838,115940,29,3,10317,15940088,87,28.55,25.93,

08/06/2024,22:17:38.45,08/07/2024,05:17:35.000,376853437,-1217732428,116057,29,3,10242,15951440,83,28.46,25.97,

08/06/2024,22:17:39.45,08/07/2024,05:17:36.000,376852585,-1217732020,116051,30,3,10085,15905866,83,28.29,25.99,

08/06/2024,22:17:40.45,08/07/2024,05:17:37.000,376851758,-1217731615,116191,30,3,9747,15871234,83,28.38,26.03,

08/06/2024,22:17:41.45,08/07/2024,05:17:38.000,376850962,-1217731227,116301,30,3,9370,15909722,83,28.36,26.01,

08/06/2024,22:17:42.45,08/07/2024,05:17:39.000,376850232,-1217730874,116437,29,3,8397,15918246,83,28.25,25.93,

08/06/2024,22:17:43.44,08/07/2024,05:17:40.000,376849592,-1217730565,116442,30,3,7285,15921726,83,28.08,25.96,

08/06/2024,22:17:44.44,08/07/2024,05:17:41.000,376849043,-1217730304,116468,30,3,6148,15945256,83,28.29,26.02,

08/06/2024,22:17:45.44,08/07/2024,05:17:42.000,376848600,-1217730090,116550,30,3,4888,15908986,83,28.14,26.04,

08/06/2024,22:17:46.44,08/07/2024,05:17:43.000,376848276,-1217729930,116586,30,3,3427,15850662,83,28.54,26.03,

08/06/2024,22:17:47.44,08/07/2024,05:17:44.000,376848074,-1217729834,116672,30,3,1941,15931538,83,28.49,26.04,

08/06/2024,22:17:48.44,08/07/2024,05:17:45.000,376847908,-1217729753,116745,30,3,1994,15895720,83,28.56,26.08,

08/06/2024,22:17:49.44,08/07/2024,05:17:46.000,376847650,-1217729627,116729,30,3,3544,15855050,83,28.47,26.08,

08/06/2024,22:17:50.44,08/07/2024,05:17:47.000,376847265,-1217729446,116792,30,3,5006,15965070,83,28.50,26.09,

08/06/2024,22:17:51.44,08/07/2024,05:17:48.000,376846764,-1217729220,116766,30,3,6301,16026472,83,28.27,26.12,

08/06/2024,22:17:52.44,08/07/2024,05:17:49.000,376846172,-1217728953,116733,30,3,7309,16047086,83,28.21,26.13,

08/06/2024,22:17:53.44,08/07/2024,05:17:50.000,376845519,-1217728655,116802,30,3,7889,16008696,83,28.35,26.29,

08/06/2024,22:17:54.44,08/07/2024,05:17:51.000,376844832,-1217728327,117014,30,3,8267,15906298,83,28.27,26.21,

08/06/2024,22:17:55.44,08/07/2024,05:17:52.000,376844133,-1217727993,117035,30,3,8310,15924462,83,28.28,26.22,

08/06/2024,22:17:56.44,08/07/2024,05:17:53.000,376843434,-1217727662,117133,29,3,8293,15969686,83,28.11,26.32,

08/06/2024,22:17:57.44,08/07/2024,05:17:54.000,376842715,-1217727323,117459,30,3,8592,15948260,83,28.29,26.34,

08/06/2024,22:17:58.43,08/07/2024,05:17:55.000,376841972,-1217726971,117678,30,3,8904,15957790,83,28.22,26.16,

08/06/2024,22:17:59.43,08/07/2024,05:17:56.000,376841220,-1217726616,117769,30,3,8939,15944744,83,28.11,26.33,

08/06/2024,22:18:00.43,08/07/2024,05:17:57.000,376840466,-1217726257,117876,30,3,8967,15932536,87,28.22,26.32,

08/06/2024,22:18:01.43,08/07/2024,05:17:58.000,376839706,-1217725897,117899,29,3,9043,15943650,87,28.04,26.39,

08/06/2024,22:18:02.43,08/07/2024,05:17:59.000,376838952,-1217725545,117848,29,3,8927,15994842,83,28.22,26.31,

08/06/2024,22:18:03.43,08/07/2024,05:18:00.000,376838209,-1217725205,117859,30,3,8746,16027854,83,28.11,26.31,

08/06/2024,22:18:04.43,08/07/2024,05:18:01.000,376837480,-1217724876,117941,30,3,8542,16036842,87,28.09,26.33,

08/06/2024,22:18:05.43,08/07/2024,05:18:02.000,376836756,-1217724561,117952,29,3,8487,16093546,87,28.00,26.40,

08/06/2024,22:18:06.43,08/07/2024,05:18:03.000,376836028,-1217724274,118000,29,3,8471,16331224,87,28.18,26.33,

08/06/2024,22:18:07.43,08/07/2024,05:18:04.000,376835269,-1217724013,118094,29,3,8833,16542960,83,27.92,26.35,

08/06/2024,22:18:08.43,08/07/2024,05:18:05.000,376834483,-1217723757,118201,30,3,9082,16567506,83,28.19,26.34,

08/06/2024,22:18:09.43,08/07/2024,05:18:07.000,376832877,-1217723217,118359,30,3,9188,16483844,83,28.27,26.37,

08/06/2024,22:18:10.43,08/07/2024,05:18:08.000,376832085,-1217722935,118489,30,3,9101,16418414,83,28.00,26.29,

08/06/2024,22:18:11.43,08/07/2024,05:18:09.000,376831301,-1217722644,118772,30,3,8977,16380104,83,28.27,26.25,

08/06/2024,22:18:12.43,08/07/2024,05:18:10.000,376830517,-1217722368,118926,29,3,8999,16483514,85,28.37,26.33,

08/06/2024,22:18:13.43,08/07/2024,05:18:11.000,376829749,-1217722104,118844,29,3,8762,16465854,85,28.42,26.27,

08/06/2024,22:18:14.42,08/07/2024,05:18:12.000,376829051,-1217721849,118965,28,3,7740,16389640,87,28.56,26.32,

08/06/2024,22:18:15.42,08/07/2024,05:18:13.000,376828452,-1217721633,119170,28,3,6516,16460946,89,28.57,26.24,

08/06/2024,22:18:16.42,08/07/2024,05:18:14.000,376827964,-1217721454,119190,28,3,5233,16367218,89,28.52,26.17,

08/06/2024,22:18:17.42,08/07/2024,05:18:15.000,376827599,-1217721304,119257,28,3,3823,16228426,89,28.67,26.27,

08/06/2024,22:18:18.42,08/07/2024,05:18:16.000,376827369,-1217721199,119433,29,3,2200,16123750,86,28.71,26.28,

08/06/2024,22:18:19.42,08/07/2024,05:18:17.000,376827262,-1217721154,119636,27,3,849,16143622,89,28.78,26.28,

08/06/2024,22:18:20.42,08/07/2024,05:18:18.000,376827211,-1217721127,119804,28,3,529,16184528,85,28.56,26.24,

08/06/2024,22:18:21.42,08/07/2024,05:18:19.000,376827174,-1217721112,119980,27,3,384,15875988,89,28.58,26.21,

08/06/2024,22:18:22.42,08/07/2024,05:18:20.000,376827155,-1217721111,119889,28,3,198,15875988,87,28.67,26.31,

08/06/2024,22:18:23.42,08/07/2024,05:18:21.000,376827147,-1217721107,120053,29,3,43,15875988,84,28.79,26.28,

08/06/2024,22:18:24.42,08/07/2024,05:18:22.000,376827145,-1217721105,120154,29,3,13,15875988,84,28.60,26.16,

08/06/2024,22:18:25.42,08/07/2024,05:18:23.000,376827145,-1217721107,120132,28,3,15,15875988,87,28.79,26.24,

08/06/2024,22:18:26.42,08/07/2024,05:18:24.000,376827145,-1217721109,120119,29,3,4,15875988,84,28.65,26.22,

08/06/2024,22:18:27.42,08/07/2024,05:18:25.000,376827143,-1217721111,120151,30,3,12,15875988,83,28.73,26.31,

08/06/2024,22:18:28.42,08/07/2024,05:18:26.000,376827141,-1217721117,120106,28,3,25,15875988,90,28.63,26.26,

08/06/2024,22:18:29.42,08/07/2024,05:18:27.000,376827137,-1217721119,120183,28,3,19,15875988,89,28.56,26.12,

08/06/2024,22:18:30.47,08/07/2024,05:18:28.000,376827135,-1217721122,120227,28,3,11,15875988,89,28.67,26.24,

08/06/2024,22:18:31.47,08/07/2024,05:18:29.000,376827133,-1217721129,120116,27,3,9,15875988,94,28.84,26.20,

08/06/2024,22:18:32.47,08/07/2024,05:18:30.000,376827130,-1217721133,120125,28,3,12,15875988,89,28.77,26.07,

08/06/2024,22:18:33.47,08/07/2024,05:18:32.000,376827089,-1217721126,119973,27,3,596,15910050,94,28.80,26.21,

08/06/2024,22:18:35.47,08/07/2024,05:18:33.000,376826925,-1217721065,119864,28,3,2432,16228794,89,28.82,26.30,

08/06/2024,22:18:36.47,08/07/2024,05:18:34.000,376826607,-1217720941,119672,28,3,4130,16177014,89,28.99,26.34,

08/06/2024,22:18:37.47,08/07/2024,05:18:35.000,376826170,-1217720767,119549,27,3,5474,16163394,94,28.93,26.22,

08/06/2024,22:18:38.47,08/07/2024,05:18:36.000,376825654,-1217720533,119731,28,3,6285,16077126,90,28.90,26.28,

08/06/2024,22:18:39.47,08/07/2024,05:18:37.000,376825073,-1217720271,119782,28,3,7033,15992082,90,28.96,26.23,

08/06/2024,22:18:40.47,08/07/2024,05:18:38.000,376824435,-1217719981,119775,28,3,7733,15925002,90,28.99,26.33,

08/06/2024,22:18:41.47,08/07/2024,05:18:39.000,376823757,-1217719651,119975,28,3,8234,15843318,90,29.02,26.47,

08/06/2024,22:18:42.46,08/07/2024,05:18:40.000,376823038,-1217719296,120205,29,3,8740,15785508,89,28.90,26.38,

08/06/2024,22:18:43.46,08/07/2024,05:18:41.000,376822280,-1217718934,120407,28,3,9103,15909536,90,28.87,26.40,

08/06/2024,22:18:44.46,08/07/2024,05:18:42.000,376821505,-1217718565,120738,26,3,9236,15896974,103,28.95,26.43,

08/06/2024,22:18:45.46,08/07/2024,05:18:43.000,376820722,-1217718192,120959,26,3,9307,15895498,103,29.12,26.45,

08/06/2024,22:18:46.46,08/07/2024,05:18:44.000,376819940,-1217717829,121122,25,3,9198,15993016,101,29.29,26.40,

08/06/2024,22:18:47.46,08/07/2024,05:18:45.000,376819153,-1217717486,121197,25,3,9258,16129504,101,29.24,26.32,

08/06/2024,22:18:48.46,08/07/2024,05:18:46.000,376818349,-1217717163,121267,27,3,9324,16232118,97,29.35,26.30,

08/06/2024,22:18:49.46,08/07/2024,05:18:47.000,376817541,-1217716847,121292,28,3,9334,16281360,95,29.54,26.30,

08/06/2024,22:18:50.46,08/07/2024,05:18:48.000,376816739,-1217716521,121191,28,3,9360,16132072,95,29.59,26.30,

08/06/2024,22:18:51.46,08/07/2024,05:18:49.000,376815943,-1217716185,121185,29,3,9303,16139434,87,29.74,26.25,

08/06/2024,22:18:52.46,08/07/2024,05:18:50.000,376815152,-1217715844,121155,24,3,9301,16095744,103,29.81,26.30,

08/06/2024,22:18:53.46,08/07/2024,05:18:52.000,376813574,-1217715160,121333,28,3,9195,16008372,89,29.82,26.27,

08/06/2024,22:18:55.44,08/07/2024,05:18:53.000,376812804,-1217714816,121407,28,3,9057,16017152,90,30.03,26.27,

08/06/2024,22:18:56.43,08/07/2024,05:18:54.000,376812057,-1217714468,121434,29,3,8773,15911376,87,29.74,26.27,

08/06/2024,22:18:57.43,08/07/2024,05:18:55.000,376811354,-1217714135,121320,29,3,8159,15897804,85,30.06,26.29,

08/06/2024,22:18:58.43,08/07/2024,05:18:56.000,376810734,-1217713841,121363,29,3,6987,15869458,87,29.78,26.23,

08/06/2024,22:18:59.43,08/07/2024,05:18:57.000,376810219,-1217713646,121243,29,3,5558,16308452,87,29.98,26.33,

08/06/2024,22:19:00.43,08/07/2024,05:18:58.000,376809800,-1217713561,121302,28,3,4386,17271768,88,29.90,26.28,

08/06/2024,22:19:01.43,08/07/2024,05:18:59.000,376809438,-1217713676,121600,30,3,4112,19779702,85,29.90,26.30,

08/06/2024,22:19:02.43,08/07/2024,05:19:00.000,376809167,-1217713981,121516,28,3,4068,22114112,89,30.01,26.30,

08/06/2024,22:19:03.43,08/07/2024,05:19:01.000,376808990,-1217714496,120709,30,3,4854,24722698,85,30.13,26.13,

08/06/2024,22:19:04.43,08/07/2024,05:19:02.000,376808822,-1217715100,120444,30,3,5783,25099244,85,29.90,26.24,

08/06/2024,22:19:05.43,08/07/2024,05:19:03.000,376808627,-1217715804,120030,30,3,6671,25035494,85,30.02,26.18,

08/06/2024,22:19:06.43,08/07/2024,05:19:04.000,376808385,-1217716576,120106,29,3,7492,24948428,90,30.02,26.13,

08/06/2024,22:19:07.43,08/07/2024,05:19:05.000,376808137,-1217717397,120219,28,3,7838,24946192,92,30.09,26.27,

08/06/2024,22:19:08.43,08/07/2024,05:19:06.000,376807876,-1217718237,120199,28,3,7983,24880260,91,30.14,26.52,

08/06/2024,22:19:09.43,08/07/2024,05:19:07.000,376807616,-1217719100,120141,27,3,8164,24940282,93,30.21,26.40,

08/06/2024,22:19:10.43,08/07/2024,05:19:08.000,376807360,-1217719971,120069,28,3,8164,24948326,91,29.93,26.35,

08/06/2024,22:19:11.43,08/07/2024,05:19:09.000,376807099,-1217720853,119817,29,3,8197,24913366,90,29.87,26.33,

08/06/2024,22:19:12.43,08/07/2024,05:19:10.000,376806838,-1217721729,119601,28,3,8080,24908132,94,29.79,26.27,

08/06/2024,22:19:13.43,08/07/2024,05:19:11.000,376806579,-1217722615,119056,28,3,8114,24875282,92,29.92,26.28,

08/06/2024,22:19:14.43,08/07/2024,05:19:12.000,376806293,-1217723509,118892,29,3,8487,24752674,90,30.01,26.38,

08/06/2024,22:19:15.42,08/07/2024,05:19:13.000,376805984,-1217724423,118826,28,3,8737,24646378,92,29.77,26.29,

08/06/2024,22:19:16.42,08/07/2024,05:19:14.000,376805661,-1217725350,118657,29,3,8891,24593574,86,29.91,26.31,

08/06/2024,22:19:17.42,08/07/2024,05:19:15.000,376805328,-1217726289,118461,28,3,9089,24592580,89,29.84,26.35,

08/06/2024,22:19:18.42,08/07/2024,05:19:16.000,376804991,-1217727257,118285,28,3,9300,24625084,89,29.90,26.40,

08/06/2024,22:19:19.42,08/07/2024,05:19:17.000,376804654,-1217728245,118133,27,3,9460,24670220,92,29.85,26.35,

08/06/2024,22:19:20.42,08/07/2024,05:19:18.000,376804326,-1217729251,118004,28,3,9612,24807248,90,29.90,26.37,

08/06/2024,22:19:21.42,08/07/2024,05:19:19.000,376804008,-1217730285,117922,28,3,9808,24919322,90,29.91,26.27,

08/06/2024,22:19:22.42,08/07/2024,05:19:20.000,376803695,-1217731342,117751,27,3,9971,24974824,93,29.99,26.40,

08/06/2024,22:19:23.48,08/07/2024,05:19:21.000,376803382,-1217732426,117605,29,3,10221,24993810,88,29.87,26.32,

08/06/2024,22:19:24.48,08/07/2024,05:19:22.000,376803060,-1217733538,117520,29,3,10522,25014532,88,30.02,26.31,

08/06/2024,22:19:25.48,08/07/2024,05:19:23.000,376802734,-1217734670,117379,29,3,10630,25004486,88,29.89,26.35,

08/06/2024,22:19:26.47,08/07/2024,05:19:24.000,376802409,-1217735812,117393,29,3,10680,25053178,88,30.01,26.24,

08/06/2024,22:19:27.47,08/07/2024,05:19:25.000,376802091,-1217736958,117283,29,3,10711,25089558,88,29.91,26.18,

08/06/2024,22:19:28.47,08/07/2024,05:19:26.000,376801768,-1217738125,117168,29,3,10912,25068680,88,30.08,26.17,

08/06/2024,22:19:29.47,08/07/2024,05:19:27.000,376801434,-1217739308,117021,29,3,11114,25024564,88,30.09,26.31,

08/06/2024,22:19:30.47,08/07/2024,05:19:28.000,376801088,-1217740503,116952,28,3,11237,24992600,89,30.10,26.30,

08/06/2024,22:19:31.47,08/07/2024,05:19:29.000,376800738,-1217741704,116794,28,3,11273,24975784,89,30.06,26.42,

08/06/2024,22:19:32.47,08/07/2024,05:19:30.000,376800386,-1217742903,116700,28,3,11240,24968022,89,30.05,26.36,

08/06/2024,22:19:33.47,08/07/2024,05:19:31.000,376800033,-1217744098,116614,28,3,11233,24966134,89,30.10,26.36,

08/06/2024,22:19:34.47,08/07/2024,05:19:32.000,376799685,-1217745296,116521,28,3,11256,25018772,89,30.05,26.34,

08/06/2024,22:19:35.47,08/07/2024,05:19:33.000,376799348,-1217746501,116412,28,3,11251,25089914,91,30.09,26.46,

08/06/2024,22:19:36.47,08/07/2024,05:19:34.000,376799030,-1217747721,116179,28,3,11332,25228180,89,29.64,26.42,

08/06/2024,22:19:37.47,08/07/2024,05:19:35.000,376798745,-1217748962,116345,28,3,11412,25442316,89,29.79,26.39,

08/06/2024,22:19:38.47,08/07/2024,05:19:36.000,376798469,-1217750208,116204,29,3,11392,25456888,88,29.80,26.30,

08/06/2024,22:19:39.47,08/07/2024,05:19:37.000,376798183,-1217751445,116117,29,3,11316,25339516,88,29.88,26.42,

08/06/2024,22:19:40.47,08/07/2024,05:19:38.000,376797876,-1217752659,116003,29,3,11204,25186470,88,29.86,26.34,

08/06/2024,22:19:41.47,08/07/2024,05:19:39.000,376797545,-1217753832,116153,29,3,10896,24972956,88,29.90,26.34,

08/06/2024,22:19:42.47,08/07/2024,05:19:40.000,376797218,-1217754990,116151,29,3,10767,25051030,88,29.93,26.12,

08/06/2024,22:19:43.47,08/07/2024,05:19:41.000,376796896,-1217756129,116045,29,3,10601,25008582,88,29.89,26.25,

08/06/2024,22:19:44.47,08/07/2024,05:19:42.000,376796584,-1217757244,116057,28,3,10399,25021746,91,29.99,26.29,

08/06/2024,22:19:45.46,08/07/2024,05:19:43.000,376796284,-1217758289,116052,29,3,9578,24947032,88,29.74,26.12,

08/06/2024,22:19:46.46,08/07/2024,05:19:44.000,376796011,-1217759202,115966,29,3,8216,24913730,88,30.04,26.26,

08/06/2024,22:19:47.46,08/07/2024,05:19:45.000,376795783,-1217759963,115934,29,3,6702,24931942,88,30.08,26.24,

08/06/2024,22:19:48.46,08/07/2024,05:19:46.000,376795629,-1217760578,115666,28,3,5236,25373932,91,30.08,26.17,

08/06/2024,22:19:49.46,08/07/2024,05:19:47.000,376795622,-1217761126,115557,29,3,4813,27354826,86,30.14,26.27,

08/06/2024,22:19:50.46,08/07/2024,05:19:48.000,376795806,-1217761603,115506,29,3,4814,29970360,86,30.00,26.13,

08/06/2024,22:19:51.46,08/07/2024,05:19:49.000,376796182,-1217761955,115626,28,3,5526,32634390,87,29.96,26.20,

08/06/2024,22:19:52.46,08/07/2024,05:19:50.000,376796695,-1217762267,115393,28,3,6659,33466522,87,30.23,26.32,

08/06/2024,22:19:53.46,08/07/2024,05:19:52.000,376798033,-1217762880,115213,27,3,8659,34042744,91,30.11,26.24,

08/06/2024,22:19:55.44,08/07/2024,05:19:53.000,376798787,-1217763236,115091,28,3,9133,33966632,89,29.98,26.15,

08/06/2024,22:19:56.44,08/07/2024,05:19:54.000,376799567,-1217763614,114922,29,3,9385,33924976,87,30.10,26.17,

08/06/2024,22:19:57.43,08/07/2024,05:19:55.000,376800365,-1217764009,114700,29,3,9626,33865692,87,30.16,26.15,

08/06/2024,22:19:58.43,08/07/2024,05:19:56.000,376801180,-1217764412,114608,28,3,9833,33883276,89,30.17,26.12,

08/06/2024,22:19:59.43,08/07/2024,05:19:57.000,376802018,-1217764821,114462,28,3,10092,33933676,89,30.09,26.02,

08/06/2024,22:20:00.43,08/07/2024,05:19:58.000,376802884,-1217765226,114226,28,3,10376,34030212,89,30.19,26.16,

08/06/2024,22:20:01.43,08/07/2024,05:19:59.000,376803766,-1217765628,114165,28,3,10502,34051312,89,29.92,26.09,

08/06/2024,22:20:02.43,08/07/2024,05:20:00.000,376804657,-1217766023,114110,29,3,10546,34083780,87,30.02,26.14,

08/06/2024,22:20:03.43,08/07/2024,05:20:01.000,376805538,-1217766413,113921,28,3,10357,34105420,90,30.16,26.16,

08/06/2024,22:20:04.43,08/07/2024,05:20:02.000,376806397,-1217766788,113885,29,3,10053,34143812,88,30.14,26.15,

08/06/2024,22:20:05.43,08/07/2024,05:20:03.000,376807223,-1217767143,113738,29,3,9583,34129956,88,29.77,26.20,

08/06/2024,22:20:06.43,08/07/2024,05:20:04.000,376807989,-1217767466,113371,29,3,8734,34181240,88,29.78,26.17,

08/06/2024,22:20:07.43,08/07/2024,05:20:05.000,376808654,-1217767751,113129,29,3,7451,34132984,86,29.79,26.03,

08/06/2024,22:20:08.43,08/07/2024,05:20:06.000,376809209,-1217767988,112749,29,3,6137,34156920,86,29.68,26.09,

08/06/2024,22:20:09.43,08/07/2024,05:20:07.000,376809642,-1217768174,112724,30,3,4704,34116620,85,29.88,25.95,

08/06/2024,22:20:10.43,08/07/2024,05:20:08.000,376809939,-1217768306,112646,30,3,3050,34106132,85,29.82,26.06,

08/06/2024,22:20:11.43,08/07/2024,05:20:09.000,376810100,-1217768377,112631,29,3,1461,34132616,87,29.85,26.11,

08/06/2024,22:20:12.43,08/07/2024,05:20:11.000,376810154,-1217768403,112718,29,3,4,34151036,88,29.69,26.04,

08/06/2024,22:20:14.40,08/07/2024,05:20:12.000,376810150,-1217768406,112731,29,3,9,34151036,88,29.54,26.13,

08/06/2024,22:20:15.50,08/07/2024,05:20:13.000,376810146,-1217768407,112733,29,3,3,34151036,88,29.68,26.19,

08/06/2024,22:20:16.50,08/07/2024,05:20:14.000,376810150,-1217768412,112767,29,3,132,34151036,88,29.79,26.00,

08/06/2024,22:20:17.50,08/07/2024,05:20:15.000,376810175,-1217768427,112691,29,3,397,34329884,88,29.62,26.09,

08/06/2024,22:20:18.50,08/07/2024,05:20:16.000,376810221,-1217768449,112630,29,3,614,34475736,88,29.81,26.10,

08/06/2024,22:20:19.50,08/07/2024,05:20:17.000,376810373,-1217768515,112573,28,3,2295,34180344,94,29.85,26.15,

08/06/2024,22:20:20.50,08/07/2024,05:20:18.000,376810699,-1217768649,112506,29,3,4468,34221452,88,29.74,26.17,

08/06/2024,22:20:21.50,08/07/2024,05:20:19.000,376811186,-1217768862,112517,29,3,6293,34066580,88,29.75,26.13,

08/06/2024,22:20:22.49,08/07/2024,05:20:20.000,376811796,-1217769131,112461,29,3,7572,34061640,88,29.75,26.42,

08/06/2024,22:20:23.49,08/07/2024,05:20:21.000,376812491,-1217769434,112304,29,3,8452,34113040,88,29.66,26.28,

08/06/2024,22:20:24.49,08/07/2024,05:20:22.000,376813272,-1217769740,111805,28,3,9371,34334248,89,29.83,26.38,

08/06/2024,22:20:25.49,08/07/2024,05:20:23.000,376814112,-1217770026,111329,28,3,9815,34560368,89,29.58,26.50,

08/06/2024,22:20:26.49,08/07/2024,05:20:24.000,376814999,-1217770275,110744,29,3,10234,34823104,88,29.49,26.53,

08/06/2024,22:20:27.49,08/07/2024,05:20:25.000,376815916,-1217770531,110058,28,3,10552,34739800,91,29.66,26.50,

08/06/2024,22:20:28.49,08/07/2024,05:20:26.000,376816857,-1217770832,109389,29,3,10884,34520092,89,29.50,26.59,

08/06/2024,22:20:29.49,08/07/2024,05:20:28.000,376818784,-1217771599,107992,30,3,11438,34135044,85,29.18,26.62,

08/06/2024,22:20:31.47,08/07/2024,05:20:29.000,376819762,-1217772044,107468,30,3,11604,33985908,85,29.04,26.59,

08/06/2024,22:20:32.47,08/07/2024,05:20:30.000,376820750,-1217772508,106929,29,3,11741,33930024,87,28.91,26.47,

08/06/2024,22:20:33.47,08/07/2024,05:20:31.000,376821730,-1217772966,106777,28,3,11548,33989364,89,28.86,26.47,

08/06/2024,22:20:34.47,08/07/2024,05:20:32.000,376822699,-1217773480,107505,23,3,11661,33558956,98,28.74,26.46,

08/06/2024,22:20:35.46,08/07/2024,05:20:33.000,376823643,-1217773941,107564,23,3,11061,33862132,99,28.68,26.39,

08/06/2024,22:20:36.46,08/07/2024,05:20:34.000,376824564,-1217774362,107937,23,3,10758,33947856,102,28.62,26.37,

08/06/2024,22:20:37.46,08/07/2024,05:20:35.000,376825449,-1217774778,108469,25,3,10162,33931176,96,28.82,26.29,

08/06/2024,22:20:38.46,08/07/2024,05:20:36.000,376826281,-1217775167,108913,24,3,9511,33908228,99,28.89,26.34,

08/06/2024,22:20:39.46,08/07/2024,05:20:37.000,376827046,-1217775521,109598,24,3,8918,33972556,99,28.74,26.22,

08/06/2024,22:20:40.46,08/07/2024,05:20:38.000,376827753,-1217775833,110360,24,3,8164,33992940,99,28.99,26.18,

08/06/2024,22:20:41.46,08/07/2024,05:20:39.000,376828393,-1217776122,110922,24,3,7292,33962308,97,29.09,26.39,

08/06/2024,22:20:42.46,08/07/2024,05:20:40.000,376828961,-1217776394,111306,23,3,6522,33912700,101,29.10,26.25,

08/06/2024,22:20:43.46,08/07/2024,05:20:41.000,376829457,-1217776645,111654,24,3,5690,33806504,97,29.16,26.09,

08/06/2024,22:20:44.46,08/07/2024,05:20:42.000,376829871,-1217776851,111893,23,3,4649,33967512,101,29.23,26.21,

08/06/2024,22:20:45.46,08/07/2024,05:20:43.000,376830186,-1217776997,112039,23,3,3359,33970884,101,29.20,26.17,

08/06/2024,22:20:46.46,08/07/2024,05:20:44.000,376830392,-1217777098,112158,24,3,2145,33932676,101,29.32,26.23,

08/06/2024,22:20:47.46,08/07/2024,05:20:45.000,376830507,-1217777160,112237,25,3,1131,33902336,95,29.34,26.27,

08/06/2024,22:20:48.46,08/07/2024,05:20:46.000,376830571,-1217777199,112270,26,3,688,33841780,94,29.36,26.26,

08/06/2024,22:20:49.46,08/07/2024,05:20:47.000,376830616,-1217777233,112314,26,3,556,33930540,94,29.49,26.30,

08/06/2024,22:20:50.46,08/07/2024,05:20:48.000,376830689,-1217777266,112410,26,3,1038,34095536,94,29.32,26.26,

08/06/2024,22:20:51.46,08/07/2024,05:20:49.000,376830882,-1217777359,112508,25,3,2855,33959144,98,29.30,26.25,

08/06/2024,22:20:52.46,08/07/2024,05:20:50.000,376831238,-1217777535,112638,25,3,4879,33877084,98,29.38,26.33,

08/06/2024,22:20:53.46,08/07/2024,05:20:51.000,376831735,-1217777794,112856,26,3,6478,33783712,94,28.92,26.23,

08/06/2024,22:20:54.46,08/07/2024,05:20:52.000,376832334,-1217778110,112854,27,3,7563,33761988,91,29.03,26.28,

08/06/2024,22:20:55.46,08/07/2024,05:20:53.000,376833018,-1217778470,112752,29,3,8570,33775616,86,28.93,26.31,

08/06/2024,22:20:56.46,08/07/2024,05:20:54.000,376833764,-1217778851,112734,29,3,9077,33816448,86,28.76,26.31,

08/06/2024,22:20:57.46,08/07/2024,05:20:55.000,376834549,-1217779233,112695,29,3,9444,33907072,86,28.56,26.35,

08/06/2024,22:20:58.46,08/07/2024,05:20:56.000,376835371,-1217779630,112517,28,3,9847,33905772,90,28.40,26.33,

08/06/2024,22:20:59.46,08/07/2024,05:20:57.000,376836209,-1217780032,112264,28,3,9988,33948768,90,28.48,26.15,

08/06/2024,22:21:00.45,08/07/2024,05:20:58.000,376837047,-1217780431,112188,29,3,9974,33930104,86,28.50,26.17,

08/06/2024,22:21:01.45,08/07/2024,05:20:59.000,376837888,-1217780822,112069,28,3,9985,34016404,90,28.29,26.20,

08/06/2024,22:21:02.45,08/07/2024,05:20:00.000,376838727,-1217781208,111995,28,3,9925,34032748,90,28.27,26.11,

08/06/2024,22:21:03.45,08/07/2024,05:21:01.000,376839554,-1217781600,111805,28,3,9788,33967584,90,28.35,26.10,

08/06/2024,22:21:04.45,08/07/2024,05:21:02.000,376840380,-1217781991,111612,29,3,9829,33978784,86,28.26,26.15,

08/06/2024,22:21:05.45,08/07/2024,05:21:03.000,376841214,-1217782383,111403,30,3,9947,33952140,85,28.33,26.25,

08/06/2024,22:21:06.45,08/07/2024,05:21:03.000,376842932,-1217783209,111144,29,3,10481,33888460,88,28.20,26.09,

08/06/2024,22:21:08.43,08/07/2024,05:21:05.000,376843832,-1217783646,111113,29,3,10858,33903492,88,28.23,26.02,

08/06/2024,22:21:09.43,08/07/2024,05:21:06.000,376844757,-1217784100,111079,30,3,11118,33885292,85,28.41,26.05,

08/06/2024,22:21:10.43,08/07/2024,05:21:07.000,376845694,-1217784555,111095,30,3,11155,33910748,85,28.47,26.09,

08/06/2024,22:21:11.43,08/07/2024,05:21:08.000,376846626,-1217785001,111083,30,3,11053,33903076,85,28.45,26.06,

08/06/2024,22:21:12.42,08/07/2024,05:21:09.000,376847553,-1217785431,111094,30,3,10939,33943080,85,28.74,26.01,

08/06/2024,22:21:13.42,08/07/2024,05:21:10.000,376848464,-1217785863,111075,30,3,10762,33942168,85,28.87,26.04,

08/06/2024,22:21:14.42,08/07/2024,05:21:11.000,376849360,-1217786285,110968,30,3,10598,33957716,85,28.94,26.03,

08/06/2024,22:21:15.42,08/07/2024,05:21:12.000,376850248,-1217786699,110949,30,3,10480,33977428,85,28.92,25.96,

08/06/2024,22:21:16.42,08/07/2024,05:21:13.000,376851133,-1217787110,110854,30,3,10474,33985972,85,29.09,25.97,

08/06/2024,22:21:17.42,08/07/2024,05:21:14.000,376852025,-1217787530,110774,30,3,10593,33941508,85,28.95,26.08,

08/06/2024,22:21:18.42,08/07/2024,05:21:15.000,376852924,-1217787955,110665,30,3,10699,33946484,85,28.83,25.97,

08/06/2024,22:21:19.42,08/07/2024,05:21:16.000,376853827,-1217788382,110567,30,3,10730,33932892,85,28.78,26.00,

08/06/2024,22:21:20.42,08/07/2024,05:21:17.000,376854730,-1217788813,110506,30,3,10730,33915328,85,28.86,25.94,

08/06/2024,22:21:21.42,08/07/2024,05:21:18.000,376855639,-1217789249,110482,30,3,10843,33903008,85,28.71,25.87,

08/06/2024,22:21:22.42,08/07/2024,05:21:19.000,376856560,-1217789690,110542,30,3,10994,33900136,85,29.00,25.89,

08/06/2024,22:21:23.42,08/07/2024,05:21:20.000,376857495,-1217790137,110636,30,3,11145,33911500,85,29.07,25.89,

08/06/2024,22:21:24.42,08/07/2024,05:21:21.000,376858438,-1217790590,110628,30,3,11246,33905984,85,29.14,25.76,

08/06/2024,22:21:25.47,08/07/2024,05:21:22.000,376859392,-1217791045,110601,30,3,11350,33923988,85,29.25,25.91,

08/06/2024,22:21:26.47,08/07/2024,05:21:23.000,376860357,-1217791496,110629,30,3,11466,33985696,85,29.14,25.83,

08/06/2024,22:21:27.47,08/07/2024,05:21:24.000,376861327,-1217791943,110673,30,3,11494,33978892,85,29.23,25.90,

08/06/2024,22:21:28.47,08/07/2024,05:21:25.000,376862303,-1217792385,110627,30,3,11532,34044304,85,29.15,25.91,

08/06/2024,22:21:29.47,08/07/2024,05:21:26.000,376863287,-1217792834,110663,30,3,11664,34000416,85,28.96,25.85,

08/06/2024,22:21:30.47,08/07/2024,05:21:27.000,376864282,-1217793291,110576,30,3,11799,34006232,85,29.18,25.84,

08/06/2024,22:21:31.47,08/07/2024,05:21:28.000,376865286,-1217793759,110483,30,3,11916,33956332,85,29.21,25.95,

08/06/2024,22:21:32.47,08/07/2024,05:21:29.000,376866297,-1217794242,110416,29,3,12041,33898820,88,29.12,25.90,

08/06/2024,22:21:33.47,08/07/2024,05:21:30.000,376867313,-1217794727,110495,29,3,12065,33910260,88,29.00,25.77,

08/06/2024,22:21:34.47,08/07/2024,05:21:31.000,376868327,-1217795204,110380,29,3,12005,33952956,88,29.30,26.01,

08/06/2024,22:21:35.47,08/07/2024,05:21:32.000,376869331,-1217795677,110341,30,3,11858,33933412,85,29.29,25.85,

08/06/2024,22:21:36.47,08/07/2024,05:21:33.000,376870328,-1217796139,110235,30,3,11771,33991088,85,29.24,25.83,

08/06/2024,22:21:37.47,08/07/2024,05:21:34.000,376871315,-1217796593,110182,30,3,11651,33993228,85,29.05,25.85,

08/06/2024,22:21:38.47,08/07/2024,05:21:35.000,376872291,-1217797050,110162,30,3,11537,33957416,85,29.03,25.91,

08/06/2024,22:21:39.47,08/07/2024,05:21:36.000,376873253,-1217797510,110120,30,3,11371,33933512,85,28.94,25.76,

08/06/2024,22:21:40.47,08/07/2024,05:21:37.000,376874202,-1217797967,110073,30,3,11258,33931240,85,29.07,25.95,

08/06/2024,22:21:41.47,08/07/2024,05:21:38.000,376875145,-1217798423,110023,30,3,11180,33903920,85,29.15,25.83,

08/06/2024,22:21:42.47,08/07/2024,05:21:39.000,376876085,-1217798875,110009,30,3,11170,33936368,85,28.89,25.83,

08/06/2024,22:21:43.47,08/07/2024,05:21:40.000,376877019,-1217799328,109952,30,3,11088,33897784,85,28.82,25.89,

08/06/2024,22:21:44.47,08/07/2024,05:21:41.000,376877946,-1217799781,109864,30,3,11021,33900072,85,29.07,25.91,

08/06/2024,22:21:45.46,08/07/2024,05:21:42.000,376878879,-1217800232,109882,30,3,11110,33907612,85,29.24,25.93,

08/06/2024,22:21:46.46,08/07/2024,05:21:43.000,376879819,-1217800684,109916,30,3,11198,33914072,85,29.36,25.85,

08/06/2024,22:21:47.46,08/07/2024,05:21:44.000,376880759,-1217801144,109740,30,3,11209,33868288,85,29.04,25.85,

08/06/2024,22:21:48.46,08/07/2024,05:21:45.000,376881704,-1217801599,109678,30,3,11246,33913604,85,28.98,25.79,

08/06/2024,22:21:49.46,08/07/2024,05:21:46.000,376882643,-1217802049,109611,30,3,11134,33926496,85,29.18,25.72,

08/06/2024,22:21:50.46,08/07/2024,05:21:47.000,376883571,-1217802495,109775,30,3,10994,33901332,85,28.99,25.75,

08/06/2024,22:21:51.46,08/07/2024,05:21:48.000,376884479,-1217802939,109830,30,3,10744,33879132,85,29.15,25.77,

08/06/2024,22:21:52.46,08/07/2024,05:21:49.000,376885373,-1217803363,109869,30,3,10547,33973644,85,29.14,25.80,

08/06/2024,22:21:53.46,08/07/2024,05:21:50.000,376886241,-1217803778,109796,30,3,10229,33937864,85,29.17,25.66,

08/06/2024,22:21:54.46,08/07/2024,05:21:51.000,376887048,-1217804164,109743,30,3,9337,33955040,85,29.18,25.79,

08/06/2024,22:21:55.46,08/07/2024,05:21:52.000,376887762,-1217804495,109742,30,3,8063,33969756,85,29.18,25.83,

08/06/2024,22:21:56.46,08/07/2024,05:21:53.000,376888354,-1217804778,109742,30,3,6616,33924508,85,29.09,25.72,

08/06/2024,22:21:57.46,08/07/2024,05:21:54.000,376888836,-1217805004,109788,30,3,5360,33954648,85,29.10,25.81,

08/06/2024,22:21:58.46,08/07/2024,05:21:55.000,376889194,-1217805176,109802,30,3,3796,33945384,85,29.21,25.87,

08/06/2024,22:21:59.46,08/07/2024,05:21:56.000,376889407,-1217805281,109787,30,3,2029,33895912,85,29.09,25.79,

08/06/2024,22:22:00.46,08/07/2024,05:21:57.000,376889532,-1217805344,109810,30,3,1318,33883740,85,28.86,25.73,

08/06/2024,22:22:01.46,08/07/2024,05:21:58.000,376889696,-1217805423,109823,29,3,2276,33974272,89,29.00,25.85,

08/06/2024,22:22:02.46,08/07/2024,05:21:59.000,376889988,-1217805563,109799,28,3,3990,33903080,90,29.12,25.81,

08/06/2024,22:22:03.46,08/07/2024,05:22:00.000,376890427,-1217805774,109810,29,3,5732,33940348,89,29.06,25.90,

08/06/2024,22:22:04.46,08/07/2024,05:22:01.000,376890996,-1217806043,109796,29,3,7157,33961944,89,28.94,25.83,

08/06/2024,22:22:05.45,08/07/2024,05:22:02.000,376891646,-1217806355,109807,30,3,7948,33902380,85,29.13,25.83,

08/06/2024,22:22:06.45,08/07/2024,05:22:03.000,376892352,-1217806691,109705,30,3,8564,33944432,85,28.81,25.89,

08/06/2024,22:22:07.45,08/07/2024,05:22:04.000,376893106,-1217807047,109623,30,3,9075,33960332,85,28.87,25.94,

08/06/2024,22:22:08.45,08/07/2024,05:22:05.000,376893889,-1217807418,109593,30,3,9394,33948848,85,28.71,25.92,

08/06/2024,22:22:09.45,08/07/2024,05:22:06.000,376894692,-1217807798,109473,30,3,9619,33945580,85,28.90,25.95,

08/06/2024,22:22:10.45,08/07/2024,05:22:07.000,376896353,-1217808580,109250,30,3,9966,33937000,85,28.99,25.95,

08/06/2024,22:22:12.43,08/07/2024,05:22:09.000,376897194,-1217808978,109166,30,3,10000,33944920,85,28.94,25.81,

08/06/2024,22:22:13.43,08/07/2024,05:22:10.000,376898041,-1217809376,109153,30,3,10025,33948728,85,29.05,25.90,

08/06/2024,22:22:14.43,08/07/2024,05:22:11.000,376898890,-1217809779,109093,30,3,10111,33931540,85,28.73,25.76,

08/06/2024,22:22:15.43,08/07/2024,05:22:12.000,376899746,-1217810184,109050,30,3,10186,33946544,85,28.91,25.86,

08/06/2024,22:22:16.43,08/07/2024,05:22:13.000,376900608,-1217810592,108946,30,3,10274,33951064,85,28.90,25.82,

08/06/2024,22:22:17.43,08/07/2024,05:22:14.000,376901477,-1217811005,108855,30,3,10330,33932116,85,28.79,25.75,

08/06/2024,22:22:18.42,08/07/2024,05:22:15.000,376902347,-1217811425,108785,30,3,10376,33902484,85,28.73,25.80,

08/06/2024,22:22:19.42,08/07/2024,05:22:16.000,376903221,-1217811852,108751,30,3,10408,33878304,85,28.71,25.78,

08/06/2024,22:22:20.42,08/07/2024,05:22:17.000,376904088,-1217812281,108862,30,3,10317,33838204,85,28.77,25.78,

08/06/2024,22:22:21.42,08/07/2024,05:22:18.000,376904954,-1217812686,108856,30,3,10245,34014288,85,28.57,25.65,

08/06/2024,22:22:22.42,08/07/2024,05:22:19.000,376905819,-1217813009,109005,29,3,9936,34467584,86,28.43,25.65,

08/06/2024,22:22:23.42,08/07/2024,05:22:20.000,376906690,-1217813216,109199,29,3,9818,35113996,86,28.29,25.61,

08/06/2024,22:22:24.42,08/07/2024,05:22:21.000,376907559,-1217813302,109313,30,3,9695,35724864,85,28.54,25.71,

08/06/2024,22:22:25.42,08/07/2024,05:22:22.000,376908440,-1217813371,109195,30,3,9822,35603340,85,28.33,25.57,

08/06/2024,22:22:26.42,08/07/2024,05:22:23.000,376909313,-1217813510,108973,29,3,9731,35116944,87,28.32,25.66,

08/06/2024,22:22:27.42,08/07/2024,05:22:24.000,376910183,-1217813741,108983,29,3,9897,34687996,87,28.32,25.58,

08/06/2024,22:22:28.47,08/07/2024,05:22:25.000,376911052,-1217814025,108915,29,3,9979,34487540,87,28.55,25.65,

08/06/2024,22:22:29.47,08/07/2024,05:22:26.000,376911926,-1217814332,108750,30,3,10085,34431248,85,28.52,25.62,

08/06/2024,22:22:30.47,08/07/2024,05:22:27.000,376912803,-1217814664,108574,29,3,10165,34272000,89,28.55,25.54,

08/06/2024,22:22:31.47,08/07/2024,05:22:28.000,376913680,-1217815013,108496,29,3,10224,34231688,89,28.61,25.51,

08/06/2024,22:22:32.47,08/07/2024,05:22:29.000,376914560,-1217815360,108412,29,3,10242,34258356,89,29.01,25.61,

08/06/2024,22:22:33.47,08/07/2024,05:22:30.000,376915446,-1217815703,108465,28,3,10278,34297484,90,28.76,25.56,

08/06/2024,22:22:34.47,08/07/2024,05:22:31.000,376916338,-1217816042,108363,29,3,10330,34300704,89,28.53,25.53,

08/06/2024,22:22:35.47,08/07/2024,05:22:32.000,376917235,-1217816381,108208,30,3,10449,34275304,85,28.84,25.65,

08/06/2024,22:22:36.47,08/07/2024,05:22:33.000,376918139,-1217816727,108153,29,3,10497,34305708,89,28.69,25.60,

08/06/2024,22:22:37.47,08/07/2024,05:22:34.000,376919048,-1217817079,108126,29,3,10574,34313176,89,28.67,25.58,

08/06/2024,22:22:38.47,08/07/2024,05:22:35.000,376919965,-1217817431,107951,29,3,10714,34324656,89,29.01,25.58,

08/06/2024,22:22:39.47,08/07/2024,05:22:36.000,376920882,-1217817790,107932,30,3,10637,34296092,85,28.98,25.64,

08/06/2024,22:22:40.47,08/07/2024,05:22:37.000,376921799,-1217818152,107749,30,3,10708,34288848,85,28.88,25.49,

08/06/2024,22:22:41.47,08/07/2024,05:22:38.000,376922723,-1217818523,107647,30,3,10789,34255136,85,29.00,25.44,

08/06/2024,22:22:42.46,08/07/2024,05:22:39.000,376923650,-1217818896,107489,30,3,10794,34251612,85,28.78,25.47,

08/06/2024,22:22:43.46,08/07/2024,05:22:40.000,376924579,-1217819262,107319,30,3,10826,34285908,85,28.94,25.63,

08/06/2024,22:22:44.46,08/07/2024,05:22:41.000,376925514,-1217819613,107212,30,3,10797,34371980,85,28.76,25.59,

08/06/2024,22:22:45.46,08/07/2024,05:22:42.000,376926454,-1217819940,107033,30,3,10852,34490568,85,28.83,25.57,

08/06/2024,22:22:46.46,08/07/2024,05:22:43.000,376927409,-1217820204,106986,30,3,10798,34841580,85,28.87,25.65,

08/06/2024,22:22:47.46,08/07/2024,05:22:44.000,376928382,-1217820380,106968,30,3,10949,35306416,85,28.80,25.45,

08/06/2024,22:22:48.46,08/07/2024,05:22:45.000,376929372,-1217820464,106893,30,3,11039,35735164,85,28.89,25.55,

08/06/2024,22:22:49.46,08/07/2024,05:22:46.000,376930377,-1217820460,106697,29,3,11196,136001,89,28.77,25.43,

08/06/2024,22:22:50.46,08/07/2024,05:22:47.000,376931386,-1217820357,106707,29,3,11292,582712,89,28.72,25.61,

08/06/2024,22:22:51.46,08/07/2024,05:22:48.000,376932394,-1217820152,106656,29,3,11321,1049059,89,28.71,25.57,

08/06/2024,22:22:52.46,08/07/2024,05:22:49.000,376933373,-1217819847,106527,29,3,11074,1515472,89,28.61,25.65,

08/06/2024,22:22:53.46,08/07/2024,05:22:50.000,376934304,-1217819459,106410,30,3,10775,1969512,85,28.65,25.71,

08/06/2024,22:22:54.46,08/07/2024,05:22:51.000,376935181,-1217818988,106292,30,3,10491,2453230,85,28.36,25.70,

08/06/2024,22:22:55.46,08/07/2024,05:22:52.000,376936012,-1217818456,106286,30,3,10274,2799558,85,28.41,25.72,

08/06/2024,22:22:56.46,08/07/2024,05:22:53.000,376936787,-1217817894,106231,30,3,9775,3076407,85,28.49,25.84,

08/06/2024,22:22:57.46,08/07/2024,05:22:54.000,376937476,-1217817359,106083,30,3,8600,3188513,85,28.46,25.74,

08/06/2024,22:22:58.46,08/07/2024,05:22:55.000,376938051,-1217816897,105939,30,3,7101,3244480,85,28.24,25.70,

08/06/2024,22:22:59.46,08/07/2024,05:22:56.000,376938478,-1217816499,105932,29,3,5376,3783739,89,28.27,25.77,

08/06/2024,22:23:00.45,08/07/2024,05:22:57.000,376938746,-1217816194,105827,29,3,3413,4299996,89,28.04,25.75,

08/06/2024,22:23:01.45,08/07/2024,05:22:58.000,376938870,-1217816029,105798,29,3,1376,4444049,89,28.24,25.81,

08/06/2024,22:23:02.45,08/07/2024,05:22:59.000,376938959,-1217815903,105810,30,3,1523,4717199,85,28.11,25.74,

08/06/2024,22:23:03.45,08/07/2024,05:23:00.000,376939095,-1217815669,105798,29,3,2995,5459495,89,28.12,25.83,

08/06/2024,22:23:04.45,08/07/2024,05:23:01.000,376939231,-1217815250,105845,30,3,4443,6999414,85,28.09,25.79,

08/06/2024,22:23:05.45,08/07/2024,05:23:02.000,376939247,-1217814647,105942,30,3,5795,9286396,85,27.97,25.82,

08/06/2024,22:23:06.45,08/07/2024,05:23:03.000,376939085,-1217813930,105945,30,3,7001,11002842,85,27.98,25.83,

08/06/2024,22:23:07.45,08/07/2024,05:23:04.000,376938789,-1217813125,105946,30,3,8218,11687924,85,28.04,25.81,

08/06/2024,22:23:08.45,08/07/2024,05:23:05.000,376938378,-1217812266,106058,30,3,9146,12342628,85,28.01,25.81,

08/06/2024,22:23:09.45,08/07/2024,05:23:06.000,376937912,-1217811421,106082,30,3,9057,12577924,85,28.19,25.80,

08/06/2024,22:23:10.45,08/07/2024,05:23:07.000,376937490,-1217810653,106162,29,3,7878,12482284,86,28.12,25.64,

08/06/2024,22:23:11.45,08/07/2024,05:23:08.000,376937151,-1217810003,106227,28,3,6444,12413364,87,28.09,25.79,

08/06/2024,22:23:12.45,08/07/2024,05:23:09.000,376936885,-1217809485,106230,28,3,5023,12276614,87,28.26,25.68,

08/06/2024,22:23:13.45,08/07/2024,05:23:10.000,376936684,-1217809070,106236,28,3,3961,12181744,87,28.02,25.56,

08/06/2024,22:23:14.45,08/07/2024,05:23:11.000,376936535,-1217808754,106265,28,3,2939,12136638,87,28.22,25.76,

08/06/2024,22:23:15.45,08/07/2024,05:23:12.000,376936433,-1217808538,106248,28,3,1915,12140716,87,27.90,25.74,

08/06/2024,22:23:16.44,08/07/2024,05:23:13.000,376936368,-1217808398,106230,29,3,1241,12168244,87,28.25,25.67,

08/06/2024,22:23:17.44,08/07/2024,05:23:14.000,376936310,-1217808274,106212,28,3,1281,12133506,88,28.08,25.74,

08/06/2024,22:23:18.44,08/07/2024,05:23:15.000,376936277,-1217808200,106229,29,3,527,12097718,87,28.24,25.84,

08/06/2024,22:23:19.44,08/07/2024,05:23:16.000,376936267,-1217808182,106276,29,3,70,12097718,87,28.22,25.79,

08/06/2024,22:23:20.44,08/07/2024,05:23:17.000,376936268,-1217808179,106318,29,3,21,12097718,87,28.15,25.79,

08/06/2024,22:23:21.44,08/07/2024,05:23:18.000,376936269,-1217808178,106366,29,3,2,12097718,87,28.14,25.81,

08/06/2024,22:23:22.44,08/07/2024,05:23:19.000,376936266,-1217808172,106390,29,3,84,12097718,87,28.32,25.88,

08/06/2024,22:23:23.44,08/07/2024,05:23:20.000,376936254,-1217808148,106398,29,3,295,12107744,87,28.30,25.87,

08/06/2024,22:23:24.44,08/07/2024,05:23:21.000,376936251,-1217808140,106413,29,3,2,12107744,87,28.05,25.77,

08/06/2024,22:23:25.44,08/07/2024,05:23:22.000,376936254,-1217808141,106444,28,3,5,12107744,90,28.23,25.83,

08/06/2024,22:23:26.44,08/07/2024,05:23:23.000,376936254,-1217808136,106448,28,3,65,12107744,87,28.25,25.74,

08/06/2024,22:23:27.44,08/07/2024,05:23:24.000,376936250,-1217808120,106481,26,3,191,12058976,94,28.15,25.73,

08/06/2024,22:23:28.44,08/07/2024,05:23:25.000,376936199,-1217808012,106510,27,3,1516,12123758,91,28.04,25.77,

08/06/2024,22:23:29.44,08/07/2024,05:23:26.000,376936073,-1217807744,106564,28,3,3282,12116696,90,28.07,25.90,

08/06/2024,22:23:30.44,08/07/2024,05:23:27.000,376935878,-1217807340,106691,28,3,4559,12170244,90,28.03,25.73,

08/06/2024,22:23:31.44,08/07/2024,05:23:28.000,376935629,-1217806824,106788,27,3,5641,12170186,92,28.03,25.77,

08/06/2024,22:23:32.44,08/07/2024,05:23:29.000,376935330,-1217806202,106871,28,3,6742,12147918,90,28.24,25.77,

08/06/2024,22:23:33.44,08/07/2024,05:23:30.000,376934984,-1217805490,106919,28,3,7603,12142526,90,28.15,25.73,

08/06/2024,22:23:34.44,08/07/2024,05:23:31.000,376934603,-1217804711,106997,29,3,8233,12198316,87,28.30,25.71,

08/06/2024,22:23:35.43,08/07/2024,05:23:32.000,376934199,-1217803893,107083,29,3,8602,12188474,87,28.33,25.67,

08/06/2024,22:23:36.43,08/07/2024,05:23:33.000,376933776,-1217803035,107142,29,3,9016,12184878,87,28.37,25.59,

08/06/2024,22:23:37.43,08/07/2024,05:23:34.000,376933341,-1217802152,107356,29,3,9259,12219368,87,28.35,25.59,

08/06/2024,22:23:38.43,08/07/2024,05:23:35.000,376932898,-1217801244,107478,29,3,9437,12155160,87,28.44,25.48,

08/06/2024,22:23:39.43,08/07/2024,05:23:36.000,376932444,-1217800312,107474,29,3,9730,12162966,87,28.33,25.55,

08/06/2024,22:23:40.43,08/07/2024,05:23:37.000,376931982,-1217799358,107415,29,3,9878,12138738,87,28.61,25.64,

08/06/2024,22:23:41.43,08/07/2024,05:23:38.000,376931529,-1217798395,107498,29,3,9850,12048792,87,28.52,25.54,

08/06/2024,22:23:42.43,08/07/2024,05:23:39.000,376931062,-1217797428,107554,29,3,10022,12179696,87,28.51,25.52,

08/06/2024,22:23:43.43,08/07/2024,05:23:40.000,376930583,-1217796455,107640,29,3,10118,12182316,87,28.63,25.53,

08/06/2024,22:23:44.43,08/07/2024,05:23:41.000,376930107,-1217795472,107715,29,3,10192,12128920,87,28.50,25.40,

08/06/2024,22:23:45.43,08/07/2024,05:23:42.000,376929635,-1217794495,107768,29,3,10068,12152966,87,28.68,25.55,

08/06/2024,22:23:46.43,08/07/2024,05:23:43.000,376929172,-1217793543,107864,29,3,9752,12145124,87,28.70,25.68,

08/06/2024,22:23:47.43,08/07/2024,05:23:44.000,376928720,-1217792621,107988,29,3,9511,12187810,87,28.45,25.63,

08/06/2024,22:23:48.43,08/07/2024,05:23:45.000,376928272,-1217791706,108032,29,3,9480,12177456,87,28.47,25.56,

08/06/2024,22:23:49.43,08/07/2024,05:23:46.000,376927824,-1217790792,108075,29,3,9494,12171686,87,28.51,25.63,

08/06/2024,22:23:50.43,08/07/2024,05:23:47.000,376927374,-1217789871,108101,29,3,9566,12166034,87,28.36,25.58,

08/06/2024,22:23:51.42,08/07/2024,05:23:48.000,376926928,-1217788947,108137,29,3,9543,12136464,87,28.55,25.55,

08/06/2024,22:23:52.42,08/07/2024,05:23:49.000,376926470,-1217788023,108052,28,3,9662,12244326,89,28.53,25.58,

08/06/2024,22:23:53.42,08/07/2024,05:23:50.000,376926010,-1217787092,107998,29,3,9704,12186466,87,28.48,25.37,

08/06/2024,22:23:54.42,08/07/2024,05:23:51.000,376925559,-1217786150,108102,29,3,9775,12107242,87,28.87,25.44,

08/06/2024,22:23:55.42,08/07/2024,05:23:52.000,376925091,-1217785205,108239,29,3,9908,12250044,87,28.93,25.50,

08/06/2024,22:23:56.42,08/07/2024,05:23:53.000,376924598,-1217784226,108380,29,3,10400,12237870,87,29.14,25.53,

08/06/2024,22:23:57.42,08/07/2024,05:23:54.000,376924075,-1217783199,108371,29,3,10907,12273184,87,28.78,25.48,

08/06/2024,22:23:58.42,08/07/2024,05:23:55.000,376923554,-1217782138,108364,29,3,11088,12138052,87,28.92,25.49,

08/06/2024,22:23:59.42,08/07/2024,05:23:56.000,376923028,-1217781058,108472,29,3,11238,12169758,87,28.91,25.52,

08/06/2024,22:24:00.47,08/07/2024,05:23:57.000,376922495,-1217779973,108690,28,3,11307,12186004,87,28.96,25.58,

08/06/2024,22:24:01.47,08/07/2024,05:23:58.000,376921963,-1217778878,108786,28,3,11315,12137988,87,28.70,25.50,

08/06/2024,22:24:02.47,08/07/2024,05:23:59.000,376921440,-1217777786,109065,27,3,11258,12120142,89,28.84,25.42,

08/06/2024,22:24:03.47,08/07/2024,05:24:00.000,376920914,-1217776685,109172,29,3,11391,12100570,87,28.91,25.50,

08/06/2024,22:24:04.47,08/07/2024,05:24:01.000,376920379,-1217775566,109306,29,3,11564,12114272,87,28.88,25.52,

08/06/2024,22:24:05.47,08/07/2024,05:24:02.000,376919827,-1217774430,109403,29,3,11820,12150582,86,29.02,25.61,

08/06/2024,22:24:06.47,08/07/2024,05:24:03.000,376919256,-1217773278,109500,29,3,12013,12200532,87,28.83,25.51,

08/06/2024,22:24:07.47,08/07/2024,05:24:04.000,376918685,-1217772104,109526,28,3,12193,12133566,88,28.90,25.53,

08/06/2024,22:24:08.47,08/07/2024,05:24:05.000,376918103,-1217770915,109643,28,3,12357,12164564,88,29.05,25.53,

08/06/2024,22:24:09.47,08/07/2024,05:24:06.000,376917517,-1217769722,109688,28,3,12348,12164208,88,29.18,25.62,

08/06/2024,22:24:10.47,08/07/2024,05:24:07.000,376916949,-1217768554,109803,29,3,12018,12102926,87,29.23,25.53,

08/06/2024,22:24:11.47,08/07/2024,05:24:08.000,376916412,-1217767387,109997,26,3,11813,12025826,89,29.03,25.63,

08/06/2024,22:24:12.47,08/07/2024,05:24:09.000,376915905,-1217766216,110002,28,3,11525,11820248,88,29.33,25.54,

08/06/2024,22:24:13.46,08/07/2024,05:24:10.000,376915428,-1217765060,110160,28,3,11324,11774202,89,29.36,25.58,

08/06/2024,22:24:14.46,08/07/2024,05:24:11.000,376914976,-1217763933,110348,25,3,11188,11648526,92,29.32,25.56,

08/06/2024,22:24:15.46,08/07/2024,05:24:12.000,376914537,-1217762800,110543,26,3,11155,11492504,91,29.13,25.48,

08/06/2024,22:24:16.46,08/07/2024,05:24:13.000,376914127,-1217761646,110559,29,3,11327,11398982,87,29.06,25.44,

08/06/2024,22:24:17.46,08/07/2024,05:24:14.000,376913719,-1217760450,110654,29,3,11617,11274368,87,29.12,25.48,

08/06/2024,22:24:18.46,08/07/2024,05:24:15.000,376913326,-1217759226,110782,29,3,11781,11049554,87,29.07,25.64,

08/06/2024,22:24:19.46,08/07/2024,05:24:16.000,376912984,-1217757928,110710,28,3,12124,10710590,87,29.24,25.60,

08/06/2024,22:24:20.46,08/07/2024,05:24:17.000,376912715,-1217756600,110815,27,3,12241,10305728,88,29.19,25.73,

08/06/2024,22:24:21.46,08/07/2024,05:24:18.000,376912487,-1217755248,110837,30,3,12302,10177168,85,29.04,25.62,

08/06/2024,22:24:22.46,08/07/2024,05:24:19.000,376912253,-1217753873,110896,30,3,12487,10184232,85,29.15,25.68,

08/06/2024,22:24:23.46,08/07/2024,05:24:20.000,376912023,-1217752475,110965,30,3,12666,10157310,85,29.14,25.66,

08/06/2024,22:24:24.46,08/07/2024,05:24:21.000,376911802,-1217751066,111047,30,3,12714,10081266,85,29.29,25.80,

08/06/2024,22:24:25.46,08/07/2024,05:24:22.000,376911597,-1217749652,111079,29,3,12675,10034844,89,28.91,25.75,

08/06/2024,22:24:26.46,08/07/2024,05:24:23.000,376911403,-1217748241,111167,29,3,12625,9958200,89,29.04,25.65,

08/06/2024,22:24:27.46,08/07/2024,05:24:24.000,376911237,-1217746840,111179,28,3,12506,9836386,90,29.08,25.77,

08/06/2024,22:24:28.45,08/07/2024,05:24:25.000,376911098,-1217745444,111255,28,3,12424,9614732,90,29.05,25.75,

08/06/2024,22:24:29.45,08/07/2024,05:24:26.000,376911033,-1217744039,111257,29,3,12447,9255208,89,29.05,25.78,

08/06/2024,22:24:30.45,08/07/2024,05:24:27.000,376911055,-1217742654,111233,29,3,12211,8768374,89,29.30,25.76,

08/06/2024,22:24:31.45,08/07/2024,05:24:28.000,376911143,-1217741309,111246,29,3,11806,8410540,89,29.36,25.86,

08/06/2024,22:24:32.45,08/07/2024,05:24:29.000,376911246,-1217740045,111375,29,3,11547,8400638,86,29.41,25.77,

08/06/2024,22:24:33.45,08/07/2024,05:24:30.000,376911317,-1217738754,111416,30,3,11228,8668308,85,29.37,25.65,

08/06/2024,22:24:34.45,08/07/2024,05:24:31.000,376911340,-1217737547,111500,30,3,10572,8856150,85,29.47,25.67,

08/06/2024,22:24:35.45,08/07/2024,05:24:32.000,376911333,-1217736444,111548,30,3,9471,8998882,85,29.56,25.79,

08/06/2024,22:24:36.45,08/07/2024,05:24:33.000,376911318,-1217735489,111601,30,3,7984,8951904,85,29.59,25.66,

08/06/2024,22:24:37.45,08/07/2024,05:24:34.000,376911313,-1217734738,111597,30,3,6047,8944382,85,29.44,25.58,

08/06/2024,22:24:38.45,08/07/2024,05:24:35.000,376911307,-1217734245,111602,30,3,3663,8943132,85,29.44,25.81,

08/06/2024,22:24:39.45,08/07/2024,05:24:36.000,376911304,-1217733956,111615,30,3,2024,8989646,85,29.60,25.54,

08/06/2024,22:24:40.45,08/07/2024,05:24:37.000,376911302,-1217733812,111626,30,3,951,8977152,85,29.67,25.52,

08/06/2024,22:24:41.45,08/07/2024,05:24:38.000,376911301,-1217733748,111625,30,3,387,8996296,85,29.37,25.66,

08/06/2024,22:24:42.44,08/07/2024,05:24:39.000,376911301,-1217733735,111600,30,3,10,8996296,85,29.49,25.57,

08/06/2024,22:24:43.44,08/07/2024,05:24:40.000,376911302,-1217733736,111588,30,3,12,8996296,85,29.40,25.59,

08/06/2024,22:24:44.44,08/07/2024,05:24:41.000,376911305,-1217733738,111616,30,3,14,8996296,85,29.37,25.67,

08/06/2024,22:24:45.44,08/07/2024,05:24:42.000,376911309,-1217733740,111646,30,3,27,8996296,85,29.39,25.54,

08/06/2024,22:24:46.44,08/07/2024,05:24:43.000,376911311,-1217733741,111669,30,3,11,8996296,85,29.58,25.57,

08/06/2024,22:24:47.44,08/07/2024,05:24:44.000,376911314,-1217733742,111709,30,3,19,8996296,85,29.59,25.68,

08/06/2024,22:24:48.44,08/07/2024,05:24:45.000,376911318,-1217733743,111743,30,3,8,8996296,85,29.51,25.50,

08/06/2024,22:24:49.44,08/07/2024,05:24:46.000,376911322,-1217733703,111751,29,3,524,8919560,90,29.38,25.62,

08/06/2024,22:24:50.44,08/07/2024,05:24:47.000,376911325,-1217733479,111805,30,3,2620,8958190,85,29.44,25.69,

08/06/2024,22:24:51.44,08/07/2024,05:24:48.000,376911341,-1217733004,111781,30,3,4884,8720054,85,29.19,25.46,

08/06/2024,22:24:52.44,08/07/2024,05:24:49.000,376911388,-1217732381,111778,29,3,5787,8387314,86,29.29,25.52,

08/06/2024,22:24:53.44,08/07/2024,05:24:50.000,376911518,-1217731700,111780,30,3,6358,7372945,85,29.40,25.64,

08/06/2024,22:24:54.44,08/07/2024,05:24:51.000,376911791,-1217731051,111883,30,3,6516,5771486,85,29.39,25.60,

08/06/2024,22:24:55.44,08/07/2024,05:24:52.000,376912208,-1217730524,111988,29,3,6644,3965016,86,29.40,25.69,

08/06/2024,22:24:56.44,08/07/2024,05:24:53.000,376912758,-1217730194,112051,30,3,6876,2067218,85,29.25,25.79,

08/06/2024,22:24:57.44,08/07/2024,05:24:54.000,376913409,-1217730074,111901,30,3,7553,425293,85,29.32,25.73,

08/06/2024,22:24:58.43,08/07/2024,05:24:55.000,376914145,-1217730100,111836,29,3,8472,35597460,89,29.11,25.70,

08/06/2024,22:24:59.43,08/07/2024,05:24:56.000,376914961,-1217730175,111775,29,3,9338,35549020,89,29.15,25.74,

08/06/2024,22:25:00.43,08/07/2024,05:24:57.000,376915836,-1217730256,111508,29,3,9880,35544344,89,29.26,25.81,

08/06/2024,22:25:01.43,08/07/2024,05:24:58.000,376916739,-1217730345,111629,29,3,10186,35543504,89,29.28,25.84,

08/06/2024,22:25:02.43,08/07/2024,05:24:59.000,376917675,-1217730430,111582,29,3,10529,35591992,89,29.27,25.88,

08/06/2024,22:25:03.43,08/07/2024,05:25:00.000,376918638,-1217730513,111408,29,3,10776,35607652,89,29.08,26.06,

08/06/2024,22:25:04.43,08/07/2024,05:25:01.000,376919625,-1217730584,111560,29,3,11105,35683756,89,28.95,25.96,

08/06/2024,22:25:05.43,08/07/2024,05:25:02.000,376920647,-1217730662,111623,29,3,11465,35623280,89,28.92,26.12,

08/06/2024,22:25:06.43,08/07/2024,05:25:03.000,376921670,-1217730741,111713,29,3,11375,35649212,89,28.70,26.15,

08/06/2024,22:25:07.43,08/07/2024,05:25:04.000,376922679,-1217730835,111874,29,3,11147,35539556,89,28.51,25.97,

08/06/2024,22:25:08.43,08/07/2024,05:25:05.000,376923679,-1217730915,111989,29,3,11098,35647328,89,28.57,26.07,

08/06/2024,22:25:09.43,08/07/2024,05:25:06.000,376924654,-1217730973,111923,29,3,10737,35724528,89,28.56,25.95,

08/06/2024,22:25:10.43,08/07/2024,05:25:07.000,376925608,-1217731038,112074,29,3,10550,35661056,89,28.58,25.98,

08/06/2024,22:25:11.43,08/07/2024,05:25:08.000,376926536,-1217731098,112227,29,3,10239,35681884,89,28.65,26.00,

08/06/2024,22:25:12.43,08/07/2024,05:25:09.000,376926536,-1217731232,112258,29,3,9623,35639904,89,28.58,26.04,

08/06/2024,22:25:14.40,08/07/2024,05:25:11.000,376928313,-1217731295,112313,29,3,8871,35647672,89,28.51,26.13,

08/06/2024,22:25:15.45,08/07/2024,05:25:12.000,376929125,-1217731354,112159,29,3,7858,35641276,89,28.53,26.14,

08/06/2024,22:25:16.45,08/07/2024,05:25:13.000,376929857,-1217731407,112175,29,3,6689,35602836,89,28.38,26.13,

08/06/2024,22:25:17.45,08/07/2024,05:25:14.000,376930489,-1217731452,112210,29,3,5631,35601396,89,28.52,26.21,

08/06/2024,22:25:18.45,08/07/2024,05:25:15.000,376931021,-1217731493,112344,29,3,4398,35577020,89,28.03,26.20,

08/06/2024,22:25:19.45,08/07/2024,05:25:16.000,376931446,-1217731524,112381,29,3,3307,35530684,89,28.41,26.23,

08/06/2024,22:25:20.45,08/07/2024,05:25:17.000,376931772,-1217731545,112385,30,3,2423,35590524,86,28.20,26.24,

08/06/2024,22:25:21.45,08/07/2024,05:25:18.000,376932013,-1217731559,112435,30,3,1697,35566820,86,28.04,26.31,

08/06/2024,22:25:22.45,08/07/2024,05:25:19.000,376932184,-1217731568,112512,30,3,1115,35594796,86,28.17,26.17,

08/06/2024,22:25:23.45,08/07/2024,05:25:20.000,376932298,-1217731571,112568,30,3,748,35597028,86,27.84,26.19,

08/06/2024,22:25:24.45,08/07/2024,05:25:21.000,376932373,-1217731574,112564,30,3,660,35658444,86,28.01,26.14,

08/06/2024,22:25:25.45,08/07/2024,05:25:22.000,376932433,-1217731586,112559,30,3,2210,35618896,86,27.80,26.17,

08/06/2024,22:25:26.45,08/07/2024,05:25:23.000,376932589,-1217731614,112752,29,3,4097,35593964,89,27.79,26.23,

08/06/2024,22:25:27.45,08/07/2024,05:25:24.000,376932905,-1217731653,112901,29,3,5842,35625072,89,27.68,26.29,

08/06/2024,22:25:28.44,08/07/2024,05:25:25.000,376933383,-1217731701,113062,30,3,7162,35672928,86,27.85,26.28,

08/06/2024,22:25:29.44,08/07/2024,05:25:26.000,376933990,-1217731753,113142,30,3,8150,35700792,86,27.77,26.29,

08/06/2024,22:25:30.44,08/07/2024,05:25:27.000,376934696,-1217731795,113277,30,3,8910,35782596,86,27.72,26.35,

08/06/2024,22:25:31.44,08/07/2024,05:25:28.000,376935478,-1217731828,113435,30,3,9527,35830228,86,27.75,26.40,

08/06/2024,22:25:32.44,08/07/2024,05:25:29.000,376936319,-1217731852,113750,29,3,9949,35900288,89,27.79,26.44,

08/06/2024,22:25:33.44,08/07/2024,05:25:30.000,376937202,-1217731857,113920,29,3,10284,35979996,89,27.73,26.36,

08/06/2024,22:25:34.44,08/07/2024,05:25:31.000,376938122,-1217731870,114221,29,3,10442,35907052,89,27.68,26.43,

08/06/2024,22:25:35.44,08/07/2024,05:25:32.000,376939058,-1217731870,114596,29,3,10580,8268,89,27.53,26.34,

08/06/2024,22:25:36.44,08/07/2024,05:25:33.000,376940008,-1217731877,114853,29,3,10670,35937756,89,27.46,26.30,

08/06/2024,22:25:37.44,08/07/2024,05:25:34.000,376940967,-1217731892,115062,29,3,10801,35906276,89,27.98,26.39,

08/06/2024,22:25:38.44,08/07/2024,05:25:35.000,376941939,-1217731913,115212,29,3,10811,35901480,89,27.49,26.40,

08/06/2024,22:25:39.44,08/07/2024,05:25:36.000,376942918,-1217731935,115278,29,3,10750,35885152,89,27.64,26.31,

08/06/2024,22:25:40.44,08/07/2024,05:25:37.000,376943891,-1217731935,115384,29,3,10645,35885836,89,27.68,26.36,

08/06/2024,22:25:42.41,08/07/2024,05:25:39.000,376945818,-1217731986,115442,29,3,10703,35852152,89,27.62,26.27,

08/06/2024,22:25:43.46,08/07/2024,05:25:40.000,376946781,-1217732016,115458,29,3,10843,35848396,89,27.62,26.28,

08/06/2024,22:25:44.46,08/07/2024,05:25:41.000,376947756,-1217732047,115491,29,3,10991,35855916,89,27.70,26.32,

08/06/2024,22:25:45.46,08/07/2024,05:25:42.000,376948743,-1217732079,115436,29,3,11094,35855200,89,27.71,26.32,

08/06/2024,22:25:46.46,08/07/2024,05:25:43.000,376949741,-1217732109,115410,29,3,11178,35785480,89,27.63,26.37,

08/06/2024,22:25:47.46,08/07/2024,05:25:44.000,376950742,-1217732152,115317,28,3,11313,35741384,92,27.63,26.35,

08/06/2024,22:25:48.46,08/07/2024,05:25:45.000,376951754,-1217732208,115101,28,3,11370,35709500,92,27.49,26.31,

08/06/2024,22:25:49.46,08/07/2024,05:25:46.000,376952776,-1217732269,114955,29,3,11300,35660336,91,27.51,26.29,

08/06/2024,22:25:50.46,08/07/2024,05:25:47.000,376953793,-1217732342,114722,29,3,11198,35672384,91,27.85,26.23,

08/06/2024,22:25:51.46,08/07/2024,05:25:48.000,376954802,-1217732413,114481,29,3,11201,35606364,91,27.69,26.16,

08/06/2024,22:25:52.46,08/07/2024,05:25:49.000,376955807,-1217732494,114136,29,3,11180,35599668,91,27.50,26.12,

08/06/2024,22:25:53.46,08/07/2024,05:25:50.000,376956813,-1217732581,113719,29,3,11142,35635324,91,27.59,26.09,

08/06/2024,22:25:54.46,08/07/2024,05:25:51.000,376957813,-1217732661,113282,28,3,11268,35618176,91,27.61,26.11,

08/06/2024,22:25:55.46,08/07/2024,05:25:52.000,376958824,-1217732747,112959,29,3,11278,35703480,91,27.57,25.99,

08/06/2024,22:25:56.46,08/07/2024,05:25:53.000,376959838,-1217732820,112421,29,3,11458,35643652,91,27.57,25.97,

08/06/2024,22:25:57.46,08/07/2024,05:25:54.000,376960863,-1217732897,111955,29,3,11545,35721560,91,27.57,26.00,

08/06/2024,22:25:58.46,08/07/2024,05:25:55.000,376961901,-1217732964,111454,29,3,11761,35681000,91,27.67,25.99,

08/06/2024,22:25:59.45,08/07/2024,05:25:56.000,376962954,-1217733036,111084,29,3,11655,35738236,91,27.54,25.97,

08/06/2024,22:26:00.45,08/07/2024,05:25:57.000,376964002,-1217733101,110736,29,3,11492,35640028,91,27.60,25.90,

08/06/2024,22:26:01.45,08/07/2024,05:25:58.000,376965044,-1217733179,110208,29,3,11390,35492776,91,27.43,25.92,

08/06/2024,22:26:02.45,08/07/2024,05:25:59.000,376966070,-1217733287,109729,29,3,11316,35215140,91,27.48,25.89,

08/06/2024,22:26:03.45,08/07/2024,05:26:00.000,376967079,-1217733448,109346,29,3,11258,34886452,91,27.42,25.85,

08/06/2024,22:26:04.45,08/07/2024,05:26:01.000,376968079,-1217733675,109093,29,3,11176,34899880,91,27.49,25.89,

08/06/2024,22:26:05.45,08/07/2024,05:26:02.000,376969070,-1217733918,108934,28,3,11021,35098116,95,27.44,25.83,

08/06/2024,22:26:06.45,08/07/2024,05:26:03.000,376970054,-1217734135,108886,29,3,10727,35337976,91,27.69,25.69,

08/06/2024,22:26:07.45,08/07/2024,05:26:04.000,376971018,-1217734289,108744,29,3,10114,35440880,91,27.97,25.71,

08/06/2024,22:26:08.45,08/07/2024,05:26:05.000,376971938,-1217734416,108578,29,3,9044,35478780,91,28.03,25.62,

08/06/2024,22:26:09.45,08/07/2024,05:26:06.000,376972780,-1217734520,108436,29,3,7320,35448000,91,28.06,25.77,

08/06/2024,22:26:10.45,08/07/2024,05:26:07.000,376973486,-1217734603,108419,29,3,5382,35440848,91,28.25,25.71,

08/06/2024,22:26:11.45,08/07/2024,05:26:08.000,376974026,-1217734666,108454,29,3,2972,35437512,91,28.22,25.72,

08/06/2024,22:26:12.45,08/07/2024,05:26:09.000,376974354,-1217734710,108508,29,3,754,35428832,91,28.61,25.86,

08/06/2024,22:26:13.45,08/07/2024,05:26:10.000,376974477,-1217734729,108511,30,3,47,35428832,86,28.17,25.65,

08/06/2024,22:26:14.45,08/07/2024,05:26:11.000,376974499,-1217734737,108510,30,3,11,35428832,86,28.35,25.68,

08/06/2024,22:26:15.45,08/07/2024,05:26:12.000,376974500,-1217734741,108468,30,3,16,35428832,86,28.11,25.63,

08/06/2024,22:26:16.45,08/07/2024,05:26:13.000,376974499,-1217734745,108448,30,3,19,35428832,86,28.17,25.77,

08/06/2024,22:26:17.44,08/07/2024,05:26:14.000,376974497,-1217734749,108423,30,3,9,35428832,86,28.20,25.83,

08/06/2024,22:26:18.44,08/07/2024,05:26:15.000,376974497,-1217734753,108411,30,3,12,35428832,86,28.20,25.77,

08/06/2024,22:26:19.44,08/07/2024,05:26:16.000,376974497,-1217734756,108424,30,3,5,35428832,86,28.33,25.81,

08/06/2024,22:26:20.44,08/07/2024,05:26:17.000,376974498,-1217734758,108436,30,3,9,35428832,86,28.17,25.75,

08/06/2024,22:26:21.44,08/07/2024,05:26:18.000,376974498,-1217734760,108435,30,3,8,35428832,86,28.27,25.69,

08/06/2024,22:26:22.44,08/07/2024,05:26:19.000,376974496,-1217734760,108451,30,3,5,35428832,86,28.17,25.77,

08/06/2024,22:26:23.44,08/07/2024,05:26:20.000,376974495,-1217734758,108495,30,3,9,35428832,86,28.29,25.77,

08/06/2024,22:26:24.44,08/07/2024,05:26:21.000,376974495,-1217734756,108525,30,3,13,35428832,86,28.35,25.84,

08/06/2024,22:26:25.44,08/07/2024,05:26:22.000,376974495,-1217734754,108547,30,3,8,35428832,86,28.19,25.68,

08/06/2024,22:26:26.44,08/07/2024,05:26:23.000,376974492,-1217734754,108579,30,3,7,35428832,86,28.21,25.69,

08/06/2024,22:26:27.44,08/07/2024,05:26:24.000,376974490,-1217734753,108575,30,3,10,35428832,86,28.34,25.68,

08/06/2024,22:26:28.44,08/07/2024,05:26:25.000,376974487,-1217734754,108549,30,3,4,35428832,86,28.53,25.75,

08/06/2024,22:26:29.44,08/07/2024,05:26:26.000,376974484,-1217734757,108508,30,3,8,35428832,86,28.33,25.68,

08/06/2024,22:26:30.44,08/07/2024,05:26:27.000,376974481,-1217734758,108508,30,3,3,35428832,86,28.45,25.65,

08/06/2024,22:26:32.41,08/07/2024,05:26:29.000,376974474,-1217734762,108425,30,3,6,35428832,86,28.32,25.76,

08/06/2024,22:26:33.46,08/07/2024,05:26:30.000,376974471,-1217734762,108421,30,3,5,35428832,86,28.14,25.71,

08/06/2024,22:26:34.46,08/07/2024,05:26:31.000,376974469,-1217734762,108399,30,3,7,35428832,86,28.19,25.78,

08/06/2024,22:26:35.46,08/07/2024,05:26:32.000,376974467,-1217734762,108393,30,3,63,35428832,86,28.34,25.70,

08/06/2024,22:26:36.46,08/07/2024,05:26:33.000,376974469,-1217734762,108396,30,3,1176,35447164,86,28.25,25.79,

08/06/2024,22:26:37.46,08/07/2024,05:26:34.000,376974542,-1217734772,108401,30,3,3066,34896212,86,27.96,25.70,

08/06/2024,22:26:38.46,08/07/2024,05:26:35.000,376974765,-1217734822,108354,29,3,4508,33732284,91,28.20,25.79,

08/06/2024,22:26:39.46,08/07/2024,05:26:36.000,376975106,-1217734984,108309,29,3,5503,32131754,91,28.17,25.70,

08/06/2024,22:26:40.46,08/07/2024,05:26:37.000,376975487,-1217735325,108276,29,3,6593,30580978,91,28.19,25.74,

08/06/2024,22:26:41.46,08/07/2024,05:26:38.000,376975844,-1217735874,108151,28,3,7122,29038878,92,28.31,25.74,

08/06/2024,22:26:42.46,08/07/2024,05:26:39.000,376976108,-1217736589,108121,29,3,7960,27713504,91,28.13,25.67,

08/06/2024,22:26:43.46,08/07/2024,05:26:40.000,376976242,-1217737447,108123,30,3,8961,26844950,86,28.57,25.71,

08/06/2024,22:26:44.46,08/07/2024,05:26:41.000,376976257,-1217738427,107902,30,3,9907,26353954,86,28.57,25.64,

08/06/2024,22:26:45.46,08/07/2024,05:26:42.000,376976182,-1217739513,107808,30,3,10581,26263402,86,28.41,25.76,

08/06/2024,22:26:46.46,08/07/2024,05:26:43.000,376976071,-1217740680,107685,30,3,10505,26245754,86,28.29,25.65,

08/06/2024,22:26:47.45,08/07/2024,05:26:44.000,376975952,-1217741864,107637,30,3,10427,26289066,86,28.50,25.74,

08/06/2024,22:26:48.45,08/07/2024,05:26:45.000,376975834,-1217743041,107436,30,3,10331,26379246,86,28.55,25.76,

08/06/2024,22:26:49.45,08/07/2024,05:26:46.000,376975732,-1217744208,107226,30,3,10288,26348020,86,28.89,25.69,

08/06/2024,22:26:50.45,08/07/2024,05:26:47.000,376975633,-1217745368,107081,30,3,10234,26354990,86,28.93,25.62,

08/06/2024,22:26:51.45,08/07/2024,05:26:48.000,376975531,-1217746522,106958,30,3,10105,26369462,86,28.64,25.61,

08/06/2024,22:26:52.45,08/07/2024,05:26:49.000,376975434,-1217747666,106835,30,3,9934,26374314,86,28.63,25.59,

08/06/2024,22:26:53.45,08/07/2024,05:26:50.000,376975340,-1217748792,106757,30,3,9631,26452262,86,28.51,25.57,

08/06/2024,22:26:54.45,08/07/2024,05:26:51.000,376975254,-1217749890,106613,30,3,8412,26497304,86,28.38,25.66,

08/06/2024,22:26:55.45,08/07/2024,05:26:52.000,376975186,-1217750881,106568,30,3,6912,26470988,86,28.42,25.64,

08/06/2024,22:26:56.45,08/07/2024,05:26:53.000,376975130,-1217751712,106549,30,3,5751,26176668,86,28.39,25.67,

08/06/2024,22:26:57.45,08/07/2024,05:26:54.000,376975064,-1217752399,106585,30,3,5012,24598306,86,28.23,25.79,

08/06/2024,22:26:58.45,08/07/2024,05:26:55.000,376974909,-1217752956,106601,30,3,4403,22676784,86,28.34,25.72,

08/06/2024,22:26:59.45,08/07/2024,05:26:56.000,376974657,-1217753360,106571,29,3,3057,21122996,87,28.53,25.73,

08/06/2024,22:27:00.45,08/07/2024,05:26:57.000,376974393,-1217753585,106408,30,3,2305,20139784,86,28.59,25.64,

08/06/2024,22:27:01.45,08/07/2024,05:26:58.000,376974182,-1217753680,106450,30,3,2608,19019384,86,28.42,25.74,

08/06/2024,22:27:02.45,08/07/2024,05:26:59.000,376973966,-1217753726,106679,30,3,2991,18233130,86,28.29,25.62,

08/06/2024,22:27:04.42,08/07/2024,05:27:01.000,376973443,-1217753765,106904,30,3,2693,18556732,86,28.49,25.70,

08/06/2024,22:27:05.47,08/07/2024,05:27:02.000,376973195,-1217753795,107010,30,3,2615,19260828,89,28.43,25.69,

08/06/2024,22:27:06.47,08/07/2024,05:27:03.000,376972966,-1217753864,107161,29,3,2549,21089818,99,28.39,25.62,

08/06/2024,22:27:07.47,08/07/2024,05:27:04.000,376972770,-1217754007,106815,27,3,2744,23161718,92,28.28,25.68,

08/06/2024,22:27:08.47,08/07/2024,05:27:05.000,376972614,-1217754242,106629,29,3,3016,25057550,94,28.25,25.57,

08/06/2024,22:27:09.47,08/07/2024,05:27:06.000,376972520,-1217754547,106480,28,3,3182,26238724,92,28.22,25.65,

08/06/2024,22:27:10.47,08/07/2024,05:27:07.000,376972476,-1217754892,106442,29,3,3352,26413126,86,28.16,25.73,

08/06/2024,22:27:11.47,08/07/2024,05:27:08.000,376972448,-1217755274,106396,30,3,3463,25534154,86,28.05,25.67,

08/06/2024,22:27:12.47,08/07/2024,05:27:09.000,376972385,-1217755655,106423,30,3,3395,24132318,98,28.38,25.62,

08/06/2024,22:27:13.47,08/07/2024,05:27:10.000,376972256,-1217756004,106591,28,3,3300,21827604,92,28.22,25.68,

08/06/2024,22:27:14.47,08/07/2024,05:27:11.000,376972044,-1217756256,106761,29,3,3145,19551438,91,28.15,25.75,

08/06/2024,22:27:15.47,08/07/2024,05:27:12.000,376971777,-1217756374,106879,29,3,3085,18144304,91,28.20,25.72,

08/06/2024,22:27:16.47,08/07/2024,05:27:13.000,376971497,-1217756388,106873,29,3,3207,17900640,91,28.28,25.70,

08/06/2024,22:27:17.47,08/07/2024,05:27:14.000,376971214,-1217756384,107129,29,3,3444,18007544,91,28.35,25.56,

08/06/2024,22:27:18.46,08/07/2024,05:27:15.000,376970912,-1217756381,107158,29,3,3586,17862276,86,28.42,25.70,

08/06/2024,22:27:19.46,08/07/2024,05:27:16.000,376970590,-1217756377,107300,30,3,3527,17986880,86,28.48,25.62,

08/06/2024,22:27:20.46,08/07/2024,05:27:17.000,376970274,-1217756376,106962,30,3,3412,17904202,86,28.53,25.61,

08/06/2024,22:27:21.46,08/07/2024,05:27:18.000,376969966,-1217756369,106946,30,3,3417,18111976,87,28.57,25.76,

08/06/2024,22:27:22.46,08/07/2024,05:27:19.000,376969659,-1217756371,107067,29,3,3506,18063404,87,28.61,25.62,

08/06/2024,22:27:23.46,08/07/2024,05:27:20.000,376969351,-1217756378,107095,29,3,3727,17780338,86,28.62,25.64,

08/06/2024,22:27:24.46,08/07/2024,05:27:21.000,376969019,-1217756372,107745,30,3,3956,17643698,86,28.80,25.53,

08/06/2024,22:27:25.46,08/07/2024,05:27:22.000,376968665,-1217756356,108180,30,3,4381,17571276,86,28.84,25.56,

08/06/2024,22:27:26.46,08/07/2024,05:27:23.000,376968276,-1217756321,108696,30,3,4477,17698600,86,28.78,25.54,

08/06/2024,22:27:27.46,08/07/2024,05:27:24.000,376967870,-1217756296,108877,30,3,4499,17569738,86,28.88,25.55,

08/06/2024,22:27:28.46,08/07/2024,05:27:25.000,376967467,-1217756260,108854,30,3,4539,17202306,86,28.78,25.42,

08/06/2024,22:27:29.46,08/07/2024,05:27:26.000,376967063,-1217756192,108837,30,3,4397,16916398,86,28.96,25.47,

08/06/2024,22:27:30.46,08/07/2024,05:27:27.000,376966671,-1217756082,109650,30,3,4431,16036834,86,29.06,25.53,

08/06/2024,22:27:31.46,08/07/2024,05:27:28.000,376966295,-1217755921,110168,30,3,3481,12238178,86,29.34,25.42,

08/06/2024,22:27:33.43,08/07/2024,05:27:30.000,376965798,-1217755343,110514,30,3,3165,10468320,88,29.32,25.39,

08/06/2024,22:27:34.43,08/07/2024,05:27:31.000,376965714,-1217754993,110525,29,3,2903,9098772,88,29.34,25.34,

08/06/2024,22:27:35.43,08/07/2024,05:27:32.000,376965706,-1217754664,110582,29,3,2812,7658782,88,29.54,25.37,

08/06/2024,22:27:36.43,08/07/2024,05:27:33.000,376965765,-1217754342,110465,29,3,2622,5561286,86,29.47,25.39,

08/06/2024,22:27:37.43,08/07/2024,05:27:34.000,376965893,-1217754095,110236,30,3,2239,3459000,88,29.47,25.26,

08/06/2024,22:27:38.43,08/07/2024,05:27:35.000,376966055,-1217753948,110078,29,3,2199,1734179,86,29.67,25.26,

08/06/2024,22:27:39.43,08/07/2024,05:27:36.000,376966245,-1217753883,109904,30,3,2325,942752,86,29.60,25.27,

08/06/2024,22:27:40.43,08/07/2024,05:27:37.000,376966444,-1217753846,109752,30,3,1445,574797,86,29.81,25.37,

08/06/2024,22:27:41.43,08/07/2024,05:27:38.000,376966593,-1217753836,109677,30,3,944,285324,87,29.63,25.36,

08/06/2024,22:27:42.48,08/07/2024,05:27:39.000,376966689,-1217753844,109616,29,3,502,3260,87,29.60,25.20,

08/06/2024,22:27:43.48,08/07/2024,05:27:40.000,376966743,-1217753857,109452,29,3,21,3260,86,29.41,25.30,

08/06/2024,22:27:44.48,08/07/2024,05:27:41.000,376966752,-1217753860,109284,30,3,17,3260,88,29.45,25.29,

08/06/2024,22:27:45.48,08/07/2024,05:27:42.000,376966749,-1217753863,109205,29,3,9,3260,88,29.73,25.39,

08/06/2024,22:27:46.48,08/07/2024,05:27:43.000,376966746,-1217753865,109141,29,3,10,3260,88,29.56,25.29,

08/06/2024,22:27:47.48,08/07/2024,05:27:44.000,376966745,-1217753866,109107,29,3,19,3260,88,29.62,25.35,

08/06/2024,22:27:48.48,08/07/2024,05:27:45.000,376966744,-1217753870,109074,29,3,8,3260,86,29.54,25.30,

08/06/2024,22:27:49.48,08/07/2024,05:27:46.000,376966744,-1217753873,109060,30,3,32,3260,86,29.74,25.33,

08/06/2024,22:27:50.48,08/07/2024,05:27:47.000,376966745,-1217753875,109093,30,3,4,3260,86,29.59,25.39,

08/06/2024,22:27:51.48,08/07/2024,05:27:48.000,376966744,-1217753876,109132,30,3,3,3260,91,29.54,25.32,

08/06/2024,22:27:52.48,08/07/2024,05:27:49.000,376966743,-1217753879,109207,28,3,9,3260,91,29.54,25.37,

08/06/2024,22:27:53.48,08/07/2024,05:27:50.000,376966740,-1217753881,109261,28,3,21,3260,91,29.55,25.40,

08/06/2024,22:27:54.47,08/07/2024,05:27:51.000,376966739,-1217753883,109283,28,3,2,3260,89,29.52,25.30,

08/06/2024,22:27:55.47,08/07/2024,05:27:52.000,376966738,-1217753885,109310,29,3,17,3260,89,29.56,25.25,

08/06/2024,22:27:56.47,08/07/2024,05:27:53.000,376966736,-1217753887,109359,29,3,11,3260,89,29.68,25.29,

08/06/2024,22:27:57.47,08/07/2024,05:27:54.000,376966734,-1217753889,109436,29,3,7,3260,89,29.57,25.25,

08/06/2024,22:27:58.47,08/07/2024,05:27:55.000,376966733,-1217753890,109458,29,3,12,3260,89,29.63,25.25,

08/06/2024,22:27:59.47,08/07/2024,05:27:56.000,376966732,-1217753891,109489,29,3,3,3260,89,29.64,25.32,

08/06/2024,22:28:00.47,08/07/2024,05:27:57.000,376966732,-1217753892,109503,29,3,9,3260,89,29.52,25.28,

08/06/2024,22:28:01.47,08/07/2024,05:27:58.000,376966731,-1217753891,109562,29,3,10,3260,89,29.45,25.25,

08/06/2024,22:28:02.47,08/07/2024,05:27:59.000,376966721,-1217753884,109489,29,3,6,3260,89,29.91,25.32,

08/06/2024,22:28:03.47,08/07/2024,05:28:00.000,376966712,-1217753879,109445,29,3,20,3260,89,29.62,25.34,

08/06/2024,22:28:04.47,08/07/2024,05:28:01.000,376966701,-1217753872,109429,29,3,6,3260,89,29.70,25.23,

08/06/2024,22:28:05.47,08/07/2024,05:28:02.000,376966692,-1217753867,109411,29,3,9,3260,89,29.56,25.32,

08/06/2024,22:28:06.47,08/07/2024,05:28:03.000,376966684,-1217753861,109379,29,3,15,3260,89,29.55,25.23,

08/06/2024,22:28:07.47,08/07/2024,05:28:04.000,376966677,-1217753852,109473,29,3,10,3260,89,29.46,25.28,

08/06/2024,22:28:08.47,08/07/2024,05:28:05.000,376966668,-1217753845,109554,29,3,7,3260,89,29.71,25.26,

08/06/2024,22:28:09.47,08/07/2024,05:28:06.000,376966661,-1217753840,109596,29,3,40,3260,87,29.56,25.44,

08/06/2024,22:28:10.46,08/07/2024,05:28:07.000,376966649,-1217753836,109631,30,3,16,3260,87,29.57,25.33,

08/06/2024,22:28:11.46,08/07/2024,05:28:08.000,376966640,-1217753834,109672,30,3,12,3260,88,29.50,25.28,

08/06/2024,22:28:12.46,08/07/2024,05:28:09.000,376966633,-1217753833,109708,29,3,20,3260,87,29.68,25.42,

08/06/2024,22:28:13.46,08/07/2024,05:28:10.000,376966624,-1217753834,109726,30,3,20,3260,87,29.49,25.22,

08/06/2024,22:28:14.46,08/07/2024,05:28:11.000,376966615,-1217753834,109749,30,3,4,3260,88,29.39,25.38,

08/06/2024,22:28:15.46,08/07/2024,05:28:12.000,376966606,-1217753833,109805,29,3,9,3260,87,29.68,25.40,

08/06/2024,22:28:16.46,08/07/2024,05:28:13.000,376966597,-1217753834,109868,30,3,18,3260,88,29.61,25.47,

08/06/2024,22:28:17.46,08/07/2024,05:28:14.000,376966587,-1217753837,109913,29,3,20,3260,89,29.60,25.33,

08/06/2024,22:28:18.46,08/07/2024,05:28:15.000,376966577,-1217753841,109974,28,3,4,3260,88,29.81,25.42,

08/06/2024,22:28:19.46,08/07/2024,05:28:16.000,376966567,-1217753843,110040,29,3,5,3260,88,29.64,25.29,

08/06/2024,22:28:20.46,08/07/2024,05:28:17.000,376966559,-1217753846,110134,29,3,5,3260,88,29.51,25.25,

08/06/2024,22:28:21.46,08/07/2024,05:28:18.000,376966550,-1217753849,110186,29,3,7,3260,88,29.55,25.32,

08/06/2024,22:28:22.46,08/07/2024,05:28:19.000,376966541,-1217753851,110254,29,3,10,3260,88,29.42,25.34,

08/06/2024,22:28:23.46,08/07/2024,05:28:20.000,376966534,-1217753853,110272,29,3,10,3260,88,29.56,25.34,

08/06/2024,22:28:24.46,08/07/2024,05:28:21.000,376966529,-1217753857,110250,29,3,1,3260,87,29.68,25.38,

08/06/2024,22:28:25.46,08/07/2024,05:28:22.000,376966525,-1217753862,110198,30,3,9,3260,87,29.81,25.30,

08/06/2024,22:28:26.46,08/07/2024,05:28:23.000,376966521,-1217753866,110131,30,3,22,3260,87,29.67,25.40,

08/06/2024,22:28:27.46,08/07/2024,05:28:24.000,376966516,-1217753870,110090,30,3,23,3260,87,29.43,25.25,

08/06/2024,22:28:28.45,08/07/2024,05:28:25.000,376966512,-1217753877,110095,30,3,6,3260,87,29.48,25.25,

08/06/2024,22:28:29.45,08/07/2024,05:28:26.000,376966509,-1217753882,110112,30,3,10,3260,87,29.61,25.30,

08/06/2024,22:28:30.45,08/07/2024,05:28:27.000,376966507,-1217753888,110115,30,3,5,3260,87,29.54,25.33,

08/06/2024,22:28:31.45,08/07/2024,05:28:28.000,376966503,-1217753894,110128,30,3,5,3260,88,29.72,25.42,

08/06/2024,22:28:32.45,08/07/2024,05:28:29.000,376966499,-1217753900,110123,29,3,2,3260,87,29.69,25.32,

08/06/2024,22:28:33.45,08/07/2024,05:28:30.000,376966494,-1217753905,110117,30,3,6,3260,88,29.40,25.26,

08/06/2024,22:28:34.45,08/07/2024,05:28:31.000,376966490,-1217753910,110112,29,3,2,3260,88,29.59,25.23,

08/06/2024,22:28:35.45,08/07/2024,05:28:32.000,376966487,-1217753917,110154,29,3,7,3260,87,29.44,25.36,

08/06/2024,22:28:36.45,08/07/2024,05:28:33.000,376966483,-1217753923,110182,30,3,12,3260,87,29.62,25.40,

08/06/2024,22:28:37.45,08/07/2024,05:28:34.000,376966478,-1217753928,110241,30,3,5,3260,88,29.36,25.35,

08/06/2024,22:28:38.45,08/07/2024,05:28:35.000,376966475,-1217753930,110248,29,3,13,3260,88,29.51,25.44,

08/06/2024,22:28:39.45,08/07/2024,05:28:36.000,376966473,-1217753932,110282,29,3,3,3260,87,29.31,25.40,

08/06/2024,22:28:40.45,08/07/2024,05:28:37.000,376966469,-1217753935,110372,30,3,14,3260,87,29.56,25.41,

08/06/2024,22:28:41.45,08/07/2024,05:28:38.000,376966465,-1217753937,110445,30,3,16,3260,87,29.24,25.37,

08/06/2024,22:28:42.45,08/07/2024,05:28:39.000,376966462,-1217753941,110504,30,3,16,3260,87,29.24,25.42,

08/06/2024,22:28:44.42,08/07/2024,05:28:41.000,376966455,-1217753944,110642,30,3,10,3260,87,29.27,25.46,

08/06/2024,22:28:45.47,08/07/2024,05:28:42.000,376966452,-1217753945,110733,30,3,6,3260,88,29.43,25.40,

08/06/2024,22:28:46.47,08/07/2024,05:28:43.000,376966449,-1217753945,110843,29,3,2,3260,87,29.34,25.43,

08/06/2024,22:28:47.47,08/07/2024,05:28:44.000,376966447,-1217753945,110940,30,3,15,3260,88,29.36,25.43,

08/06/2024,22:28:48.47,08/07/2024,05:28:45.000,376966445,-1217753945,111020,29,3,7,3260,87,29.29,25.41,

08/06/2024,22:28:49.47,08/07/2024,05:28:46.000,376966444,-1217753946,111106,30,3,6,3260,88,29.19,25.34,

08/06/2024,22:28:50.47,08/07/2024,05:28:47.000,376966440,-1217753948,111171,29,3,12,3260,88,29.33,25.36,

08/06/2024,22:28:51.47,08/07/2024,05:28:48.000,376966440,-1217753952,111240,29,3,13,3260,88,29.16,25.30,

08/06/2024,22:28:52.47,08/07/2024,05:28:49.000,376966439,-1217753956,111283,29,3,9,3260,88,29.38,25.38,

08/06/2024,22:28:53.47,08/07/2024,05:28:50.000,376966439,-1217753960,111349,29,3,5,3260,91,29.35,25.41,

08/06/2024,22:28:54.47,08/07/2024,05:28:51.000,376966440,-1217753964,111373,28,3,12,3260,91,29.20,25.32,

08/06/2024,22:28:55.47,08/07/2024,05:28:52.000,376966440,-1217753966,111412,28,3,11,3260,91,29.32,25.33,

08/06/2024,22:28:56.46,08/07/2024,05:28:53.000,376966440,-1217753969,111390,28,3,7,3260,93,29.40,25.45,

08/06/2024,22:28:57.46,08/07/2024,05:28:54.000,376966441,-1217753968,111363,27,3,10,3260,95,29.52,25.43,

08/06/2024,22:28:58.46,08/07/2024,05:28:55.000,376966444,-1217753965,111282,26,3,15,3260,92,29.24,25.43,

08/06/2024,22:28:59.46,08/07/2024,05:28:56.000,376966445,-1217753963,111190,27,3,7,3260,90,29.35,25.40,

08/06/2024,22:29:00.46,08/07/2024,05:28:57.000,376966445,-1217753959,111114,28,3,9,3260,90,29.29,25.42,

08/06/2024,22:29:01.46,08/07/2024,05:28:58.000,376966446,-1217753954,111020,28,3,7,3260,90,29.35,25.56,

08/06/2024,22:29:02.46,08/07/2024,05:28:59.000,376966444,-1217753950,110952,28,3,14,3260,90,29.45,25.42,

08/06/2024,22:29:04.43,08/07/2024,05:29:01.000,376966439,-1217753927,110671,28,3,140,3260,90,29.36,25.46,

08/06/2024,22:29:05.43,08/07/2024,05:29:02.000,376966402,-1217753929,110487,28,3,573,11544868,90,29.21,25.39,

08/06/2024,22:29:06.43,08/07/2024,05:29:03.000,376966347,-1217753920,110296,28,3,656,14582554,91,29.34,25.42,

08/06/2024,22:29:07.43,08/07/2024,05:29:04.000,376966298,-1217753922,110176,28,3,515,15678132,91,29.24,25.40,

08/06/2024,22:29:08.43,08/07/2024,05:29:05.000,376966246,-1217753914,110143,28,3,638,17099102,91,29.34,25.43,

08/06/2024,22:29:09.43,08/07/2024,05:29:06.000,376966184,-1217753912,109991,28,3,750,17625894,91,29.36,25.33,

08/06/2024,22:29:10.43,08/07/2024,05:29:07.000,376966099,-1217753918,110010,28,3,1072,18449460,95,29.41,25.34,

08/06/2024,22:29:11.43,08/07/2024,05:29:08.000,376966012,-1217753929,109979,27,3,1010,18682908,95,29.39,25.25,

08/06/2024,22:29:12.43,08/07/2024,05:29:09.000,376965927,-1217753925,109920,27,3,1019,18359476,95,29.37,25.32,

08/06/2024,22:29:13.43,08/07/2024,05:29:10.000,376965838,-1217753899,109990,27,3,1032,17513478,91,29.36,25.33,

08/06/2024,22:29:14.43,08/07/2024,05:29:11.000,376965764,-1217753857,110019,28,3,881,16769360,91,29.50,25.33,

08/06/2024,22:29:15.43,08/07/2024,05:29:12.000,376965738,-1217753801,109643,28,3,428,16252484,88,29.29,25.28,

08/06/2024,22:29:16.43,08/07/2024,05:29:13.000,376965758,-1217753800,109466,29,3,374,22940104,85,29.33,25.35,

08/06/2024,22:29:17.43,08/07/2024,05:29:14.000,376965837,-1217753907,109292,30,3,1528,29694780,88,29.40,25.48,

08/06/2024,22:29:18.43,08/07/2024,05:29:15.000,376965901,-1217754111,109018,29,3,2105,28150740,85,29.38,25.34,

08/06/2024,22:29:19.48,08/07/2024,05:29:16.000,376965894,-1217754341,109083,30,3,2410,26013268,85,29.45,25.26,

08/06/2024,22:29:20.48,08/07/2024,05:29:17.000,376965828,-1217754582,108843,30,3,2479,24681040,85,29.28,25.28,

08/06/2024,22:29:21.48,08/07/2024,05:29:18.000,376965756,-1217754817,108719,30,3,2247,24727066,85,29.66,25.30,

08/06/2024,22:29:22.48,08/07/2024,05:29:19.000,376965723,-1217755051,108643,30,3,2139,25774016,85,29.28,25.29,

08/06/2024,22:29:23.48,08/07/2024,05:29:20.000,376965759,-1217755304,108399,30,3,2350,27835184,85,29.36,25.23,

08/06/2024,22:29:24.48,08/07/2024,05:29:21.000,376965890,-1217755545,108055,30,3,2762,30358776,85,29.28,25.23,

08/06/2024,22:29:25.48,08/07/2024,05:29:22.000,376966135,-1217755695,107585,29,3,3358,33887652,85,29.37,25.34,

08/06/2024,22:29:26.48,08/07/2024,05:29:23.000,376966427,-1217755788,107359,30,3,3386,34693664,86,29.39,25.18,

08/06/2024,22:29:27.47,08/07/2024,05:29:24.000,376966746,-1217755849,107133,29,3,3667,35162808,86,29.33,25.18,

08/06/2024,22:29:28.47,08/07/2024,05:29:25.000,376967082,-1217755903,106988,29,3,3792,35336576,85,29.58,25.19,

08/06/2024,22:29:29.47,08/07/2024,05:29:26.000,376967419,-1217755942,106973,30,3,3764,35480148,85,29.50,25.26,

08/06/2024,22:29:30.47,08/07/2024,05:29:27.000,376967746,-1217755975,106902,30,3,3607,35562788,86,29.56,25.18,

08/06/2024,22:29:31.47,08/07/2024,05:29:28.000,376968039,-1217756003,106840,29,3,3165,35605512,85,29.69,25.23,

08/06/2024,22:29:32.47,08/07/2024,05:29:29.000,376968309,-1217756027,106851,30,3,2995,35628440,85,29.64,25.19,

08/06/2024,22:29:33.47,08/07/2024,05:29:30.000,376968574,-1217756045,106779,30,3,2923,35745864,85,29.47,25.22,

08/06/2024,22:29:34.47,08/07/2024,05:29:31.000,376968854,-1217756065,106918,30,3,3220,35649748,85,29.77,25.35,

08/06/2024,22:29:35.47,08/07/2024,05:29:32.000,376969169,-1217756083,107229,30,3,3669,35798388,85,29.68,25.29,

08/06/2024,22:29:36.47,08/07/2024,05:29:33.000,376969523,-1217756088,107522,30,3,4072,35937960,85,29.46,25.30,

08/06/2024,22:29:37.47,08/07/2024,05:29:34.000,376969905,-1217756075,107499,30,3,4383,235394,85,29.34,25.28,

08/06/2024,22:29:38.47,08/07/2024,05:29:35.000,376970281,-1217756038,107999,30,3,4152,434344,86,29.52,25.32,

08/06/2024,22:29:39.47,08/07/2024,05:29:36.000,376970628,-1217755986,108177,29,3,3783,703658,86,29.40,25.32,

08/06/2024,22:29:40.47,08/07/2024,05:29:37.000,376970936,-1217755951,107673,29,3,3277,483871,86,29.32,25.26,

08/06/2024,22:29:41.47,08/07/2024,05:29:38.000,376971204,-1217755914,107731,29,3,2898,676079,86,29.28,25.37,

08/06/2024,22:29:42.47,08/07/2024,05:29:39.000,376971431,-1217755877,107933,29,3,2491,727568,85,29.29,25.27,

08/06/2024,22:29:43.46,08/07/2024,05:29:40.000,376971628,-1217755835,107901,30,3,2152,983287,85,29.18,25.36,

08/06/2024,22:29:44.46,08/07/2024,05:29:41.000,376971805,-1217755807,107962,30,3,1957,687869,85,29.14,25.33,

08/06/2024,22:29:45.46,08/07/2024,05:29:42.000,376971983,-1217755838,107816,30,3,2011,35209036,85,29.09,25.34,

08/06/2024,22:29:46.46,08/07/2024,05:29:43.000,376972138,-1217755982,107693,30,3,2339,32943186,85,29.13,25.43,

08/06/2024,22:29:47.46,08/07/2024,05:29:44.000,376972218,-1217756245,107409,30,3,2709,29117730,85,29.02,25.30,

08/06/2024,22:29:48.46,08/07/2024,05:29:45.000,376972180,-1217756519,107399,30,3,2752,25452630,85,29.04,25.54,

08/06/2024,22:29:49.46,08/07/2024,05:29:47.000,376971855,-1217756726,107386,29,3,2255,19452086,88,28.92,25.42,

08/06/2024,22:29:50.46,08/07/2024,05:29:48.000,376971653,-1217756660,107439,29,3,2471,16913026,88,28.80,25.47,

08/06/2024,22:29:51.46,08/07/2024,05:29:49.000,376971420,-1217756508,107424,30,3,3148,15527278,85,28.72,25.47,

08/06/2024,22:29:52.46,08/07/2024,05:29:50.000,376971130,-1217756354,107813,30,3,3770,16051110,85,28.84,25.48,

08/06/2024,22:29:53.46,08/07/2024,05:29:51.000,376970758,-1217756263,107868,30,3,4493,17157020,85,28.85,25.47,

08/06/2024,22:29:54.46,08/07/2024,05:29:52.000,376970314,-1217756230,108021,30,3,5218,17801982,85,28.61,25.49,

08/06/2024,22:29:55.46,08/07/2024,05:29:53.000,376969828,-1217756213,108063,30,3,5592,17898120,85,28.82,25.51,

08/06/2024,22:29:56.46,08/07/2024,05:29:54.000,376969344,-1217756215,108340,29,3,5404,18080442,86,28.92,25.47,

08/06/2024,22:29:57.46,08/07/2024,05:29:55.000,376968873,-1217756220,108373,29,3,5330,17994916,86,28.96,25.43,

08/06/2024,22:29:58.46,08/07/2024,05:29:56.000,376968413,-1217756214,108410,29,3,5094,17996470,86,28.91,25.50,

08/06/2024,22:29:59.45,08/07/2024,05:29:57.000,376967952,-1217756206,108684,30,3,5096,17931302,85,29.14,25.45,

08/06/2024,22:30:00.45,08/07/2024,05:29:58.000,376967499,-1217756188,108675,30,3,5109,17771966,85,28.88,25.25,

08/06/2024,22:30:01.45,08/07/2024,05:29:59.000,376967049,-1217756135,108438,30,3,4946,17353410,85,29.23,25.41,

08/06/2024,22:30:02.45,08/07/2024,05:30:00.000,376966607,-1217756036,108910,30,3,4944,16956962,85,29.25,25.46,

08/06/2024,22:30:03.45,08/07/2024,05:30:01.000,376966201,-1217755854,109427,29,3,4734,15888414,86,29.31,25.40,

08/06/2024,22:30:04.45,08/07/2024,05:30:02.000,376965865,-1217755573,110494,30,3,4313,14486986,85,29.20,25.29,

08/06/2024,22:30:05.45,08/07/2024,05:30:03.000,376965666,-1217755204,110605,29,3,3854,12108364,86,29.37,25.40,

08/06/2024,22:30:06.45,08/07/2024,05:30:04.000,376965566,-1217754825,110699,29,3,3473,10468028,86,29.35,25.28,

08/06/2024,22:30:07.45,08/07/2024,05:30:05.000,376965574,-1217754464,110492,30,3,3264,8624856,85,29.13,25.32,

08/06/2024,22:30:08.45,08/07/2024,05:30:06.000,376965693,-1217754175,110159,30,3,3113,6027418,85,29.33,25.28,

08/06/2024,22:30:09.45,08/07/2024,05:30:07.000,376965909,-1217753982,109784,30,3,3091,3416309,85,29.28,25.27,

08/06/2024,22:30:10.45,08/07/2024,05:30:08.000,376966173,-1217753878,109578,30,3,3209,1529935,85,29.29,25.24,

08/06/2024,22:30:11.45,08/07/2024,05:30:09.000,376966421,-1217753857,109381,30,3,2589,430782,85,29.48,25.33,

08/06/2024,22:30:12.45,08/07/2024,05:30:10.000,376966569,-1217753865,109373,30,3,1268,217876,85,29.16,25.30,

08/06/2024,22:30:13.45,08/07/2024,05:30:11.000,376966636,-1217753868,109090,30,3,542,312218,85,29.14,25.28,

08/06/2024,22:30:14.44,08/07/2024,05:30:12.000,376966649,-1217753869,109039,29,3,5,312218,88,29.41,25.42,

08/06/2024,22:30:15.44,08/07/2024,05:30:13.000,376966649,-1217753873,109063,29,3,7,312218,88,29.43,25.32,

08/06/2024,22:30:16.44,08/07/2024,05:30:14.000,376966650,-1217753878,109069,28,3,8,312218,91,29.25,25.29,

08/06/2024,22:30:17.44,08/07/2024,05:30:15.000,376966649,-1217753884,109123,28,3,19,312218,91,29.28,25.25,

08/06/2024,22:30:18.44,08/07/2024,05:30:16.000,376966649,-1217753890,109204,28,3,8,312218,91,29.59,25.31,

08/06/2024,22:30:19.44,08/07/2024,05:30:17.000,376966648,-1217753895,109287,28,3,23,312218,91,29.36,25.33,

08/06/2024,22:30:20.44,08/07/2024,05:30:18.000,376966647,-1217753900,109396,27,3,16,312218,93,29.54,25.35,

08/06/2024,22:30:21.44,08/07/2024,05:30:19.000,376966649,-1217753908,109601,27,3,31,312218,93,29.38,25.30,

08/06/2024,22:30:22.44,08/07/2024,05:30:20.000,376966652,-1217753914,109827,27,3,22,312218,93,29.37,25.29,

08/06/2024,22:30:23.44,08/07/2024,05:30:21.000,376966654,-1217753920,110048,27,3,15,312218,93,29.41,25.29,

08/06/2024,22:30:24.44,08/07/2024,05:30:22.000,376966656,-1217753927,110223,27,3,15,312218,93,29.27,25.39,

08/06/2024,22:30:25.44,08/07/2024,05:30:23.000,376966659,-1217753933,110369,26,3,11,312218,95,29.44,25.25,

08/06/2024,22:30:26.44,08/07/2024,05:30:24.000,376966661,-1217753943,110493,27,3,18,312218,93,29.50,25.39,

08/06/2024,22:30:27.44,08/07/2024,05:30:25.000,376966662,-1217753952,110624,28,3,6,312218,91,29.58,25.33,

08/06/2024,22:30:28.44,08/07/2024,05:30:26.000,376966662,-1217753961,110727,28,3,4,312218,91,29.48,25.30,

08/06/2024,22:30:29.44,08/07/2024,05:30:27.000,376966662,-1217753971,110837,28,3,2,312218,91,29.60,25.34,

08/06/2024,22:30:30.43,08/07/2024,05:30:28.000,376966662,-1217753980,110942,27,3,11,312218,92,29.63,25.29,

08/06/2024,22:30:31.43,08/07/2024,05:30:29.000,376966662,-1217753988,110997,27,3,6,312218,92,29.77,25.29,

08/06/2024,22:30:32.43,08/07/2024,05:30:30.000,376966661,-1217753998,111069,27,3,13,312218,92,29.93,25.38,

08/06/2024,22:30:33.43,08/07/2024,05:30:31.000,376966660,-1217754008,111085,27,3,14,312218,92,29.78,25.38,

08/06/2024,22:30:34.43,08/07/2024,05:30:32.000,376966657,-1217754016,111147,27,3,30,312218,92,29.72,25.30,

08/06/2024,22:30:35.43,08/07/2024,05:30:33.000,376966655,-1217754024,111154,27,3,7,312218,92,29.62,25.36,

08/06/2024,22:30:36.43,08/07/2024,05:30:34.000,376966654,-1217754032,111170,27,3,12,312218,92,29.63,25.31,

08/06/2024,22:30:37.43,08/07/2024,05:30:35.000,376966652,-1217754038,111173,27,3,14,312218,92,29.53,25.29,

08/06/2024,22:30:38.48,08/07/2024,05:30:36.000,376966651,-1217754044,111164,27,3,5,312218,92,29.70,25.25,

08/06/2024,22:30:39.48,08/07/2024,05:30:37.000,376966649,-1217754050,111105,26,3,23,312218,94,29.38,25.35,

08/06/2024,22:30:40.48,08/07/2024,05:30:38.000,376966647,-1217754054,111108,28,3,5,312218,91,29.45,25.42,

08/06/2024,22:30:41.48,08/07/2024,05:30:39.000,376966644,-1217754058,111160,28,3,11,312218,91,29.21,25.32,

08/06/2024,22:30:42.48,08/07/2024,05:30:40.000,376966642,-1217754062,111187,28,3,9,312218,91,29.45,25.34,

08/06/2024,22:30:43.48,08/07/2024,05:30:41.000,376966640,-1217754065,111248,28,3,29,312218,91,29.24,25.43,

08/06/2024,22:30:44.48,08/07/2024,05:30:42.000,376966639,-1217754065,111307,28,3,5,312218,91,29.40,25.33,

08/06/2024,22:30:45.48,08/07/2024,05:30:44.000,376966640,-1217754064,111386,28,3,24,312218,91,29.33,25.37,

08/06/2024,22:30:47.47,08/07/2024,05:30:45.000,376966640,-1217754063,111429,28,3,15,312218,91,29.39,25.34,

08/06/2024,22:30:48.46,08/07/2024,05:30:46.000,376966639,-1217754061,111446,28,3,17,312218,91,29.48,25.40,

08/06/2024,22:30:49.46,08/07/2024,05:30:47.000,376966638,-1217754058,111469,28,3,19,312218,91,29.37,25.27,

08/06/2024,22:30:50.46,08/07/2024,05:30:48.000,376966637,-1217754055,111478,29,3,2,312218,86,29.34,25.38,

08/06/2024,22:30:51.46,08/07/2024,05:30:50.000,376966630,-1217754048,111487,29,3,19,312218,86,29.47,25.29,

08/06/2024,22:30:53.44,08/07/2024,05:30:51.000,376966625,-1217754044,111507,29,3,9,312218,86,29.28,25.23,

08/06/2024,22:30:54.44,08/07/2024,05:30:52.000,376966621,-1217754040,111491,28,3,11,312218,90,29.41,25.33,

08/06/2024,22:30:55.43,08/07/2024,05:30:53.000,376966619,-1217754037,111465,28,3,12,312218,90,29.26,25.32,

08/06/2024,22:30:56.43,08/07/2024,05:30:54.000,376966616,-1217754034,111444,27,3,5,312218,92,29.26,25.34,

08/06/2024,22:30:57.43,08/07/2024,05:30:55.000,376966615,-1217754031,111386,28,3,13,312218,90,29.16,25.37,

08/06/2024,22:30:58.43,08/07/2024,05:30:56.000,376966614,-1217754028,111343,28,3,11,312218,90,29.18,25.36,

08/06/2024,22:30:59.43,08/07/2024,05:30:58.000,376966613,-1217754024,111243,28,3,17,312218,90,29.35,25.32,

08/06/2024,22:31:01.41,08/07/2024,05:30:59.000,376966612,-1217754022,111203,28,3,11,312218,90,29.33,25.45,

08/06/2024,22:31:02.46,08/07/2024,05:31:00.000,376966613,-1217754020,111149,28,3,8,312218,90,29.16,25.26,

08/06/2024,22:31:03.46,08/07/2024,05:31:01.000,376966612,-1217754018,111112,28,3,10,312218,90,29.23,25.41,

08/06/2024,22:31:04.46,08/07/2024,05:31:02.000,376966610,-1217754016,111054,28,3,16,312218,90,29.29,25.33,

08/06/2024,22:31:05.46,08/07/2024,05:31:03.000,376966610,-1217754014,110986,28,3,9,312218,90,29.08,25.35,

08/06/2024,22:31:06.46,08/07/2024,05:31:04.000,376966609,-1217754013,110900,28,3,5,312218,90,29.09,25.34,

08/06/2024,22:31:07.45,08/07/2024,05:31:05.000,376966609,-1217754013,110854,28,3,19,312218,90,29.27,25.44,

08/06/2024,22:31:08.45,08/07/2024,05:31:06.000,376966609,-1217754012,110808,28,3,6,312218,90,29.38,25.30,

08/06/2024,22:31:09.45,08/07/2024,05:31:07.000,376966608,-1217754012,110763,28,3,8,312218,90,29.16,25.34,

08/06/2024,22:31:10.45,08/07/2024,05:31:08.000,376966607,-1217754010,110724,28,3,8,312218,90,29.28,25.33,

08/06/2024,22:31:11.45,08/07/2024,05:31:09.000,376966608,-1217754009,110661,27,3,12,312218,91,29.32,25.32,

08/06/2024,22:31:12.45,08/07/2024,05:31:10.000,376966607,-1217754008,110624,27,3,13,312218,91,29.38,25.33,

08/06/2024,22:31:13.45,08/07/2024,05:31:11.000,376966608,-1217754006,110571,27,3,3,312218,91,29.38,25.35,

08/06/2024,22:31:14.45,08/07/2024,05:31:12.000,376966609,-1217754003,110487,27,3,12,312218,91,29.25,25.23,

08/06/2024,22:31:15.45,08/07/2024,05:31:13.000,376966610,-1217754001,110386,27,3,9,312218,91,29.53,25.44,

08/06/2024,22:31:16.45,08/07/2024,05:31:14.000,376966610,-1217753998,110284,27,3,8,312218,91,29.33,25.41,

08/06/2024,22:31:17.45,08/07/2024,05:31:15.000,376966610,-1217753994,110139,28,3,16,312218,86,29.36,25.37,

08/06/2024,22:31:18.45,08/07/2024,05:31:16.000,376966611,-1217753991,110025,27,3,8,312218,91,29.42,25.44,

08/06/2024,22:31:19.45,08/07/2024,05:31:17.000,376966609,-1217753987,109919,28,3,6,312218,90,29.43,25.29,

08/06/2024,22:31:20.45,08/07/2024,05:31:18.000,376966607,-1217753980,109802,28,3,14,312218,90,29.55,25.38,

08/06/2024,22:31:21.44,08/07/2024,05:31:19.000,376966605,-1217753975,109661,28,3,6,312218,90,29.42,25.33,

08/06/2024,22:31:22.44,08/07/2024,05:31:20.000,376966603,-1217753971,109519,28,3,12,312218,90,29.43,25.43,

08/06/2024,22:31:23.44,08/07/2024,05:31:21.000,376966602,-1217753966,109410,28,3,4,312218,90,29.38,25.36,

08/06/2024,22:31:24.44,08/07/2024,05:31:22.000,376966602,-1217753961,109325,28,3,11,312218,90,29.19,25.38,

08/06/2024,22:31:25.44,08/07/2024,05:31:23.000,376966604,-1217753956,109224,28,3,20,312218,90,29.48,25.37,

08/06/2024,22:31:26.44,08/07/2024,05:31:24.000,376966606,-1217753951,109176,29,3,15,312218,86,29.44,25.29,

08/06/2024,22:31:27.44,08/07/2024,05:31:25.000,376966608,-1217753948,109095,28,3,16,312218,90,29.39,25.46,

08/06/2024,22:31:28.44,08/07/2024,05:31:26.000,376966609,-1217753946,109021,28,3,5,312218,90,29.27,25.43,

08/06/2024,22:31:29.44,08/07/2024,05:31:27.000,376966610,-1217753945,108950,29,3,10,312218,86,29.54,25.45,

08/06/2024,22:31:30.44,08/07/2024,05:31:28.000,376966610,-1217753944,108901,28,3,12,312218,90,29.41,25.40,

08/06/2024,22:31:31.44,08/07/2024,05:31:29.000,376966613,-1217753944,108899,28,3,11,312218,90,29.33,25.35,

08/06/2024,22:31:32.44,08/07/2024,05:31:30.000,376966617,-1217753942,108880,28,3,12,312218,90,29.26,25.35,

08/06/2024,22:31:33.44,08/07/2024,05:31:31.000,376966622,-1217753940,108878,27,3,8,312218,93,29.31,25.38,

08/06/2024,22:31:34.44,08/07/2024,05:31:32.000,376966625,-1217753939,108880,27,3,3,312218,93,29.17,25.35,

08/06/2024,22:31:35.43,08/07/2024,05:31:33.000,376966628,-1217753938,108879,27,3,4,312218,93,29.19,25.40,

08/06/2024,22:31:36.43,08/07/2024,05:31:34.000,376966631,-1217753938,108907,27,3,12,312218,93,29.27,25.38,

08/06/2024,22:31:37.43,08/07/2024,05:31:35.000,376966634,-1217753936,108877,26,3,4,312218,95,29.36,25.46,

08/06/2024,22:31:38.43,08/07/2024,05:31:36.000,376966638,-1217753933,108858,26,3,21,312218,95,29.14,25.38,

08/06/2024,22:31:39.43,08/07/2024,05:31:37.000,376966642,-1217753929,108850,26,3,17,312218,95,29.23,25.37,

08/06/2024,22:31:40.43,08/07/2024,05:31:38.000,376966647,-1217753925,108843,26,3,35,312218,95,29.33,25.38,

08/06/2024,22:31:41.43,08/07/2024,05:31:39.000,376966651,-1217753918,108814,27,3,12,312218,89,29.29,25.38,

08/06/2024,22:31:42.43,08/07/2024,05:31:40.000,376966655,-1217753911,108782,26,3,17,312218,95,29.27,25.40,

08/06/2024,22:31:43.43,08/07/2024,05:31:41.000,376966658,-1217753904,108780,26,3,15,312218,95,29.39,25.38,

08/06/2024,22:31:44.49,08/07/2024,05:31:42.000,376966659,-1217753899,108793,26,3,24,312218,95,29.23,25.42,

08/06/2024,22:31:45.49,08/07/2024,05:31:43.000,376966661,-1217753896,108785,26,3,16,312218,95,29.21,25.45,

08/06/2024,22:31:46.49,08/07/2024,05:31:44.000,376966664,-1217753892,108817,26,3,5,312218,95,29.27,25.42,

08/06/2024,22:31:47.48,08/07/2024,05:31:45.000,376966667,-1217753887,108793,26,3,20,312218,95,29.33,25.34,

08/06/2024,22:31:48.48,08/07/2024,05:31:46.000,376966670,-1217753883,108762,26,3,25,312218,95,29.25,25.38,

08/06/2024,22:31:49.48,08/07/2024,05:31:47.000,376966673,-1217753878,108732,26,3,20,312218,95,29.21,25.42,

08/06/2024,22:31:50.48,08/07/2024,05:31:48.000,376966675,-1217753870,108694,26,3,8,312218,95,29.30,25.47,

08/06/2024,22:31:51.48,08/07/2024,05:31:49.000,376966675,-1217753863,108648,26,3,20,312218,95,29.07,25.33,

08/06/2024,22:31:52.48,08/07/2024,05:31:50.000,376966676,-1217753857,108555,26,3,16,312218,95,29.03,25.42,

08/06/2024,22:31:53.48,08/07/2024,05:31:51.000,376966675,-1217753854,108528,27,3,8,312218,93,29.12,25.37,

08/06/2024,22:31:54.48,08/07/2024,05:31:52.000,376966674,-1217753852,108479,28,3,11,312218,90,29.17,25.36,

08/06/2024,22:31:55.48,08/07/2024,05:31:53.000,376966672,-1217753850,108454,28,3,12,312218,90,29.11,25.43,

08/06/2024,22:31:56.48,08/07/2024,05:31:54.000,376966670,-1217753848,108468,29,3,14,312218,86,29.00,25.42,

08/06/2024,22:31:57.48,08/07/2024,05:31:55.000,376966669,-1217753847,108451,27,3,4,312218,91,29.19,25.35,

08/06/2024,22:31:58.48,08/07/2024,05:31:56.000,376966666,-1217753847,108450,28,3,4,312218,90,29.16,25.31,

08/06/2024,22:31:59.48,08/07/2024,05:31:57.000,376966664,-1217753846,108454,28,3,7,312218,87,29.19,25.44,

08/06/2024,22:32:00.48,08/07/2024,05:31:58.000,376966662,-1217753845,108476,27,3,15,312218,91,29.29,25.45,

08/06/2024,22:32:01.47,08/07/2024,05:31:59.000,376966661,-1217753842,108459,27,3,14,312218,91,29.22,25.28,

08/06/2024,22:32:02.47,08/07/2024,05:32:00.000,376966661,-1217753841,108466,28,3,21,312218,90,29.11,25.26,

08/06/2024,22:32:03.47,08/07/2024,05:32:01.000,376966659,-1217753839,108486,28,3,10,312218,90,29.09,25.38,

08/06/2024,22:32:04.47,08/07/2024,05:32:02.000,376966657,-1217753837,108498,28,3,11,312218,90,29.16,25.40,

08/06/2024,22:32:05.47,08/07/2024,05:32:03.000,376966655,-1217753837,108558,28,3,2,312218,90,29.26,25.37,

08/06/2024,22:32:06.47,08/07/2024,05:32:04.000,376966654,-1217753837,108595,28,3,6,312218,90,29.16,25.38,

08/06/2024,22:32:07.47,08/07/2024,05:32:05.000,376966651,-1217753838,108614,28,3,7,312218,90,29.26,25.30,

08/06/2024,22:32:08.47,08/07/2024,05:32:06.000,376966647,-1217753839,108639,27,3,15,312218,91,29.28,25.50,

08/06/2024,22:32:09.47,08/07/2024,05:32:07.000,376966645,-1217753840,108668,28,3,8,312218,89,29.24,25.40,

08/06/2024,22:32:10.47,08/07/2024,05:32:08.000,376966643,-1217753841,108680,28,3,6,312218,89,29.16,25.28,

08/06/2024,22:32:11.47,08/07/2024,05:32:09.000,376966642,-1217753844,108750,28,3,15,312218,89,29.18,25.40,

08/06/2024,22:32:12.47,08/07/2024,05:32:10.000,376966643,-1217753843,108803,26,3,19,312218,94,29.34,25.43,

08/06/2024,22:32:13.47,08/07/2024,05:32:11.000,376966645,-1217753844,108854,26,3,8,312218,94,29.37,25.44,

08/06/2024,22:32:14.47,08/07/2024,05:32:12.000,376966649,-1217753844,108905,26,3,11,312218,94,29.27,25.25,

08/06/2024,22:32:15.46,08/07/2024,05:32:13.000,376966650,-1217753844,108948,27,3,21,312218,90,29.32,25.41,

08/06/2024,22:32:16.46,08/07/2024,05:32:14.000,376966652,-1217753846,108987,27,3,9,312218,90,29.28,25.44,

08/06/2024,22:32:17.46,08/07/2024,05:32:15.000,376966654,-1217753847,109040,27,3,9,312218,90,29.56,25.48,

08/06/2024,22:32:18.46,08/07/2024,05:32:16.000,376966654,-1217753850,109126,28,3,19,312218,89,29.15,25.38,

08/06/2024,22:32:19.46,08/07/2024,05:32:17.000,376966655,-1217753853,109217,27,3,6,312218,90,29.40,25.48,

08/06/2024,22:32:20.46,08/07/2024,05:32:18.000,376966656,-1217753854,109239,27,3,13,312218,90,29.12,25.34,

08/06/2024,22:32:21.46,08/07/2024,05:32:19.000,376966656,-1217753855,109230,27,3,7,312218,90,29.21,25.37,

08/06/2024,22:32:22.46,08/07/2024,05:32:20.000,376966657,-1217753857,109214,27,3,20,312218,90,29.38,25.35,

08/06/2024,22:32:23.46,08/07/2024,05:32:21.000,376966633,-1217753859,109250,28,3,415,8947352,89,29.31,25.37,

08/06/2024,22:32:24.46,08/07/2024,05:32:22.000,376966563,-1217753857,109234,28,3,922,16058530,86,29.16,25.30,

08/06/2024,22:32:25.46,08/07/2024,05:32:23.000,376966463,-1217753861,109316,28,3,1123,17270390,88,29.31,25.34,

08/06/2024,22:32:26.46,08/07/2024,05:32:24.000,376966349,-1217753870,109320,28,3,1293,17888952,86,29.21,25.34,

08/06/2024,22:32:27.46,08/07/2024,05:32:25.000,376966237,-1217753877,109365,29,3,1191,18009408,85,29.41,25.26,

08/06/2024,22:32:28.46,08/07/2024,05:32:26.000,376966139,-1217753859,109422,28,3,1060,17515622,88,29.16,25.32,

08/06/2024,22:32:29.45,08/07/2024,05:32:27.000,376966044,-1217753815,109485,29,3,1121,16473274,85,29.34,25.30,

08/06/2024,22:32:30.45,08/07/2024,05:32:28.000,376965991,-1217753771,109433,28,3,534,15991870,86,29.30,25.27,

08/06/2024,22:32:31.45,08/07/2024,05:32:29.000,376965992,-1217753782,109318,28,3,375,22336170,86,29.43,25.32,

08/06/2024,22:32:32.45,08/07/2024,05:32:30.000,376966027,-1217753884,109153,28,3,1236,28551412,86,29.42,25.28,

08/06/2024,22:32:33.45,08/07/2024,05:32:31.000,376966038,-1217754093,109151,29,3,2298,27277774,85,29.45,25.33,

08/06/2024,22:32:34.45,08/07/2024,05:32:32.000,376965989,-1217754363,109126,29,3,2691,25532078,85,29.52,25.40,

08/06/2024,22:32:35.45,08/07/2024,05:32:33.000,376965880,-1217754636,109118,29,3,2704,24382644,85,29.59,25.28,

08/06/2024,22:32:36.45,08/07/2024,05:32:34.000,376965789,-1217754902,109019,29,3,2550,24754934,85,29.31,25.23,

08/06/2024,22:32:37.45,08/07/2024,05:32:35.000,376965768,-1217755195,108836,29,3,2641,26613326,85,29.45,25.26,

08/06/2024,22:32:38.45,08/07/2024,05:32:36.000,376965864,-1217755489,108638,29,3,2979,29233338,85,29.55,25.24,

08/06/2024,22:32:39.45,08/07/2024,05:32:37.000,376966102,-1217755695,108342,29,3,3482,32461610,85,29.46,25.23,

08/06/2024,22:32:40.45,08/07/2024,05:32:38.000,376966411,-1217755819,107932,29,3,3762,34542028,85,29.72,25.16,

08/06/2024,22:32:41.45,08/07/2024,05:32:39.000,376966756,-1217755895,107564,28,3,3961,35118576,88,29.69,25.20,

08/06/2024,22:32:42.44,08/07/2024,05:32:40.000,376967093,-1217755988,108062,29,3,4145,35363820,85,29.74,25.07,

08/06/2024,22:32:43.44,08/07/2024,05:32:41.000,376967470,-1217756043,108137,29,3,4379,35377784,85,29.68,25.22,

08/06/2024,22:32:44.44,08/07/2024,05:32:42.000,376967866,-1217756086,108189,27,3,4393,35544164,88,29.62,25.10,

08/06/2024,22:32:45.44,08/07/2024,05:32:43.000,376968256,-1217756129,108379,29,3,4327,35617520,85,29.98,25.17,

08/06/2024,22:32:46.44,08/07/2024,05:32:44.000,376968641,-1217756166,108497,29,3,4333,35683288,85,29.92,25.24,

08/06/2024,22:32:47.44,08/07/2024,05:32:45.000,376969029,-1217756194,108746,28,3,4462,35764812,88,29.68,25.27,

08/06/2024,22:32:48.44,08/07/2024,05:32:46.000,376969438,-1217756189,109000,30,3,4590,92905,82,29.70,25.20,

08/06/2024,22:32:49.44,08/07/2024,05:32:47.000,376969860,-1217756166,109381,29,3,4796,231056,85,29.61,25.28,

08/06/2024,22:32:50.44,08/07/2024,05:32:48.000,376970289,-1217756138,110076,29,3,4854,181860,85,29.62,25.15,

08/06/2024,22:32:51.44,08/07/2024,05:32:49.000,376970723,-1217756102,110372,29,3,4855,423960,85,29.34,25.18,

08/06/2024,22:32:52.44,08/07/2024,05:32:50.000,376971142,-1217756061,110287,30,3,4652,516764,82,29.63,25.20,

08/06/2024,22:32:53.44,08/07/2024,05:32:51.000,376971521,-1217755992,110087,30,3,4114,940617,82,29.48,25.24,

08/06/2024,22:32:54.44,08/07/2024,05:32:52.000,376971837,-1217755835,109877,30,3,3719,2544104,82,29.58,25.25,

08/06/2024,22:32:55.43,08/07/2024,05:32:53.000,376972067,-1217755552,109717,30,3,3687,4972087,82,29.29,25.19,

08/06/2024,22:32:56.43,08/07/2024,05:32:54.000,376972193,-1217755161,109395,30,3,3604,7305198,82,29.26,25.18,

08/06/2024,22:32:57.43,08/07/2024,05:32:55.000,376972219,-1217754752,109307,29,3,3569,8851836,84,29.27,25.10,

08/06/2024,22:32:58.43,08/07/2024,05:32:56.000,376972254,-1217754351,109229,30,3,3596,8231778,82,29.32,25.16,

08/06/2024,22:32:59.48,08/07/2024,05:32:57.000,376972377,-1217753962,108988,30,3,3816,6538299,82,29.22,25.19,

08/06/2024,22:33:00.48,08/07/2024,05:32:58.000,376972621,-1217753651,108754,30,3,3973,4117650,82,29.25,25.33,

08/06/2024,22:33:01.48,08/07/2024,05:32:59.000,376972942,-1217753445,108606,30,3,4046,2372823,82,29.26,25.30,

08/06/2024,22:33:02.48,08/07/2024,05:33:00.000,376973290,-1217753364,108478,30,3,3920,839426,82,29.12,25.22,

08/06/2024,22:33:03.48,08/07/2024,05:33:01.000,376973596,-1217753358,108423,30,3,3188,35991140,82,29.11,25.29,

08/06/2024,22:33:04.48,08/07/2024,05:33:02.000,376973817,-1217753364,108292,29,3,2129,35982600,85,29.06,25.22,

08/06/2024,22:33:05.48,08/07/2024,05:33:03.000,376973934,-1217753360,108199,29,3,992,101779,85,29.01,25.30,

08/06/2024,22:33:06.48,08/07/2024,05:33:04.000,376974044,-1217753338,107959,29,3,1314,594629,85,28.86,25.22,

08/06/2024,22:33:07.48,08/07/2024,05:33:05.000,376974162,-1217753289,107761,29,3,1451,1619450,85,28.95,25.32,

08/06/2024,22:33:08.48,08/07/2024,05:33:06.000,376974301,-1217753131,107648,29,3,2314,4172403,85,28.92,25.26,

08/06/2024,22:33:09.48,08/07/2024,05:33:07.000,376974434,-1217752844,107657,29,3,3241,6201532,85,28.86,25.33,

08/06/2024,22:33:10.48,08/07/2024,05:33:08.000,376974509,-1217752398,107526,29,3,4470,7998976,85,28.96,25.34,

08/06/2024,22:33:11.48,08/07/2024,05:33:09.000,376974558,-1217751795,107449,30,3,5778,8410456,82,28.83,25.25,

08/06/2024,22:33:12.47,08/07/2024,05:33:10.000,376974615,-1217751049,107367,30,3,7008,8416904,82,28.91,25.28,

08/06/2024,22:33:13.47,08/07/2024,05:33:11.000,376974675,-1217750205,107216,30,3,7685,8454346,82,29.05,25.30,

08/06/2024,22:33:14.47,08/07/2024,05:33:12.000,376974741,-1217749329,107177,30,3,7791,8446116,82,29.21,25.38,

08/06/2024,22:33:15.47,08/07/2024,05:33:13.000,376974807,-1217748448,107131,30,3,7815,8472024,82,28.90,25.22,

08/06/2024,22:33:16.47,08/07/2024,05:33:14.000,376974868,-1217747523,107154,30,3,8345,8565310,82,28.96,25.35,

08/06/2024,22:33:17.47,08/07/2024,05:33:15.000,376974919,-1217746541,107142,30,3,8841,8672258,82,28.89,25.30,

08/06/2024,22:33:18.47,08/07/2024,05:33:16.000,376974970,-1217745514,107237,30,3,9154,8649118,82,29.21,25.25,

08/06/2024,22:33:19.47,08/07/2024,05:33:17.000,376975031,-1217744477,107299,30,3,9203,8561374,82,29.44,25.39,

08/06/2024,22:33:20.47,08/07/2024,05:33:18.000,376975096,-1217743434,107266,30,3,9267,8556032,82,29.46,25.32,

08/06/2024,22:33:21.47,08/07/2024,05:33:19.000,376975169,-1217742408,107379,30,3,9058,8471540,82,29.49,25.22,

08/06/2024,22:33:22.47,08/07/2024,05:33:20.000,376975251,-1217741401,107432,30,3,8915,8404482,82,29.32,25.23,

08/06/2024,22:33:23.47,08/07/2024,05:33:21.000,376975332,-1217740446,107548,30,3,8344,8391768,82,29.57,25.34,

08/06/2024,22:33:24.46,08/07/2024,05:33:22.000,376975405,-1217739601,107659,30,3,7177,8404650,82,29.52,25.24,

08/06/2024,22:33:25.46,08/07/2024,05:33:23.000,376975464,-1217738911,107729,30,3,5695,8397558,82,29.51,25.18,

08/06/2024,22:33:26.46,08/07/2024,05:33:24.000,376975504,-1217738391,107732,30,3,4175,8498188,82,29.30,25.26,

08/06/2024,22:33:27.46,08/07/2024,05:33:25.000,376975512,-1217738051,107804,30,3,2517,8975518,82,29.39,25.19,

08/06/2024,22:33:28.46,08/07/2024,05:33:26.000,376975505,-1217737861,107835,30,3,1370,9146872,82,29.33,25.20,

08/06/2024,22:33:29.46,08/07/2024,05:33:27.000,376975498,-1217737765,107825,30,3,677,9300418,82,29.33,25.20,

08/06/2024,22:33:30.46,08/07/2024,05:33:28.000,376975496,-1217737737,107817,30,3,104,9300418,82,29.27,25.28,

08/06/2024,22:33:31.46,08/07/2024,05:33:29.000,376975493,-1217737668,107875,30,3,862,9551018,82,29.20,25.25,

08/06/2024,22:33:32.46,08/07/2024,05:33:30.000,376975452,-1217737436,107870,31,3,2646,10352088,80,29.24,25.16,

08/06/2024,22:33:33.46,08/07/2024,05:33:31.000,376975315,-1217737062,107845,31,3,4074,11637954,80,28.94,25.23,

08/06/2024,22:33:34.46,08/07/2024,05:33:32.000,376975002,-1217736660,107994,31,3,5438,13907470,80,29.09,25.12,

08/06/2024,22:33:35.46,08/07/2024,05:33:33.000,376974494,-1217736356,107969,30,3,6701,15918558,84,29.31,25.19,

08/06/2024,22:33:36.45,08/07/2024,05:33:34.000,376973818,-1217736162,107973,30,3,8170,16976696,84,29.43,25.30,

08/06/2024,22:33:37.45,08/07/2024,05:33:35.000,376973009,-1217736023,107958,31,3,9501,17299926,80,29.21,25.19,

08/06/2024,22:33:38.45,08/07/2024,05:33:36.000,376972109,-1217735895,107984,31,3,10359,17381614,80,29.05,25.26,

08/06/2024,22:33:39.45,08/07/2024,05:33:37.000,376971156,-1217735769,108013,31,3,10774,17402614,80,29.16,25.20,

08/06/2024,22:33:40.45,08/07/2024,05:33:38.000,376970173,-1217735641,108020,31,3,11050,17429556,80,29.33,25.22,

08/06/2024,22:33:41.45,08/07/2024,05:33:39.000,376969167,-1217735509,108104,31,3,11304,17413120,80,29.20,25.18,

08/06/2024,22:33:42.45,08/07/2024,05:33:40.000,376968156,-1217735356,107877,29,3,11372,17302512,81,29.26,25.23,

08/06/2024,22:33:43.45,08/07/2024,05:33:41.000,376967142,-1217735211,108031,29,3,11268,17371116,81,29.26,25.23,

08/06/2024,22:33:44.45,08/07/2024,05:33:42.000,376966128,-1217735068,108101,29,3,11417,17385502,81,29.19,25.29,

08/06/2024,22:33:45.45,08/07/2024,05:33:43.000,376965101,-1217734935,108340,29,3,11523,17444050,81,28.97,25.22,

08/06/2024,22:33:46.45,08/07/2024,05:33:44.000,376964066,-1217734814,108649,30,3,11571,17502560,79,28.90,25.30,

08/06/2024,22:33:47.44,08/07/2024,05:33:45.000,376963026,-1217734708,109063,30,3,11622,17556600,79,28.74,25.38,

08/06/2024,22:33:48.44,08/07/2024,05:33:46.000,376961988,-1217734612,109537,30,3,11538,17597972,79,28.94,25.42,

08/06/2024,22:33:49.44,08/07/2024,05:33:47.000,376960968,-1217734524,109924,30,3,11308,17637260,79,28.63,25.29,

08/06/2024,22:33:50.44,08/07/2024,05:33:48.000,376959956,-1217734441,110287,30,3,11306,17649768,79,28.77,25.26,

08/06/2024,22:33:51.44,08/07/2024,05:33:49.000,376958936,-1217734356,110681,30,3,11397,17622614,79,28.74,25.23,

08/06/2024,22:33:52.44,08/07/2024,05:33:50.000,376957911,-1217734267,111036,30,3,11472,17598044,79,28.75,25.27,

08/06/2024,22:33:53.44,08/07/2024,05:33:51.000,376956882,-1217734171,111415,29,3,11484,17576244,83,28.67,25.20,

08/06/2024,22:33:54.44,08/07/2024,05:33:52.000,376955866,-1217734092,111799,29,3,11256,17625588,83,29.07,25.29,

08/06/2024,22:33:55.44,08/07/2024,05:33:53.000,376954860,-1217734002,112173,29,3,11243,17604828,83,28.91,25.29,

08/06/2024,22:33:56.44,08/07/2024,05:33:54.000,376953854,-1217733916,112368,30,3,11194,17608114,79,28.81,25.38,

08/06/2024,22:33:57.44,08/07/2024,05:33:55.000,376952849,-1217733829,112591,30,3,11192,17625934,79,28.68,25.38,

08/06/2024,22:33:58.43,08/07/2024,05:33:56.000,376951846,-1217733745,112823,30,3,11166,17638804,79,28.62,25.50,

08/06/2024,22:33:59.43,08/07/2024,05:33:57.000,376950852,-1217733675,112947,30,3,11053,17715180,79,28.47,25.58,

08/06/2024,22:34:00.43,08/07/2024,05:33:58.000,376949858,-1217733625,112984,30,3,11096,17818248,79,28.68,25.52,

08/06/2024,22:34:01.43,08/07/2024,05:33:59.000,376948857,-1217733593,113001,30,3,11173,17884836,79,28.47,25.49,

08/06/2024,22:34:02.48,08/07/2024,05:34:00.000,376947843,-1217733572,112955,30,3,11299,17918252,79,28.58,25.50,

08/06/2024,22:34:03.48,08/07/2024,05:34:01.000,376946813,-1217733551,112963,30,3,11494,17924998,79,28.72,25.48,

08/06/2024,22:34:04.48,08/07/2024,05:34:02.000,376945787,-1217733530,112979,30,3,11354,17912768,79,28.80,25.52,

08/06/2024,22:34:05.48,08/07/2024,05:34:03.000,376944775,-1217733509,112856,30,3,11186,17896816,79,28.94,25.58,

08/06/2024,22:34:06.48,08/07/2024,05:34:04.000,376943765,-1217733486,112673,30,3,11246,17905686,79,28.87,25.60,

08/06/2024,22:34:07.48,08/07/2024,05:34:05.000,376942751,-1217733467,112453,30,3,11266,17923346,79,28.87,25.56,

08/06/2024,22:34:08.48,08/07/2024,05:34:06.000,376941739,-1217733447,112189,30,3,11215,17912978,79,28.80,25.66,

08/06/2024,22:34:09.48,08/07/2024,05:34:07.000,376940730,-1217733418,112024,30,3,11218,17862822,79,28.86,25.63,

08/06/2024,22:34:10.48,08/07/2024,05:34:08.000,376939718,-1217733387,111862,30,3,11245,17856898,79,28.77,25.73,

08/06/2024,22:34:11.48,08/07/2024,05:34:09.000,376938709,-1217733352,111568,30,3,11191,17828454,79,29.02,25.69,

08/06/2024,22:34:12.48,08/07/2024,05:34:10.000,376937707,-1217733306,111303,30,3,11128,17784660,79,28.74,25.75,

08/06/2024,22:34:13.47,08/07/2024,05:34:11.000,376936711,-1217733253,111047,30,3,11059,17754646,79,28.67,25.85,

08/06/2024,22:34:14.47,08/07/2024,05:34:12.000,376935713,-1217733199,110777,30,3,11107,17762500,79,28.57,25.81,

08/06/2024,22:34:15.47,08/07/2024,05:34:13.000,376934704,-1217733139,110591,30,3,11253,17727708,79,28.64,25.83,

08/06/2024,22:34:16.47,08/07/2024,05:34:14.000,376933691,-1217733069,110324,30,3,11304,17681232,79,28.46,25.82,

08/06/2024,22:34:17.47,08/07/2024,05:34:15.000,376932676,-1217732997,110152,30,3,11291,17695042,79,28.43,25.89,

08/06/2024,22:34:18.47,08/07/2024,05:34:16.000,376931661,-1217732923,110022,30,3,11257,17673200,79,28.40,25.85,

08/06/2024,22:34:19.47,08/07/2024,05:34:17.000,376930649,-1217732846,109851,30,3,11277,17652362,79,28.40,25.87,

08/06/2024,22:34:20.47,08/07/2024,05:34:18.000,376929632,-1217732763,109637,30,3,11368,17630908,79,28.58,25.82,

08/06/2024,22:34:21.47,08/07/2024,05:34:19.000,376928609,-1217732676,109517,30,3,11394,17633664,79,28.45,25.84,

08/06/2024,22:34:22.47,08/07/2024,05:34:20.000,376927591,-1217732588,109341,30,3,11280,17613552,79,28.90,25.96,

08/06/2024,22:34:23.47,08/07/2024,05:34:21.000,376926579,-1217732492,109224,30,3,11263,17576438,79,28.93,25.81,

08/06/2024,22:34:24.46,08/07/2024,05:34:22.000,376925565,-1217732396,109075,30,3,11299,17573090,79,28.75,25.83,

08/06/2024,22:34:25.46,08/07/2024,05:34:23.000,376924544,-1217732318,108900,30,3,11406,17695864,79,29.10,25.84,

08/06/2024,22:34:26.46,08/07/2024,05:34:24.000,376923511,-1217732290,108892,30,3,11476,17967794,79,29.35,25.70,

08/06/2024,22:34:27.46,08/07/2024,05:34:25.000,376922468,-1217732315,109020,30,3,11567,18182628,79,29.59,25.81,

08/06/2024,22:34:28.46,08/07/2024,05:34:26.000,376921428,-1217732374,108823,30,3,11581,18287186,79,29.44,25.77,

08/06/2024,22:34:29.46,08/07/2024,05:34:27.000,376920394,-1217732419,108653,30,3,11483,18169170,79,29.41,25.87,

08/06/2024,22:34:30.46,08/07/2024,05:34:28.000,376919370,-1217732433,108592,30,3,11325,18018122,79,29.27,25.85,

08/06/2024,22:34:31.46,08/07/2024,05:34:29.000,376918356,-1217732431,108511,29,3,11247,17980784,82,29.21,25.76,

08/06/2024,22:34:32.46,08/07/2024,05:34:30.000,376917360,-1217732404,108466,29,3,11008,17840782,82,29.38,25.60,

08/06/2024,22:34:33.46,08/07/2024,05:34:31.000,376916392,-1217732370,108808,28,3,10615,17847392,86,29.37,25.47,

08/06/2024,22:34:34.46,08/07/2024,05:34:32.000,376915516,-1217732328,108550,29,3,9360,17623330,82,29.78,25.50,

08/06/2024,22:34:35.46,08/07/2024,05:34:33.000,376914759,-1217732256,108401,29,3,7975,17536174,82,29.78,25.45,

08/06/2024,22:34:36.45,08/07/2024,05:34:34.000,376914125,-1217732187,108628,30,3,6566,17577198,79,29.79,25.46,

08/06/2024,22:34:37.45,08/07/2024,05:34:35.000,376913632,-1217732196,108983,30,3,4853,17986690,79,29.60,25.66,

08/06/2024,22:34:38.45,08/07/2024,05:34:36.000,376913335,-1217732212,109063,30,3,2539,18359388,79,29.58,25.55,

08/06/2024,22:34:39.45,08/07/2024,05:34:37.000,376913135,-1217732250,109005,30,3,2180,18744556,79,29.43,25.54,

08/06/2024,22:34:40.45,08/07/2024,05:34:38.000,376912884,-1217732342,109150,30,3,3240,19591106,79,29.49,25.65,

08/06/2024,22:34:41.45,08/07/2024,05:34:39.000,376912562,-1217732558,109428,30,3,4368,20958446,79,29.53,25.64,

08/06/2024,22:34:42.45,08/07/2024,05:34:40.000,376912233,-1217732963,109719,31,3,5388,22789896,78,29.42,25.65,

08/06/2024,22:34:43.45,08/07/2024,05:34:41.000,376911978,-1217733571,109838,31,3,6400,24709414,78,29.56,25.76,

08/06/2024,22:34:44.45,08/07/2024,05:34:42.000,376911835,-1217734351,109822,31,3,7404,26031174,78,29.47,25.62,

08/06/2024,22:34:45.45,08/07/2024,05:34:43.000,376911787,-1217735268,109822,31,3,8423,26840914,78,29.45,25.61,

08/06/2024,22:34:46.45,08/07/2024,05:34:44.000,376911779,-1217736288,109665,31,3,9246,26974266,78,29.33,25.56,

08/06/2024,22:34:47.44,08/07/2024,05:34:45.000,376911785,-1217737386,109558,31,3,9903,27057506,78,29.50,25.48,

08/06/2024,22:34:48.44,08/07/2024,05:34:46.000,376911803,-1217738551,109555,31,3,10465,27102118,78,29.61,25.42,

08/06/2024,22:34:49.44,08/07/2024,05:34:47.000,376911825,-1217739754,109518,31,3,10665,27116152,78,29.75,25.41,

08/06/2024,22:34:50.44,08/07/2024,05:34:48.000,376911851,-1217740965,109420,31,3,10714,27148190,78,29.66,25.19,

08/06/2024,22:34:51.44,08/07/2024,05:34:49.000,376911887,-1217742180,109326,31,3,10764,27217832,78,30.23,25.39,

08/06/2024,22:34:52.44,08/07/2024,05:34:50.000,376911942,-1217743418,109202,31,3,11022,27339180,78,30.15,25.35,

08/06/2024,22:34:53.44,08/07/2024,05:34:51.000,376912008,-1217744681,109168,31,3,11256,27381288,78,30.31,25.25,

08/06/2024,22:34:54.44,08/07/2024,05:34:52.000,376912101,-1217745958,109147,31,3,11377,27544538,78,30.30,25.28,

08/06/2024,22:34:55.44,08/07/2024,05:34:53.000,376912223,-1217747242,109083,31,3,11431,27710020,78,29.95,25.29,

08/06/2024,22:34:56.44,08/07/2024,05:34:54.000,376912362,-1217748512,109104,31,3,11291,27787112,78,29.98,25.35,

08/06/2024,22:34:57.44,08/07/2024,05:34:55.000,376912494,-1217749757,109081,30,3,11045,27724640,79,30.18,25.41,

08/06/2024,22:34:58.44,08/07/2024,05:34:56.000,376912601,-1217750982,109085,30,3,10857,27566792,79,29.94,25.38,

08/06/2024,22:34:59.43,08/07/2024,05:34:57.000,376912699,-1217752180,109118,31,3,10571,27577914,78,29.79,25.45,

08/06/2024,22:35:00.43,08/07/2024,05:34:58.000,376912833,-1217753334,109022,31,3,10194,27912368,78,29.82,25.44,

08/06/2024,22:35:01.49,08/07/2024,05:34:59.000,376913011,-1217754429,108989,31,3,9725,28250076,78,29.61,25.37,

08/06/2024,22:35:02.48,08/07/2024,05:35:00.000,376913213,-1217755433,108943,31,3,8900,28511890,78,29.54,25.45,

08/06/2024,22:35:03.48,08/07/2024,05:35:01.000,376913416,-1217756289,108970,31,3,7447,28745042,78,29.74,25.51,

08/06/2024,22:35:04.48,08/07/2024,05:35:03.000,376913694,-1217757330,108944,31,3,2974,28911472,78,29.57,25.51,

08/06/2024,22:35:06.46,08/07/2024,05:35:04.000,376913740,-1217757502,108955,31,3,1048,28903874,78,29.45,25.48,

08/06/2024,22:35:07.46,08/07/2024,05:35:05.000,376913751,-1217757546,108926,30,3,155,28903874,80,29.68,25.43,

08/06/2024,22:35:08.45,08/07/2024,05:35:06.000,376913751,-1217757549,108918,30,3,4,28903874,80,29.40,25.35,

08/06/2024,22:35:09.45,08/07/2024,05:35:07.000,376913749,-1217757547,108896,30,3,4,28903874,80,29.49,25.45,

08/06/2024,22:35:10.45,08/07/2024,05:35:08.000,376913747,-1217757544,108881,30,3,6,28903874,80,29.60,25.47,

08/06/2024,22:35:11.45,08/07/2024,05:35:10.000,376913742,-1217757541,108866,29,3,19,28903874,83,29.32,25.50,

08/06/2024,22:35:13.43,08/07/2024,05:35:11.000,376913740,-1217757539,108854,29,3,2,28903874,83,29.30,25.50,

08/06/2024,22:35:14.48,08/07/2024,05:35:12.000,376913737,-1217757536,108840,29,3,7,28903874,83,29.33,25.53,

08/06/2024,22:35:15.48,08/07/2024,05:35:13.000,376913735,-1217757533,108812,29,3,10,28903874,83,29.29,25.45,

08/06/2024,22:35:16.48,08/07/2024,05:35:14.000,376913736,-1217757529,108805,29,3,11,28903874,83,29.21,25.48,

08/06/2024,22:35:17.48,08/07/2024,05:35:15.000,376913735,-1217757526,108834,29,3,4,28903874,83,29.38,25.50,

08/06/2024,22:35:18.47,08/07/2024,05:35:16.000,376913735,-1217757521,108878,29,3,13,28903874,83,29.60,25.40,

08/06/2024,22:35:19.47,08/07/2024,05:35:17.000,376913741,-1217757546,108929,29,3,385,28925896,83,29.46,25.38,

08/06/2024,22:35:20.47,08/07/2024,05:35:18.000,376913786,-1217757705,109012,29,3,1976,28980930,83,29.36,25.62,

08/06/2024,22:35:21.47,08/07/2024,05:35:19.000,376913880,-1217758036,109080,29,3,3585,28895432,83,29.30,25.65,

08/06/2024,22:35:22.47,08/07/2024,05:35:20.000,376913969,-1217758515,109123,29,3,4680,28126254,83,29.19,25.54,

08/06/2024,22:35:23.47,08/07/2024,05:35:21.000,376913990,-1217759074,109172,29,3,5083,26922474,83,29.13,25.64,

08/06/2024,22:35:24.47,08/07/2024,05:35:22.000,376913871,-1217759646,109307,30,3,5214,25248130,81,29.24,25.64,

08/06/2024,22:35:25.47,08/07/2024,05:35:23.000,376913593,-1217760115,109347,30,3,5200,22719680,81,29.20,25.60,

08/06/2024,22:35:26.47,08/07/2024,05:35:24.000,376913164,-1217760412,109038,31,3,5552,20326284,78,28.99,25.45,

08/06/2024,22:35:27.47,08/07/2024,05:35:25.000,376912650,-1217760519,109288,31,3,6130,18482658,78,29.10,25.61,

08/06/2024,22:35:28.47,08/07/2024,05:35:26.000,376912057,-1217760439,109014,31,3,6816,17044264,78,29.22,25.62,

08/06/2024,22:35:29.46,08/07/2024,05:35:27.000,376911421,-1217760220,109008,31,3,7579,16299012,78,29.08,25.51,

08/06/2024,22:35:30.46,08/07/2024,05:35:28.000,376910754,-1217759910,109156,30,3,8091,15829720,80,28.99,25.47,

08/06/2024,22:35:31.46,08/07/2024,05:35:29.000,376910062,-1217759532,109185,31,3,8457,15542092,78,29.18,25.56,

08/06/2024,22:35:32.46,08/07/2024,05:35:30.000,376909350,-1217759123,109322,31,3,8719,15494936,78,29.02,25.48,

08/06/2024,22:35:33.46,08/07/2024,05:35:31.000,376908645,-1217758735,109359,31,3,8438,15706222,78,29.36,25.38,

08/06/2024,22:35:34.46,08/07/2024,05:35:32.000,376907980,-1217758398,109404,31,3,7752,15858134,78,29.19,25.33,

08/06/2024,22:35:35.46,08/07/2024,05:35:33.000,376907416,-1217758124,109464,30,3,6272,15927202,80,29.31,25.34,

08/06/2024,22:35:36.46,08/07/2024,05:35:34.000,376907009,-1217757943,109438,30,3,4172,16043716,80,29.52,25.37,

08/06/2024,22:35:37.46,08/07/2024,05:35:35.000,376906787,-1217757843,109506,30,3,1970,16084512,81,29.60,25.46,

08/06/2024,22:35:38.46,08/07/2024,05:35:36.000,376906662,-1217757782,109548,30,3,1312,16042086,81,29.38,25.33,

08/06/2024,22:35:39.46,08/07/2024,05:35:37.000,376906468,-1217757697,109531,31,3,2741,16080340,79,29.50,25.42,

08/06/2024,22:35:40.46,08/07/2024,05:35:38.000,376906122,-1217757541,109565,31,3,4662,16005106,79,29.47,25.37,

08/06/2024,22:35:41.45,08/07/2024,05:35:39.000,376905626,-1217757311,109528,31,3,6395,15960530,79,29.45,25.40,

08/06/2024,22:35:42.45,08/07/2024,05:35:40.000,376905008,-1217757013,109483,31,3,7757,15886516,79,29.50,25.36,

08/06/2024,22:35:43.45,08/07/2024,05:35:41.000,376904300,-1217756660,109525,31,3,8730,15818446,79,29.45,25.49,

08/06/2024,22:35:44.45,08/07/2024,05:35:42.000,376903534,-1217756284,109463,31,3,9297,15879784,79,29.38,25.46,

08/06/2024,22:35:45.45,08/07/2024,05:35:42.000,376901889,-1217755494,109391,31,3,10018,15937458,79,29.51,25.47,

08/06/2024,22:35:47.42,08/07/2024,05:35:44.000,376901035,-1217755100,109397,31,3,10137,15990638,79,29.51,25.36,

08/06/2024,22:35:48.48,08/07/2024,05:35:45.000,376900171,-1217754704,109427,31,3,10218,15968974,79,29.61,25.40,

08/06/2024,22:35:49.48,08/07/2024,05:35:46.000,376899302,-1217754301,109480,31,3,10311,15947136,79,29.66,25.43,

08/06/2024,22:35:50.47,08/07/2024,05:35:47.000,376898429,-1217753894,109469,31,3,10369,15954484,79,29.42,25.37,

08/06/2024,22:35:51.47,08/07/2024,05:35:48.000,376897551,-1217753481,109481,31,3,10455,15946790,79,29.68,25.38,

08/06/2024,22:35:52.47,08/07/2024,05:35:49.000,376896667,-1217753059,109528,31,3,10492,15894548,79,29.80,25.40,

08/06/2024,22:35:53.47,08/07/2024,05:35:50.000,376895777,-1217752636,109546,30,3,10585,15932568,81,29.84,25.24,

08/06/2024,22:35:54.47,08/07/2024,05:35:51.000,376894881,-1217752218,109556,31,3,10635,15947780,79,29.72,25.27,

08/06/2024,22:35:55.47,08/07/2024,05:35:52.000,376893977,-1217751793,109559,31,3,10732,15930886,79,29.66,25.25,

08/06/2024,22:35:56.47,08/07/2024,05:35:53.000,376893065,-1217751364,109654,31,3,10818,15940850,79,29.85,25.18,

08/06/2024,22:35:57.47,08/07/2024,05:35:54.000,376892146,-1217750928,109642,31,3,10924,15917316,79,29.58,25.06,

08/06/2024,22:35:58.47,08/07/2024,05:35:55.000,376891222,-1217750484,109660,31,3,11007,15903828,79,29.85,25.37,

08/06/2024,22:35:59.47,08/07/2024,05:35:56.000,376890293,-1217750037,109645,31,3,11052,15921000,79,29.71,25.29,

08/06/2024,22:36:00.47,08/07/2024,05:35:57.000,376889359,-1217749587,109964,31,3,11093,15909042,79,29.88,25.37,

08/06/2024,22:36:01.47,08/07/2024,05:35:58.000,376888428,-1217749157,110092,31,3,10956,16002774,79,30.01,25.26,

08/06/2024,22:36:02.46,08/07/2024,05:35:59.000,376887506,-1217748734,110112,31,3,10890,15982820,79,30.10,25.33,

08/06/2024,22:36:03.46,08/07/2024,05:36:00.000,376886581,-1217748299,110177,31,3,11005,15943634,79,29.90,25.38,

08/06/2024,22:36:04.46,08/07/2024,05:36:01.000,376885650,-1217747862,110200,31,3,11085,15947154,79,29.83,25.27,

08/06/2024,22:36:05.46,08/07/2024,05:36:02.000,376884714,-1217747426,110183,31,3,11086,15971396,79,29.84,25.36,

08/06/2024,22:36:06.46,08/07/2024,05:36:03.000,376883779,-1217746992,110084,31,3,11074,15966594,79,29.76,25.36,

08/06/2024,22:36:07.46,08/07/2024,05:36:04.000,376882845,-1217746547,110020,31,3,11108,15913386,79,29.62,25.35,

08/06/2024,22:36:08.46,08/07/2024,05:36:05.000,376881901,-1217746090,110165,31,3,11249,15903328,79,29.60,25.32,

08/06/2024,22:36:09.46,08/07/2024,05:36:06.000,376880943,-1217745635,110180,31,3,11359,15946520,79,29.72,25.40,

08/06/2024,22:36:10.46,08/07/2024,05:36:07.000,376879982,-1217745173,110180,31,3,11470,15891234,79,29.71,25.37,

08/06/2024,22:36:11.46,08/07/2024,05:36:08.000,376879017,-1217744708,110226,30,3,11500,15910270,80,29.84,25.32,

08/06/2024,22:36:12.46,08/07/2024,05:36:09.000,376878066,-1217744258,110350,31,3,11182,15960468,79,29.88,25.33,

08/06/2024,22:36:13.46,08/07/2024,05:36:10.000,376877130,-1217743811,110402,31,3,11072,15931608,79,29.72,25.34,

08/06/2024,22:36:14.45,08/07/2024,05:36:11.000,376876194,-1217743375,110464,31,3,11096,15991736,79,29.55,25.34,

08/06/2024,22:36:15.45,08/07/2024,05:36:12.000,376875253,-1217742945,110484,31,3,11130,16016064,79,29.72,25.33,

08/06/2024,22:36:16.45,08/07/2024,05:36:13.000,376874306,-1217742503,110644,31,3,11227,15963384,79,29.67,25.34,

08/06/2024,22:36:17.45,08/07/2024,05:36:14.000,376872386,-1217741617,110873,31,3,11358,15915126,79,29.61,25.28,

08/06/2024,22:36:19.43,08/07/2024,05:36:16.000,376871436,-1217741163,110986,31,3,11289,15904416,79,29.54,25.42,

08/06/2024,22:36:20.48,08/07/2024,05:36:17.000,376870495,-1217740712,110960,31,3,11185,15901966,79,29.45,25.23,

08/06/2024,22:36:21.48,08/07/2024,05:36:18.000,376869559,-1217740268,110962,31,3,11119,15965240,79,29.63,25.46,

08/06/2024,22:36:22.48,08/07/2024,05:36:19.000,376868624,-1217739827,111013,31,3,11089,15943256,79,29.47,25.34,

08/06/2024,22:36:23.48,08/07/2024,05:36:20.000,376867672,-1217739387,111304,31,3,11318,15991790,79,29.65,25.49,

08/06/2024,22:36:24.48,08/07/2024,05:36:21.000,376866729,-1217738944,111515,31,3,11144,15934386,79,29.65,25.40,

08/06/2024,22:36:25.47,08/07/2024,05:36:22.000,376865784,-1217738497,111556,31,3,11256,15945254,79,29.54,25.34,

08/06/2024,22:36:26.47,08/07/2024,05:36:23.000,376864839,-1217738052,111596,31,3,11168,15943190,79,29.59,25.30,

08/06/2024,22:36:27.47,08/07/2024,05:36:24.000,376863895,-1217737602,111657,31,3,11211,15910848,79,29.51,25.34,

08/06/2024,22:36:28.47,08/07/2024,05:36:25.000,376863895,-1217736690,111734,31,3,11255,15932428,79,29.77,25.40,

08/06/2024,22:36:30.44,08/07/2024,05:36:27.000,376862009,-1217736246,111825,31,3,11152,15956898,79,29.33,25.37,

08/06/2024,22:36:31.44,08/07/2024,05:36:28.000,376861064,-1217735804,111867,31,3,11074,15951626,79,29.26,25.30,

08/06/2024,22:36:32.44,08/07/2024,05:36:29.000,376860128,-1217735367,112026,31,3,10989,15953542,79,29.48,25.44,

08/06/2024,22:36:33.44,08/07/2024,05:36:30.000,376859198,-1217734936,112045,31,3,10860,15962228,79,29.50,25.32,

08/06/2024,22:36:34.44,08/07/2024,05:36:31.000,376858278,-1217734515,111968,31,3,10774,16004402,79,29.35,25.42,

08/06/2024,22:36:35.44,08/07/2024,05:36:32.000,376857364,-1217734096,111915,31,3,10586,15955372,79,29.28,25.50,

08/06/2024,22:36:36.44,08/07/2024,05:36:33.000,376856462,-1217733672,112019,31,3,10634,15942044,79,29.39,25.43,

08/06/2024,22:36:37.44,08/07/2024,05:36:34.000,376855567,-1217733246,112093,31,3,10584,15919900,79,29.31,25.46,

08/06/2024,22:36:38.44,08/07/2024,05:36:35.000,376854675,-1217732820,112205,31,3,10520,15929426,79,29.15,25.46,

08/06/2024,22:36:39.44,08/07/2024,05:36:36.000,376853790,-1217732402,112208,31,3,10406,15928892,79,29.18,25.55,

08/06/2024,22:36:40.44,08/07/2024,05:36:37.000,376852912,-1217731982,112325,31,3,10240,15876874,79,29.03,25.50,

08/06/2024,22:36:41.43,08/07/2024,05:36:38.000,376852047,-1217731574,112354,30,3,9932,15903514,82,29.10,25.52,

08/06/2024,22:36:42.43,08/07/2024,05:36:39.000,376851205,-1217731182,112505,30,3,9417,15877580,82,28.87,25.61,

08/06/2024,22:36:43.49,08/07/2024,05:36:40.000,376850401,-1217730833,112550,30,3,8271,15907430,82,28.84,25.49,

08/06/2024,22:36:44.48,08/07/2024,05:36:41.000,376849677,-1217730537,112600,30,3,6845,15905846,82,28.82,25.54,

08/06/2024,22:36:45.48,08/07/2024,05:36:42.000,376849065,-1217730304,112540,30,3,5518,15973990,82,28.76,25.44,

08/06/2024,22:36:46.48,08/07/2024,05:36:43.000,376848567,-1217730135,112531,30,3,3770,15956864,82,28.74,25.50,

08/06/2024,22:36:47.48,08/07/2024,05:36:44.000,376848205,-1217730038,112473,30,3,1755,15896010,82,28.51,25.46,

08/06/2024,22:36:48.48,08/07/2024,05:36:45.000,376848008,-1217729980,112410,30,3,1293,15899320,82,28.78,25.46,

08/06/2024,22:36:49.48,08/07/2024,05:36:46.000,376847890,-1217729880,112377,30,3,2973,15927812,82,28.95,25.58,

08/06/2024,22:36:50.48,08/07/2024,05:36:47.000,376847682,-1217729705,112400,30,3,4784,15923142,82,28.78,25.56,

08/06/2024,22:36:51.48,08/07/2024,05:36:48.000,376847325,-1217729470,112463,30,3,6289,15921510,82,28.58,25.58,

08/06/2024,22:36:52.48,08/07/2024,05:36:49.000,376846834,-1217729183,112622,30,3,7382,15910898,82,28.66,25.61,

08/06/2024,22:36:53.48,08/07/2024,05:36:50.000,376846238,-1217728875,112706,30,3,7948,15977192,82,28.60,25.61,

08/06/2024,22:36:54.48,08/07/2024,05:36:51.000,376845580,-1217728555,112789,30,3,8115,15929072,82,28.51,25.63,

08/06/2024,22:36:55.47,08/07/2024,05:36:52.000,376844899,-1217728226,112893,30,3,8373,15955694,82,28.51,25.63,

08/06/2024,22:36:56.47,08/07/2024,05:36:53.000,376844198,-1217727896,112976,30,3,8505,16004640,83,28.50,25.54,

08/06/2024,22:36:57.47,08/07/2024,05:36:54.000,376843482,-1217727554,113110,30,3,8723,15920448,83,28.62,25.66,

08/06/2024,22:36:58.47,08/07/2024,05:36:55.000,376842749,-1217727210,113141,30,3,8958,16021822,83,28.58,25.71,

08/06/2024,22:36:59.47,08/07/2024,05:36:56.000,376841994,-1217726865,113341,30,3,9016,16027326,83,28.49,25.82,

08/06/2024,22:37:00.47,08/07/2024,05:36:57.000,376841232,-1217726515,113464,30,3,9014,15973698,83,28.46,25.73,

08/06/2024,22:37:01.47,08/07/2024,05:36:58.000,376840467,-1217726157,113558,30,3,8962,15933580,83,28.56,25.76,

08/06/2024,22:37:02.47,08/07/2024,05:36:59.000,376839709,-1217725803,113561,30,3,8839,15907904,83,28.52,25.77,

08/06/2024,22:37:03.47,08/07/2024,05:37:00.000,376838958,-1217725460,113634,30,3,8662,15967912,83,28.30,25.82,

08/06/2024,22:37:04.47,08/07/2024,05:37:01.000,376838221,-1217725127,113654,30,3,8550,16013198,83,28.34,25.85,

08/06/2024,22:37:05.47,08/07/2024,05:37:02.000,376837494,-1217725127,113625,30,3,8427,16330462,83,28.29,25.65,

08/06/2024,22:37:07.44,08/07/2024,05:37:04.000,376836039,-1217724522,113647,30,3,8730,16514332,83,28.15,25.72,

08/06/2024,22:37:08.44,08/07/2024,05:37:05.000,376835290,-1217724263,113656,29,3,8966,16528040,87,28.40,25.76,

08/06/2024,22:37:09.44,08/07/2024,05:37:06.000,376834517,-1217724007,113574,29,3,9092,16539470,87,28.29,25.78,

08/06/2024,22:37:10.44,08/07/2024,05:37:07.000,376833727,-1217723749,113536,29,3,9081,16542084,87,28.49,25.85,

08/06/2024,22:37:11.44,08/07/2024,05:37:08.000,376832935,-1217723490,113496,29,3,9129,16526532,87,28.47,25.75,

08/06/2024,22:37:12.44,08/07/2024,05:37:09.000,376832142,-1217723228,113564,29,3,9107,16449034,87,28.59,25.79,

08/06/2024,22:37:13.43,08/07/2024,05:37:10.000,376831352,-1217722956,113776,29,3,9039,16478326,87,28.47,25.69,

08/06/2024,22:37:14.43,08/07/2024,05:37:11.000,376830565,-1217722681,113836,29,3,8471,16504816,87,28.59,25.61,

08/06/2024,22:37:15.43,08/07/2024,05:37:12.000,376829813,-1217722428,113836,28,3,6747,16414738,89,28.46,25.61,

08/06/2024,22:37:17.41,08/07/2024,05:37:14.000,376828512,-1217721971,113825,28,3,5697,16412394,89,28.45,25.69,

08/06/2024,22:37:18.46,08/07/2024,05:37:15.000,376827987,-1217721787,113940,29,3,4317,16335874,87,28.34,25.70,

08/06/2024,22:37:19.46,08/07/2024,05:37:16.000,376827579,-1217721639,113771,29,3,2687,16280246,87,28.42,25.63,

08/06/2024,22:37:20.46,08/07/2024,05:37:17.000,376827306,-1217721534,113647,28,3,1101,16257496,91,28.40,25.68,

08/06/2024,22:37:21.46,08/07/2024,05:37:18.000,376827172,-1217721478,113528,28,3,520,16329588,88,28.53,25.61,

08/06/2024,22:37:22.46,08/07/2024,05:37:19.000,376827113,-1217721452,113521,28,3,1680,16272296,88,28.66,25.57,

08/06/2024,22:37:23.46,08/07/2024,05:37:20.000,376827001,-1217721407,113451,29,3,3542,16145150,87,28.69,25.64,

08/06/2024,22:37:24.45,08/07/2024,05:37:21.000,376826746,-1217721300,113389,29,3,4589,16188738,87,28.86,25.68,

08/06/2024,22:37:25.45,08/07/2024,05:37:22.000,376826376,-1217721153,113040,29,3,5466,16104168,87,28.87,25.70,

08/06/2024,22:37:26.45,08/07/2024,05:37:23.000,376825935,-1217720964,112810,29,3,5896,16024430,87,29.00,25.74,

08/06/2024,22:37:27.45,08/07/2024,05:37:24.000,376825443,-1217720739,112875,29,3,6237,15929426,87,28.69,25.79,

08/06/2024,22:37:28.45,08/07/2024,05:37:25.000,376824925,-1217720496,112891,29,3,6480,15915862,87,28.80,25.74,

08/06/2024,22:37:29.45,08/07/2024,05:37:26.000,376824387,-1217720240,112926,29,3,6810,15880190,87,28.39,25.79,

08/06/2024,22:37:30.45,08/07/2024,05:37:27.000,376823821,-1217719971,113099,29,3,6995,15910368,87,28.44,25.77,

08/06/2024,22:37:31.45,08/07/2024,05:37:28.000,376823236,-1217719692,113204,29,3,7260,15953206,87,28.46,25.76,

08/06/2024,22:37:32.45,08/07/2024,05:37:29.000,376822629,-1217719412,113292,28,3,7595,15942794,90,28.47,25.76,

08/06/2024,22:37:33.45,08/07/2024,05:37:30.000,376821994,-1217719116,113252,27,3,7804,15958546,91,28.48,25.76,

08/06/2024,22:37:34.45,08/07/2024,05:37:31.000,376821339,-1217718809,113377,27,3,7929,15953912,91,28.63,25.93,

08/06/2024,22:37:35.45,08/07/2024,05:37:32.000,376820673,-1217718499,113537,27,3,8197,15913808,91,28.27,25.83,

08/06/2024,22:37:36.44,08/07/2024,05:37:33.000,376819989,-1217718180,113628,27,3,8564,15996760,91,28.50,25.89,

08/06/2024,22:37:37.44,08/07/2024,05:37:34.000,376819272,-1217717847,113686,27,3,9008,15999688,91,28.41,25.92,

08/06/2024,22:37:38.44,08/07/2024,05:37:35.000,376818518,-1217717507,113674,28,3,9024,15994668,88,28.53,25.98,

08/06/2024,22:37:39.44,08/07/2024,05:37:36.000,376817752,-1217717162,113386,27,3,8925,15966228,89,28.49,25.90,

08/06/2024,22:37:40.44,08/07/2024,05:37:37.000,376816991,-1217716811,113283,28,3,8834,15952576,88,28.52,25.95,

08/06/2024,22:37:41.44,08/07/2024,05:37:38.000,376816242,-1217716462,113150,27,3,8671,15869856,89,28.43,26.00,

08/06/2024,22:37:42.44,08/07/2024,05:37:39.000,376815506,-1217716112,112773,26,3,8556,15972210,92,28.59,26.07,

08/06/2024,22:37:43.44,08/07/2024,05:37:40.000,376814779,-1217715766,112915,27,3,8254,15966574,90,28.56,25.85,

08/06/2024,22:37:44.44,08/07/2024,05:37:41.000,376814070,-1217715439,112852,26,3,8010,15881872,93,28.48,25.98,

08/06/2024,22:37:45.44,08/07/2024,05:37:42.000,376813388,-1217715109,112832,26,3,7574,15945482,96,28.79,25.89,

08/06/2024,22:37:46.44,08/07/2024,05:37:43.000,376812736,-1217714803,112774,26,3,6883,15945258,94,29.62,25.94,

08/06/2024,22:37:47.44,08/07/2024,05:37:44.000,376812137,-1217714520,112932,29,3,6191,15843026,89,29.90,26.00,

08/06/2024,22:37:48.44,08/07/2024,05:37:45.000,376811589,-1217714264,113509,28,3,5147,15885912,90,30.55,25.93,

08/06/2024,22:37:49.43,08/07/2024,05:37:46.000,376811130,-1217714041,113555,29,3,3785,15897040,89,31.00,25.96,

08/06/2024,22:37:50.43,08/07/2024,05:37:47.000,376810778,-1217713872,113698,27,3,2225,15863670,101,31.28,25.89,

08/06/2024,22:37:51.43,08/07/2024,05:37:48.000,376810550,-1217713765,113751,26,3,2386,15981516,107,31.48,25.89,

08/06/2024,22:37:52.43,08/07/2024,05:37:49.000,376810349,-1217713676,113944,26,3,4092,15963406,107,31.71,25.90,

08/06/2024,22:37:53.49,08/07/2024,05:37:50.000,376810044,-1217713536,114017,27,3,5699,15950252,101,31.96,25.91,

08/06/2024,22:37:54.49,08/07/2024,05:37:51.000,376809602,-1217713330,114050,28,3,6803,15906180,93,32.00,25.89,

08/06/2024,22:37:55.48,08/07/2024,05:37:52.000,376809056,-1217713067,114106,28,3,7279,15941742,94,31.94,25.96,

08/06/2024,22:37:56.48,08/07/2024,05:37:53.000,376808454,-1217712778,114131,28,3,7367,15992318,94,32.29,25.97,

08/06/2024,22:37:57.48,08/07/2024,05:37:54.000,376807832,-1217712485,113991,29,3,7345,15969730,89,32.18,25.76,

08/06/2024,22:37:58.48,08/07/2024,05:37:55.000,376807210,-1217712195,114065,29,3,7241,16008484,89,32.27,25.88,

08/06/2024,22:37:59.48,08/07/2024,05:37:56.000,376806595,-1217711910,114178,28,3,7036,15996950,94,32.62,25.96,

08/06/2024,22:38:00.48,08/07/2024,05:37:57.000,376805994,-1217711636,114356,29,3,6745,15962030,89,32.63,25.91,

08/06/2024,22:38:01.48,08/07/2024,05:37:58.000,376805417,-1217711367,114409,29,3,6133,15963296,89,32.51,25.88,

08/06/2024,22:38:02.48,08/07/2024,05:37:59.000,376804883,-1217711117,114428,28,3,5329,15964836,94,32.75,25.96,

08/06/2024,22:38:03.48,08/07/2024,05:38:00.000,376804410,-1217710899,114416,29,3,4774,15880062,89,32.83,26.00,

08/06/2024,22:38:04.48,08/07/2024,05:38:01.000,376803993,-1217710696,114405,29,3,4704,15947492,89,33.02,25.94,

08/06/2024,22:38:05.48,08/07/2024,05:38:02.000,376803593,-1217710507,114330,29,3,5027,15932898,89,32.92,25.88,

08/06/2024,22:38:06.48,08/07/2024,05:38:03.000,376803176,-1217710310,114323,29,3,5582,15952150,89,32.95,25.85,

08/06/2024,22:38:07.48,08/07/2024,05:38:04.000,376802719,-1217710093,114297,28,3,6069,15924598,94,33.24,25.88,

08/06/2024,22:38:08.48,08/07/2024,05:38:05.000,376802218,-1217709855,114339,29,3,6741,15916704,89,33.14,25.95,

08/06/2024,22:38:09.47,08/07/2024,05:38:06.000,376801667,-1217709587,114434,29,3,7452,16008030,89,33.23,25.97,

08/06/2024,22:38:10.47,08/07/2024,05:38:07.000,376801055,-1217709305,114287,29,3,8191,16020034,89,33.36,25.95,

08/06/2024,22:38:11.47,08/07/2024,05:38:08.000,376800379,-1217708997,114260,29,3,8549,15978150,89,33.21,26.01,

08/06/2024,22:38:12.47,08/07/2024,05:38:09.000,376799665,-1217708666,114347,29,3,8705,16042996,89,33.28,25.77,

08/06/2024,22:38:13.47,08/07/2024,05:38:10.000,376798931,-1217708333,114441,29,3,8845,16003994,89,33.28,25.90,

08/06/2024,22:38:14.47,08/07/2024,05:38:11.000,376798185,-1217707993,114538,29,3,8802,15959366,89,33.46,25.90,

08/06/2024,22:38:15.47,08/07/2024,05:38:12.000,376797439,-1217707649,114549,29,3,8930,15914038,89,33.19,25.96,

08/06/2024,22:38:16.47,08/07/2024,05:38:13.001,376796689,-1217707291,114572,29,3,9020,15893130,89,33.29,25.93,

08/06/2024,22:38:17.47,08/07/2024,05:38:14.000,376795932,-1217706924,114700,29,3,8923,15863452,89,33.18,25.80,

08/06/2024,22:38:18.47,08/07/2024,05:38:15.000,376795181,-1217706554,114763,29,3,8771,15834098,89,33.33,25.87,

08/06/2024,22:38:19.47,08/07/2024,05:38:16.000,376794441,-1217706184,114856,29,3,8712,15859988,89,33.46,25.94,

08/06/2024,22:38:20.47,08/07/2024,05:38:17.000,376793711,-1217705822,114824,29,3,8557,15826876,89,33.36,25.83,

08/06/2024,22:38:21.47,08/07/2024,05:38:18.000,376792992,-1217705462,114871,29,3,8172,15869018,89,33.38,25.79,

08/06/2024,22:38:22.47,08/07/2024,05:38:19.000,376792297,-1217705116,114866,29,3,7603,15916160,89,33.39,25.83,

08/06/2024,22:38:23.46,08/07/2024,05:38:20.000,376791644,-1217704799,114848,29,3,7017,15936670,89,33.67,25.65,

08/06/2024,22:38:24.46,08/07/2024,05:38:21.000,376791039,-1217704510,114921,29,3,6321,15911200,89,33.50,25.79,

08/06/2024,22:38:25.46,08/07/2024,05:38:22.000,376790491,-1217704246,115008,29,3,5414,15985588,89,33.40,25.62,

08/06/2024,22:38:26.46,08/07/2024,05:38:23.000,376790012,-1217704021,115101,28,3,4930,15933494,94,33.57,25.75,

08/06/2024,22:38:27.46,08/07/2024,05:38:24.000,376789581,-1217703815,115246,29,3,4976,16031578,89,33.35,25.62,

08/06/2024,22:38:28.46,08/07/2024,05:38:25.000,376789161,-1217703621,115419,29,3,5184,15853522,89,33.50,25.77,

08/06/2024,22:38:29.46,08/07/2024,05:38:26.000,376788730,-1217703410,115493,29,3,5659,15813858,89,33.64,25.71,

08/06/2024,22:38:30.46,08/07/2024,05:38:27.000,376788271,-1217703174,115726,29,3,6280,15823734,89,33.41,25.65,

08/06/2024,22:38:31.46,08/07/2024,05:38:28.000,376787764,-1217702916,116128,29,3,7113,15938786,89,33.66,25.60,

08/06/2024,22:38:32.46,08/07/2024,05:38:29.000,376787192,-1217702643,116269,29,3,7977,16023212,89,33.85,25.83,

08/06/2024,22:38:33.46,08/07/2024,05:38:30.000,376786536,-1217702335,116522,29,3,8723,15927218,89,33.97,25.69,

08/06/2024,22:38:34.46,08/07/2024,05:38:31.000,376785821,-1217701993,116848,29,3,8729,15831542,89,33.99,25.70,

08/06/2024,22:38:35.46,08/07/2024,05:38:32.000,376785090,-1217701634,117010,29,3,9050,15793086,89,33.95,25.74,

08/06/2024,22:38:36.46,08/07/2024,05:38:33.000,376784344,-1217701257,117186,29,3,9390,15782950,89,34.04,25.68,

08/06/2024,22:38:37.46,08/07/2024,05:38:34.000,376783569,-1217700863,117344,29,3,9650,15759520,89,33.91,25.58,

08/06/2024,22:38:38.45,08/07/2024,05:38:35.000,376782771,-1217700454,117545,29,3,9939,15800390,89,34.00,25.50,

08/06/2024,22:38:39.45,08/07/2024,05:38:36.000,376781948,-1217700033,117700,29,3,10122,15792702,89,34.01,25.65,

08/06/2024,22:38:40.45,08/07/2024,05:38:37.000,376781107,-1217699604,117838,29,3,10342,15872520,89,34.20,25.46,

08/06/2024,22:38:41.45,08/07/2024,05:38:38.000,376780247,-1217699174,118010,29,3,10460,15942384,89,34.20,25.48,

08/06/2024,22:38:42.45,08/07/2024,05:38:39.000,376779370,-1217698755,118051,29,3,10547,15992004,89,34.09,25.37,

08/06/2024,22:38:43.45,08/07/2024,05:38:40.000,376778480,-1217698343,118076,29,3,10338,15943002,89,34.16,25.29,

08/06/2024,22:38:44.45,08/07/2024,05:38:41.000,376777602,-1217697931,118128,29,3,10213,15941214,89,34.20,25.26,

08/06/2024,22:38:45.45,08/07/2024,05:38:42.000,376776737,-1217697520,118340,29,3,9951,15913890,89,34.26,25.24,

08/06/2024,22:38:46.45,08/07/2024,05:38:43.000,376775892,-1217697116,118610,29,3,9814,15916272,89,34.73,25.30,

08/06/2024,22:38:47.45,08/07/2024,05:38:44.000,376775064,-1217696718,118765,29,3,9740,15948212,89,34.47,25.18,

08/06/2024,22:38:48.45,08/07/2024,05:38:45.000,376774241,-1217696329,118821,29,3,9606,16079778,89,34.67,25.17,

08/06/2024,22:38:49.45,08/07/2024,05:38:46.000,376773423,-1217695962,118868,29,3,9478,16233446,89,34.74,25.18,

08/06/2024,22:38:50.45,08/07/2024,05:38:47.000,376772603,-1217695623,118963,29,3,9452,16566812,89,34.87,25.13,

08/06/2024,22:38:51.45,08/07/2024,05:38:48.000,376771775,-1217695340,118948,29,3,9278,16437984,89,34.84,25.05,

08/06/2024,22:38:52.44,08/07/2024,05:38:49.000,376770967,-1217695060,119044,29,3,9411,15847460,89,34.80,25.06,

08/06/2024,22:38:53.44,08/07/2024,05:38:50.000,376770175,-1217694701,119191,29,3,9705,15511450,89,35.12,25.16,

08/06/2024,22:38:54.44,08/07/2024,05:38:51.000,376769381,-1217694266,119197,29,3,9957,15509458,89,34.71,25.13,

08/06/2024,22:38:55.44,08/07/2024,05:38:52.000,376768575,-1217693795,119245,29,3,10103,15667650,89,34.85,25.20,

08/06/2024,22:38:56.44,08/07/2024,05:38:53.000,376767750,-1217693330,119245,29,3,10224,15776256,89,34.73,25.12,

08/06/2024,22:38:57.44,08/07/2024,05:38:54.000,376766905,-1217692884,119361,29,3,10285,15824400,89,34.97,24.97,

08/06/2024,22:38:58.44,08/07/2024,05:38:55.000,376766048,-1217692449,119398,29,3,10210,15888616,89,34.87,24.96,

08/06/2024,22:38:59.44,08/07/2024,05:38:56.000,376765190,-1217692027,119501,29,3,10115,15942836,89,34.91,24.78,

08/06/2024,22:39:00.44,08/07/2024,05:38:57.000,376764336,-1217691617,119763,29,3,10067,15978618,89,35.02,24.96,

08/06/2024,22:39:01.44,08/07/2024,05:38:58.000,376763489,-1217691221,119795,29,3,10097,15973702,89,35.16,24.80,

08/06/2024,22:39:02.44,08/07/2024,05:38:59.000,376762639,-1217690824,119815,29,3,10273,16018068,89,35.06,24.81,

08/06/2024,22:39:03.44,08/07/2024,05:39:00.000,376761776,-1217690429,119810,29,3,10225,15891812,89,35.29,24.70,

08/06/2024,22:39:04.44,08/07/2024,05:39:01.000,376760914,-1217690014,120082,29,3,10188,15899168,89,35.58,24.74,

08/06/2024,22:39:05.43,08/07/2024,05:39:02.000,376760059,-1217689598,120112,29,3,10137,15863902,89,35.61,24.76,

08/06/2024,22:39:06.49,08/07/2024,05:39:03.000,376759209,-1217689177,120272,29,3,10012,15973106,89,35.95,24.58,

08/06/2024,22:39:07.49,08/07/2024,05:39:04.000,376758364,-1217688777,120259,29,3,9942,16061060,89,36.23,24.66,

08/06/2024,22:39:08.49,08/07/2024,05:39:05.000,376757526,-1217688387,120161,29,3,9999,16641910,89,36.06,24.67,

08/06/2024,22:39:09.49,08/07/2024,05:39:06.000,376756665,-1217688085,120038,28,3,10292,17459036,90,36.02,24.62,

08/06/2024,22:39:10.49,08/07/2024,05:39:07.000,376755753,-1217687924,120384,29,3,10260,17836456,89,36.27,24.64,

08/06/2024,22:39:11.48,08/07/2024,05:39:08.000,376754838,-1217687855,120479,28,3,10360,17943416,90,36.18,24.68,

08/06/2024,22:39:12.48,08/07/2024,05:39:09.000,376753913,-1217687827,120228,29,3,10484,18011250,89,36.19,24.50,

08/06/2024,22:39:13.48,08/07/2024,05:39:10.000,376752972,-1217687828,119976,29,3,10470,17979400,89,36.29,24.56,

08/06/2024,22:39:14.48,08/07/2024,05:39:11.000,376752028,-1217687825,119889,29,3,10451,18008538,89,36.83,24.70,

08/06/2024,22:39:15.48,08/07/2024,05:39:12.000,376751087,-1217687825,119987,29,3,10218,17959956,89,36.91,24.57,

08/06/2024,22:39:16.48,08/07/2024,05:39:13.000,376750161,-1217687817,120019,29,3,9883,17999596,89,36.45,24.59,

08/06/2024,22:39:17.48,08/07/2024,05:39:14.000,376749267,-1217687815,119827,29,3,9234,18028254,89,36.69,24.54,

08/06/2024,22:39:18.48,08/07/2024,05:39:15.000,376748421,-1217687823,119728,29,3,8299,17935896,89,36.47,24.59,

08/06/2024,22:39:19.48,08/07/2024,05:39:16.000,376747648,-1217687816,119603,29,3,6931,17997178,89,36.42,24.72,

08/06/2024,22:39:20.48,08/07/2024,05:39:17.000,376746986,-1217687809,119710,29,3,5088,17975810,89,36.32,24.69,

08/06/2024,22:39:21.48,08/07/2024,05:39:18.000,376746479,-1217687805,119588,29,3,3759,18005148,89,36.15,24.75,

08/06/2024,22:39:22.48,08/07/2024,05:39:19.000,376746105,-1217687803,119664,29,3,2291,17763208,89,36.13,24.81,

08/06/2024,22:39:23.47,08/07/2024,05:39:20.000,376745859,-1217687792,120108,29,3,2476,17351090,89,36.36,24.80,

08/06/2024,22:39:24.47,08/07/2024,05:39:21.000,376745645,-1217687757,120738,29,3,4107,17789534,89,36.15,24.79,

08/06/2024,22:39:25.47,08/07/2024,05:39:22.000,376745322,-1217687747,121093,29,3,5562,17811654,89,36.00,24.82,

08/06/2024,22:39:26.47,08/07/2024,05:39:23.000,376744860,-1217687741,121280,29,3,6704,17853898,89,35.74,24.79,

08/06/2024,22:39:27.47,08/07/2024,05:39:24.000,376744282,-1217687719,121301,29,3,7681,17841460,89,35.92,24.92,

08/06/2024,22:39:28.47,08/07/2024,05:39:25.000,376743613,-1217687707,121271,29,3,8442,17867756,89,35.70,24.70,

08/06/2024,22:39:29.47,08/07/2024,05:39:26.000,376742870,-1217687692,121103,29,3,8869,17988162,89,35.85,24.69,

08/06/2024,22:39:30.47,08/07/2024,05:39:27.000,376742081,-1217687690,120775,29,3,9002,18019386,89,36.04,24.72,

08/06/2024,22:39:31.47,08/07/2024,05:39:28.000,376741274,-1217687694,120490,29,3,9075,17926188,89,36.04,24.65,

08/06/2024,22:39:32.47,08/07/2024,05:39:29.000,376740459,-1217687685,120410,29,3,9056,18059086,89,35.87,24.73,

08/06/2024,22:39:33.47,08/07/2024,05:39:30.000,376739640,-1217687679,120354,29,3,9264,17803878,89,36.08,24.54,

08/06/2024,22:39:34.47,08/07/2024,05:39:31.000,376738805,-1217687643,120696,29,3,9474,17905480,89,36.06,24.55,

08/06/2024,22:39:35.46,08/07/2024,05:39:32.000,376737956,-1217687617,120787,29,3,9849,17916210,89,36.23,24.43,

08/06/2024,22:39:36.46,08/07/2024,05:39:33.000,376737082,-1217687604,120522,29,3,10295,17942192,89,36.08,24.43,

08/06/2024,22:39:37.46,08/07/2024,05:39:34.000,376736167,-1217687589,120454,29,3,10614,18073456,89,36.40,24.38,

08/06/2024,22:39:38.46,08/07/2024,05:39:35.000,376735220,-1217687597,120415,29,3,10622,18066956,89,36.60,24.50,

08/06/2024,22:39:39.46,08/07/2024,05:39:36.000,376734262,-1217687605,120489,29,3,10707,18077314,89,36.74,24.50,

08/06/2024,22:39:40.46,08/07/2024,05:39:37.000,376733303,-1217687615,120417,29,3,10632,18114332,89,36.54,24.32,

08/06/2024,22:39:41.46,08/07/2024,05:39:38.000,376732346,-1217687635,120450,29,3,10685,18060652,89,36.69,24.35,

08/06/2024,22:39:42.46,08/07/2024,05:39:39.000,376731389,-1217687647,120415,29,3,10775,17990010,89,36.74,24.32,

08/06/2024,22:39:43.46,08/07/2024,05:39:40.000,376730424,-1217687643,120488,29,3,10961,17867820,89,37.13,24.19,

08/06/2024,22:39:44.46,08/07/2024,05:39:41.000,376729443,-1217687619,120581,29,3,11221,17699730,89,37.05,24.33,

08/06/2024,22:39:45.46,08/07/2024,05:39:42.000,376728442,-1217687562,120534,29,3,11399,17423248,89,37.40,24.41,

08/06/2024,22:39:46.45,08/07/2024,05:39:43.000,376727425,-1217687439,120511,29,3,11482,17065670,89,37.06,24.39,

08/06/2024,22:39:47.45,08/07/2024,05:39:44.000,376726407,-1217687251,120824,29,3,11614,16647462,89,36.96,24.35,

08/06/2024,22:39:48.45,08/07/2024,05:39:45.000,376725393,-1217686973,121140,29,3,11592,16146612,89,36.73,24.23,

08/06/2024,22:39:49.45,08/07/2024,05:39:46.000,376724396,-1217686588,121608,29,3,11436,15574110,89,36.87,24.28,

08/06/2024,22:39:50.45,08/07/2024,05:39:47.000,376723445,-1217686093,121903,29,3,11314,15304414,89,36.99,24.26,

08/06/2024,22:39:51.45,08/07/2024,05:39:48.000,376722531,-1217685538,121760,29,3,11171,15095814,89,36.90,24.28,

08/06/2024,22:39:52.45,08/07/2024,05:39:49.000,376721642,-1217684928,122110,29,3,11130,15187678,89,37.24,24.37,

08/06/2024,22:39:53.45,08/07/2024,05:39:50.000,376720758,-1217684334,122101,29,3,11116,15353846,89,37.31,24.45,

08/06/2024,22:39:54.45,08/07/2024,05:39:51.000,376719865,-1217683766,122092,29,3,11316,15409136,89,37.57,24.39,

08/06/2024,22:39:55.45,08/07/2024,05:39:52.000,376718954,-1217683206,122374,29,3,11503,16634426,89,37.32,24.53,

08/06/2024,22:39:57.42,08/07/2024,05:39:54.000,376717012,-1217682420,121831,29,3,11602,17174636,89,37.26,24.54,

08/06/2024,22:39:58.47,08/07/2024,05:39:55.000,376715988,-1217682201,121641,29,3,11650,17585376,89,36.93,24.55,

08/06/2024,22:39:59.47,08/07/2024,05:39:56.000,376714945,-1217682084,121437,29,3,11748,17829524,89,36.78,24.69,

08/06/2024,22:40:00.47,08/07/2024,05:39:57.000,376713891,-1217682033,121292,29,3,11791,17946912,89,36.53,24.79,

08/06/2024,22:40:01.47,08/07/2024,05:39:58.000,376712832,-1217682020,121164,29,3,11632,17999054,89,36.41,24.76,

08/06/2024,22:40:02.47,08/07/2024,05:39:59.000,376711783,-1217682026,120901,29,3,11392,17964036,89,36.50,24.90,

08/06/2024,22:40:03.47,08/07/2024,05:40:00.000,376710750,-1217682027,120676,29,3,11531,17998538,89,36.46,24.94,

08/06/2024,22:40:04.47,08/07/2024,05:40:01.000,376709715,-1217682028,120712,29,3,11526,17991468,89,36.05,24.92,

08/06/2024,22:40:05.47,08/07/2024,05:40:02.000,376708677,-1217682033,120687,29,3,11541,17955254,89,36.03,24.92,

08/06/2024,22:40:06.47,08/07/2024,05:40:03.000,376707637,-1217682025,120867,29,3,11471,17936388,89,35.75,24.95,

08/06/2024,22:40:07.46,08/07/2024,05:40:04.000,376706603,-1217682010,120960,29,3,11423,17999800,89,35.70,24.89,

08/06/2024,22:40:08.46,08/07/2024,05:40:05.000,376705574,-1217682009,120934,29,3,11417,17896036,89,35.85,25.07,

08/06/2024,22:40:09.46,08/07/2024,05:40:06.000,376704546,-1217681991,121169,29,3,11296,17980682,89,35.82,24.92,

08/06/2024,22:40:10.46,08/07/2024,05:40:07.000,376703525,-1217681984,121233,29,3,11007,17940494,89,35.65,24.96,

08/06/2024,22:40:11.46,08/07/2024,05:40:08.000,376702527,-1217681978,121246,29,3,10720,17978302,89,35.57,24.82,

08/06/2024,22:40:12.46,08/07/2024,05:40:09.000,376701555,-1217681973,121285,29,3,10355,18030520,89,35.76,24.91,

08/06/2024,22:40:13.46,08/07/2024,05:40:10.000,376700613,-1217681979,121297,29,3,9820,17989266,89,36.01,25.01,

08/06/2024,22:40:14.46,08/07/2024,05:40:11.000,376699717,-1217681984,121303,29,3,8654,18055266,89,35.58,24.93,

08/06/2024,22:40:15.46,08/07/2024,05:40:12.000,376698906,-1217681994,121254,29,3,7371,18135006,89,35.63,24.99,

08/06/2024,22:40:16.46,08/07/2024,05:40:13.000,376698209,-1217682012,121325,29,3,6089,17990596,89,35.70,24.95,

08/06/2024,22:40:17.45,08/07/2024,05:40:14.000,376697629,-1217682017,121436,29,3,4587,17912418,89,35.83,24.86,

08/06/2024,22:40:18.45,08/07/2024,05:40:15.000,376697175,-1217682009,121646,29,3,2875,17941244,89,35.71,24.99,

08/06/2024,22:40:19.45,08/07/2024,05:40:16.000,376696871,-1217682003,121823,29,3,3027,18003046,89,35.65,24.90,

08/06/2024,22:40:20.45,08/07/2024,05:40:17.000,376696604,-1217682003,121926,29,3,4590,17912680,89,35.72,24.93,

08/06/2024,22:40:21.45,08/07/2024,05:40:18.000,376696234,-1217682001,122001,29,3,6059,17874862,89,35.78,24.89,

08/06/2024,22:40:22.45,08/07/2024,05:40:19.000,376695731,-1217681990,122107,29,3,7285,17911758,89,35.73,24.91,

08/06/2024,22:40:23.45,08/07/2024,05:40:20.000,376695107,-1217681981,122181,29,3,8362,17984306,89,35.73,24.82,

08/06/2024,22:40:24.45,08/07/2024,05:40:21.000,376694386,-1217681979,122090,29,3,9121,18089882,89,35.71,24.94,

08/06/2024,22:40:25.45,08/07/2024,05:40:22.000,376693587,-1217681994,122031,29,3,9814,18119236,89,35.58,24.89,

08/06/2024,22:40:26.44,08/07/2024,05:40:23.000,376692723,-1217682014,122105,29,3,10182,17897100,89,35.55,24.93,

08/06/2024,22:40:27.44,08/07/2024,05:40:24.000,376691817,-1217682002,122262,29,3,10272,17960446,89,35.65,24.76,

08/06/2024,22:40:28.44,08/07/2024,05:40:25.000,376690895,-1217681985,122406,29,3,10462,17980686,89,35.79,24.79,

08/06/2024,22:40:29.44,08/07/2024,05:40:26.000,376689957,-1217681974,122552,29,3,10644,17937020,90,35.89,24.73,

08/06/2024,22:40:30.44,08/07/2024,05:40:27.000,376689002,-1217681957,122733,28,3,10791,18028392,90,35.76,24.78,

08/06/2024,22:40:31.44,08/07/2024,05:40:28.000,376688034,-1217681957,122627,28,3,10961,18028750,90,35.94,24.75,

08/06/2024,22:40:32.44,08/07/2024,05:40:29.000,376687052,-1217681961,122673,28,3,11230,18006610,90,35.90,24.76,

08/06/2024,22:40:33.44,08/07/2024,05:40:30.000,376686047,-1217681958,122703,28,3,11465,18013818,89,36.10,24.74,

08/06/2024,22:40:34.49,08/07/2024,05:40:31.000,376685020,-1217681955,122756,29,3,11707,18034494,89,36.09,24.67,

08/06/2024,22:40:35.49,08/07/2024,05:40:32.000,376683969,-1217681954,122722,29,3,11765,18084200,89,36.17,24.84,

08/06/2024,22:40:36.49,08/07/2024,05:40:33.000,376682912,-1217681974,122483,29,3,11818,17981116,89,36.10,24.72,

08/06/2024,22:40:37.49,08/07/2024,05:40:34.000,376681845,-1217681968,122524,29,3,11789,18013868,89,36.35,24.77,

08/06/2024,22:40:38.48,08/07/2024,05:40:35.000,376680783,-1217681972,122408,29,3,11828,18031234,89,36.02,24.70,

08/06/2024,22:40:39.48,08/07/2024,05:40:36.000,376679717,-1217681977,122261,29,3,11723,17994790,89,36.16,24.79,

08/06/2024,22:40:40.48,08/07/2024,05:40:37.000,376678658,-1217681982,122206,29,3,11891,17966560,89,36.19,24.80,

08/06/2024,22:40:41.48,08/07/2024,05:40:38.000,376677590,-1217681975,122295,29,3,12075,17963894,89,36.33,24.83,

08/06/2024,22:40:42.48,08/07/2024,05:40:39.000,376676507,-1217681967,122417,29,3,12201,17970600,89,36.04,24.84,

08/06/2024,22:40:43.48,08/07/2024,05:40:40.000,376675412,-1217681963,122421,29,3,12205,18022696,89,35.97,24.71,

08/06/2024,22:40:44.48,08/07/2024,05:40:41.000,376674313,-1217681968,122256,29,3,12285,18026526,89,36.03,24.87,

08/06/2024,22:40:45.48,08/07/2024,05:40:42.000,376673207,-1217681975,122337,29,3,12346,18010902,89,35.89,24.82,

08/06/2024,22:40:46.48,08/07/2024,05:40:43.000,376672097,-1217681982,122376,29,3,12505,18001638,89,35.79,24.93,

08/06/2024,22:40:47.48,08/07/2024,05:40:44.000,376670973,-1217681982,122516,29,3,12636,18009560,89,35.92,24.91,

08/06/2024,22:40:48.47,08/07/2024,05:40:45.000,376669836,-1217681983,122641,29,3,12753,18056538,89,36.18,24.89,

08/06/2024,22:40:50.45,08/07/2024,05:40:47.000,376667553,-1217681980,122494,29,3,12769,17989234,89,35.98,24.95,

08/06/2024,22:40:51.45,08/07/2024,05:40:48.000,376666403,-1217681983,122599,29,3,12672,17975564,89,35.78,24.96,

08/06/2024,22:40:52.44,08/07/2024,05:40:49.000,376665263,-1217681978,122549,29,3,12625,17937540,89,35.80,25.01,

08/06/2024,22:40:53.44,08/07/2024,05:40:50.000,376664128,-1217681970,122604,29,3,12520,18042750,89,35.60,24.91,

08/06/2024,22:40:54.44,08/07/2024,05:40:51.000,376662998,-1217681976,122621,29,3,12460,17979282,89,35.89,25.06,

08/06/2024,22:40:55.44,08/07/2024,05:40:52.000,376661875,-1217681976,122609,29,3,12312,17952444,89,35.88,25.06,

08/06/2024,22:40:56.44,08/07/2024,05:40:53.000,376660763,-1217681974,122736,29,3,12021,17971446,89,35.48,25.04,

08/06/2024,22:40:57.44,08/07/2024,05:40:54.000,376659673,-1217681962,122961,29,3,11782,17976162,89,35.37,25.01,

08/06/2024,22:40:58.44,08/07/2024,05:40:55.000,376658606,-1217681957,123133,29,3,11578,18072062,89,35.37,25.09,

08/06/2024,22:40:59.49,08/07/2024,05:40:56.000,376657558,-1217681967,123262,29,3,11430,18115866,89,35.18,24.95,

08/06/2024,22:41:00.49,08/07/2024,05:40:57.000,376656526,-1217681991,123229,29,3,11163,18027772,89,35.39,25.03,

08/06/2024,22:41:01.49,08/07/2024,05:40:58.000,376655513,-1217682005,123289,29,3,10773,17647192,89,35.13,25.00,

08/06/2024,22:41:02.49,08/07/2024,05:40:59.000,376654533,-1217681955,123493,29,3,10484,17105640,89,35.25,25.00,

08/06/2024,22:41:03.49,08/07/2024,05:41:00.000,376653590,-1217681803,123616,29,3,9904,17133688,89,35.42,25.10,

08/06/2024,22:41:04.49,08/07/2024,05:41:01.000,376652693,-1217681634,123840,29,3,9017,17569998,89,35.30,25.18,

08/06/2024,22:41:05.48,08/07/2024,05:41:02.000,376651863,-1217681534,123991,29,3,7888,17989842,89,35.15,25.12,

08/06/2024,22:41:06.48,08/07/2024,05:41:03.000,376651125,-1217681513,124042,29,3,6713,18032402,89,35.14,25.03,

08/06/2024,22:41:07.48,08/07/2024,05:41:04.000,376650489,-1217681517,124111,29,3,5818,16654826,89,35.15,25.06,

08/06/2024,22:41:08.48,08/07/2024,05:41:05.000,376649952,-1217681407,124245,29,3,5486,14330368,90,35.33,25.12,

08/06/2024,22:41:09.48,08/07/2024,05:41:06.000,376649529,-1217681090,124161,28,3,5741,11917318,89,35.12,24.99,

08/06/2024,22:41:10.48,08/07/2024,05:41:07.000,376649245,-1217680576,124031,29,3,6440,9930248,89,35.21,25.04,

08/06/2024,22:41:11.48,08/07/2024,05:41:08.000,376649108,-1217679903,123860,29,3,7461,8902710,89,35.43,25.00,

08/06/2024,22:41:12.48,08/07/2024,05:41:09.000,376649086,-1217679101,123733,29,3,8382,8663520,94,35.12,25.07,

08/06/2024,22:41:13.48,08/07/2024,05:41:10.000,376649115,-1217678191,123614,28,3,8927,8748492,97,35.29,25.06,

08/06/2024,22:41:14.47,08/07/2024,05:41:11.000,376649144,-1217677203,123621,27,3,9274,8817638,94,35.30,25.01,

08/06/2024,22:41:15.47,08/07/2024,05:41:12.000,376649172,-1217676166,123636,28,3,9571,9024606,94,35.35,24.98,

08/06/2024,22:41:16.47,08/07/2024,05:41:13.000,376649176,-1217675087,123839,28,3,9938,9146620,94,35.52,25.01,

08/06/2024,22:41:17.47,08/07/2024,05:41:14.000,376649157,-1217673975,123844,28,3,10364,9169814,92,35.46,24.96,

08/06/2024,22:41:18.47,08/07/2024,05:41:15.000,376649127,-1217672816,123836,29,3,10726,9187302,92,35.52,24.99,

08/06/2024,22:41:19.47,08/07/2024,05:41:16.000,376649092,-1217671611,123903,29,3,10917,9062508,92,35.49,24.98,

08/06/2024,22:41:20.47,08/07/2024,05:41:17.000,376649076,-1217670380,123724,29,3,11172,9040984,92,35.41,24.99,

08/06/2024,22:41:21.47,08/07/2024,05:41:18.000,376649065,-1217669117,123919,29,3,11250,9011716,92,35.37,25.00,

08/06/2024,22:41:22.47,08/07/2024,05:41:19.000,376649061,-1217667842,123943,29,3,11241,8994696,93,35.58,24.89,

08/06/2024,22:41:23.46,08/07/2024,05:41:20.000,376649056,-1217666567,123977,28,3,11244,9052926,87,35.53,24.93,

08/06/2024,22:41:24.46,08/07/2024,05:41:21.000,376649047,-1217665289,124091,29,3,11181,9004158,87,35.67,24.86,

08/06/2024,22:41:25.46,08/07/2024,05:41:22.000,376649043,-1217664019,124173,29,3,11171,8981046,87,35.76,24.85,

08/06/2024,22:41:26.46,08/07/2024,05:41:23.000,376649041,-1217662747,124130,29,3,11207,9043206,87,35.74,24.67,

08/06/2024,22:41:27.46,08/07/2024,05:41:24.000,376649038,-1217661476,124052,29,3,11231,9020752,87,35.72,24.59,

08/06/2024,22:41:28.46,08/07/2024,05:41:25.000,376649035,-1217660200,124106,29,3,11188,8780636,87,35.86,24.78,

08/06/2024,22:41:29.46,08/07/2024,05:41:26.000,376649063,-1217658929,123882,29,3,11141,9074094,89,35.94,24.66,

08/06/2024,22:41:30.46,08/07/2024,05:41:27.000,376649059,-1217657658,123987,28,3,11149,9037148,98,35.82,24.72,

08/06/2024,22:41:31.46,08/07/2024,05:41:28.000,376649048,-1217656393,124055,26,3,11104,9052826,96,36.13,24.68,

08/06/2024,22:41:32.46,08/07/2024,05:41:29.000,376649039,-1217655136,124074,27,3,11169,9057988,96,36.19,24.73,

08/06/2024,22:41:33.45,08/07/2024,05:41:30.000,376649019,-1217653873,124179,27,3,11151,9021062,96,35.98,24.74,

08/06/2024,22:41:34.45,08/07/2024,05:41:31.000,376649002,-1217652610,124432,27,3,11145,9037722,96,36.03,24.41,

08/06/2024,22:41:35.45,08/07/2024,05:41:32.000,376648987,-1217651348,124623,27,3,11128,9014952,96,36.39,24.74,

08/06/2024,22:41:36.45,08/07/2024,05:41:33.000,376648974,-1217650088,124778,27,3,11116,8992126,96,35.99,24.63,

08/06/2024,22:41:37.45,08/07/2024,05:41:34.000,376648966,-1217648828,124985,27,3,11115,8984390,93,36.08,24.73,

08/06/2024,22:41:38.45,08/07/2024,05:41:35.000,376648964,-1217647565,125251,28,3,11121,8976612,93,36.10,24.68,

08/06/2024,22:41:39.45,08/07/2024,05:41:36.000,376648963,-1217646302,125545,28,3,11106,8950262,96,35.85,24.62,

08/06/2024,22:41:40.45,08/07/2024,05:41:37.000,376648967,-1217645039,125742,27,3,11109,8950246,93,36.12,24.57,

08/06/2024,22:41:41.45,08/07/2024,05:41:38.000,376648968,-1217643774,126007,28,3,11092,8948778,93,36.16,24.54,

08/06/2024,22:41:42.44,08/07/2024,05:41:39.000,376648974,-1217642514,126244,28,3,11001,8983062,93,36.17,24.54,

08/06/2024,22:41:43.44,08/07/2024,05:41:40.000,376648976,-1217641261,126500,28,3,10896,9003116,93,36.15,24.57,

08/06/2024,22:41:44.44,08/07/2024,05:41:41.000,376648975,-1217640020,126737,28,3,10717,9031926,93,36.05,24.71,

08/06/2024,22:41:45.44,08/07/2024,05:41:42.000,376648971,-1217638802,126788,28,3,10427,9064642,93,36.09,24.61,

08/06/2024,22:41:46.44,08/07/2024,05:41:43.000,376648961,-1217637612,126886,28,3,10075,9051280,93,36.23,24.60,

08/06/2024,22:41:47.44,08/07/2024,05:41:44.000,376648952,-1217636460,126918,28,3,9574,9074878,93,36.09,24.72,

08/06/2024,22:41:48.44,08/07/2024,05:41:45.000,376648941,-1217635360,126952,28,3,8375,9008970,93,35.99,24.69,

08/06/2024,22:41:49.44,08/07/2024,05:41:46.000,376648932,-1217634369,126941,28,3,6835,8995682,93,35.84,24.67,

08/06/2024,22:41:50.44,08/07/2024,05:41:47.000,376648931,-1217633546,127012,28,3,5461,8165045,93,35.90,24.71,

08/06/2024,22:41:51.49,08/07/2024,05:41:48.000,376648984,-1217632888,127143,28,3,4404,6553568,93,35.91,24.74,

08/06/2024,22:41:52.49,08/07/2024,05:41:49.000,376649142,-1217632401,127098,28,3,2880,4557931,96,35.88,24.71,

08/06/2024,22:41:53.49,08/07/2024,05:41:50.000,376649342,-1217632126,127032,27,3,1779,3514343,96,35.79,24.65,

08/06/2024,22:41:54.49,08/07/2024,05:41:51.000,376649510,-1217632004,127125,27,3,1532,2124731,96,35.96,24.72,

08/06/2024,22:41:55.48,08/07/2024,05:41:52.000,376649653,-1217631957,127080,27,3,1790,1442397,96,35.78,24.61,

08/06/2024,22:41:56.48,08/07/2024,05:41:53.000,376649809,-1217631923,127171,27,3,1717,916816,96,35.95,24.59,

08/06/2024,22:41:57.48,08/07/2024,05:41:54.000,376649966,-1217631911,127080,27,3,1455,655507,96,35.91,24.54,

08/06/2024,22:41:58.48,08/07/2024,05:41:55.000,376650105,-1217631897,127312,27,3,1205,496579,96,35.97,24.62,

08/06/2024,22:41:59.48,08/07/2024,05:41:56.000,376650216,-1217631886,127475,27,3,679,437918,96,36.01,24.60,

08/06/2024,22:42:00.48,08/07/2024,05:41:57.000,376650288,-1217631882,127610,27,3,222,388390,96,35.77,24.61,

08/06/2024,22:42:01.48,08/07/2024,05:41:58.000,376650316,-1217631873,127793,27,3,401,35933272,96,35.94,24.60,

08/06/2024,22:42:02.48,08/07/2024,05:41:59.000,376650339,-1217631865,127941,27,3,524,96867,98,35.95,24.79,

08/06/2024,22:42:03.48,08/07/2024,05:42:00.000,376650381,-1217631859,128087,26,3,490,35839692,98,36.05,24.64,

08/06/2024,22:42:04.47,08/07/2024,05:42:01.000,376650418,-1217631853,128356,26,3,490,35900388,96,35.98,24.62,

08/06/2024,22:42:06.45,08/07/2024,05:42:03.000,376650492,-1217631839,128578,27,3,304,120270,98,35.90,24.51,

08/06/2024,22:42:07.45,08/07/2024,05:42:04.000,376650530,-1217631827,128831,26,3,434,55742,96,35.86,24.55,

08/06/2024,22:42:08.45,08/07/2024,05:42:05.000,376650581,-1217631824,128841,27,3,669,40995,96,36.04,24.57,

08/06/2024,22:42:09.45,08/07/2024,05:42:06.000,376650688,-1217631817,128987,27,3,1402,35839400,96,35.97,24.52,

08/06/2024,22:42:10.44,08/07/2024,05:42:07.000,376650862,-1217631823,128957,27,3,2197,35694628,96,36.15,24.66,

08/06/2024,22:42:11.44,08/07/2024,05:42:08.000,376651098,-1217631837,128815,27,3,2829,35629708,96,36.03,24.58,

08/06/2024,22:42:12.44,08/07/2024,05:42:09.000,376651337,-1217631857,128521,27,3,2623,35717588,96,36.15,24.59,

08/06/2024,22:42:13.44,08/07/2024,05:42:10.000,376651540,-1217631865,128720,27,3,2141,75368,97,35.92,24.61,

08/06/2024,22:42:14.44,08/07/2024,05:42:11.000,376651704,-1217631857,128770,26,3,1715,394202,100,36.01,24.62,

08/06/2024,22:42:15.44,08/07/2024,05:42:12.000,376651815,-1217631837,129266,24,3,1104,1359941,96,36.14,24.57,

08/06/2024,22:42:16.44,08/07/2024,05:42:13.000,376651907,-1217631799,129685,27,3,1144,2744320,96,36.02,24.62,

08/06/2024,22:42:17.44,08/07/2024,05:42:14.000,376651989,-1217631718,129879,27,3,1068,3515735,97,35.96,24.59,

08/06/2024,22:42:18.44,08/07/2024,05:42:15.000,376652052,-1217631636,129933,26,3,1010,4797779,97,36.14,24.63,

08/06/2024,22:42:19.44,08/07/2024,05:42:16.000,376652104,-1217631537,130043,26,3,991,4756523,99,36.28,24.67,

08/06/2024,22:42:20.43,08/07/2024,05:42:17.000,376652149,-1217631469,130078,25,3,745,3383106,102,36.43,24.55,

08/06/2024,22:42:21.43,08/07/2024,05:42:18.000,376652218,-1217631441,130245,23,3,944,3383106,102,37.07,24.65,

08/06/2024,22:42:22.48,08/07/2024,05:42:19.000,376652249,-1217631411,130702,23,3,142,3383106,106,37.67,24.58,

08/06/2024,22:42:23.48,08/07/2024,05:42:20.000,376652284,-1217631367,130993,22,3,336,3383106,104,39.24,24.70,

08/06/2024,22:42:25.46,08/07/2024,05:42:22.000,376652310,-1217631357,131542,23,3,50,3383106,111,39.51,24.76,

08/06/2024,22:42:26.45,08/07/2024,05:42:23.000,376652311,-1217631346,131923,21,3,30,3383106,105,39.90,24.71,

08/06/2024,22:42:27.45,08/07/2024,05:42:24.000,376652313,-1217631348,131941,22,3,139,3383106,106,40.23,24.86,

08/06/2024,22:42:28.45,08/07/2024,05:42:25.000,376652307,-1217631351,131779,22,3,105,3383106,108,40.18,24.71,

08/06/2024,22:42:29.45,08/07/2024,05:42:26.000,376652305,-1217631365,131646,22,3,44,3383106,107,40.28,24.66,

08/06/2024,22:42:30.45,08/07/2024,05:42:27.000,376652308,-1217631395,131689,23,3,43,3383106,105,40.45,24.67,

08/06/2024,22:42:31.45,08/07/2024,05:42:28.000,376652316,-1217631442,131877,24,3,160,3383106,104,40.44,24.69,

08/06/2024,22:42:32.45,08/07/2024,05:42:29.000,376652305,-1217631434,131612,24,3,206,3383106,104,40.51,24.84,

08/06/2024,22:42:33.45,08/07/2024,05:42:30.000,376652291,-1217631430,131453,24,3,131,3383106,104,40.35,24.66,

08/06/2024,22:42:34.45,08/07/2024,05:42:31.000,376652292,-1217631390,131498,24,3,75,3383106,104,40.14,24.76,

08/06/2024,22:42:35.45,08/07/2024,05:42:32.000,376652294,-1217631376,131603,24,3,95,3383106,104,40.26,24.62,

08/06/2024,22:42:36.44,08/07/2024,05:42:33.000,376652294,-1217631384,131811,24,3,43,3383106,104,40.08,24.80,

08/06/2024,22:42:37.44,08/07/2024,05:42:35.000,376652304,-1217631401,132048,24,3,136,3383106,103,40.02,24.85,

08/06/2024,22:42:38.44,08/07/2024,05:42:36.000,376652308,-1217631384,131929,24,3,62,3383106,103,40.12,24.69,

08/06/2024,22:42:39.44,08/07/2024,05:42:37.000,376652309,-1217631396,132061,24,3,21,3383106,102,39.89,24.61,

08/06/2024,22:42:40.44,08/07/2024,05:42:38.000,376652312,-1217631410,132172,25,3,49,3383106,98,40.41,24.74,

08/06/2024,22:42:41.44,08/07/2024,05:42:39.000,376652315,-1217631422,132278,26,3,93,3383106,97,40.41,24.70,

08/06/2024,22:42:42.44,08/07/2024,05:42:40.000,376652307,-1217631434,132381,25,3,194,3383106,101,40.28,24.82,

08/06/2024,22:42:43.44,08/07/2024,05:42:41.000,376652305,-1217631468,132609,26,3,51,3383106,96,40.67,24.78,

08/06/2024,22:42:44.44,08/07/2024,05:42:42.000,376652309,-1217631509,132871,26,3,22,3383106,96,40.64,24.76,

08/06/2024,22:42:45.44,08/07/2024,05:42:43.000,376652312,-1217631551,133128,25,3,28,3383106,99,40.60,24.72,

08/06/2024,22:42:46.44,08/07/2024,05:42:44.000,376652315,-1217631562,133116,25,3,37,3383106,97,40.68,24.95,

08/06/2024,22:42:47.43,08/07/2024,05:42:45.000,376652321,-1217631579,133120,25,3,58,3383106,97,40.55,24.81,

08/06/2024,22:42:48.49,08/07/2024,05:42:46.000,376652328,-1217631596,133119,25,3,51,3383106,97,40.47,24.77,

08/06/2024,22:42:49.49,08/07/2024,05:42:47.000,376652330,-1217631594,132984,24,3,115,3383106,101,40.86,24.85,

08/06/2024,22:42:50.48,08/07/2024,05:42:48.000,376652341,-1217631620,133069,25,3,37,3383106,97,40.84,24.94,

08/06/2024,22:42:51.48,08/07/2024,05:42:49.000,376652353,-1217631650,133166,24,3,30,3383106,100,40.86,24.89,

08/06/2024,22:42:52.48,08/07/2024,05:42:50.000,376652374,-1217631671,133235,24,3,124,3383106,99,40.82,24.93,

08/06/2024,22:42:53.48,08/07/2024,05:42:51.000,376652389,-1217631682,133250,24,3,24,3383106,99,40.70,24.91,

08/06/2024,22:42:54.48,08/07/2024,05:42:52.000,376652403,-1217631686,133174,23,3,33,3383106,103,40.95,24.87,

08/06/2024,22:42:55.48,08/07/2024,05:42:53.000,376652416,-1217631692,133180,23,3,57,3383106,104,40.86,24.89,

08/06/2024,22:42:56.48,08/07/2024,05:42:54.000,376652429,-1217631692,133153,23,3,9,3383106,104,40.63,24.70,

08/06/2024,22:42:57.48,08/07/2024,05:42:55.000,376652441,-1217631702,133161,22,3,131,3383106,104,40.83,24.91,

08/06/2024,22:42:58.48,08/07/2024,05:42:56.000,376652452,-1217631706,133136,23,3,58,3383106,103,40.60,25.00,

08/06/2024,22:42:59.48,08/07/2024,05:42:57.000,376652460,-1217631706,133061,24,3,43,3383106,100,40.90,24.92,

08/06/2024,22:43:00.48,08/07/2024,05:42:58.000,376652468,-1217631703,132951,24,3,42,3383106,100,40.75,24.79,

08/06/2024,22:43:01.48,08/07/2024,05:42:59.000,376652463,-1217631671,132685,26,3,198,3383106,96,40.66,24.78,

08/06/2024,22:43:02.48,08/07/2024,05:43:00.000,376652466,-1217631665,132581,25,3,57,3383106,97,40.75,24.93,

08/06/2024,22:43:03.47,08/07/2024,05:43:01.000,376652467,-1217631721,132931,25,3,37,3383106,98,40.94,24.92,

08/06/2024,22:43:04.47,08/07/2024,05:43:02.000,376652474,-1217631719,132752,25,3,84,3383106,97,40.71,24.97,

08/06/2024,22:43:05.47,08/07/2024,05:43:03.000,376652480,-1217631725,132708,24,3,75,3383106,102,40.85,24.93,

08/06/2024,22:43:06.47,08/07/2024,05:43:04.000,376652492,-1217631732,132631,25,3,54,3383106,99,40.84,25.02,

08/06/2024,22:43:07.47,08/07/2024,05:43:05.000,376652505,-1217631728,132491,25,3,46,3383106,99,40.53,25.01,

08/06/2024,22:43:08.47,08/07/2024,05:43:06.000,376652519,-1217631740,132525,26,3,89,3383106,96,40.91,24.93,

08/06/2024,22:43:09.47,08/07/2024,05:43:07.000,376652530,-1217631741,132493,25,3,31,3383106,100,40.78,24.93,

08/06/2024,22:43:10.47,08/07/2024,05:43:08.000,376652541,-1217631748,132489,25,3,14,3383106,100,40.40,24.96,

08/06/2024,22:43:11.47,08/07/2024,05:43:09.000,376652550,-1217631731,132366,24,3,146,3383106,102,40.28,24.93,

08/06/2024,22:43:12.47,08/07/2024,05:43:11.000,376652574,-1217631741,132492,24,3,44,3383106,101,40.01,24.95,

08/06/2024,22:43:14.44,08/07/2024,05:43:12.000,376652587,-1217631736,132417,24,3,36,3383106,101,39.77,24.99,

08/06/2024,22:43:15.44,08/07/2024,05:43:14.000,376652611,-1217631748,132473,23,3,32,3383106,107,39.90,25.10,

08/06/2024,22:43:17.42,08/07/2024,05:43:15.000,376652603,-1217631717,132641,24,3,644,6196783,107,39.81,25.06,

08/06/2024,22:43:18.47,08/07/2024,05:43:16.000,376652633,-1217631725,132598,24,3,397,6196783,107,39.89,25.08,

08/06/2024,22:43:19.47,08/07/2024,05:43:17.000,376652638,-1217631691,132308,24,3,353,6196783,101,39.60,25.11,

08/06/2024,22:43:20.47,08/07/2024,05:43:18.000,376652648,-1217631667,132221,26,3,159,6196783,96,39.27,25.01,

08/06/2024,22:43:21.47,08/07/2024,05:43:19.000,376652675,-1217631689,132155,26,3,344,6196783,96,38.78,25.06,

08/06/2024,22:43:22.47,08/07/2024,05:43:20.000,376652690,-1217631675,131720,26,3,254,6196783,96,38.37,25.05,

08/06/2024,22:43:23.46,08/07/2024,05:43:22.000,376652617,-1217631651,131192,26,3,466,6196783,96,38.53,25.02,

08/06/2024,22:43:25.44,08/07/2024,05:43:23.000,376652588,-1217631595,130947,26,3,408,6196783,96,38.62,25.16,

08/06/2024,22:43:26.44,08/07/2024,05:43:24.000,376652553,-1217631544,130151,26,3,347,6196783,96,39.12,25.14,

08/06/2024,22:43:27.44,08/07/2024,05:43:25.000,376652540,-1217631509,129963,26,3,102,6196783,99,39.20,25.03,

08/06/2024,22:43:28.44,08/07/2024,05:43:26.000,376652573,-1217631442,129173,26,3,716,3744401,99,39.44,25.14,

08/06/2024,22:43:29.44,08/07/2024,05:43:27.000,376652563,-1217631402,128972,26,3,251,3744401,96,39.51,25.18,

08/06/2024,22:43:30.44,08/07/2024,05:43:28.000,376652538,-1217631344,127840,25,3,146,3744401,98,39.76,25.17,

08/06/2024,22:43:31.44,08/07/2024,05:43:29.000,376652513,-1217631311,129173,27,3,336,3744401,96,39.67,25.13,

08/06/2024,22:43:32.43,08/07/2024,05:43:30.000,376652445,-1217631236,128556,28,3,126,3744401,94,39.76,25.18,

08/06/2024,22:43:33.43,08/07/2024,05:43:31.000,376652429,-1217631195,127876,26,3,139,3744401,96,39.79,25.22,

08/06/2024,22:43:34.43,08/07/2024,05:43:32.000,376652442,-1217631096,127614,25,3,82,3744401,99,39.39,25.10,

08/06/2024,22:43:35.43,08/07/2024,05:43:33.000,376652440,-1217631014,127004,25,3,128,3744401,99,39.35,25.16,

08/06/2024,22:43:36.53,08/07/2024,05:43:34.000,376652424,-1217630916,125551,26,3,245,3744401,99,39.43,25.19,

08/06/2024,22:43:37.53,08/07/2024,05:43:35.000,376652431,-1217630842,124759,26,3,92,3744401,99,38.97,25.10,

08/06/2024,22:43:38.53,08/07/2024,05:43:36.000,376652416,-1217630806,123734,24,3,91,3744401,101,39.07,25.15,

08/06/2024,22:43:39.53,08/07/2024,05:43:37.000,376652395,-1217630736,123130,26,3,411,3744401,93,38.93,25.10,

08/06/2024,22:43:40.53,08/07/2024,05:43:38.000,376652374,-1217630668,122307,27,3,215,3744401,92,38.68,25.19,

08/06/2024,22:43:41.53,08/07/2024,05:43:39.000,376652320,-1217630622,121222,27,3,491,3744401,92,38.38,25.10,

08/06/2024,22:43:42.53,08/07/2024,05:43:40.000,376652251,-1217630546,121808,27,3,520,3744401,92,38.12,25.00,

08/06/2024,22:43:43.53,08/07/2024,05:43:41.000,376652087,-1217630415,119435,28,3,583,12686654,89,37.82,24.89,

08/06/2024,22:43:44.53,08/07/2024,05:43:42.000,376652039,-1217630435,118528,29,3,479,12686654,88,37.57,25.10,

08/06/2024,22:43:45.53,08/07/2024,05:43:43.000,376651953,-1217630356,118506,29,3,459,12686654,88,37.72,25.07,

08/06/2024,22:43:46.53,08/07/2024,05:43:44.000,376651859,-1217630282,117713,27,3,228,12686654,95,37.95,24.95,

08/06/2024,22:43:47.53,08/07/2024,05:43:45.000,376651817,-1217630259,118660,27,3,505,16547484,92,38.25,25.05,

08/06/2024,22:43:48.53,08/07/2024,05:43:46.000,376651780,-1217630284,118777,28,3,269,16547484,91,38.20,25.09,

08/06/2024,22:43:49.53,08/07/2024,05:43:47.000,376651742,-1217630291,120246,29,3,392,16547484,88,38.39,25.08,

08/06/2024,22:43:50.52,08/07/2024,05:43:48.000,376651719,-1217630300,120425,29,3,214,16547484,88,38.35,24.99,

08/06/2024,22:43:51.52,08/07/2024,05:43:49.000,376651731,-1217630306,120723,28,3,375,26216884,89,38.15,25.06,

08/06/2024,22:43:52.52,08/07/2024,05:43:50.000,376651735,-1217630318,120934,29,3,59,26216884,88,38.09,24.95,

08/06/2024,22:43:53.52,08/07/2024,05:43:51.000,376651708,-1217630335,121356,29,3,657,32307790,88,38.00,24.89,

08/06/2024,22:43:54.52,08/07/2024,05:43:52.000,376651738,-1217630338,121205,29,3,513,32307790,88,38.10,25.07,

08/06/2024,22:43:55.52,08/07/2024,05:43:54.000,376651827,-1217630382,122239,27,3,500,32767704,91,37.99,25.06,

08/06/2024,22:43:57.39,08/07/2024,05:43:56.000,376651870,-1217630395,122462,27,3,240,32767704,91,37.86,25.00,

08/06/2024,22:43:59.47,08/07/2024,05:43:57.000,376651900,-1217630364,122619,25,3,622,32767704,95,37.79,25.10,

08/06/2024,22:44:00.47,08/07/2024,05:43:58.000,376651934,-1217630350,122238,26,3,331,32767704,93,37.68,25.13,

08/06/2024,22:44:01.47,08/07/2024,05:43:59.000,376651930,-1217630335,122016,25,3,236,32767704,95,37.70,25.11,

08/06/2024,22:44:02.47,08/07/2024,05:43:00.000,376651945,-1217630309,121933,25,3,335,32767704,95,37.61,25.13,

08/06/2024,22:44:03.47,08/07/2024,05:44:01.000,376651978,-1217630277,122115,26,3,524,32767704,93,37.44,25.06,

08/06/2024,22:44:04.47,08/07/2024,05:44:02.000,376652000,-1217630242,122805,28,3,418,32767704,89,37.08,25.09,

08/06/2024,22:44:05.47,08/07/2024,05:44:03.000,376651999,-1217630194,123317,28,3,525,32767704,89,37.13,25.11,

08/06/2024,22:44:06.47,08/07/2024,05:44:04.000,376651984,-1217630185,123340,28,3,347,32767704,89,37.15,25.16,

08/06/2024,22:44:07.47,08/07/2024,05:44:05.000,376652011,-1217630151,123952,28,3,247,32767704,89,36.86,25.11,

08/06/2024,22:44:08.47,08/07/2024,05:44:05.000,376652086,-1217630155,124092,27,3,228,32767704,91,36.98,25.05,

08/06/2024,22:44:10.44,08/07/2024,05:44:07.000,376652112,-1217630163,123940,26,3,104,32767704,92,37.30,25.11,

08/06/2024,22:44:11.44,08/07/2024,05:44:08.000,376652144,-1217630154,123728,25,3,98,32767704,93,37.11,25.12,

08/06/2024,22:44:12.44,08/07/2024,05:44:09.000,376652182,-1217630149,123487,25,3,40,32767704,93,36.98,25.01,

08/06/2024,22:44:13.44,08/07/2024,05:44:10.000,376652220,-1217630151,123181,24,3,35,32767704,95,36.85,25.15,

08/06/2024,22:44:14.44,08/07/2024,05:44:11.000,376652273,-1217630145,123327,23,3,24,32767704,98,37.19,25.10,

08/06/2024,22:44:16.43,08/07/2024,05:44:13.000,376652293,-1217630141,123387,24,3,32,32767704,97,37.07,25.06,

08/06/2024,22:44:17.48,08/07/2024,05:44:14.000,376652312,-1217630135,123457,24,3,40,32767704,97,36.95,25.12,

08/06/2024,22:44:18.48,08/07/2024,05:44:15.000,376652331,-1217630132,123452,24,3,50,32767704,101,37.09,25.02,

08/06/2024,22:44:19.48,08/07/2024,05:44:16.000,376652355,-1217630127,123503,25,3,22,32767704,93,37.11,25.12,

08/06/2024,22:44:20.48,08/07/2024,05:44:17.000,376652357,-1217630124,123491,23,3,171,32767704,103,37.11,25.16,

08/06/2024,22:44:21.48,08/07/2024,05:44:18.000,376652367,-1217630102,123652,24,3,168,32767704,101,37.06,25.13,

08/06/2024,22:44:22.48,08/07/2024,05:44:19.000,376652391,-1217630098,123818,25,3,195,32767704,99,36.87,25.15,

08/06/2024,22:44:23.48,08/07/2024,05:44:20.000,376652401,-1217630093,123860,26,3,25,32767704,92,37.05,25.05,

08/06/2024,22:44:24.48,08/07/2024,05:44:21.000,376652418,-1217630101,124295,24,3,171,32767704,100,37.21,25.20,

08/06/2024,22:44:25.48,08/07/2024,05:44:22.000,376652433,-1217630104,124307,23,3,84,32767704,101,37.25,25.16,

08/06/2024,22:44:26.48,08/07/2024,05:44:23.000,376652453,-1217630097,124104,26,3,65,32767704,92,37.21,25.13,

08/06/2024,22:44:27.48,08/07/2024,05:44:24.000,376652478,-1217630088,124105,25,3,68,32767704,99,37.67,25.15,

08/06/2024,22:44:28.47,08/07/2024,05:44:25.000,376652486,-1217630089,124156,25,3,171,32767704,99,37.87,25.14,

08/06/2024,22:44:29.47,08/07/2024,05:44:26.000,376652517,-1217630080,124263,25,3,60,32767704,95,37.89,25.03,

08/06/2024,22:44:30.47,08/07/2024,05:44:27.000,376652563,-1217630057,124605,25,3,34,32767704,102,38.08,25.05,

08/06/2024,22:44:31.47,08/07/2024,05:44:28.000,376652619,-1217630050,124165,24,3,58,32767704,103,38.21,25.07,

08/06/2024,22:44:32.47,08/07/2024,05:44:29.000,376652634,-1217630047,124232,24,3,3,32767704,103,38.02,25.14,

08/06/2024,22:44:33.47,08/07/2024,05:44:30.000,376652660,-1217630043,124446,24,3,79,32767704,103,37.96,25.13,

08/06/2024,22:44:34.47,08/07/2024,05:44:31.000,376652699,-1217630045,124152,23,3,167,32767704,104,37.93,25.13,

08/06/2024,22:44:35.47,08/07/2024,05:44:32.000,376652713,-1217630045,124426,25,3,188,32767704,99,37.92,25.17,

08/06/2024,22:44:36.47,08/07/2024,05:44:33.000,376652739,-1217630038,124135,27,3,113,32767704,91,37.94,25.08,

08/06/2024,22:44:37.47,08/07/2024,05:44:34.000,376652745,-1217630046,123957,24,3,133,32767704,100,38.12,25.16,

08/06/2024,22:44:38.47,08/07/2024,05:44:35.000,376652784,-1217630026,124340,25,3,226,32767704,99,37.80,25.04,

08/06/2024,22:44:39.47,08/07/2024,05:44:36.000,376652801,-1217629997,124374,26,3,186,32767704,92,37.87,25.12,

08/06/2024,22:44:40.47,08/07/2024,05:44:37.000,376652815,-1217629996,124388,25,3,107,32767704,99,38.16,25.17,

08/06/2024,22:44:41.47,08/07/2024,05:44:38.000,376652815,-1217629992,124269,24,3,76,32767704,100,37.70,25.18,

08/06/2024,22:44:42.47,08/07/2024,05:44:39.000,376652819,-1217629980,124187,25,3,86,32767704,97,37.71,25.11,

08/06/2024,22:44:43.47,08/07/2024,05:44:40.000,376652791,-1217629980,123584,25,3,280,32767704,107,37.55,25.11,

08/06/2024,22:44:44.47,08/07/2024,05:44:41.000,376652777,-1217629984,123269,26,3,203,32767704,99,37.70,25.12,

08/06/2024,22:44:45.47,08/07/2024,05:44:42.000,376652787,-1217629982,123309,27,3,179,32767704,91,37.60,25.11,

08/06/2024,22:44:46.47,08/07/2024,05:44:43.000,376652787,-1217629991,123509,26,3,288,32767704,99,37.30,25.03,

08/06/2024,22:44:47.47,08/07/2024,05:44:44.000,376652814,-1217629976,123691,26,3,128,32767704,99,37.70,25.17,

08/06/2024,22:44:48.47,08/07/2024,05:44:45.000,376652842,-1217629970,124005,27,3,117,32767704,91,37.58,25.25,

08/06/2024,22:44:49.47,08/07/2024,05:44:46.000,376652848,-1217629966,123878,26,3,99,32767704,99,37.79,25.17,

08/06/2024,22:44:50.47,08/07/2024,05:44:47.000,376652873,-1217629956,124152,25,3,58,32767704,103,37.81,25.19,

08/06/2024,22:44:51.47,08/07/2024,05:44:48.000,376652897,-1217629950,124213,27,3,135,32767704,91,38.15,25.25,

08/06/2024,22:44:52.47,08/07/2024,05:44:49.000,376652920,-1217629935,124494,25,3,72,32767704,100,38.03,25.18,

08/06/2024,22:44:53.47,08/07/2024,05:44:50.000,376652934,-1217629924,124714,25,3,33,32767704,100,37.94,25.11,

08/06/2024,22:44:54.47,08/07/2024,05:44:51.000,376652945,-1217629907,125141,26,3,89,32767704,92,37.84,25.19,

08/06/2024,22:44:55.47,08/07/2024,05:44:52.000,376652956,-1217629892,125177,24,3,100,32767704,107,37.90,25.24,

08/06/2024,22:44:56.47,08/07/2024,05:44:53.000,376652962,-1217629877,125245,24,3,28,32767704,107,37.98,25.13,

08/06/2024,22:44:57.47,08/07/2024,05:44:54.000,376652967,-1217629865,125524,25,3,31,32767704,96,37.64,25.13,

08/06/2024,22:44:58.46,08/07/2024,05:44:55.000,376652968,-1217629854,125588,25,3,38,32767704,100,37.33,25.16,

08/06/2024,22:44:59.46,08/07/2024,05:44:56.000,376652962,-1217629849,125681,25,3,24,32767704,100,37.48,25.27,

08/06/2024,22:45:00.46,08/07/2024,05:44:57.000,376652963,-1217629840,125659,25,3,29,32767704,96,37.11,25.19,

08/06/2024,22:45:01.46,08/07/2024,05:44:58.000,376652959,-1217629842,125649,24,3,108,32767704,107,37.33,25.22,

