Timestamp for sample frequency every 15 min,Temperature (°C),Relative Humidity (%)
2025-01-09 17:48:00,20.4225,32.1750
2025-01-09 18:03:00,20.4225,32.1750
2025-01-09 18:18:00,20.4225,32.1750
2025-01-09 18:33:00,20.4225,32.1750
2025-01-09 18:48:00,20.4225,32.1750
2025-01-09 19:03:00,20.4225,32.1750
2025-01-09 19:18:00,20.4225,32.1750
2025-01-09 19:33:00,20.4225,32.1750
2025-01-09 19:48:00,20.4225,32.1750
2025-01-09 20:03:00,20.4225,32.1750
2025-01-09 20:18:00,20.4225,32.1750
2025-01-09 20:33:00,20.4225,32.1750
2025-01-09 20:48:00,20.4225,32.1750
2025-01-09 21:03:00,20.4225,32.1750
2025-01-09 21:18:00,20.4225,32.1750
2025-01-09 21:33:00,20.4225,32.1750
2025-01-09 21:48:00,20.4225,32.1750
2025-01-09 22:03:00,20.4225,32.1750
2025-01-09 22:18:00,20.4225,32.1750
2025-01-09 22:33:00,20.4225,32.1750
2025-01-09 22:48:00,20.4225,32.1750
2025-01-09 23:03:00,20.4225,32.1750
2025-01-09 23:18:00,20.4225,32.1750
2025-01-09 23:33:00,20.4225,32.1750
2025-01-09 23:48:00,20.4225,32.1750
2025-01-10 00:03:00,20.4225,32.1750
2025-01-10 00:18:00,20.4225,32.1750
2025-01-10 00:33:00,20.4225,32.1750
2025-01-10 00:48:00,20.4225,32.1750
2025-01-10 01:03:00,20.4225,32.1750
2025-01-10 01:18:00,20.4225,32.1750
2025-01-10 01:33:00,20.4225,32.1750
2025-01-10 01:48:00,20.4225,32.1750
2025-01-10 02:03:00,20.4225,32.1750
2025-01-10 02:18:00,20.4225,32.1750
2025-01-10 02:33:00,20.4225,32.1750
2025-01-10 02:48:00,20.4225,32.1750
2025-01-10 03:03:00,20.4225,32.1750
2025-01-10 03:18:00,20.4225,32.1750
2025-01-10 03:33:00,20.4225,32.1750
2025-01-10 03:48:00,20.4225,32.1750
2025-01-10 04:03:00,20.4225,32.1750
2025-01-10 04:18:00,20.4225,32.1750
2025-01-10 04:33:00,20.4225,32.1750
2025-01-10 04:48:00,20.4225,32.1750
2025-01-10 05:03:00,20.4225,32.1750
2025-01-10 05:18:00,20.4225,32.1750
2025-01-10 05:33:00,20.4225,32.1750
2025-01-10 05:48:00,20.4225,32.1750
2025-01-10 06:03:00,20.4225,32.1750
2025-01-10 06:18:00,20.4225,32.1750
2025-01-10 06:33:00,20.4225,32.1750
2025-01-10 06:48:00,20.4225,32.1750
2025-01-10 07:03:00,20.4225,32.1750
2025-01-10 07:18:00,20.4225,32.1750
2025-01-10 07:33:00,20.4225,32.1750
2025-01-10 07:48:00,20.4225,32.1750
2025-01-10 08:03:00,20.4225,32.1750
2025-01-10 08:18:00,20.4225,32.1750
2025-01-10 08:33:00,20.4225,32.1750
2025-01-10 08:48:00,20.4225,32.1750
2025-01-10 09:03:00,20.4225,32.1750
2025-01-10 09:18:00,20.4225,32.1750
2025-01-10 09:33:00,20.4225,32.1750
2025-01-10 09:48:00,20.4225,32.1750
2025-01-10 10:03:00,20.4225,32.1750
2025-01-10 10:18:00,20.4225,32.1750
2025-01-10 10:33:00,20.4225,32.1750
2025-01-10 10:48:00,20.4225,32.1750
2025-01-10 11:03:00,20.4225,32.1750
2025-01-10 11:18:00,20.4225,32.1750
2025-01-10 11:33:00,20.4225,32.1750
2025-01-10 11:48:00,20.4225,32.1750
2025-01-10 12:03:00,20.4225,32.1750
2025-01-10 12:18:00,20.4225,32.1750
2025-01-10 12:33:00,20.4225,32.1750
2025-01-10 12:48:00,20.4225,32.1750
2025-01-10 13:03:00,20.4225,32.1750
2025-01-10 13:18:00,20.4225,32.1750
2025-01-10 13:33:00,20.4225,32.1750
2025-01-10 13:48:00,20.4225,32.1750
2025-01-10 14:03:00,20.4225,32.1750
2025-01-10 14:18:00,20.4225,32.1750
2025-01-10 14:33:00,20.4225,32.1750
2025-01-10 14:48:00,20.4225,32.1750
2025-01-10 15:03:00,20.4225,32.1750
2025-01-10 15:18:00,20.4225,32.1750
2025-01-10 15:33:00,20.4225,32.1750
2025-01-10 15:48:00,20.4225,32.1750
2025-01-10 16:03:00,20.4225,32.1750
2025-01-10 16:18:00,20.4225,32.1750
2025-01-10 16:33:00,20.4225,32.1750
2025-01-10 16:48:00,20.4225,32.1750
2025-01-10 17:03:00,20.4225,32.1750
2025-01-10 17:18:00,20.4225,32.1750
2025-01-10 17:33:00,20.4225,32.1750
2025-01-10 17:48:00,20.4225,32.1750
2025-01-10 18:03:00,20.4225,32.1750
2025-01-10 18:18:00,20.4225,32.1750
2025-01-10 18:33:00,20.4225,32.1750
2025-01-10 18:48:00,20.4225,32.1750
2025-01-10 19:03:00,20.4225,32.1750
2025-01-10 19:18:00,20.4225,32.1750
2025-01-10 19:33:00,20.4225,32.1750
2025-01-10 19:48:00,20.4225,32.1750
2025-01-10 20:03:00,20.4225,32.1750
2025-01-10 20:18:00,20.4225,32.1750
2025-01-10 20:33:00,20.4225,32.1750
2025-01-10 20:48:00,20.4225,32.1750
2025-01-10 21:03:00,20.4225,32.1750
2025-01-10 21:18:00,20.4225,32.1750
2025-01-10 21:33:00,20.4225,32.1750
2025-01-10 21:48:00,20.4225,32.1750
2025-01-10 22:03:00,20.4225,32.1750
2025-01-10 22:18:00,20.4225,32.1750
2025-01-10 22:33:00,20.4225,32.1750
2025-01-10 22:48:00,20.4225,32.1750
2025-01-10 23:03:00,20.4225,32.1750
2025-01-10 23:18:00,20.4225,32.1750
2025-01-10 23:33:00,20.4225,32.1750
2025-01-10 23:48:00,20.4225,32.1750
2025-01-11 00:03:00,20.4225,32.1750
2025-01-11 00:18:00,20.4225,32.1750
2025-01-11 00:33:00,20.4225,32.1750
2025-01-11 00:48:00,20.4225,32.1750
2025-01-11 01:03:00,20.4225,32.1750
2025-01-11 01:18:00,20.4225,32.1750
2025-01-11 01:33:00,20.4225,32.1750
2025-01-11 01:48:00,20.4225,32.1750
2025-01-11 02:03:00,20.4225,32.1750
2025-01-11 02:18:00,20.4225,32.1750
2025-01-11 02:33:00,20.4225,32.1750
2025-01-11 02:48:00,20.4225,32.1750
2025-01-11 03:03:00,20.4225,32.1750
2025-01-11 03:18:00,20.4225,32.1750
2025-01-11 03:33:00,20.4225,32.1750
2025-01-11 03:48:00,20.4225,32.1750
2025-01-11 04:03:00,20.4225,32.1750
2025-01-11 04:18:00,20.4225,32.1750
2025-01-11 04:33:00,20.4225,32.1750
2025-01-11 04:48:00,20.4225,32.1750
2025-01-11 05:03:00,20.4225,32.1750
2025-01-11 05:18:00,20.4225,32.1750
2025-01-11 05:33:00,20.4225,32.1750
2025-01-11 05:48:00,20.4225,32.1750
2025-01-11 06:03:00,20.4225,32.1750
2025-01-11 06:18:00,20.4225,32.1750
2025-01-11 06:33:00,20.4225,32.1750
2025-01-11 06:48:00,20.4225,32.1750
2025-01-11 07:03:00,20.4225,32.1750
2025-01-11 07:18:00,20.4225,32.1750
2025-01-11 07:33:00,20.4225,32.1750
2025-01-11 07:48:00,20.4225,32.1750
2025-01-11 08:03:00,20.4225,32.1750
2025-01-11 08:18:00,20.4225,32.1750
2025-01-11 08:33:00,20.4225,32.1750
2025-01-11 08:48:00,20.4225,32.1750
2025-01-11 09:03:00,20.4225,32.1750
2025-01-11 09:18:00,20.4225,32.1750
2025-01-11 09:33:00,20.4225,32.1750
2025-01-11 09:48:00,20.4225,32.1750
2025-01-11 10:03:00,20.4225,32.1750
2025-01-11 10:18:00,20.4225,32.1750
2025-01-11 10:33:00,20.4225,32.1750
2025-01-11 10:48:00,20.4225,32.1750
2025-01-11 11:03:00,20.4225,32.1750
2025-01-11 11:18:00,20.4225,32.1750
2025-01-11 11:33:00,20.4225,32.1750
2025-01-11 11:48:00,20.4225,32.1750
2025-01-11 12:03:00,20.4225,32.1750
2025-01-11 12:18:00,20.4225,32.1750
2025-01-11 12:33:00,20.4225,32.1750
2025-01-11 12:48:00,20.4225,32.1750
2025-01-11 13:03:00,20.4225,32.1750
2025-01-11 13:18:00,20.4225,32.1750
2025-01-11 13:33:00,20.4225,32.1750
2025-01-11 13:48:00,20.4225,32.1750
2025-01-11 14:03:00,20.4225,32.1750
2025-01-11 14:18:00,20.4225,32.1750
2025-01-11 14:33:00,20.4225,32.1750
2025-01-11 14:48:00,20.4225,32.1750
2025-01-11 15:03:00,20.4225,32.1750
2025-01-11 15:18:00,20.4225,32.1750
2025-01-11 15:33:00,20.4225,32.1750
2025-01-11 15:48:00,20.4225,32.1750
2025-01-11 16:03:00,20.4225,32.1750
2025-01-11 16:18:00,20.4225,32.1750
2025-01-11 16:33:00,20.4225,32.1750
2025-01-11 16:48:00,20.4225,32.1750
2025-01-11 17:03:00,20.4225,32.1750
2025-01-11 17:18:00,20.4225,32.1750
2025-01-11 17:33:00,20.4225,32.1750
2025-01-11 17:48:00,20.4225,32.1750
2025-01-11 18:03:00,20.4225,32.1750
2025-01-11 18:18:00,20.4225,32.1750
2025-01-11 18:33:00,20.4225,32.1750
2025-01-11 18:48:00,20.4225,32.1750
2025-01-11 19:03:00,20.4225,32.1750
2025-01-11 19:18:00,20.4225,32.1750
2025-01-11 19:33:00,20.4225,32.1750
2025-01-11 19:48:00,20.4225,32.1750
2025-01-11 20:03:00,20.4225,32.1750
2025-01-11 20:18:00,20.4225,32.1750
2025-01-11 20:33:00,20.4225,32.1750
2025-01-11 20:48:00,20.4225,32.1750
2025-01-11 21:03:00,20.4225,32.1750
2025-01-11 21:18:00,20.4225,32.1750
2025-01-11 21:33:00,20.4225,32.1750
2025-01-11 21:48:00,20.4225,32.1750
2025-01-11 22:03:00,20.4225,32.1750
2025-01-11 22:18:00,20.4225,32.1750
2025-01-11 22:33:00,20.4225,32.1750
2025-01-11 22:48:00,20.4225,32.1750
2025-01-11 23:03:00,20.4225,32.1750
2025-01-11 23:18:00,20.4225,32.1750
2025-01-11 23:33:00,20.4225,32.1750
2025-01-11 23:48:00,20.4225,32.1750
2025-01-12 00:03:00,20.4225,32.1750
2025-01-12 00:18:00,20.4225,32.1750
2025-01-12 00:33:00,20.4225,32.1750
2025-01-12 00:48:00,20.4225,32.1750
2025-01-12 01:03:00,20.4225,32.1750
2025-01-12 01:18:00,20.4225,32.1750
2025-01-12 01:33:00,20.4225,32.1750
2025-01-12 01:48:00,20.4225,32.1750
2025-01-12 02:03:00,20.4225,32.1750
2025-01-12 02:18:00,20.4225,32.1750
2025-01-12 02:33:00,20.4225,32.1750
2025-01-12 02:48:00,20.4225,32.1750
2025-01-12 03:03:00,20.4225,32.1750
2025-01-12 03:18:00,20.4225,32.1750
2025-01-12 03:33:00,20.4225,32.1750
2025-01-12 03:48:00,20.4225,32.1750
2025-01-12 04:03:00,20.4225,32.1750
2025-01-12 04:18:00,20.4225,32.1750
2025-01-12 04:33:00,20.4225,32.1750
2025-01-12 04:48:00,20.4225,32.1750
2025-01-12 05:03:00,20.4225,32.1750
2025-01-12 05:18:00,20.4225,32.1750
2025-01-12 05:33:00,20.4225,32.1750
2025-01-12 05:48:00,20.4225,32.1750
2025-01-12 06:03:00,20.4225,32.1750
2025-01-12 06:18:00,20.4225,32.1750
2025-01-12 06:33:00,20.4225,32.1750
2025-01-12 06:48:00,20.4225,32.1750
2025-01-12 07:03:00,20.4225,32.1750
2025-01-12 07:18:00,20.4225,32.1750
2025-01-12 07:33:00,20.4225,32.1750
2025-01-12 07:48:00,20.4225,32.1750
2025-01-12 08:03:00,20.4225,32.1750
2025-01-12 08:18:00,20.4225,32.1750
2025-01-12 08:33:00,20.4225,32.1750
2025-01-12 08:48:00,20.4225,32.1750
2025-01-12 09:03:00,20.4225,32.1750
2025-01-12 09:18:00,20.4225,32.1750
2025-01-12 09:33:00,20.4225,32.1750
2025-01-12 09:48:00,20.4225,32.1750
2025-01-12 10:03:00,20.4225,32.1750
2025-01-12 10:18:00,20.4225,32.1750
2025-01-12 10:33:00,20.4225,32.1750
2025-01-12 10:48:00,20.4225,32.1750
2025-01-12 11:03:00,20.4225,32.1750
2025-01-12 11:18:00,20.4225,32.1750
2025-01-12 11:33:00,20.4225,32.1750
2025-01-12 11:48:00,20.4225,32.1750
2025-01-12 12:03:00,20.4225,32.1750
2025-01-12 12:18:00,20.4225,32.1750
2025-01-12 12:33:00,20.4225,32.1750
2025-01-12 12:48:00,20.4225,32.1750
2025-01-12 13:03:00,20.4225,32.1750
2025-01-12 13:18:00,20.4225,32.1750
2025-01-12 13:33:00,20.4225,32.1750
2025-01-12 13:48:00,20.4225,32.1750
2025-01-12 14:03:00,20.4225,32.1750
2025-01-12 14:18:00,20.4225,32.1750
2025-01-12 14:33:00,20.4225,32.1750
2025-01-12 14:48:00,20.4225,32.1750
2025-01-12 15:03:00,20.4225,32.1750
2025-01-12 15:18:00,20.4225,32.1750
2025-01-12 15:33:00,20.4225,32.1750
2025-01-12 15:48:00,20.4225,32.1750
2025-01-12 16:03:00,20.4225,32.1750
2025-01-12 16:18:00,20.4225,32.1750
2025-01-12 16:33:00,20.4225,32.1750
2025-01-12 16:48:00,20.4225,32.1750
2025-01-12 17:03:00,20.4225,32.1750
2025-01-12 17:18:00,20.4225,32.1750
2025-01-12 17:33:00,20.4225,32.1750
2025-01-12 17:48:00,20.4225,32.1750
2025-01-12 18:03:00,20.4225,32.1750
2025-01-12 18:18:00,20.4225,32.1750
2025-01-12 18:33:00,20.4225,32.1750
2025-01-12 18:48:00,20.4225,32.1750
2025-01-12 19:03:00,20.4225,32.1750
2025-01-12 19:18:00,20.4225,32.1750
2025-01-12 19:33:00,20.4225,32.1750
2025-01-12 19:48:00,20.4225,32.1750
2025-01-12 20:03:00,20.4225,32.1750
2025-01-12 20:18:00,20.4225,32.1750
2025-01-12 20:33:00,20.4225,32.1750
2025-01-12 20:48:00,20.4225,32.1750
2025-01-12 21:03:00,20.4225,32.1750
2025-01-12 21:18:00,20.4225,32.1750
2025-01-12 21:33:00,20.4225,32.1750
2025-01-12 21:48:00,20.4225,32.1750
2025-01-12 22:03:00,20.4225,32.1750
2025-01-12 22:18:00,20.4225,32.1750
2025-01-12 22:33:00,20.4225,32.1750
2025-01-12 22:48:00,20.4225,32.1750
2025-01-12 23:03:00,20.4225,32.1750
2025-01-12 23:18:00,20.4225,32.1750
2025-01-12 23:33:00,20.4225,32.1750
2025-01-12 23:48:00,20.4225,32.1750
2025-01-13 00:03:00,20.4225,32.1750
2025-01-13 00:18:00,20.4225,32.1750
2025-01-13 00:33:00,20.4225,32.1750
2025-01-13 00:48:00,20.4225,32.1750
2025-01-13 01:03:00,20.4225,32.1750
2025-01-13 01:18:00,20.4225,32.1750
2025-01-13 01:33:00,20.4225,32.1750
2025-01-13 01:48:00,20.4225,32.1750
2025-01-13 02:03:00,20.4225,32.1750
2025-01-13 02:18:00,20.4225,32.1750
2025-01-13 02:33:00,20.4225,32.1750
2025-01-13 02:48:00,20.4225,32.1750
2025-01-13 03:03:00,20.4225,32.1750
2025-01-13 03:18:00,20.4225,32.1750
2025-01-13 03:33:00,20.4225,32.1750
2025-01-13 03:48:00,20.4225,32.1750
2025-01-13 04:03:00,20.4225,32.1750
2025-01-13 04:18:00,20.4225,32.1750
2025-01-13 04:33:00,20.4225,32.1750
2025-01-13 04:48:00,20.4225,32.1750
2025-01-13 05:03:00,20.4225,32.1750
2025-01-13 05:18:00,20.4225,32.1750
2025-01-13 05:33:00,20.4225,32.1750
2025-01-13 05:48:00,20.4225,32.1750
2025-01-13 06:03:00,20.4225,32.1750
2025-01-13 06:18:00,20.4225,32.1750
2025-01-13 06:33:00,20.4225,32.1750
2025-01-13 06:48:00,20.4225,32.1750
2025-01-13 07:03:00,20.4225,32.1750
2025-01-13 07:18:00,20.4225,32.1750
2025-01-13 07:33:00,20.4225,32.1750
2025-01-13 07:48:00,20.4225,32.1750
2025-01-13 08:03:00,20.4225,32.1750
2025-01-13 08:18:00,20.4225,32.1750
2025-01-13 08:33:00,20.4225,32.1750
2025-01-13 08:48:00,20.4225,32.1750
2025-01-13 09:03:00,20.4225,32.1750
2025-01-13 09:18:00,20.4225,32.1750
2025-01-13 09:33:00,20.4225,32.1750
2025-01-13 09:48:00,20.4225,32.1750
2025-01-13 10:03:00,20.4225,32.1750
2025-01-13 10:18:00,20.4225,32.1750
2025-01-13 10:33:00,20.4225,32.1750
2025-01-13 10:48:00,20.4225,32.1750
2025-01-13 11:03:00,20.4225,32.1750
2025-01-13 11:18:00,20.4225,32.1750
2025-01-13 11:33:00,20.4225,32.1750
2025-01-13 11:48:00,20.4225,32.1750
2025-01-13 12:03:00,20.4225,32.1750
2025-01-13 12:18:00,20.4225,32.1750
2025-01-13 12:33:00,20.4225,32.1750
2025-01-13 12:48:00,20.4225,32.1750
2025-01-13 13:03:00,20.4225,32.1750
2025-01-13 13:18:00,20.4225,32.1750
2025-01-13 13:33:00,20.4225,32.1750
2025-01-13 13:48:00,20.4225,32.1750
2025-01-13 14:03:00,20.4225,32.1750
2025-01-13 14:18:00,20.4225,32.1750
2025-01-13 14:33:00,20.4225,32.1750
2025-01-13 14:48:00,20.4225,32.1750
2025-01-13 15:03:00,20.4225,32.1750
2025-01-13 15:18:00,20.4225,32.1750
2025-01-13 15:33:00,20.4225,32.1750
2025-01-13 15:48:00,20.4225,32.1750
2025-01-13 16:03:00,20.4225,32.1750
2025-01-13 16:18:00,20.4225,32.1750
2025-01-13 16:33:00,20.4225,32.1750
2025-01-13 16:48:00,20.4225,32.1750
2025-01-13 17:03:00,20.4225,32.1750
2025-01-13 17:18:00,20.4225,32.1750
2025-01-13 17:33:00,20.4225,32.1750
2025-01-13 17:48:00,20.4225,32.1750
2025-01-13 18:03:00,20.4225,32.1750
2025-01-13 18:18:00,20.4225,32.1750
2025-01-13 18:33:00,20.4225,32.1750
2025-01-13 18:48:00,20.4225,32.1750
2025-01-13 19:03:00,20.4225,32.1750
2025-01-13 19:18:00,20.4225,32.1750
2025-01-13 19:33:00,20.4225,32.1750
2025-01-13 19:48:00,20.4225,32.1750
2025-01-13 20:03:00,20.4225,32.1750
2025-01-13 20:18:00,20.4225,32.1750
2025-01-13 20:33:00,20.4225,32.1750
2025-01-13 20:48:00,20.4225,32.1750
2025-01-13 21:03:00,20.4225,32.1750
2025-01-13 21:18:00,20.4225,32.1750
2025-01-13 21:33:00,20.4225,32.1750
2025-01-13 21:48:00,20.4225,32.1750
2025-01-13 22:03:00,20.4225,32.1750
2025-01-13 22:18:00,20.4225,32.1750
2025-01-13 22:33:00,20.4225,32.1750
2025-01-13 22:48:00,20.4225,32.1750
2025-01-13 23:03:00,20.4225,32.1750
2025-01-13 23:18:00,20.4225,32.1750
2025-01-13 23:33:00,20.4225,32.1750
2025-01-13 23:48:00,20.4225,32.1750
2025-01-14 00:03:00,20.4225,32.1750
2025-01-14 00:18:00,20.4225,32.1750
2025-01-14 00:33:00,20.4225,32.1750
2025-01-14 00:48:00,20.4225,32.1750
2025-01-14 01:03:00,20.4225,32.1750
2025-01-14 01:18:00,20.4225,32.1750
2025-01-14 01:33:00,20.4225,32.1750
2025-01-14 01:48:00,20.4225,32.1750
2025-01-14 02:03:00,20.4225,32.1750
2025-01-14 02:18:00,20.4225,32.1750
2025-01-14 02:33:00,20.4225,32.1750
2025-01-14 02:48:00,20.4225,32.1750
2025-01-14 03:03:00,20.4225,32.1750
2025-01-14 03:18:00,20.4225,32.1750
2025-01-14 03:33:00,20.4225,32.1750
2025-01-14 03:48:00,20.4225,32.1750
2025-01-14 04:03:00,20.4225,32.1750
2025-01-14 04:18:00,20.4225,32.1750
2025-01-14 04:33:00,20.4225,32.1750
2025-01-14 04:48:00,20.4225,32.1750
2025-01-14 05:03:00,20.4225,32.1750
2025-01-14 05:18:00,20.4225,32.1750
2025-01-14 05:33:00,20.4225,32.1750
2025-01-14 05:48:00,20.4225,32.1750
2025-01-14 06:03:00,20.4225,32.1750
2025-01-14 06:18:00,20.4225,32.1750
2025-01-14 06:33:00,20.4225,32.1750
2025-01-14 06:48:00,20.4225,32.1750
2025-01-14 07:03:00,20.4225,32.1750
2025-01-14 07:18:00,20.4225,32.1750
2025-01-14 07:33:00,20.4225,32.1750
2025-01-14 07:48:00,20.4225,32.1750
2025-01-14 08:03:00,20.4225,32.1750
2025-01-14 08:18:00,20.4225,32.1750
2025-01-14 08:33:00,20.4225,32.1750
2025-01-14 08:48:00,20.4225,32.1750
2025-01-14 09:03:00,20.4225,32.1750
2025-01-14 09:18:00,20.4225,32.1750
2025-01-14 09:33:00,20.4225,32.1750
2025-01-14 09:48:00,20.4225,32.1750
2025-01-14 10:03:00,20.4225,32.1750
2025-01-14 10:18:00,20.4225,32.1750
2025-01-14 10:33:00,20.4225,32.1750
2025-01-14 10:48:00,20.4225,32.1750
2025-01-14 11:03:00,20.4225,32.1750
2025-01-14 11:18:00,20.4225,32.1750
2025-01-14 11:33:00,20.4225,32.1750
2025-01-14 11:48:00,20.4225,32.1750
2025-01-14 12:03:00,20.4225,32.1750
2025-01-14 12:18:00,20.4225,32.1750
2025-01-14 12:33:00,20.4225,32.1750
2025-01-14 12:48:00,20.4225,32.1750
2025-01-14 13:03:00,20.4225,32.1750
2025-01-14 13:18:00,20.4225,32.1750
2025-01-14 13:33:00,20.4225,32.1750
2025-01-14 13:48:00,20.4225,32.1750
2025-01-14 14:03:00,20.4225,32.1750
2025-01-14 14:18:00,20.4225,32.1750
2025-01-14 14:33:00,20.4225,32.1750
2025-01-14 14:48:00,20.4225,32.1750
2025-01-14 15:03:00,20.4225,32.1750
2025-01-14 15:18:00,20.4225,32.1750
2025-01-14 15:33:00,20.4225,32.1750
2025-01-14 15:48:00,20.4225,32.1750
2025-01-14 16:03:00,20.4225,32.1750
2025-01-14 16:18:00,20.4225,32.1750
2025-01-14 16:33:00,20.4225,32.1750
2025-01-14 16:48:00,20.4225,32.1750
2025-01-14 17:03:00,20.4225,32.1750
2025-01-14 17:18:00,20.4225,32.1750
2025-01-14 17:33:00,20.4225,32.1750
2025-01-14 17:48:00,20.4225,32.1750
2025-01-14 18:03:00,20.4225,32.1750
2025-01-14 18:18:00,20.4225,32.1750
2025-01-14 18:33:00,20.4225,32.1750
2025-01-14 18:48:00,20.4225,32.1750
2025-01-14 19:03:00,20.4225,32.1750
2025-01-14 19:18:00,20.4225,32.1750
2025-01-14 19:33:00,20.4225,32.1750
2025-01-14 19:48:00,20.4225,32.1750
2025-01-14 20:03:00,20.4225,32.1750
2025-01-14 20:18:00,20.4225,32.1750
2025-01-14 20:33:00,20.4225,32.1750
2025-01-14 20:48:00,20.4225,32.1750
2025-01-14 21:03:00,20.4225,32.1750
2025-01-14 21:18:00,20.4225,32.1750
2025-01-14 21:33:00,20.4225,32.1750
2025-01-14 21:48:00,20.4225,32.1750
2025-01-14 22:03:00,20.4225,32.1750
2025-01-14 22:18:00,20.4225,32.1750
2025-01-14 22:33:00,20.4225,32.1750
2025-01-14 22:48:00,20.4225,32.1750
2025-01-14 23:03:00,20.4225,32.1750
2025-01-14 23:18:00,20.4225,32.1750
2025-01-14 23:33:00,20.4225,32.1750
2025-01-14 23:48:00,20.4225,32.1750
2025-01-15 00:03:00,20.4225,32.1750
2025-01-15 00:18:00,20.4225,32.1750
2025-01-15 00:33:00,20.4225,32.1750
2025-01-15 00:48:00,20.4225,32.1750
2025-01-15 01:03:00,20.4225,32.1750
2025-01-15 01:18:00,20.4225,32.1750
2025-01-15 01:33:00,20.4225,32.1750
2025-01-15 01:48:00,20.4225,32.1750
2025-01-15 02:03:00,20.4225,32.1750
2025-01-15 02:18:00,20.4225,32.1750
2025-01-15 02:33:00,20.4225,32.1750
2025-01-15 02:48:00,20.4225,32.1750
2025-01-15 03:03:00,20.4225,32.1750
2025-01-15 03:18:00,20.4225,32.1750
2025-01-15 03:33:00,20.4225,32.1750
2025-01-15 03:48:00,20.4225,32.1750
2025-01-15 04:03:00,20.4225,32.1750
2025-01-15 04:18:00,20.4225,32.1750
2025-01-15 04:33:00,20.4225,32.1750
2025-01-15 04:48:00,20.4225,32.1750
2025-01-15 05:03:00,20.4225,32.1750
2025-01-15 05:18:00,20.4225,32.1750
2025-01-15 05:33:00,20.4225,32.1750
2025-01-15 05:48:00,20.4225,32.1750
2025-01-15 06:03:00,20.4225,32.1750
2025-01-15 06:18:00,20.4225,32.1750
2025-01-15 06:33:00,20.4225,32.1750
2025-01-15 06:48:00,20.4225,32.1750
2025-01-15 07:03:00,20.4225,32.1750
2025-01-15 07:18:00,20.4225,32.1750
2025-01-15 07:33:00,20.4225,32.1750
2025-01-15 07:48:00,20.4225,32.1750
2025-01-15 08:03:00,20.4225,32.1750
2025-01-15 08:18:00,20.4225,32.1750
2025-01-15 08:33:00,20.4225,32.1750
2025-01-15 08:48:00,20.4225,32.1750
2025-01-15 09:03:00,20.4225,32.1750
2025-01-15 09:18:00,20.4225,32.1750
2025-01-15 09:33:00,20.4225,32.1750
2025-01-15 09:48:00,20.4225,32.1750
2025-01-15 10:03:00,20.4225,32.1750
2025-01-15 10:18:00,20.4225,32.1750
2025-01-15 10:33:00,20.4225,32.1750
2025-01-15 10:48:00,20.4225,32.1750
2025-01-15 11:03:00,20.4225,32.1750
2025-01-15 11:18:00,20.4225,32.1750
2025-01-15 11:33:00,20.4225,32.1750
2025-01-15 11:48:00,20.4225,32.1750
2025-01-15 12:03:00,20.4225,32.1750
2025-01-15 12:18:00,20.4225,32.1750
2025-01-15 12:33:00,20.4225,32.1750
2025-01-15 12:48:00,20.4225,32.1750
2025-01-15 13:03:00,20.4225,32.1750
2025-01-15 13:18:00,20.4225,32.1750
2025-01-15 13:33:00,20.4225,32.1750
2025-01-15 13:48:00,20.4225,32.1750
2025-01-15 14:03:00,20.4225,32.1750
2025-01-15 14:18:00,20.4225,32.1750
2025-01-15 14:33:00,20.4225,32.1750
2025-01-15 14:48:00,20.4225,32.1750
2025-01-15 15:03:00,20.4225,32.1750
2025-01-15 15:18:00,20.4225,32.1750
2025-01-15 15:33:00,20.4225,32.1750
2025-01-15 15:48:00,20.4225,32.1750
2025-01-15 16:03:00,20.4225,32.1750
2025-01-15 16:18:00,20.4225,32.1750
2025-01-15 16:33:00,20.4225,32.1750
2025-01-15 16:48:00,20.4225,32.1750
2025-01-15 17:03:00,20.4225,32.1750
2025-01-15 17:18:00,20.4225,32.1750
2025-01-15 17:33:00,20.4225,32.1750
2025-01-15 17:48:00,20.4225,32.1750
2025-01-15 18:03:00,20.4225,32.1750
2025-01-15 18:18:00,20.4225,32.1750
2025-01-15 18:33:00,20.4225,32.1750
2025-01-15 18:48:00,20.4225,32.1750
2025-01-15 19:03:00,20.4225,32.1750
2025-01-15 19:18:00,20.4225,32.1750
2025-01-15 19:33:00,20.4225,32.1750
2025-01-15 19:48:00,20.4225,32.1750
2025-01-15 20:03:00,20.4225,32.1750
2025-01-15 20:18:00,20.4225,32.1750
2025-01-15 20:33:00,20.4225,32.1750
2025-01-15 20:48:00,20.4225,32.1750
2025-01-15 21:03:00,20.4225,32.1750
2025-01-15 21:18:00,20.4225,32.1750
2025-01-15 21:33:00,20.4225,32.1750
2025-01-15 21:48:00,20.4225,32.1750
2025-01-15 22:03:00,20.4225,32.1750
2025-01-15 22:18:00,20.4225,32.1750
2025-01-15 22:33:00,20.4225,32.1750
2025-01-15 22:48:00,20.4225,32.1750
2025-01-15 23:03:00,20.4225,32.1750
2025-01-15 23:18:00,20.4225,32.1750
2025-01-15 23:33:00,20.4225,32.1750
2025-01-15 23:48:00,20.4225,32.1750
2025-01-16 00:03:00,20.4225,32.1750
2025-01-16 00:18:00,20.4225,32.1750
2025-01-16 00:33:00,20.4225,32.1750
2025-01-16 00:48:00,20.4225,32.1750
2025-01-16 01:03:00,20.4225,32.1750
2025-01-16 01:18:00,20.4225,32.1750
2025-01-16 01:33:00,20.4225,32.1750
2025-01-16 01:48:00,20.4225,32.1750
2025-01-16 02:03:00,20.4225,32.1750
2025-01-16 02:18:00,20.4225,32.1750
2025-01-16 02:33:00,20.4225,32.1750
2025-01-16 02:48:00,20.4225,32.1750
2025-01-16 03:03:00,20.4225,32.1750
2025-01-16 03:18:00,20.4225,32.1750
2025-01-16 03:33:00,20.4225,32.1750
2025-01-16 03:48:00,20.4225,32.1750
2025-01-16 04:03:00,20.4225,32.1750
2025-01-16 04:18:00,20.4225,32.1750
2025-01-16 04:33:00,20.4225,32.1750
2025-01-16 04:48:00,20.4225,32.1750
2025-01-16 05:03:00,20.4225,32.1750
2025-01-16 05:18:00,20.4225,32.1750
2025-01-16 05:33:00,20.4225,32.1750
2025-01-16 05:48:00,20.4225,32.1750
2025-01-16 06:03:00,20.4225,32.1750
2025-01-16 06:18:00,20.4225,32.1750
2025-01-16 06:33:00,20.4225,32.1750
2025-01-16 06:48:00,20.4225,32.1750
2025-01-16 07:03:00,20.4225,32.1750
2025-01-16 07:18:00,20.4225,32.1750
2025-01-16 07:33:00,20.4225,32.1750
2025-01-16 07:48:00,20.4225,32.1750
2025-01-16 08:03:00,20.4225,32.1750
2025-01-16 08:18:00,20.4225,32.1750
2025-01-16 08:33:00,20.4225,32.1750
2025-01-16 08:48:00,20.4225,32.1750
2025-01-16 09:03:00,20.4225,32.1750
2025-01-16 09:18:00,20.4225,32.1750
2025-01-16 09:33:00,20.4225,32.1750
2025-01-16 09:48:00,20.4225,32.1750
2025-01-16 10:03:00,20.4225,32.1750
2025-01-16 10:18:00,20.4225,32.1750
2025-01-16 10:33:00,20.4225,32.1750
2025-01-16 10:48:00,20.4225,32.1750
2025-01-16 11:03:00,20.4225,32.1750
2025-01-16 11:18:00,20.4225,32.1750
2025-01-16 11:33:00,20.4225,32.1750
2025-01-16 11:48:00,20.4225,32.1750
2025-01-16 12:03:00,20.4225,32.1750
2025-01-16 12:18:00,20.4225,32.1750
2025-01-16 12:33:00,20.4225,32.1750
2025-01-16 12:48:00,20.4225,32.1750
2025-01-16 13:03:00,20.4225,32.1750
2025-01-16 13:18:00,20.4225,32.1750
2025-01-16 13:33:00,20.4225,32.1750
2025-01-16 13:48:00,20.4225,32.1750
2025-01-16 14:03:00,20.4225,32.1750
2025-01-16 14:18:00,20.4225,32.1750
2025-01-16 14:33:00,20.4225,32.1750
2025-01-16 14:48:00,20.4225,32.1750
2025-01-16 15:03:00,20.4225,32.1750
2025-01-16 15:18:00,20.4225,32.1750
2025-01-16 15:33:00,20.4225,32.1750
2025-01-16 15:48:00,20.4225,32.1750
2025-01-16 16:03:00,20.4225,32.1750
2025-01-16 16:18:00,20.4225,32.1750
2025-01-16 16:33:00,20.4225,32.1750
2025-01-16 16:48:00,20.4225,32.1750
2025-01-16 17:03:00,20.4225,32.1750
2025-01-16 17:18:00,20.4225,32.1750
2025-01-16 17:33:00,20.4225,32.1750
2025-01-16 17:48:00,20.4225,32.1750
2025-01-16 18:03:00,20.4225,32.1750
2025-01-16 18:18:00,20.4225,32.1750
2025-01-16 18:33:00,20.4225,32.1750
2025-01-16 18:48:00,20.4225,32.1750
2025-01-16 19:03:00,20.4225,32.1750
2025-01-16 19:18:00,20.4225,32.1750
2025-01-16 19:33:00,20.4225,32.1750
2025-01-16 19:48:00,20.4225,32.1750
2025-01-16 20:03:00,20.4225,32.1750
2025-01-16 20:18:00,20.4225,32.1750
2025-01-16 20:33:00,20.4225,32.1750
2025-01-16 20:48:00,20.4225,32.1750
2025-01-16 21:03:00,20.4225,32.1750
2025-01-16 21:18:00,20.4225,32.1750
2025-01-16 21:33:00,20.4225,32.1750
2025-01-16 21:48:00,20.4225,32.1750
2025-01-16 22:03:00,20.4225,32.1750
2025-01-16 22:18:00,20.4225,32.1750
2025-01-16 22:33:00,20.4225,32.1750
2025-01-16 22:48:00,20.4225,32.1750
2025-01-16 23:03:00,20.4225,32.1750
2025-01-16 23:18:00,20.4225,32.1750
2025-01-16 23:33:00,20.4225,32.1750
2025-01-16 23:48:00,20.4225,32.1750
2025-01-17 00:03:00,20.4225,32.1750
2025-01-17 00:18:00,20.4225,32.1750
2025-01-17 00:33:00,20.4225,32.1750
2025-01-17 00:48:00,20.4225,32.1750
2025-01-17 01:03:00,20.4225,32.1750
2025-01-17 01:18:00,20.4225,32.1750
2025-01-17 01:33:00,20.4225,32.1750
2025-01-17 01:48:00,20.4225,32.1750
2025-01-17 02:03:00,20.4225,32.1750
2025-01-17 02:18:00,20.4225,32.1750
2025-01-17 02:33:00,20.4225,32.1750
2025-01-17 02:48:00,20.4225,32.1750
2025-01-17 03:03:00,20.4225,32.1750
2025-01-17 03:18:00,20.4225,32.1750
2025-01-17 03:33:00,20.4225,32.1750
2025-01-17 03:48:00,20.4225,32.1750
2025-01-17 04:03:00,20.4225,32.1750
2025-01-17 04:18:00,20.4225,32.1750
2025-01-17 04:33:00,20.4225,32.1750
2025-01-17 04:48:00,20.4225,32.1750
2025-01-17 05:03:00,20.4225,32.1750
2025-01-17 05:18:00,20.4225,32.1750
2025-01-17 05:33:00,20.4225,32.1750
2025-01-17 05:48:00,20.4225,32.1750
2025-01-17 06:03:00,20.4225,32.1750
2025-01-17 06:18:00,20.4225,32.1750
2025-01-17 06:33:00,20.4225,32.1750
2025-01-17 06:48:00,20.4225,32.1750
2025-01-17 07:03:00,20.4225,32.1750
2025-01-17 07:18:00,20.4225,32.1750
2025-01-17 07:33:00,20.4225,32.1750
2025-01-17 07:48:00,20.4225,32.1750
2025-01-17 08:03:00,20.4225,32.1750
2025-01-17 08:18:00,20.4225,32.1750
2025-01-17 08:33:00,20.4225,32.1750
2025-01-17 08:48:00,20.4225,32.1750
2025-01-17 09:03:00,20.4225,32.1750
2025-01-17 09:18:00,20.4225,32.1750
2025-01-17 09:33:00,20.4225,32.1750
2025-01-17 09:48:00,20.4225,32.1750
2025-01-17 10:03:00,20.4225,32.1750
2025-01-17 10:18:00,20.4225,32.1750
2025-01-17 10:33:00,20.4225,32.1750
2025-01-17 10:48:00,20.4225,32.1750
2025-01-17 11:03:00,20.4225,32.1750
2025-01-17 11:18:00,20.4225,32.1750
2025-01-17 11:33:00,20.4225,32.1750
2025-01-17 11:48:00,20.4225,32.1750
2025-01-17 12:03:00,20.4225,32.1750
2025-01-17 12:18:00,20.4225,32.1750
2025-01-17 12:33:00,20.4225,32.1750
2025-01-17 12:48:00,20.4225,32.1750
2025-01-17 13:03:00,20.4225,32.1750
2025-01-17 13:18:00,20.4225,32.1750
2025-01-17 13:33:00,20.4225,32.1750
2025-01-17 13:48:00,20.4225,32.1750
2025-01-17 14:03:00,20.4225,32.1750
2025-01-17 14:18:00,20.4225,32.1750
2025-01-17 14:33:00,20.4225,32.1750
2025-01-17 14:48:00,20.4225,32.1750
2025-01-17 15:03:00,20.4225,32.1750
2025-01-17 15:18:00,20.4225,32.1750
2025-01-17 15:33:00,20.4225,32.1750
2025-01-17 15:48:00,20.4225,32.1750
2025-01-17 16:03:00,20.4225,32.1750
2025-01-17 16:18:00,20.4225,32.1750
2025-01-17 16:33:00,20.4225,32.1750
2025-01-17 16:48:00,20.4225,32.1750
2025-01-17 17:03:00,20.4225,32.1750
2025-01-17 17:18:00,20.4225,32.1750
2025-01-17 17:33:00,20.4225,32.1750
2025-01-17 17:48:00,20.4225,32.1750
2025-01-17 18:03:00,20.4225,32.1750
2025-01-17 18:18:00,20.4225,32.1750
2025-01-17 18:33:00,20.4225,32.1750
2025-01-17 18:48:00,20.4225,32.1750
2025-01-17 19:03:00,20.4225,32.1750
2025-01-17 19:18:00,20.4225,32.1750
2025-01-17 19:33:00,20.4225,32.1750
2025-01-17 19:48:00,20.4225,32.1750
2025-01-17 20:03:00,20.4225,32.1750
2025-01-17 20:18:00,20.4225,32.1750
2025-01-17 20:33:00,20.4225,32.1750
2025-01-17 20:48:00,20.4225,32.1750
2025-01-17 21:03:00,20.4225,32.1750
2025-01-17 21:18:00,20.4225,32.1750
2025-01-17 21:33:00,20.4225,32.1750
2025-01-17 21:48:00,20.4225,32.1750
2025-01-17 22:03:00,20.4225,32.1750
2025-01-17 22:18:00,20.4225,32.1750
2025-01-17 22:33:00,20.4225,32.1750
2025-01-17 22:48:00,20.4225,32.1750
2025-01-17 23:03:00,20.4225,32.1750
2025-01-17 23:18:00,20.4225,32.1750
2025-01-17 23:33:00,20.4225,32.1750
2025-01-17 23:48:00,20.4225,32.1750
2025-01-18 00:03:00,20.4225,32.1750
2025-01-18 00:18:00,20.4225,32.1750
2025-01-18 00:33:00,20.4225,32.1750
2025-01-18 00:48:00,20.4225,32.1750
2025-01-18 01:03:00,20.4225,32.1750
2025-01-18 01:18:00,20.4225,32.1750
2025-01-18 01:33:00,20.4225,32.1750
2025-01-18 01:48:00,20.4225,32.1750
2025-01-18 02:03:00,20.4225,32.1750
2025-01-18 02:18:00,20.4225,32.1750
2025-01-18 02:33:00,20.4225,32.1750
2025-01-18 02:48:00,20.4225,32.1750
2025-01-18 03:03:00,20.4225,32.1750
2025-01-18 03:18:00,20.4225,32.1750
2025-01-18 03:33:00,20.4225,32.1750
2025-01-18 03:48:00,20.4225,32.1750
2025-01-18 04:03:00,20.4225,32.1750
2025-01-18 04:18:00,20.4225,32.1750
2025-01-18 04:33:00,20.4225,32.1750
2025-01-18 04:48:00,20.4225,32.1750
2025-01-18 05:03:00,20.4225,32.1750
2025-01-18 05:18:00,20.4225,32.1750
2025-01-18 05:33:00,20.4225,32.1750
2025-01-18 05:48:00,20.4225,32.1750
2025-01-18 06:03:00,20.4225,32.1750
2025-01-18 06:18:00,20.4225,32.1750
2025-01-18 06:33:00,20.4225,32.1750
2025-01-18 06:48:00,20.4225,32.1750
2025-01-18 07:03:00,20.4225,32.1750
2025-01-18 07:18:00,20.4225,32.1750
2025-01-18 07:33:00,20.4225,32.1750
2025-01-18 07:48:00,20.4225,32.1750
2025-01-18 08:03:00,20.4225,32.1750
2025-01-18 08:18:00,20.4225,32.1750
2025-01-18 08:33:00,20.4225,32.1750
2025-01-18 08:48:00,20.4225,32.1750
2025-01-18 09:03:00,20.4225,32.1750
2025-01-18 09:18:00,20.4225,32.1750
2025-01-18 09:33:00,20.4225,32.1750
2025-01-18 09:48:00,20.4225,32.1750
2025-01-18 10:03:00,20.4225,32.1750
2025-01-18 10:18:00,20.4225,32.1750
2025-01-18 10:33:00,20.4225,32.1750
2025-01-18 10:48:00,20.4225,32.1750
2025-01-18 11:03:00,20.4225,32.1750
2025-01-18 11:18:00,20.4225,32.1750
2025-01-18 11:33:00,20.4225,32.1750
2025-01-18 11:48:00,20.4225,32.1750
2025-01-18 12:03:00,20.4225,32.1750
2025-01-18 12:18:00,20.4225,32.1750
2025-01-18 12:33:00,20.4225,32.1750
2025-01-18 12:48:00,20.4225,32.1750
2025-01-18 13:03:00,20.4225,32.1750
2025-01-18 13:18:00,20.4225,32.1750
2025-01-18 13:33:00,20.4225,32.1750
2025-01-18 13:48:00,20.4225,32.1750
2025-01-18 14:03:00,20.4225,32.1750
2025-01-18 14:18:00,20.4225,32.1750
2025-01-18 14:33:00,20.4225,32.1750
2025-01-18 14:48:00,20.4225,32.1750
2025-01-18 15:03:00,20.4225,32.1750
2025-01-18 15:18:00,20.4225,32.1750
2025-01-18 15:33:00,20.4225,32.1750
2025-01-18 15:48:00,20.4225,32.1750
2025-01-18 16:03:00,20.4225,32.1750
2025-01-18 16:18:00,20.4225,32.1750
2025-01-18 16:33:00,20.4225,32.1750
2025-01-18 16:48:00,20.4225,32.1750
2025-01-18 17:03:00,20.4225,32.1750
2025-01-18 17:18:00,20.4225,32.1750
2025-01-18 17:33:00,20.4225,32.1750
2025-01-18 17:48:00,20.4225,32.1750
2025-01-18 18:03:00,20.4225,32.1750
2025-01-18 18:18:00,20.4225,32.1750
2025-01-18 18:33:00,20.4225,32.1750
2025-01-18 18:48:00,20.4225,32.1750
2025-01-18 19:03:00,20.4225,32.1750
2025-01-18 19:18:00,20.4225,32.1750
2025-01-18 19:33:00,20.4225,32.1750
2025-01-18 19:48:00,20.4225,32.1750
2025-01-18 20:03:00,20.4225,32.1750
2025-01-18 20:18:00,20.4225,32.1750
2025-01-18 20:33:00,20.4225,32.1750
2025-01-18 20:48:00,20.4225,32.1750
2025-01-18 21:03:00,20.4225,32.1750
2025-01-18 21:18:00,20.4225,32.1750
2025-01-18 21:33:00,20.4225,32.1750
2025-01-18 21:48:00,20.4225,32.1750
2025-01-18 22:03:00,20.4225,32.1750
2025-01-18 22:18:00,20.4225,32.1750
2025-01-18 22:33:00,20.4225,32.1750
2025-01-18 22:48:00,20.4225,32.1750
2025-01-18 23:03:00,20.4225,32.1750
2025-01-18 23:18:00,20.4225,32.1750
2025-01-18 23:33:00,20.4225,32.1750
2025-01-18 23:48:00,20.4225,32.1750
2025-01-19 00:03:00,20.4225,32.1750
2025-01-19 00:18:00,20.4225,32.1750
2025-01-19 00:33:00,20.4225,32.1750
2025-01-19 00:48:00,20.4225,32.1750
2025-01-19 01:03:00,20.4225,32.1750
2025-01-19 01:18:00,20.4225,32.1750
2025-01-19 01:33:00,20.4225,32.1750
2025-01-19 01:48:00,20.4225,32.1750
2025-01-19 02:03:00,20.4225,32.1750
2025-01-19 02:18:00,20.4225,32.1750
2025-01-19 02:33:00,20.4225,32.1750
2025-01-19 02:48:00,20.4225,32.1750
2025-01-19 03:03:00,20.4225,32.1750
2025-01-19 03:18:00,20.4225,32.1750
2025-01-19 03:33:00,20.4225,32.1750
2025-01-19 03:48:00,20.4225,32.1750
2025-01-19 04:03:00,20.4225,32.1750
2025-01-19 04:18:00,20.4225,32.1750
2025-01-19 04:33:00,20.4225,32.1750
2025-01-19 04:48:00,20.4225,32.1750
2025-01-19 05:03:00,20.4225,32.1750
2025-01-19 05:18:00,20.4225,32.1750
2025-01-19 05:33:00,20.4225,32.1750
2025-01-19 05:48:00,20.4225,32.1750
2025-01-19 06:03:00,20.4225,32.1750
2025-01-19 06:18:00,20.4225,32.1750
2025-01-19 06:33:00,20.4225,32.1750
2025-01-19 06:48:00,20.4225,32.1750
2025-01-19 07:03:00,20.4225,32.1750
2025-01-19 07:18:00,20.4225,32.1750
2025-01-19 07:33:00,20.4225,32.1750
2025-01-19 07:48:00,20.4225,32.1750
2025-01-19 08:03:00,20.4225,32.1750
2025-01-19 08:18:00,20.4225,32.1750
2025-01-19 08:33:00,20.4225,32.1750
2025-01-19 08:48:00,20.4225,32.1750
2025-01-19 09:03:00,20.4225,32.1750
2025-01-19 09:18:00,20.4225,32.1750
2025-01-19 09:33:00,20.4225,32.1750
2025-01-19 09:48:00,20.4225,32.1750
2025-01-19 10:03:00,20.4225,32.1750
2025-01-19 10:18:00,20.4225,32.1750
2025-01-19 10:33:00,20.4225,32.1750
2025-01-19 10:48:00,20.4225,32.1750
2025-01-19 11:03:00,20.4225,32.1750
2025-01-19 11:18:00,20.4225,32.1750
2025-01-19 11:33:00,20.4225,32.1750
2025-01-19 11:48:00,20.4225,32.1750
2025-01-19 12:03:00,20.4225,32.1750
2025-01-19 12:18:00,20.4225,32.1750
2025-01-19 12:33:00,20.4225,32.1750
2025-01-19 12:48:00,20.4225,32.1750
2025-01-19 13:03:00,20.4225,32.1750
2025-01-19 13:18:00,20.4225,32.1750
2025-01-19 13:33:00,20.4225,32.1750
2025-01-19 13:48:00,20.4225,32.1750
2025-01-19 14:03:00,20.4225,32.1750
2025-01-19 14:18:00,20.4225,32.1750
2025-01-19 14:33:00,20.4225,32.1750
2025-01-19 14:48:00,20.4225,32.1750
2025-01-19 15:03:00,20.4225,32.1750
2025-01-19 15:18:00,20.4225,32.1750
2025-01-19 15:33:00,20.4225,32.1750
2025-01-19 15:48:00,20.4225,32.1750
2025-01-19 16:03:00,20.4225,32.1750
2025-01-19 16:18:00,20.4225,32.1750
2025-01-19 16:33:00,20.4225,32.1750
2025-01-19 16:48:00,20.4225,32.1750
2025-01-19 17:03:00,20.4225,32.1750
2025-01-19 17:18:00,20.4225,32.1750
2025-01-19 17:33:00,20.4225,32.1750
2025-01-19 17:48:00,20.4225,32.1750
2025-01-19 18:03:00,20.4225,32.1750
2025-01-19 18:18:00,20.4225,32.1750
2025-01-19 18:33:00,20.4225,32.1750
2025-01-19 18:48:00,20.4225,32.1750
2025-01-19 19:03:00,20.4225,32.1750
2025-01-19 19:18:00,20.4225,32.1750
2025-01-19 19:33:00,20.4225,32.1750
2025-01-19 19:48:00,20.4225,32.1750
2025-01-19 20:03:00,20.4225,32.1750
2025-01-19 20:18:00,20.4225,32.1750
2025-01-19 20:33:00,20.4225,32.1750
2025-01-19 20:48:00,20.4225,32.1750
2025-01-19 21:03:00,20.4225,32.1750
2025-01-19 21:18:00,20.4225,32.1750
2025-01-19 21:33:00,20.4225,32.1750
2025-01-19 21:48:00,20.4225,32.1750
2025-01-19 22:03:00,20.4225,32.1750
2025-01-19 22:18:00,20.4225,32.1750
2025-01-19 22:33:00,20.4225,32.1750
2025-01-19 22:48:00,20.4225,32.1750
2025-01-19 23:03:00,20.4225,32.1750
2025-01-19 23:18:00,20.4225,32.1750
2025-01-19 23:33:00,20.4225,32.1750
2025-01-19 23:48:00,20.4225,32.1750
2025-01-20 00:03:00,20.4225,32.1750
2025-01-20 00:18:00,20.4225,32.1750
2025-01-20 00:33:00,20.4225,32.1750
2025-01-20 00:48:00,20.4225,32.1750
2025-01-20 01:03:00,20.4225,32.1750
2025-01-20 01:18:00,20.4225,32.1750
2025-01-20 01:33:00,20.4225,32.1750
2025-01-20 01:48:00,20.4225,32.1750
2025-01-20 02:03:00,20.4225,32.1750
2025-01-20 02:18:00,20.4225,32.1750
2025-01-20 02:33:00,20.4225,32.1750
2025-01-20 02:48:00,20.4225,32.1750
2025-01-20 03:03:00,20.4225,32.1750
2025-01-20 03:18:00,20.4225,32.1750
2025-01-20 03:33:00,20.4225,32.1750
2025-01-20 03:48:00,20.4225,32.1750
2025-01-20 04:03:00,20.4225,32.1750
2025-01-20 04:18:00,20.4225,32.1750
2025-01-20 04:33:00,20.4225,32.1750
2025-01-20 04:48:00,20.4225,32.1750
2025-01-20 05:03:00,20.4225,32.1750
2025-01-20 05:18:00,20.4225,32.1750
2025-01-20 05:33:00,20.4225,32.1750
2025-01-20 05:48:00,20.4225,32.1750
2025-01-20 06:03:00,20.4225,32.1750
2025-01-20 06:18:00,20.4225,32.1750
2025-01-20 06:33:00,20.4225,32.1750
2025-01-20 06:48:00,20.4225,32.1750
2025-01-20 07:03:00,20.4225,32.1750
2025-01-20 07:18:00,20.4225,32.1750
2025-01-20 07:33:00,20.4225,32.1750
2025-01-20 07:48:00,20.4225,32.1750
2025-01-20 08:03:00,20.4225,32.1750
2025-01-20 08:18:00,20.4225,32.1750
2025-01-20 08:33:00,20.4225,32.1750
2025-01-20 08:48:00,20.4225,32.1750
2025-01-20 09:03:00,20.4225,32.1750
2025-01-20 09:18:00,20.4225,32.1750
2025-01-20 09:33:00,20.4225,32.1750
2025-01-20 09:48:00,20.4225,32.1750
2025-01-20 10:03:00,20.4225,32.1750
2025-01-20 10:18:00,20.4225,32.1750
2025-01-20 10:33:00,20.4225,32.1750
2025-01-20 10:48:00,20.4225,32.1750
2025-01-20 11:03:00,20.4225,32.1750
2025-01-20 11:18:00,20.4225,32.1750
2025-01-20 11:33:00,20.4225,32.1750
2025-01-20 11:48:00,20.4225,32.1750
2025-01-20 12:03:00,20.4225,32.1750
2025-01-20 12:18:00,20.4225,32.1750
2025-01-20 12:33:00,20.4225,32.1750
2025-01-20 12:48:00,20.4225,32.1750
2025-01-20 13:03:00,20.4225,32.1750
2025-01-20 13:18:00,20.4225,32.1750
2025-01-20 13:33:00,20.4225,32.1750
2025-01-20 13:48:00,20.4225,32.1750
2025-01-20 14:03:00,20.4225,32.1750
2025-01-20 14:18:00,20.4225,32.1750
2025-01-20 14:33:00,20.4225,32.1750
2025-01-20 14:48:00,20.4225,32.1750
2025-01-20 15:03:00,20.4225,32.1750
2025-01-20 15:18:00,20.4225,32.1750
2025-01-20 15:33:00,20.4225,32.1750
2025-01-20 15:48:00,20.4225,32.1750
2025-01-20 16:03:00,20.4225,32.1750
2025-01-20 16:18:00,20.4225,32.1750
2025-01-20 16:33:00,20.4225,32.1750
2025-01-20 16:48:00,20.4225,32.1750
2025-01-20 17:03:00,20.4225,32.1750
2025-01-20 17:18:00,20.4225,32.1750
2025-01-20 17:33:00,20.4225,32.1750
2025-01-20 17:48:00,20.4225,32.1750
2025-01-20 18:03:00,20.4225,32.1750
2025-01-20 18:18:00,20.4225,32.1750
2025-01-20 18:33:00,20.4225,32.1750
2025-01-20 18:48:00,20.4225,32.1750
2025-01-20 19:03:00,20.4225,32.1750
2025-01-20 19:18:00,20.4225,32.1750
2025-01-20 19:33:00,20.4225,32.1750
2025-01-20 19:48:00,20.4225,32.1750
2025-01-20 20:03:00,20.4225,32.1750
2025-01-20 20:18:00,20.4225,32.1750
2025-01-20 20:33:00,20.4225,32.1750
2025-01-20 20:48:00,20.4225,32.1750
2025-01-20 21:03:00,20.4225,32.1750
2025-01-20 21:18:00,20.4225,32.1750
2025-01-20 21:33:00,20.4225,32.1750
2025-01-20 21:48:00,20.4225,32.1750
2025-01-20 22:03:00,20.4225,32.1750
2025-01-20 22:18:00,20.4225,32.1750
2025-01-20 22:33:00,20.4225,32.1750
2025-01-20 22:48:00,20.4225,32.1750
2025-01-20 23:03:00,20.4225,32.1750
2025-01-20 23:18:00,20.4225,32.1750
2025-01-20 23:33:00,20.4225,32.1750
2025-01-20 23:48:00,20.4225,32.1750
2025-01-21 00:03:00,20.4225,32.1750
2025-01-21 00:18:00,20.4225,32.1750
2025-01-21 00:33:00,20.4225,32.1750
2025-01-21 00:48:00,20.4225,32.1750
2025-01-21 01:03:00,20.4225,32.1750
2025-01-21 01:18:00,20.4225,32.1750
2025-01-21 01:33:00,20.4225,32.1750
2025-01-21 01:48:00,20.4225,32.1750
2025-01-21 02:03:00,20.4225,32.1750
2025-01-21 02:18:00,20.4225,32.1750
2025-01-21 02:33:00,20.4225,32.1750
2025-01-21 02:48:00,20.4225,32.1750
2025-01-21 03:03:00,20.4225,32.1750
2025-01-21 03:18:00,20.4225,32.1750
2025-01-21 03:33:00,20.4225,32.1750
2025-01-21 03:48:00,20.4225,32.1750
2025-01-21 04:03:00,20.4225,32.1750
2025-01-21 04:18:00,20.4225,32.1750
2025-01-21 04:33:00,20.4225,32.1750
2025-01-21 04:48:00,20.4225,32.1750
2025-01-21 05:03:00,20.4225,32.1750
2025-01-21 05:18:00,20.4225,32.1750
2025-01-21 05:33:00,20.4225,32.1750
2025-01-21 05:48:00,20.4225,32.1750
2025-01-21 06:03:00,20.4225,32.1750
2025-01-21 06:18:00,20.4225,32.1750
2025-01-21 06:33:00,20.4225,32.1750
2025-01-21 06:48:00,20.4225,32.1750
2025-01-21 07:03:00,20.4225,32.1750
2025-01-21 07:18:00,20.4225,32.1750
2025-01-21 07:33:00,20.4225,32.1750
2025-01-21 07:48:00,20.4225,32.1750
2025-01-21 08:03:00,20.4225,32.1750
2025-01-21 08:18:00,20.4225,32.1750
2025-01-21 08:33:00,20.4225,32.1750
2025-01-21 08:48:00,20.4225,32.1750
2025-01-21 09:03:00,20.4225,32.1750
2025-01-21 09:18:00,20.4225,32.1750
2025-01-21 09:33:00,20.4225,32.1750
2025-01-21 09:48:00,20.4225,32.1750
2025-01-21 10:03:00,20.4225,32.1750
2025-01-21 10:18:00,20.4225,32.1750
2025-01-21 10:33:00,20.4225,32.1750
2025-01-21 10:48:00,20.4225,32.1750
2025-01-21 11:03:00,20.4225,32.1750
2025-01-21 11:18:00,20.4225,32.1750
2025-01-21 11:33:00,20.4225,32.1750
2025-01-21 11:48:00,20.4225,32.1750
2025-01-21 12:03:00,20.4225,32.1750
2025-01-21 12:18:00,20.4225,32.1750
2025-01-21 12:33:00,20.4225,32.1750
2025-01-21 12:48:00,20.4225,32.1750
2025-01-21 13:03:00,20.4225,32.1750
2025-01-21 13:18:00,20.4225,32.1750
2025-01-21 13:33:00,20.4225,32.1750
2025-01-21 13:48:00,20.4225,32.1750
2025-01-21 14:03:00,20.4225,32.1750
2025-01-21 14:18:00,20.4225,32.1750
2025-01-21 14:33:00,20.4225,32.1750
2025-01-21 14:48:00,20.4225,32.1750
2025-01-21 15:03:00,20.4225,32.1750
2025-01-21 15:18:00,20.4225,32.1750
2025-01-21 15:33:00,20.4225,32.1750
2025-01-21 15:48:00,20.4225,32.1750
2025-01-21 16:03:00,20.4225,32.1750
2025-01-21 16:18:00,20.4225,32.1750
2025-01-21 16:33:00,20.4225,32.1750
2025-01-21 16:48:00,20.4225,32.1750
2025-01-21 17:03:00,20.4225,32.1750
2025-01-21 17:18:00,20.4225,32.1750
2025-01-21 17:33:00,20.4225,32.1750
2025-01-21 17:48:00,20.4225,32.1750
2025-01-21 18:03:00,20.4225,32.1750
2025-01-21 18:18:00,20.4225,32.1750
2025-01-21 18:33:00,20.4225,32.1750
2025-01-21 18:48:00,20.4225,32.1750
2025-01-21 19:03:00,20.4225,32.1750
2025-01-21 19:18:00,20.4225,32.1750
2025-01-21 19:33:00,20.4225,32.1750
2025-01-21 19:48:00,20.4225,32.1750
2025-01-21 20:03:00,20.4225,32.1750
2025-01-21 20:18:00,20.4225,32.1750
2025-01-21 20:33:00,20.4225,32.1750
2025-01-21 20:48:00,20.4225,32.1750
2025-01-21 21:03:00,20.4225,32.1750
2025-01-21 21:18:00,20.4225,32.1750
2025-01-21 21:33:00,20.4225,32.1750
2025-01-21 21:48:00,20.4225,32.1750
2025-01-21 22:03:00,20.4225,32.1750
2025-01-21 22:18:00,20.4225,32.1750
2025-01-21 22:33:00,20.4225,32.1750
2025-01-21 22:48:00,20.4225,32.1750
2025-01-21 23:03:00,20.4225,32.1750
2025-01-21 23:18:00,20.4225,32.1750
2025-01-21 23:33:00,20.4225,32.1750
2025-01-21 23:48:00,20.4225,32.1750
2025-01-22 00:03:00,20.4225,32.1750
2025-01-22 00:18:00,20.4225,32.1750
2025-01-22 00:33:00,20.4225,32.1750
2025-01-22 00:48:00,20.4225,32.1750
2025-01-22 01:03:00,20.4225,32.1750
2025-01-22 01:18:00,20.4225,32.1750
2025-01-22 01:33:00,20.4225,32.1750
2025-01-22 01:48:00,20.4225,32.1750
2025-01-22 02:03:00,20.4225,32.1750
2025-01-22 02:18:00,20.4225,32.1750
2025-01-22 02:33:00,20.4225,32.1750
2025-01-22 02:48:00,20.4225,32.1750
2025-01-22 03:03:00,20.4225,32.1750
2025-01-22 03:18:00,20.4225,32.1750
2025-01-22 03:33:00,20.4225,32.1750
2025-01-22 03:48:00,20.4225,32.1750
2025-01-22 04:03:00,20.4225,32.1750
2025-01-22 04:18:00,20.4225,32.1750
2025-01-22 04:33:00,20.4225,32.1750
2025-01-22 04:48:00,20.4225,32.1750
2025-01-22 05:03:00,20.4225,32.1750
2025-01-22 05:18:00,20.4225,32.1750
2025-01-22 05:33:00,20.4225,32.1750
2025-01-22 05:48:00,20.4225,32.1750
2025-01-22 06:03:00,20.4225,32.1750
2025-01-22 06:18:00,20.4225,32.1750
2025-01-22 06:33:00,20.4225,32.1750
2025-01-22 06:48:00,20.4225,32.1750
2025-01-22 07:03:00,20.4225,32.1750
2025-01-22 07:18:00,20.4225,32.1750
2025-01-22 07:33:00,20.4225,32.1750
2025-01-22 07:48:00,20.4225,32.1750
2025-01-22 08:03:00,20.4225,32.1750
2025-01-22 08:18:00,20.4225,32.1750
2025-01-22 08:33:00,20.4225,32.1750
2025-01-22 08:48:00,20.4225,32.1750
2025-01-22 09:03:00,20.4225,32.1750
2025-01-22 09:18:00,20.4225,32.1750
2025-01-22 09:33:00,20.4225,32.1750
2025-01-22 09:48:00,20.4225,32.1750
2025-01-22 10:03:00,20.4225,32.1750
2025-01-22 10:18:00,20.4225,32.1750
2025-01-22 10:33:00,20.4225,32.1750
2025-01-22 10:48:00,20.4225,32.1750
2025-01-22 11:03:00,20.4225,32.1750
2025-01-22 11:18:00,20.4225,32.1750
2025-01-22 11:33:00,20.4225,32.1750
2025-01-22 11:48:00,20.4225,32.1750
2025-01-22 12:03:00,20.4225,32.1750
2025-01-22 12:18:00,20.4225,32.1750
2025-01-22 12:33:00,20.4225,32.1750
2025-01-22 12:48:00,20.4225,32.1750
2025-01-22 13:03:00,20.4225,32.1750
2025-01-22 13:18:00,20.4225,32.1750
2025-01-22 13:33:00,20.4225,32.1750
2025-01-22 13:48:00,20.4225,32.1750
2025-01-22 14:03:00,20.4225,32.1750
2025-01-22 14:18:00,20.4225,32.1750
2025-01-22 14:33:00,20.4225,32.1750
2025-01-22 14:48:00,20.4225,32.1750
2025-01-22 15:03:00,20.4225,32.1750
2025-01-22 15:18:00,20.4225,32.1750
2025-01-22 15:33:00,20.4225,32.1750
2025-01-22 15:48:00,20.4225,32.1750
2025-01-22 16:03:00,20.4225,32.1750
2025-01-22 16:18:00,20.4225,32.1750
2025-01-22 16:33:00,20.4225,32.1750
2025-01-22 16:48:00,20.4225,32.1750
2025-01-22 17:03:00,20.4225,32.1750
2025-01-22 17:18:00,20.4225,32.1750
2025-01-22 17:33:00,20.4225,32.1750
2025-01-22 17:48:00,20.4225,32.1750
2025-01-22 18:03:00,20.4225,32.1750
2025-01-22 18:18:00,20.4225,32.1750
2025-01-22 18:33:00,20.4225,32.1750
2025-01-22 18:48:00,20.4225,32.1750
2025-01-22 19:03:00,20.4225,32.1750
2025-01-22 19:18:00,20.4225,32.1750
2025-01-22 19:33:00,20.4225,32.1750
2025-01-22 19:48:00,20.4225,32.1750
2025-01-22 20:03:00,20.4225,32.1750
2025-01-22 20:18:00,20.4225,32.1750
2025-01-22 20:33:00,20.4225,32.1750
2025-01-22 20:48:00,20.4225,32.1750
2025-01-22 21:03:00,20.4225,32.1750
2025-01-22 21:18:00,20.4225,32.1750
2025-01-22 21:33:00,20.4225,32.1750
2025-01-22 21:48:00,20.4225,32.1750
2025-01-22 22:03:00,20.4225,32.1750
2025-01-22 22:18:00,20.4225,32.1750
2025-01-22 22:33:00,20.4225,32.1750
2025-01-22 22:48:00,20.4225,32.1750
2025-01-22 23:03:00,20.4225,32.1750
2025-01-22 23:18:00,20.4225,32.1750
2025-01-22 23:33:00,20.4225,32.1750
2025-01-22 23:48:00,20.4225,32.1750
2025-01-23 00:03:00,20.4225,32.1750
2025-01-23 00:18:00,20.4225,32.1750
2025-01-23 00:33:00,20.4225,32.1750
2025-01-23 00:48:00,20.4225,32.1750
2025-01-23 01:03:00,20.4225,32.1750
2025-01-23 01:18:00,20.4225,32.1750
2025-01-23 01:33:00,20.4225,32.1750
2025-01-23 01:48:00,20.4225,32.1750
2025-01-23 02:03:00,20.4225,32.1750
2025-01-23 02:18:00,20.4225,32.1750
2025-01-23 02:33:00,20.4225,32.1750
2025-01-23 02:48:00,20.4225,32.1750
2025-01-23 03:03:00,20.4225,32.1750
2025-01-23 03:18:00,20.4225,32.1750
2025-01-23 03:33:00,20.4225,32.1750
2025-01-23 03:48:00,20.4225,32.1750
2025-01-23 04:03:00,20.4225,32.1750
2025-01-23 04:18:00,20.4225,32.1750
2025-01-23 04:33:00,20.4225,32.1750
2025-01-23 04:48:00,20.4225,32.1750
2025-01-23 05:03:00,20.4225,32.1750
2025-01-23 05:18:00,20.4225,32.1750
2025-01-23 05:33:00,20.4225,32.1750
2025-01-23 05:48:00,20.4225,32.1750
2025-01-23 06:03:00,20.4225,32.1750
2025-01-23 06:18:00,20.4225,32.1750
2025-01-23 06:33:00,20.4225,32.1750
2025-01-23 06:48:00,20.4225,32.1750
2025-01-23 07:03:00,20.4225,32.1750
2025-01-23 07:18:00,20.4225,32.1750
2025-01-23 07:33:00,20.4225,32.1750
2025-01-23 07:48:00,20.4225,32.1750
2025-01-23 08:03:00,20.4225,32.1750
2025-01-23 08:18:00,20.4225,32.1750
2025-01-23 08:33:00,20.4225,32.1750
2025-01-23 08:48:00,20.4225,32.1750
2025-01-23 09:03:00,20.4225,32.1750
2025-01-23 09:18:00,20.4225,32.1750
2025-01-23 09:33:00,20.4225,32.1750
2025-01-23 09:48:00,20.4225,32.1750
2025-01-23 10:03:00,20.4225,32.1750
2025-01-23 10:18:00,20.4225,32.1750
2025-01-23 10:33:00,20.4225,32.1750
2025-01-23 10:48:00,20.4225,32.1750
2025-01-23 11:03:00,20.4225,32.1750
2025-01-23 11:18:00,20.4225,32.1750
2025-01-23 11:33:00,20.4225,32.1750
2025-01-23 11:48:00,20.4225,32.1750
2025-01-23 12:03:00,20.4225,32.1750
2025-01-23 12:18:00,20.4225,32.1750
2025-01-23 12:33:00,20.4225,32.1750
2025-01-23 12:48:00,20.4225,32.1750
2025-01-23 13:03:00,20.4225,32.1750
2025-01-23 13:18:00,20.4225,32.1750
2025-01-23 13:33:00,20.4225,32.1750
2025-01-23 13:48:00,20.4225,32.1750
2025-01-23 14:03:00,20.4225,32.1750
2025-01-23 14:18:00,20.4225,32.1750
2025-01-23 14:33:00,20.4225,32.1750
2025-01-23 14:48:00,20.4225,32.1750
2025-01-23 15:03:00,20.4225,32.1750
2025-01-23 15:18:00,20.4225,32.1750
2025-01-23 15:33:00,20.4225,32.1750
2025-01-23 15:48:00,20.4225,32.1750
2025-01-23 16:03:00,20.4225,32.1750
2025-01-23 16:18:00,20.4225,32.1750
2025-01-23 16:33:00,20.4225,32.1750
2025-01-23 16:48:00,20.4225,32.1750
2025-01-23 17:03:00,20.4225,32.1750
2025-01-23 17:18:00,20.4225,32.1750
2025-01-23 17:33:00,20.4225,32.1750
2025-01-23 17:48:00,20.4225,32.1750
2025-01-23 18:03:00,20.4225,32.1750
2025-01-23 18:18:00,20.4225,32.1750
2025-01-23 18:33:00,20.4225,32.1750
2025-01-23 18:48:00,20.4225,32.1750
2025-01-23 19:03:00,20.4225,32.1750
2025-01-23 19:18:00,20.4225,32.1750
2025-01-23 19:33:00,20.4225,32.1750
2025-01-23 19:48:00,20.4225,32.1750
2025-01-23 20:03:00,20.4225,32.1750
2025-01-23 20:18:00,20.4225,32.1750
2025-01-23 20:33:00,20.4225,32.1750
2025-01-23 20:48:00,20.4225,32.1750
2025-01-23 21:03:00,20.4225,32.1750
2025-01-23 21:18:00,20.4225,32.1750
2025-01-23 21:33:00,20.4225,32.1750
2025-01-23 21:48:00,20.4225,32.1750
2025-01-23 22:03:00,20.4225,32.1750
2025-01-23 22:18:00,20.4225,32.1750
2025-01-23 22:33:00,20.4225,32.1750
2025-01-23 22:48:00,20.4225,32.1750
2025-01-23 23:03:00,20.4225,32.1750
2025-01-23 23:18:00,20.4225,32.1750
2025-01-23 23:33:00,20.4225,32.1750
2025-01-23 23:48:00,20.4225,32.1750
2025-01-24 00:03:00,20.4225,32.1750
2025-01-24 00:18:00,20.4225,32.1750
2025-01-24 00:33:00,20.4225,32.1750
2025-01-24 00:48:00,20.4225,32.1750
2025-01-24 01:03:00,20.4225,32.1750
2025-01-24 01:18:00,20.4225,32.1750
2025-01-24 01:33:00,20.4225,32.1750
2025-01-24 01:48:00,20.4225,32.1750
2025-01-24 02:03:00,20.4225,32.1750
2025-01-24 02:18:00,20.4225,32.1750
2025-01-24 02:33:00,20.4225,32.1750
2025-01-24 02:48:00,20.4225,32.1750
2025-01-24 03:03:00,20.4225,32.1750
2025-01-24 03:18:00,20.4225,32.1750
2025-01-24 03:33:00,20.4225,32.1750
2025-01-24 03:48:00,20.4225,32.1750
2025-01-24 04:03:00,20.4225,32.1750
2025-01-24 04:18:00,20.4225,32.1750
2025-01-24 04:33:00,20.4225,32.1750
2025-01-24 04:48:00,20.4225,32.1750
2025-01-24 05:03:00,20.4225,32.1750
2025-01-24 05:18:00,20.4225,32.1750
2025-01-24 05:33:00,20.4225,32.1750
2025-01-24 05:48:00,20.4225,32.1750
2025-01-24 06:03:00,20.4225,32.1750
2025-01-24 06:18:00,20.4225,32.1750
2025-01-24 06:33:00,20.4225,32.1750
2025-01-24 06:48:00,20.4225,32.1750
2025-01-24 07:03:00,20.4225,32.1750
2025-01-24 07:18:00,20.4225,32.1750
2025-01-24 07:33:00,20.4225,32.1750
2025-01-24 07:48:00,20.4225,32.1750
2025-01-24 08:03:00,20.4225,32.1750
2025-01-24 08:18:00,20.4225,32.1750
2025-01-24 08:33:00,20.4225,32.1750
2025-01-24 08:48:00,20.4225,32.1750
2025-01-24 09:03:00,20.4225,32.1750
2025-01-24 09:18:00,20.4225,32.1750
2025-01-24 09:33:00,20.4225,32.1750
2025-01-24 09:48:00,20.4225,32.1750
2025-01-24 10:03:00,20.4225,32.1750
2025-01-24 10:18:00,20.4225,32.1750
2025-01-24 10:33:00,20.4225,32.1750
2025-01-24 10:48:00,20.4225,32.1750
2025-01-24 11:03:00,20.4225,32.1750
2025-01-24 11:18:00,20.4225,32.1750
2025-01-24 11:33:00,20.4225,32.1750
2025-01-24 11:48:00,20.4225,32.1750
2025-01-24 12:03:00,20.4225,32.1750
2025-01-24 12:18:00,20.4225,32.1750
2025-01-24 12:33:00,20.4225,32.1750
2025-01-24 12:48:00,20.4225,32.1750
2025-01-24 13:03:00,20.4225,32.1750
2025-01-24 13:18:00,20.4225,32.1750
2025-01-24 13:33:00,20.4225,32.1750
2025-01-24 13:48:00,20.4225,32.1750
2025-01-24 14:03:00,20.4225,32.1750
2025-01-24 14:18:00,20.4225,32.1750
2025-01-24 14:33:00,20.4225,32.1750
2025-01-24 14:48:00,20.4225,32.1750
2025-01-24 15:03:00,20.4225,32.1750
2025-01-24 15:18:00,20.4225,32.1750
2025-01-24 15:33:00,20.4225,32.1750
2025-01-24 15:48:00,20.4225,32.1750
2025-01-24 16:03:00,20.4225,32.1750
2025-01-24 16:18:00,20.4225,32.1750
2025-01-24 16:33:00,20.4225,32.1750
2025-01-24 16:48:00,20.4225,32.1750
2025-01-24 17:03:00,20.4225,32.1750
2025-01-24 17:18:00,20.4225,32.1750
2025-01-24 17:33:00,20.4225,32.1750
2025-01-24 17:48:00,20.4225,32.1750
2025-01-24 18:03:00,20.4225,32.1750
2025-01-24 18:18:00,20.4225,32.1750
2025-01-24 18:33:00,20.4225,32.1750
2025-01-24 18:48:00,20.4225,32.1750
2025-01-24 19:03:00,20.4225,32.1750
2025-01-24 19:18:00,20.4225,32.1750
2025-01-24 19:33:00,20.4225,32.1750
2025-01-24 19:48:00,20.4225,32.1750
2025-01-24 20:03:00,20.4225,32.1750
2025-01-24 20:18:00,20.4225,32.1750
2025-01-24 20:33:00,20.4225,32.1750
2025-01-24 20:48:00,20.4225,32.1750
2025-01-24 21:03:00,20.4225,32.1750
2025-01-24 21:18:00,20.4225,32.1750
2025-01-24 21:33:00,20.4225,32.1750
2025-01-24 21:48:00,20.4225,32.1750
2025-01-24 22:03:00,20.4225,32.1750
2025-01-24 22:18:00,20.4225,32.1750
2025-01-24 22:33:00,20.4225,32.1750
2025-01-24 22:48:00,20.4225,32.1750
2025-01-24 23:03:00,20.4225,32.1750
2025-01-24 23:18:00,20.4225,32.1750
2025-01-24 23:33:00,20.4225,32.1750
2025-01-24 23:48:00,20.4225,32.1750
2025-01-25 00:03:00,20.4225,32.1750
2025-01-25 00:18:00,20.4225,32.1750
2025-01-25 00:33:00,20.4225,32.1750
2025-01-25 00:48:00,20.4225,32.1750
2025-01-25 01:03:00,20.4225,32.1750
2025-01-25 01:18:00,20.4225,32.1750
2025-01-25 01:33:00,20.4225,32.1750
2025-01-25 01:48:00,20.4225,32.1750
2025-01-25 02:03:00,20.4225,32.1750
2025-01-25 02:18:00,20.4225,32.1750
2025-01-25 02:33:00,20.4225,32.1750
2025-01-25 02:48:00,20.4225,32.1750
2025-01-25 03:03:00,20.4225,32.1750
2025-01-25 03:18:00,20.4225,32.1750
2025-01-25 03:33:00,20.4225,32.1750
2025-01-25 03:48:00,20.4225,32.1750
2025-01-25 04:03:00,20.4225,32.1750
2025-01-25 04:18:00,20.4225,32.1750
2025-01-25 04:33:00,20.4225,32.1750
2025-01-25 04:48:00,20.4225,32.1750
2025-01-25 05:03:00,20.4225,32.1750
2025-01-25 05:18:00,20.4225,32.1750
2025-01-25 05:33:00,20.4225,32.1750
2025-01-25 05:48:00,20.4225,32.1750
2025-01-25 06:03:00,20.4225,32.1750
2025-01-25 06:18:00,20.4225,32.1750
2025-01-25 06:33:00,20.4225,32.1750
2025-01-25 06:48:00,20.4225,32.1750
2025-01-25 07:03:00,20.4225,32.1750
2025-01-25 07:18:00,20.4225,32.1750
2025-01-25 07:33:00,20.4225,32.1750
2025-01-25 07:48:00,20.4225,32.1750
2025-01-25 08:03:00,20.4225,32.1750
2025-01-25 08:18:00,20.4225,32.1750
2025-01-25 08:33:00,20.4225,32.1750
2025-01-25 08:48:00,20.4225,32.1750
2025-01-25 09:03:00,20.4225,32.1750
2025-01-25 09:18:00,20.4225,32.1750
2025-01-25 09:33:00,20.4225,32.1750
2025-01-25 09:48:00,20.4225,32.1750
2025-01-25 10:03:00,20.4225,32.1750
2025-01-25 10:18:00,20.4225,32.1750
2025-01-25 10:33:00,20.4225,32.1750
2025-01-25 10:48:00,20.4225,32.1750
2025-01-25 11:03:00,20.4225,32.1750
2025-01-25 11:18:00,20.4225,32.1750
2025-01-25 11:33:00,20.4225,32.1750
2025-01-25 11:48:00,20.4225,32.1750
2025-01-25 12:03:00,20.4225,32.1750
2025-01-25 12:18:00,20.4225,32.1750
2025-01-25 12:33:00,20.4225,32.1750
2025-01-25 12:48:00,20.4225,32.1750
2025-01-25 13:03:00,20.4225,32.1750
2025-01-25 13:18:00,20.4225,32.1750
2025-01-25 13:33:00,20.4225,32.1750
2025-01-25 13:48:00,20.4225,32.1750
2025-01-25 14:03:00,20.4225,32.1750
2025-01-25 14:18:00,20.4225,32.1750
2025-01-25 14:33:00,20.4225,32.1750
2025-01-25 14:48:00,20.4225,32.1750
2025-01-25 15:03:00,20.4225,32.1750
2025-01-25 15:18:00,20.4225,32.1750
2025-01-25 15:33:00,20.4225,32.1750
2025-01-25 15:48:00,20.4225,32.1750
2025-01-25 16:03:00,20.4225,32.1750
2025-01-25 16:18:00,20.4225,32.1750
2025-01-25 16:33:00,20.4225,32.1750
2025-01-25 16:48:00,20.4225,32.1750
2025-01-25 17:03:00,20.4225,32.1750
2025-01-25 17:18:00,20.4225,32.1750
2025-01-25 17:33:00,20.4225,32.1750
2025-01-25 17:48:00,20.4225,32.1750
2025-01-25 18:03:00,20.4225,32.1750
2025-01-25 18:18:00,20.4225,32.1750
2025-01-25 18:33:00,20.4225,32.1750
2025-01-25 18:48:00,20.4225,32.1750
2025-01-25 19:03:00,20.4225,32.1750
2025-01-25 19:18:00,20.4225,32.1750
2025-01-25 19:33:00,20.4225,32.1750
2025-01-25 19:48:00,20.4225,32.1750
2025-01-25 20:03:00,20.4225,32.1750
2025-01-25 20:18:00,20.4225,32.1750
2025-01-25 20:33:00,20.4225,32.1750
2025-01-25 20:48:00,20.4225,32.1750
2025-01-25 21:03:00,20.4225,32.1750
2025-01-25 21:18:00,20.4225,32.1750
2025-01-25 21:33:00,20.4225,32.1750
2025-01-25 21:48:00,20.4225,32.1750
2025-01-25 22:03:00,20.4225,32.1750
2025-01-25 22:18:00,20.4225,32.1750
2025-01-25 22:33:00,20.4225,32.1750
2025-01-25 22:48:00,20.4225,32.1750
2025-01-25 23:03:00,20.4225,32.1750
2025-01-25 23:18:00,20.4225,32.1750
2025-01-25 23:33:00,20.4225,32.1750
2025-01-25 23:48:00,20.4225,32.1750
2025-01-26 00:03:00,20.4225,32.1750
2025-01-26 00:18:00,20.4225,32.1750
2025-01-26 00:33:00,20.4225,32.1750
2025-01-26 00:48:00,20.4225,32.1750
2025-01-26 01:03:00,20.4225,32.1750
2025-01-26 01:18:00,20.4225,32.1750
2025-01-26 01:33:00,20.4225,32.1750
2025-01-26 01:48:00,20.4225,32.1750
2025-01-26 02:03:00,20.4225,32.1750
2025-01-26 02:18:00,20.4225,32.1750
2025-01-26 02:33:00,20.4225,32.1750
2025-01-26 02:48:00,20.4225,32.1750
2025-01-26 03:03:00,20.4225,32.1750
2025-01-26 03:18:00,20.4225,32.1750
2025-01-26 03:33:00,20.4225,32.1750
2025-01-26 03:48:00,20.4225,32.1750
2025-01-26 04:03:00,20.4225,32.1750
2025-01-26 04:18:00,20.4225,32.1750
2025-01-26 04:33:00,20.4225,32.1750
2025-01-26 04:48:00,20.4225,32.1750
2025-01-26 05:03:00,20.4225,32.1750
2025-01-26 05:18:00,20.4225,32.1750
2025-01-26 05:33:00,20.4225,32.1750
2025-01-26 05:48:00,20.4225,32.1750
2025-01-26 06:03:00,20.4225,32.1750
2025-01-26 06:18:00,20.4225,32.1750
2025-01-26 06:33:00,20.4225,32.1750
2025-01-26 06:48:00,20.4225,32.1750
2025-01-26 07:03:00,20.4225,32.1750
2025-01-26 07:18:00,20.4225,32.1750
2025-01-26 07:33:00,20.4225,32.1750
2025-01-26 07:48:00,20.4225,32.1750
2025-01-26 08:03:00,20.4225,32.1750
2025-01-26 08:18:00,20.4225,32.1750
2025-01-26 08:33:00,20.4225,32.1750
2025-01-26 08:48:00,20.4225,32.1750
2025-01-26 09:03:00,20.4225,32.1750
2025-01-26 09:18:00,20.4225,32.1750
2025-01-26 09:33:00,20.4225,32.1750
2025-01-26 09:48:00,20.4225,32.1750
2025-01-26 10:03:00,20.4225,32.1750
2025-01-26 10:18:00,20.4225,32.1750
2025-01-26 10:33:00,20.4225,32.1750
2025-01-26 10:48:00,20.4225,32.1750
2025-01-26 11:03:00,20.4225,32.1750
2025-01-26 11:18:00,20.4225,32.1750
2025-01-26 11:33:00,20.4225,32.1750
2025-01-26 11:48:00,20.4225,32.1750
2025-01-26 12:03:00,20.4225,32.1750
2025-01-26 12:18:00,20.4225,32.1750
2025-01-26 12:33:00,20.4225,32.1750
2025-01-26 12:48:00,20.4225,32.1750
2025-01-26 13:03:00,20.4225,32.1750
2025-01-26 13:18:00,20.4225,32.1750
2025-01-26 13:33:00,20.4225,32.1750
2025-01-26 13:48:00,20.4225,32.1750
2025-01-26 14:03:00,20.4225,32.1750
2025-01-26 14:18:00,20.4225,32.1750
2025-01-26 14:33:00,20.4225,32.1750
2025-01-26 14:48:00,20.4225,32.1750
2025-01-26 15:03:00,20.4225,32.1750
2025-01-26 15:18:00,20.4225,32.1750
2025-01-26 15:33:00,20.4225,32.1750
2025-01-26 15:48:00,20.4225,32.1750
2025-01-26 16:03:00,20.4225,32.1750
2025-01-26 16:18:00,20.4225,32.1750
2025-01-26 16:33:00,20.4225,32.1750
2025-01-26 16:48:00,20.4225,32.1750
2025-01-26 17:03:00,20.4225,32.1750
2025-01-26 17:18:00,20.4225,32.1750
2025-01-26 17:33:00,20.4225,32.1750
2025-01-26 17:48:00,20.4225,32.1750
2025-01-26 18:03:00,20.4225,32.1750
2025-01-26 18:18:00,20.4225,32.1750
2025-01-26 18:33:00,20.4225,32.1750
2025-01-26 18:48:00,20.4225,32.1750
2025-01-26 19:03:00,20.4225,32.1750
2025-01-26 19:18:00,20.4225,32.1750
2025-01-26 19:33:00,20.4225,32.1750
2025-01-26 19:48:00,20.4225,32.1750
2025-01-26 20:03:00,20.4225,32.1750
2025-01-26 20:18:00,20.4225,32.1750
2025-01-26 20:33:00,20.4225,32.1750
2025-01-26 20:48:00,20.4225,32.1750
2025-01-26 21:03:00,20.4225,32.1750
2025-01-26 21:18:00,20.4225,32.1750
2025-01-26 21:33:00,20.4225,32.1750
2025-01-26 21:48:00,20.4225,32.1750
2025-01-26 22:03:00,20.4225,32.1750
2025-01-26 22:18:00,20.4225,32.1750
2025-01-26 22:33:00,20.4225,32.1750
2025-01-26 22:48:00,20.4225,32.1750
2025-01-26 23:03:00,20.4225,32.1750
2025-01-26 23:18:00,20.4225,32.1750
2025-01-26 23:33:00,20.4225,32.1750
2025-01-26 23:48:00,20.4225,32.1750
2025-01-27 00:03:00,20.4225,32.1750
2025-01-27 00:18:00,20.4225,32.1750
2025-01-27 00:33:00,20.4225,32.1750
2025-01-27 00:48:00,20.4225,32.1750
2025-01-27 01:03:00,20.4225,32.1750
2025-01-27 01:18:00,20.4225,32.1750
2025-01-27 01:33:00,20.4225,32.1750
2025-01-27 01:48:00,20.4225,32.1750
2025-01-27 02:03:00,20.4225,32.1750
2025-01-27 02:18:00,20.4225,32.1750
2025-01-27 02:33:00,20.4225,32.1750
2025-01-27 02:48:00,20.4225,32.1750
2025-01-27 03:03:00,20.4225,32.1750
2025-01-27 03:18:00,20.4225,32.1750
2025-01-27 03:33:00,20.4225,32.1750
2025-01-27 03:48:00,20.4225,32.1750
2025-01-27 04:03:00,20.4225,32.1750
2025-01-27 04:18:00,20.4225,32.1750
2025-01-27 04:33:00,20.4225,32.1750
2025-01-27 04:48:00,20.4225,32.1750
2025-01-27 05:03:00,20.4225,32.1750
2025-01-27 05:18:00,20.4225,32.1750
2025-01-27 05:33:00,20.4225,32.1750
2025-01-27 05:48:00,20.4225,32.1750
2025-01-27 06:03:00,20.4225,32.1750
2025-01-27 06:18:00,20.4225,32.1750
2025-01-27 06:33:00,20.4225,32.1750
2025-01-27 06:48:00,20.4225,32.1750
2025-01-27 07:03:00,20.4225,32.1750
2025-01-27 07:18:00,20.4225,32.1750
2025-01-27 07:33:00,20.4225,32.1750
2025-01-27 07:48:00,20.4225,32.1750
2025-01-27 08:03:00,20.4225,32.1750
2025-01-27 08:18:00,20.4225,32.1750
2025-01-27 08:33:00,20.4225,32.1750
2025-01-27 08:48:00,20.4225,32.1750
2025-01-27 09:03:00,20.4225,32.1750
2025-01-27 09:18:00,20.4225,32.1750
2025-01-27 09:33:00,20.4225,32.1750
2025-01-27 09:48:00,20.4225,32.1750
2025-01-27 10:03:00,20.4225,32.1750
2025-01-27 10:18:00,20.4225,32.1750
2025-01-27 10:33:00,20.4225,32.1750
2025-01-27 10:48:00,20.4225,32.1750
2025-01-27 11:03:00,20.4225,32.1750
2025-01-27 11:18:00,20.4225,32.1750
2025-01-27 11:33:00,20.4225,32.1750
2025-01-27 11:48:00,20.4225,32.1750
2025-01-27 12:03:00,20.4225,32.1750
2025-01-27 12:18:00,20.4225,32.1750
2025-01-27 12:33:00,20.4225,32.1750
2025-01-27 12:48:00,20.4225,32.1750
2025-01-27 13:03:00,20.4225,32.1750
2025-01-27 13:18:00,20.4225,32.1750
2025-01-27 13:33:00,20.4225,32.1750
2025-01-27 13:48:00,20.4225,32.1750
2025-01-27 14:03:00,20.4225,32.1750
2025-01-27 14:18:00,20.4225,32.1750
2025-01-27 14:33:00,20.4225,32.1750
2025-01-27 14:48:00,20.4225,32.1750
2025-01-27 15:03:00,20.4225,32.1750
2025-01-27 15:18:00,20.4225,32.1750
2025-01-27 15:33:00,20.4225,32.1750
2025-01-27 15:48:00,20.4225,32.1750
2025-01-27 16:03:00,20.4225,32.1750
2025-01-27 16:18:00,20.4225,32.1750
2025-01-27 16:33:00,20.4225,32.1750
2025-01-27 16:48:00,20.4225,32.1750
2025-01-27 17:03:00,20.4225,32.1750
2025-01-27 17:18:00,20.4225,32.1750
2025-01-27 17:33:00,20.4225,32.1750
2025-01-27 17:48:00,20.4225,32.1750
2025-01-27 18:03:00,20.4225,32.1750
2025-01-27 18:18:00,20.4225,32.1750
2025-01-27 18:33:00,20.4225,32.1750
2025-01-27 18:48:00,20.4225,32.1750
2025-01-27 19:03:00,20.4225,32.1750
2025-01-27 19:18:00,20.4225,32.1750
2025-01-27 19:33:00,20.4225,32.1750
2025-01-27 19:48:00,20.4225,32.1750
2025-01-27 20:03:00,20.4225,32.1750
2025-01-27 20:18:00,20.4225,32.1750
2025-01-27 20:33:00,20.4225,32.1750
2025-01-27 20:48:00,20.4225,32.1750
2025-01-27 21:03:00,20.4225,32.1750
2025-01-27 21:18:00,20.4225,32.1750
2025-01-27 21:33:00,20.4225,32.1750
2025-01-27 21:48:00,20.4225,32.1750
2025-01-27 22:03:00,20.4225,32.1750
2025-01-27 22:18:00,20.4225,32.1750
2025-01-27 22:33:00,20.4225,32.1750
2025-01-27 22:48:00,20.4225,32.1750
2025-01-27 23:03:00,20.4225,32.1750
2025-01-27 23:18:00,20.4225,32.1750
2025-01-27 23:33:00,20.4225,32.1750
2025-01-27 23:48:00,20.4225,32.1750
2025-01-28 00:03:00,20.4225,32.1750
2025-01-28 00:18:00,20.4225,32.1750
2025-01-28 00:33:00,20.4225,32.1750
2025-01-28 00:48:00,20.4225,32.1750
2025-01-28 01:03:00,20.4225,32.1750
2025-01-28 01:18:00,20.4225,32.1750
2025-01-28 01:33:00,20.4225,32.1750
2025-01-28 01:48:00,20.4225,32.1750
2025-01-28 02:03:00,20.4225,32.1750
2025-01-28 02:18:00,20.4225,32.1750
2025-01-28 02:33:00,20.4225,32.1750
2025-01-28 02:48:00,20.4225,32.1750
2025-01-28 03:03:00,20.4225,32.1750
2025-01-28 03:18:00,20.4225,32.1750
2025-01-28 03:33:00,20.4225,32.1750
2025-01-28 03:48:00,20.4225,32.1750
2025-01-28 04:03:00,20.4225,32.1750
2025-01-28 04:18:00,20.4225,32.1750
2025-01-28 04:33:00,20.4225,32.1750
2025-01-28 04:48:00,20.4225,32.1750
2025-01-28 05:03:00,20.4225,32.1750
2025-01-28 05:18:00,20.4225,32.1750
2025-01-28 05:33:00,20.4225,32.1750
2025-01-28 05:48:00,20.4225,32.1750
2025-01-28 06:03:00,20.4225,32.1750
2025-01-28 06:18:00,20.4225,32.1750
2025-01-28 06:33:00,20.4225,32.1750
2025-01-28 06:48:00,20.4225,32.1750
2025-01-28 07:03:00,20.4225,32.1750
2025-01-28 07:18:00,20.4225,32.1750
2025-01-28 07:33:00,20.4225,32.1750
2025-01-28 07:48:00,20.4225,32.1750
2025-01-28 08:03:00,20.4225,32.1750
2025-01-28 08:18:00,20.4225,32.1750
2025-01-28 08:33:00,20.4225,32.1750
2025-01-28 08:48:00,20.4225,32.1750
2025-01-28 09:03:00,20.4225,32.1750
2025-01-28 09:18:00,20.4225,32.1750
2025-01-28 09:33:00,20.4225,32.1750
2025-01-28 09:48:00,20.4225,32.1750
2025-01-28 10:03:00,20.4225,32.1750
2025-01-28 10:18:00,20.4225,32.1750
2025-01-28 10:33:00,20.4225,32.1750
2025-01-28 10:48:00,20.4225,32.1750
2025-01-28 11:03:00,20.4225,32.1750
2025-01-28 11:18:00,20.4225,32.1750
2025-01-28 11:33:00,20.4225,32.1750
2025-01-28 11:48:00,20.4225,32.1750
2025-01-28 12:03:00,20.4225,32.1750
2025-01-28 12:18:00,20.4225,32.1750
2025-01-28 12:33:00,20.4225,32.1750
2025-01-28 12:48:00,20.4225,32.1750
2025-01-28 13:03:00,20.4225,32.1750
2025-01-28 13:18:00,20.4225,32.1750
2025-01-28 13:33:00,20.4225,32.1750
2025-01-28 13:48:00,20.4225,32.1750
2025-01-28 14:03:00,20.4225,32.1750
2025-01-28 14:18:00,20.4225,32.1750
2025-01-28 14:33:00,20.4225,32.1750
2025-01-28 14:48:00,20.4225,32.1750
2025-01-28 15:03:00,20.4225,32.1750
2025-01-28 15:18:00,20.4225,32.1750
2025-01-28 15:33:00,20.4225,32.1750
2025-01-28 15:48:00,20.4225,32.1750
2025-01-28 16:03:00,20.4225,32.1750
2025-01-28 16:18:00,20.4225,32.1750
2025-01-28 16:33:00,20.4225,32.1750
2025-01-28 16:48:00,20.4225,32.1750
2025-01-28 17:03:00,20.4225,32.1750
2025-01-28 17:18:00,20.4225,32.1750
2025-01-28 17:33:00,20.4225,32.1750
2025-01-28 17:48:00,20.4225,32.1750
2025-01-28 18:03:00,20.4225,32.1750
2025-01-28 18:18:00,20.4225,32.1750
2025-01-28 18:33:00,20.4225,32.1750
2025-01-28 18:48:00,20.4225,32.1750
2025-01-28 19:03:00,20.4225,32.1750
2025-01-28 19:18:00,20.4225,32.1750
2025-01-28 19:33:00,20.4225,32.1750
2025-01-28 19:48:00,20.4225,32.1750
2025-01-28 20:03:00,20.4225,32.1750
2025-01-28 20:18:00,20.4225,32.1750
2025-01-28 20:33:00,20.4225,32.1750
2025-01-28 20:48:00,20.4225,32.1750
2025-01-28 21:03:00,20.4225,32.1750
2025-01-28 21:18:00,20.4225,32.1750
2025-01-28 21:33:00,20.4225,32.1750
2025-01-28 21:48:00,20.4225,32.1750
2025-01-28 22:03:00,20.4225,32.1750
2025-01-28 22:18:00,20.4225,32.1750
2025-01-28 22:33:00,20.4225,32.1750
2025-01-28 22:48:00,20.4225,32.1750
2025-01-28 23:03:00,20.4225,32.1750
2025-01-28 23:18:00,20.4225,32.1750
2025-01-28 23:33:00,20.4225,32.1750
2025-01-28 23:48:00,20.4225,32.1750
2025-01-29 00:03:00,20.4225,32.1750
2025-01-29 00:18:00,20.4225,32.1750
2025-01-29 00:33:00,20.4225,32.1750
2025-01-29 00:48:00,20.4225,32.1750
2025-01-29 01:03:00,20.4225,32.1750
2025-01-29 01:18:00,20.4225,32.1750
2025-01-29 01:33:00,20.4225,32.1750
2025-01-29 01:48:00,20.4225,32.1750
2025-01-29 02:03:00,20.4225,32.1750
2025-01-29 02:18:00,20.4225,32.1750
2025-01-29 02:33:00,20.4225,32.1750
2025-01-29 02:48:00,20.4225,32.1750
2025-01-29 03:03:00,20.4225,32.1750
2025-01-29 03:18:00,20.4225,32.1750
2025-01-29 03:33:00,20.4225,32.1750
2025-01-29 03:48:00,20.4225,32.1750
2025-01-29 04:03:00,20.4225,32.1750
2025-01-29 04:18:00,20.4225,32.1750
2025-01-29 04:33:00,20.4225,32.1750
2025-01-29 04:48:00,20.4225,32.1750
2025-01-29 05:03:00,20.4225,32.1750
2025-01-29 05:18:00,20.4225,32.1750
2025-01-29 05:33:00,20.4225,32.1750
2025-01-29 05:48:00,20.4225,32.1750
2025-01-29 06:03:00,20.4225,32.1750
2025-01-29 06:18:00,20.4225,32.1750
2025-01-29 06:33:00,20.4225,32.1750
2025-01-29 06:48:00,20.4225,32.1750
2025-01-29 07:03:00,20.4225,32.1750
2025-01-29 07:18:00,20.4225,32.1750
2025-01-29 07:33:00,20.4225,32.1750
2025-01-29 07:48:00,20.4225,32.1750
2025-01-29 08:03:00,20.4225,32.1750
2025-01-29 08:18:00,20.4225,32.1750
2025-01-29 08:33:00,20.4225,32.1750
2025-01-29 08:48:00,20.4225,32.1750
2025-01-29 09:03:00,20.4225,32.1750
2025-01-29 09:18:00,20.4225,32.1750
2025-01-29 09:33:00,20.4225,32.1750
2025-01-29 09:48:00,20.4225,32.1750
2025-01-29 10:03:00,20.4225,32.1750
2025-01-29 10:18:00,20.4225,32.1750
2025-01-29 10:33:00,20.4225,32.1750
2025-01-29 10:48:00,20.4225,32.1750
2025-01-29 11:03:00,20.4225,32.1750
2025-01-29 11:18:00,20.4225,32.1750
2025-01-29 11:33:00,20.4225,32.1750
2025-01-29 11:48:00,20.4225,32.1750
2025-01-29 12:03:00,20.4225,32.1750
2025-01-29 12:18:00,20.4225,32.1750
2025-01-29 12:33:00,20.4225,32.1750
2025-01-29 12:48:00,20.4225,32.1750
2025-01-29 13:03:00,20.4225,32.1750
2025-01-29 13:18:00,20.4225,32.1750
2025-01-29 13:33:00,20.4225,32.1750
2025-01-29 13:48:00,20.4225,32.1750
2025-01-29 14:03:00,20.4225,32.1750
2025-01-29 14:18:00,20.4225,32.1750
2025-01-29 14:33:00,20.4225,32.1750
2025-01-29 14:48:00,20.4225,32.1750
2025-01-29 15:03:00,20.4225,32.1750
2025-01-29 15:18:00,20.4225,32.1750
2025-01-29 15:33:00,20.4225,32.1750
2025-01-29 15:48:00,20.4225,32.1750
2025-01-29 16:03:00,20.4225,32.1750
2025-01-29 16:18:00,20.4225,32.1750
2025-01-29 16:33:00,20.4225,32.1750
2025-01-29 16:48:00,20.4225,32.1750
2025-01-29 17:03:00,20.4225,32.1750
2025-01-29 17:18:00,20.4225,32.1750
2025-01-29 17:33:00,20.4225,32.1750
2025-01-29 17:48:00,20.4225,32.1750
2025-01-29 18:03:00,20.4225,32.1750
2025-01-29 18:18:00,20.4225,32.1750
2025-01-29 18:33:00,20.4225,32.1750
2025-01-29 18:48:00,20.4225,32.1750
2025-01-29 19:03:00,20.4225,32.1750
2025-01-29 19:18:00,20.4225,32.1750
2025-01-29 19:33:00,20.4225,32.1750
2025-01-29 19:48:00,20.4225,32.1750
2025-01-29 20:03:00,20.4225,32.1750
2025-01-29 20:18:00,20.4225,32.1750
2025-01-29 20:33:00,20.4225,32.1750
2025-01-29 20:48:00,20.4225,32.1750
2025-01-29 21:03:00,20.4225,32.1750
2025-01-29 21:18:00,20.4225,32.1750
2025-01-29 21:33:00,20.4225,32.1750
2025-01-29 21:48:00,20.4225,32.1750
2025-01-29 22:03:00,20.4225,32.1750
2025-01-29 22:18:00,20.4225,32.1750
2025-01-29 22:33:00,20.4225,32.1750
2025-01-29 22:48:00,20.4225,32.1750
2025-01-29 23:03:00,20.4225,32.1750
2025-01-29 23:18:00,20.4225,32.1750
2025-01-29 23:33:00,20.4225,32.1750
2025-01-29 23:48:00,20.4225,32.1750
2025-01-30 00:03:00,20.4225,32.1750
2025-01-30 00:18:00,20.4225,32.1750
2025-01-30 00:33:00,20.4225,32.1750
2025-01-30 00:48:00,20.4225,32.1750
2025-01-30 01:03:00,20.4225,32.1750
2025-01-30 01:18:00,20.4225,32.1750
2025-01-30 01:33:00,20.4225,32.1750
2025-01-30 01:48:00,20.4225,32.1750
2025-01-30 02:03:00,20.4225,32.1750
2025-01-30 02:18:00,20.4225,32.1750
2025-01-30 02:33:00,20.4225,32.1750
2025-01-30 02:48:00,20.4225,32.1750
2025-01-30 03:03:00,20.4225,32.1750
2025-01-30 03:18:00,20.4225,32.1750
2025-01-30 03:33:00,20.4225,32.1750
2025-01-30 03:48:00,20.4225,32.1750
2025-01-30 04:03:00,20.4225,32.1750
2025-01-30 04:18:00,20.4225,32.1750
2025-01-30 04:33:00,20.4225,32.1750
2025-01-30 04:48:00,20.4225,32.1750
2025-01-30 05:03:00,20.4225,32.1750
2025-01-30 05:18:00,20.4225,32.1750
2025-01-30 05:33:00,20.4225,32.1750
2025-01-30 05:48:00,20.4225,32.1750
2025-01-30 06:03:00,20.4225,32.1750
2025-01-30 06:18:00,20.4225,32.1750
2025-01-30 06:33:00,20.4225,32.1750
2025-01-30 06:48:00,20.4225,32.1750
2025-01-30 07:03:00,20.4225,32.1750
2025-01-30 07:18:00,20.4225,32.1750
2025-01-30 07:33:00,20.4225,32.1750
2025-01-30 07:48:00,20.4225,32.1750
2025-01-30 08:03:00,20.4225,32.1750
2025-01-30 08:18:00,20.4225,32.1750
2025-01-30 08:33:00,20.4225,32.1750
2025-01-30 08:48:00,20.4225,32.1750
2025-01-30 09:03:00,20.4225,32.1750
2025-01-30 09:18:00,20.4225,32.1750
2025-01-30 09:33:00,20.4225,32.1750
2025-01-30 09:48:00,20.4225,32.1750
2025-01-30 10:03:00,20.4225,32.1750
2025-01-30 10:18:00,20.4225,32.1750
2025-01-30 10:33:00,20.4225,32.1750
2025-01-30 10:48:00,20.4225,32.1750
2025-01-30 11:03:00,20.4225,32.1750
2025-01-30 11:18:00,20.4225,32.1750
2025-01-30 11:33:00,20.4225,32.1750
2025-01-30 11:48:00,20.4225,32.1750
2025-01-30 12:03:00,20.4225,32.1750
2025-01-30 12:18:00,20.4225,32.1750
2025-01-30 12:33:00,20.4225,32.1750
2025-01-30 12:48:00,20.4225,32.1750
2025-01-30 13:03:00,20.4225,32.1750
2025-01-30 13:18:00,20.4225,32.1750
2025-01-30 13:33:00,20.4225,32.1750
2025-01-30 13:48:00,20.4225,32.1750
2025-01-30 14:03:00,20.4225,32.1750
2025-01-30 14:18:00,20.4225,32.1750
2025-01-30 14:33:00,20.4225,32.1750
2025-01-30 14:48:00,20.4225,32.1750
2025-01-30 15:03:00,20.4225,32.1750
2025-01-30 15:18:00,20.4225,32.1750
2025-01-30 15:33:00,20.4225,32.1750
2025-01-30 15:48:00,20.4225,32.1750
2025-01-30 16:03:00,20.4225,32.1750
2025-01-30 16:18:00,20.4225,32.1750
2025-01-30 16:33:00,20.4225,32.1750
2025-01-30 16:48:00,20.4225,32.1750
2025-01-30 17:03:00,20.4225,32.1750
2025-01-30 17:18:00,20.4225,32.1750
2025-01-30 17:33:00,20.4225,32.1750
2025-01-30 17:48:00,20.4225,32.1750
2025-01-30 18:03:00,20.4225,32.1750
2025-01-30 18:18:00,20.4225,32.1750
2025-01-30 18:33:00,20.4225,32.1750
2025-01-30 18:48:00,20.4225,32.1750
2025-01-30 19:03:00,20.4225,32.1750
2025-01-30 19:18:00,20.4225,32.1750
2025-01-30 19:33:00,20.4225,32.1750
2025-01-30 19:48:00,20.4225,32.1750
2025-01-30 20:03:00,20.4225,32.1750
2025-01-30 20:18:00,20.4225,32.1750
2025-01-30 20:33:00,20.4225,32.1750
2025-01-30 20:48:00,20.4225,32.1750
2025-01-30 21:03:00,20.4225,32.1750
2025-01-30 21:18:00,20.4225,32.1750
2025-01-30 21:33:00,20.4225,32.1750
2025-01-30 21:48:00,20.4225,32.1750
2025-01-30 22:03:00,20.4225,32.1750
2025-01-30 22:18:00,20.4225,32.1750
2025-01-30 22:33:00,20.4225,32.1750
2025-01-30 22:48:00,20.4225,32.1750
2025-01-30 23:03:00,20.4225,32.1750
2025-01-30 23:18:00,20.4225,32.1750
2025-01-30 23:33:00,20.4225,32.1750
2025-01-30 23:48:00,20.4225,32.1750
2025-01-31 00:03:00,20.4225,32.1750
2025-01-31 00:18:00,20.4225,32.1750
2025-01-31 00:33:00,20.4225,32.1750
2025-01-31 00:48:00,20.4225,32.1750
2025-01-31 01:03:00,20.4225,32.1750
2025-01-31 01:18:00,20.4225,32.1750
2025-01-31 01:33:00,20.4225,32.1750
2025-01-31 01:48:00,20.4225,32.1750
2025-01-31 02:03:00,20.4225,32.1750
2025-01-31 02:18:00,20.4225,32.1750
2025-01-31 02:33:00,20.4225,32.1750
2025-01-31 02:48:00,20.4225,32.1750
2025-01-31 03:03:00,20.4225,32.1750
2025-01-31 03:18:00,20.4225,32.1750
2025-01-31 03:33:00,20.4225,32.1750
2025-01-31 03:48:00,20.4225,32.1750
2025-01-31 04:03:00,20.4225,32.1750
2025-01-31 04:18:00,20.4225,32.1750
2025-01-31 04:33:00,20.4225,32.1750
2025-01-31 04:48:00,20.4225,32.1750
2025-01-31 05:03:00,20.4225,32.1750
2025-01-31 05:18:00,20.4225,32.1750
2025-01-31 05:33:00,20.4225,32.1750
2025-01-31 05:48:00,20.4225,32.1750
2025-01-31 06:03:00,20.4225,32.1750
2025-01-31 06:18:00,20.4225,32.1750
2025-01-31 06:33:00,20.4225,32.1750
2025-01-31 06:48:00,20.4225,32.1750
2025-01-31 07:03:00,20.4225,32.1750
2025-01-31 07:18:00,20.4225,32.1750
2025-01-31 07:33:00,20.4225,32.1750
2025-01-31 07:48:00,20.4225,32.1750
2025-01-31 08:03:00,20.4225,32.1750
2025-01-31 08:18:00,20.4225,32.1750
2025-01-31 08:33:00,20.4225,32.1750
2025-01-31 08:48:00,20.4225,32.1750
2025-01-31 09:03:00,20.4225,32.1750
2025-01-31 09:18:00,20.4225,32.1750
2025-01-31 09:33:00,20.4225,32.1750
2025-01-31 09:48:00,20.4225,32.1750
2025-01-31 10:03:00,20.4225,32.1750
2025-01-31 10:18:00,20.4225,32.1750
2025-01-31 10:33:00,20.4225,32.1750
2025-01-31 10:48:00,20.4225,32.1750
2025-01-31 11:03:00,20.4225,32.1750
2025-01-31 11:18:00,20.4225,32.1750
2025-01-31 11:33:00,20.4225,32.1750
2025-01-31 11:48:00,20.4225,32.1750
2025-01-31 12:03:00,20.4225,32.1750
2025-01-31 12:18:00,20.4225,32.1750
2025-01-31 12:33:00,20.4225,32.1750
2025-01-31 12:48:00,20.4225,32.1750
2025-01-31 13:03:00,20.4225,32.1750
2025-01-31 13:18:00,20.4225,32.1750
2025-01-31 13:33:00,20.4225,32.1750
2025-01-31 13:48:00,20.4225,32.1750
2025-01-31 14:03:00,20.4225,32.1750
2025-01-31 14:18:00,20.4225,32.1750
2025-01-31 14:33:00,20.4225,32.1750
2025-01-31 14:48:00,20.4225,32.1750
2025-01-31 15:03:00,20.4225,32.1750
2025-01-31 15:18:00,20.4225,32.1750
2025-01-31 15:33:00,20.4225,32.1750
2025-01-31 15:48:00,20.4225,32.1750
2025-01-31 16:03:00,20.4225,32.1750
2025-01-31 16:18:00,20.4225,32.1750
2025-01-31 16:33:00,20.4225,32.1750
2025-01-31 16:48:00,20.4225,32.1750
2025-01-31 17:03:00,20.4225,32.1750
2025-01-31 17:18:00,20.4225,32.1750
2025-01-31 17:33:00,20.4225,32.1750
2025-01-31 17:48:00,20.4225,32.1750
2025-01-31 18:03:00,20.4225,32.1750
2025-01-31 18:18:00,20.4225,32.1750
2025-01-31 18:33:00,20.4225,32.1750
2025-01-31 18:48:00,20.4225,32.1750
2025-01-31 19:03:00,20.4225,32.1750
2025-01-31 19:18:00,20.4225,32.1750
2025-01-31 19:33:00,20.4225,32.1750
2025-01-31 19:48:00,20.4225,32.1750
2025-01-31 20:03:00,20.4225,32.1750
2025-01-31 20:18:00,20.4225,32.1750
2025-01-31 20:33:00,20.4225,32.1750
2025-01-31 20:48:00,20.4225,32.1750
2025-01-31 21:03:00,20.4225,32.1750
2025-01-31 21:18:00,20.4225,32.1750
2025-01-31 21:33:00,20.4225,32.1750
2025-01-31 21:48:00,20.4225,32.1750
2025-01-31 22:03:00,20.4225,32.1750
2025-01-31 22:18:00,20.4225,32.1750
2025-01-31 22:33:00,20.4225,32.1750
2025-01-31 22:48:00,20.4225,32.1750
2025-01-31 23:03:00,20.4225,32.1750
2025-01-31 23:18:00,20.4225,32.1750
2025-01-31 23:33:00,20.4225,32.1750
2025-01-31 23:48:00,20.4225,32.1750
2025-02-01 00:03:00,20.4225,32.1750
2025-02-01 00:18:00,20.4225,32.1750
2025-02-01 00:33:00,20.4225,32.1750
2025-02-01 00:48:00,20.4225,32.1750
2025-02-01 01:03:00,20.4225,32.1750
2025-02-01 01:18:00,20.4225,32.1750
2025-02-01 01:33:00,20.4225,32.1750
2025-02-01 01:48:00,20.4225,32.1750
2025-02-01 02:03:00,20.4225,32.1750
2025-02-01 02:18:00,20.4225,32.1750
2025-02-01 02:33:00,20.4225,32.1750
2025-02-01 02:48:00,20.4225,32.1750
2025-02-01 03:03:00,20.4225,32.1750
2025-02-01 03:18:00,20.4225,32.1750
2025-02-01 03:33:00,20.4225,32.1750
2025-02-01 03:48:00,20.4225,32.1750
2025-02-01 04:03:00,20.4225,32.1750
2025-02-01 04:18:00,20.4225,32.1750
2025-02-01 04:33:00,20.4225,32.1750
2025-02-01 04:48:00,20.4225,32.1750
2025-02-01 05:03:00,20.4225,32.1750
2025-02-01 05:18:00,20.4225,32.1750
2025-02-01 05:33:00,20.4225,32.1750
2025-02-01 05:48:00,20.4225,32.1750
2025-02-01 06:03:00,20.4225,32.1750
2025-02-01 06:18:00,20.4225,32.1750
2025-02-01 06:33:00,20.4225,32.1750
2025-02-01 06:48:00,20.4225,32.1750
2025-02-01 07:03:00,20.4225,32.1750
2025-02-01 07:18:00,20.4225,32.1750
2025-02-01 07:33:00,20.4225,32.1750
2025-02-01 07:48:00,20.4225,32.1750
2025-02-01 08:03:00,20.4225,32.1750
2025-02-01 08:18:00,20.4225,32.1750
2025-02-01 08:33:00,20.4225,32.1750
2025-02-01 08:48:00,20.4225,32.1750
2025-02-01 09:03:00,20.4225,32.1750
2025-02-01 09:18:00,20.4225,32.1750
2025-02-01 09:33:00,20.4225,32.1750
2025-02-01 09:48:00,20.4225,32.1750
2025-02-01 10:03:00,20.4225,32.1750
2025-02-01 10:18:00,20.4225,32.1750
2025-02-01 10:33:00,20.4225,32.1750
2025-02-01 10:48:00,20.4225,32.1750
2025-02-01 11:03:00,20.4225,32.1750
2025-02-01 11:18:00,20.4225,32.1750
2025-02-01 11:33:00,20.4225,32.1750
2025-02-01 11:48:00,20.4225,32.1750
2025-02-01 12:03:00,20.4225,32.1750
2025-02-01 12:18:00,20.4225,32.1750
2025-02-01 12:33:00,20.4225,32.1750
2025-02-01 12:48:00,20.4225,32.1750
2025-02-01 13:03:00,20.4225,32.1750
2025-02-01 13:18:00,20.4225,32.1750
2025-02-01 13:33:00,20.4225,32.1750
2025-02-01 13:48:00,20.4225,32.1750
2025-02-01 14:03:00,20.4225,32.1750
2025-02-01 14:18:00,20.4225,32.1750
2025-02-01 14:33:00,20.4225,32.1750
2025-02-01 14:48:00,20.4225,32.1750
2025-02-01 15:03:00,20.4225,32.1750
2025-02-01 15:18:00,20.4225,32.1750
2025-02-01 15:33:00,20.4225,32.1750
2025-02-01 15:48:00,20.4225,32.1750
2025-02-01 16:03:00,20.4225,32.1750
2025-02-01 16:18:00,20.4225,32.1750
2025-02-01 16:33:00,20.4225,32.1750
2025-02-01 16:48:00,20.4225,32.1750
2025-02-01 17:03:00,20.4225,32.1750
2025-02-01 17:18:00,20.4225,32.1750
2025-02-01 17:33:00,20.4225,32.1750
2025-02-01 17:48:00,20.4225,32.1750
2025-02-01 18:03:00,20.4225,32.1750
2025-02-01 18:18:00,20.4225,32.1750
2025-02-01 18:33:00,20.4225,32.1750
2025-02-01 18:48:00,20.4225,32.1750
2025-02-01 19:03:00,20.4225,32.1750
2025-02-01 19:18:00,20.4225,32.1750
2025-02-01 19:33:00,20.4225,32.1750
2025-02-01 19:48:00,20.4225,32.1750
2025-02-01 20:03:00,20.4225,32.1750
2025-02-01 20:18:00,20.4225,32.1750
2025-02-01 20:33:00,20.4225,32.1750
2025-02-01 20:48:00,20.4225,32.1750
2025-02-01 21:03:00,20.4225,32.1750
2025-02-01 21:18:00,20.4225,32.1750
2025-02-01 21:33:00,20.4225,32.1750
2025-02-01 21:48:00,20.4225,32.1750
2025-02-01 22:03:00,20.4225,32.1750
2025-02-01 22:18:00,20.4225,32.1750
2025-02-01 22:33:00,20.4225,32.1750
2025-02-01 22:48:00,20.4225,32.1750
2025-02-01 23:03:00,20.4225,32.1750
2025-02-01 23:18:00,20.4225,32.1750
2025-02-01 23:33:00,20.4225,32.1750
2025-02-01 23:48:00,20.4225,32.1750
2025-02-02 00:03:00,20.4225,32.1750
2025-02-02 00:18:00,20.4225,32.1750
2025-02-02 00:33:00,20.4225,32.1750
2025-02-02 00:48:00,20.4225,32.1750
2025-02-02 01:03:00,20.4225,32.1750
2025-02-02 01:18:00,20.4225,32.1750
2025-02-02 01:33:00,20.4225,32.1750
2025-02-02 01:48:00,20.4225,32.1750
2025-02-02 02:03:00,20.4225,32.1750
2025-02-02 02:18:00,20.4225,32.1750
2025-02-02 02:33:00,20.4225,32.1750
2025-02-02 02:48:00,20.4225,32.1750
2025-02-02 03:03:00,20.4225,32.1750
2025-02-02 03:18:00,20.4225,32.1750
2025-02-02 03:33:00,20.4225,32.1750
2025-02-02 03:48:00,20.4225,32.1750
2025-02-02 04:03:00,20.4225,32.1750
2025-02-02 04:18:00,20.4225,32.1750
2025-02-02 04:33:00,20.4225,32.1750
2025-02-02 04:48:00,20.4225,32.1750
2025-02-02 05:03:00,20.4225,32.1750
2025-02-02 05:18:00,20.4225,32.1750
2025-02-02 05:33:00,20.4225,32.1750
2025-02-02 05:48:00,20.4225,32.1750
2025-02-02 06:03:00,20.4225,32.1750
2025-02-02 06:18:00,20.4225,32.1750
2025-02-02 06:33:00,20.4225,32.1750
2025-02-02 06:48:00,20.4225,32.1750
2025-02-02 07:03:00,20.4225,32.1750
2025-02-02 07:18:00,20.4225,32.1750
2025-02-02 07:33:00,20.4225,32.1750
2025-02-02 07:48:00,20.4225,32.1750
2025-02-02 08:03:00,20.4225,32.1750
2025-02-02 08:18:00,20.4225,32.1750
2025-02-02 08:33:00,20.4225,32.1750
2025-02-02 08:48:00,20.4225,32.1750
2025-02-02 09:03:00,20.4225,32.1750
2025-02-02 09:18:00,20.4225,32.1750
2025-02-02 09:33:00,20.4225,32.1750
2025-02-02 09:48:00,20.4225,32.1750
2025-02-02 10:03:00,20.4225,32.1750
2025-02-02 10:18:00,20.4225,32.1750
2025-02-02 10:33:00,20.4225,32.1750
2025-02-02 10:48:00,20.4225,32.1750
2025-02-02 11:03:00,20.4225,32.1750
2025-02-02 11:18:00,20.4225,32.1750
2025-02-02 11:33:00,20.4225,32.1750
2025-02-02 11:48:00,20.4225,32.1750
2025-02-02 12:03:00,20.4225,32.1750
2025-02-02 12:18:00,20.4225,32.1750
2025-02-02 12:33:00,20.4225,32.1750
2025-02-02 12:48:00,20.4225,32.1750
2025-02-02 13:03:00,20.4225,32.1750
2025-02-02 13:18:00,20.4225,32.1750
2025-02-02 13:33:00,20.4225,32.1750
2025-02-02 13:48:00,20.4225,32.1750
2025-02-02 14:03:00,20.4225,32.1750
2025-02-02 14:18:00,20.4225,32.1750
2025-02-02 14:33:00,20.4225,32.1750
2025-02-02 14:48:00,20.4225,32.1750
2025-02-02 15:03:00,20.4225,32.1750
2025-02-02 15:18:00,20.4225,32.1750
2025-02-02 15:33:00,20.4225,32.1750
2025-02-02 15:48:00,20.4225,32.1750
2025-02-02 16:03:00,20.4225,32.1750
2025-02-02 16:18:00,20.4225,32.1750
2025-02-02 16:33:00,20.4225,32.1750
2025-02-02 16:48:00,20.4225,32.1750
2025-02-02 17:03:00,20.4225,32.1750
2025-02-02 17:18:00,20.4225,32.1750
2025-02-02 17:33:00,20.4225,32.1750
2025-02-02 17:48:00,20.4225,32.1750
2025-02-02 18:03:00,20.4225,32.1750
2025-02-02 18:18:00,20.4225,32.1750
2025-02-02 18:33:00,20.4225,32.1750
2025-02-02 18:48:00,20.4225,32.1750
2025-02-02 19:03:00,20.4225,32.1750
2025-02-02 19:18:00,20.4225,32.1750
2025-02-02 19:33:00,20.4225,32.1750
2025-02-02 19:48:00,20.4225,32.1750
2025-02-02 20:03:00,20.4225,32.1750
2025-02-02 20:18:00,20.4225,32.1750
2025-02-02 20:33:00,20.4225,32.1750
2025-02-02 20:48:00,20.4225,32.1750
2025-02-02 21:03:00,20.4225,32.1750
2025-02-02 21:18:00,20.4225,32.1750
2025-02-02 21:33:00,20.4225,32.1750
2025-02-02 21:48:00,20.4225,32.1750
2025-02-02 22:03:00,20.4225,32.1750
2025-02-02 22:18:00,20.4225,32.1750
2025-02-02 22:33:00,20.4225,32.1750
2025-02-02 22:48:00,20.4225,32.1750
2025-02-02 23:03:00,20.4225,32.1750
2025-02-02 23:18:00,20.4225,32.1750
2025-02-02 23:33:00,20.4225,32.1750
2025-02-02 23:48:00,20.4225,32.1750
2025-02-03 00:03:00,20.4225,32.1750
2025-02-03 00:18:00,20.4225,32.1750
2025-02-03 00:33:00,20.4225,32.1750
2025-02-03 00:48:00,20.4225,32.1750
2025-02-03 01:03:00,20.4225,32.1750
2025-02-03 01:18:00,20.4225,32.1750
2025-02-03 01:33:00,20.4225,32.1750
2025-02-03 01:48:00,20.4225,32.1750
2025-02-03 02:03:00,20.4225,32.1750
2025-02-03 02:18:00,20.4225,32.1750
2025-02-03 02:33:00,20.4225,32.1750
2025-02-03 02:48:00,20.4225,32.1750
2025-02-03 03:03:00,20.4225,32.1750
2025-02-03 03:18:00,20.4225,32.1750
2025-02-03 03:33:00,20.4225,32.1750
2025-02-03 03:48:00,20.4225,32.1750
2025-02-03 04:03:00,20.4225,32.1750
2025-02-03 04:18:00,20.4225,32.1750
2025-02-03 04:33:00,20.4225,32.1750
2025-02-03 04:48:00,20.4225,32.1750
2025-02-03 05:03:00,20.4225,32.1750
2025-02-03 05:18:00,20.4225,32.1750
2025-02-03 05:33:00,20.4225,32.1750
2025-02-03 05:48:00,20.4225,32.1750
2025-02-03 06:03:00,20.4225,32.1750
2025-02-03 06:18:00,20.4225,32.1750
2025-02-03 06:33:00,20.4225,32.1750
2025-02-03 06:48:00,20.4225,32.1750
2025-02-03 07:03:00,20.4225,32.1750
2025-02-03 07:18:00,20.4225,32.1750
2025-02-03 07:33:00,20.4225,32.1750
2025-02-03 07:48:00,20.4225,32.1750
2025-02-03 08:03:00,20.4225,32.1750
2025-02-03 08:18:00,20.4225,32.1750
2025-02-03 08:33:00,20.4225,32.1750
2025-02-03 08:48:00,20.4225,32.1750
2025-02-03 09:03:00,20.4225,32.1750
2025-02-03 09:18:00,20.4225,32.1750
2025-02-03 09:33:00,20.4225,32.1750
2025-02-03 09:48:00,20.4225,32.1750
2025-02-03 10:03:00,20.4225,32.1750
2025-02-03 10:18:00,20.4225,32.1750
2025-02-03 10:33:00,20.4225,32.1750
2025-02-03 10:48:00,20.4225,32.1750
2025-02-03 11:03:00,20.4225,32.1750
2025-02-03 11:18:00,20.4225,32.1750
2025-02-03 11:33:00,20.4225,32.1750
2025-02-03 11:48:00,20.4225,32.1750
2025-02-03 12:03:00,20.4225,32.1750
2025-02-03 12:18:00,20.4225,32.1750
2025-02-03 12:33:00,20.4225,32.1750
2025-02-03 12:48:00,20.4225,32.1750
2025-02-03 13:03:00,20.4225,32.1750
2025-02-03 13:18:00,20.4225,32.1750
2025-02-03 13:33:00,20.4225,32.1750
2025-02-03 13:48:00,20.4225,32.1750
2025-02-03 14:03:00,20.4225,32.1750
2025-02-03 14:18:00,20.4225,32.1750
2025-02-03 14:33:00,20.4225,32.1750
2025-02-03 14:48:00,20.4225,32.1750
2025-02-03 15:03:00,20.4225,32.1750
2025-02-03 15:18:00,20.4225,32.1750
2025-02-03 15:33:00,20.4225,32.1750
2025-02-03 15:48:00,20.4225,32.1750
2025-02-03 16:03:00,20.4225,32.1750
2025-02-03 16:18:00,20.4225,32.1750
2025-02-03 16:33:00,20.4225,32.1750
2025-02-03 16:48:00,20.4225,32.1750
2025-02-03 17:03:00,20.4225,32.1750
2025-02-03 17:18:00,20.4225,32.1750
2025-02-03 17:33:00,20.4225,32.1750
2025-02-03 17:48:00,20.4225,32.1750
2025-02-03 18:03:00,20.4225,32.1750
2025-02-03 18:18:00,20.4225,32.1750
2025-02-03 18:33:00,20.4225,32.1750
2025-02-03 18:48:00,20.4225,32.1750
2025-02-03 19:03:00,20.4225,32.1750
2025-02-03 19:18:00,20.4225,32.1750
2025-02-03 19:33:00,20.4225,32.1750
2025-02-03 19:48:00,20.4225,32.1750
2025-02-03 20:03:00,20.4225,32.1750
2025-02-03 20:18:00,20.4225,32.1750
2025-02-03 20:33:00,20.4225,32.1750
2025-02-03 20:48:00,20.4225,32.1750
2025-02-03 21:03:00,20.4225,32.1750
2025-02-03 21:18:00,20.4225,32.1750
2025-02-03 21:33:00,20.4225,32.1750
2025-02-03 21:48:00,20.4225,32.1750
2025-02-03 22:03:00,20.4225,32.1750
2025-02-03 22:18:00,20.4225,32.1750
2025-02-03 22:33:00,20.4225,32.1750
2025-02-03 22:48:00,20.4225,32.1750
2025-02-03 23:03:00,20.4225,32.1750
2025-02-03 23:18:00,20.4225,32.1750
2025-02-03 23:33:00,20.4225,32.1750
2025-02-03 23:48:00,20.4225,32.1750
2025-02-04 00:03:00,20.4225,32.1750
2025-02-04 00:18:00,20.4225,32.1750
2025-02-04 00:33:00,20.4225,32.1750
2025-02-04 00:48:00,20.4225,32.1750
2025-02-04 01:03:00,20.4225,32.1750
2025-02-04 01:18:00,20.4225,32.1750
2025-02-04 01:33:00,20.4225,32.1750
2025-02-04 01:48:00,20.4225,32.1750
2025-02-04 02:03:00,20.4225,32.1750
2025-02-04 02:18:00,20.4225,32.1750
2025-02-04 02:33:00,20.4225,32.1750
2025-02-04 02:48:00,20.4225,32.1750
2025-02-04 03:03:00,20.4225,32.1750
2025-02-04 03:18:00,20.4225,32.1750
2025-02-04 03:33:00,20.4225,32.1750
2025-02-04 03:48:00,20.4225,32.1750
2025-02-04 04:03:00,20.4225,32.1750
2025-02-04 04:18:00,20.4225,32.1750
2025-02-04 04:33:00,20.4225,32.1750
2025-02-04 04:48:00,20.4225,32.1750
2025-02-04 05:03:00,20.4225,32.1750
2025-02-04 05:18:00,20.4225,32.1750
2025-02-04 05:33:00,20.4225,32.1750
2025-02-04 05:48:00,20.4225,32.1750
2025-02-04 06:03:00,20.4225,32.1750
2025-02-04 06:18:00,20.4225,32.1750
2025-02-04 06:33:00,20.4225,32.1750
2025-02-04 06:48:00,20.4225,32.1750
2025-02-04 07:03:00,20.4225,32.1750
2025-02-04 07:18:00,20.4225,32.1750
2025-02-04 07:33:00,20.4225,32.1750
2025-02-04 07:48:00,20.4225,32.1750
2025-02-04 08:03:00,20.4225,32.1750
2025-02-04 08:18:00,20.4225,32.1750
2025-02-04 08:33:00,20.4225,32.1750
2025-02-04 08:48:00,20.4225,32.1750
2025-02-04 09:03:00,20.4225,32.1750
2025-02-04 09:18:00,20.4225,32.1750
2025-02-04 09:33:00,20.4225,32.1750
2025-02-04 09:48:00,20.4225,32.1750
2025-02-04 10:03:00,20.4225,32.1750
2025-02-04 10:18:00,20.4225,32.1750
2025-02-04 10:33:00,20.4225,32.1750
2025-02-04 10:48:00,20.4225,32.1750
2025-02-04 11:03:00,20.4225,32.1750
2025-02-04 11:18:00,20.4225,32.1750
2025-02-04 11:33:00,20.4225,32.1750
2025-02-04 11:48:00,20.4225,32.1750
2025-02-04 12:03:00,20.4225,32.1750
2025-02-04 12:18:00,20.4225,32.1750
2025-02-04 12:33:00,20.4225,32.1750
2025-02-04 12:48:00,20.4225,32.1750
2025-02-04 13:03:00,20.4225,32.1750
2025-02-04 13:18:00,20.4225,32.1750
2025-02-04 13:33:00,20.4225,32.1750
2025-02-04 13:48:00,20.4225,32.1750
2025-02-04 14:03:00,20.4225,32.1750
2025-02-04 14:18:00,20.4225,32.1750
2025-02-04 14:33:00,20.4225,32.1750
2025-02-04 14:48:00,20.4225,32.1750
2025-02-04 15:03:00,20.4225,32.1750
2025-02-04 15:18:00,20.4225,32.1750
2025-02-04 15:33:00,20.4225,32.1750
2025-02-04 15:48:00,20.4225,32.1750
2025-02-04 16:03:00,20.4225,32.1750
2025-02-04 16:18:00,20.4225,32.1750
2025-02-04 16:33:00,20.4225,32.1750
2025-02-04 16:48:00,20.4225,32.1750
2025-02-04 17:03:00,20.4225,32.1750
2025-02-04 17:18:00,20.4225,32.1750
2025-02-04 17:33:00,20.4225,32.1750
2025-02-04 17:48:00,20.4225,32.1750
2025-02-04 18:03:00,20.4225,32.1750
2025-02-04 18:18:00,20.4225,32.1750
2025-02-04 18:33:00,20.4225,32.1750
2025-02-04 18:48:00,20.4225,32.1750
2025-02-04 19:03:00,20.4225,32.1750
2025-02-04 19:18:00,20.4225,32.1750
2025-02-04 19:33:00,20.4225,32.1750
2025-02-04 19:48:00,20.4225,32.1750
2025-02-04 20:03:00,20.4225,32.1750
2025-02-04 20:18:00,20.4225,32.1750
2025-02-04 20:33:00,20.4225,32.1750
2025-02-04 20:48:00,20.4225,32.1750
2025-02-04 21:03:00,20.4225,32.1750
2025-02-04 21:18:00,20.4225,32.1750
2025-02-04 21:33:00,20.4225,32.1750
2025-02-04 21:48:00,20.4225,32.1750
2025-02-04 22:03:00,20.4225,32.1750
2025-02-04 22:18:00,20.4225,32.1750
2025-02-04 22:33:00,20.4225,32.1750
2025-02-04 22:48:00,20.4225,32.1750
2025-02-04 23:03:00,20.4225,32.1750
2025-02-04 23:18:00,20.4225,32.1750
2025-02-04 23:33:00,20.4225,32.1750
2025-02-04 23:48:00,20.4225,32.1750
2025-02-05 00:03:00,20.4225,32.1750
2025-02-05 00:18:00,20.4225,32.1750
2025-02-05 00:33:00,20.4225,32.1750
2025-02-05 00:48:00,20.4225,32.1750
2025-02-05 01:03:00,20.4225,32.1750
2025-02-05 01:18:00,20.4225,32.1750
2025-02-05 01:33:00,20.4225,32.1750
2025-02-05 01:48:00,20.4225,32.1750
2025-02-05 02:03:00,20.4225,32.1750
2025-02-05 02:18:00,20.4225,32.1750
2025-02-05 02:33:00,20.4225,32.1750
2025-02-05 02:48:00,20.4225,32.1750
2025-02-05 03:03:00,20.4225,32.1750
2025-02-05 03:18:00,20.4225,32.1750
2025-02-05 03:33:00,20.4225,32.1750
2025-02-05 03:48:00,20.4225,32.1750
2025-02-05 04:03:00,20.4225,32.1750
2025-02-05 04:18:00,20.4225,32.1750
2025-02-05 04:33:00,20.4225,32.1750
2025-02-05 04:48:00,20.4225,32.1750
2025-02-05 05:03:00,20.4225,32.1750
2025-02-05 05:18:00,20.4225,32.1750
2025-02-05 05:33:00,20.4225,32.1750
2025-02-05 05:48:00,20.4225,32.1750
2025-02-05 06:03:00,20.4225,32.1750
2025-02-05 06:18:00,20.4225,32.1750
2025-02-05 06:33:00,20.4225,32.1750
2025-02-05 06:48:00,20.4225,32.1750
2025-02-05 07:03:00,20.4225,32.1750
2025-02-05 07:18:00,20.4225,32.1750
2025-02-05 07:33:00,20.4225,32.1750
2025-02-05 07:48:00,20.4225,32.1750
2025-02-05 08:03:00,20.4225,32.1750
2025-02-05 08:18:00,20.4225,32.1750
2025-02-05 08:33:00,20.4225,32.1750
2025-02-05 08:48:00,20.4225,32.1750
2025-02-05 09:03:00,20.4225,32.1750
2025-02-05 09:18:00,20.4225,32.1750
2025-02-05 09:33:00,20.4225,32.1750
2025-02-05 09:48:00,20.4225,32.1750
2025-02-05 10:03:00,20.4225,32.1750
2025-02-05 10:18:00,20.4225,32.1750
2025-02-05 10:33:00,20.4225,32.1750
2025-02-05 10:48:00,20.4225,32.1750
2025-02-05 11:03:00,20.4225,32.1750
2025-02-05 11:18:00,20.4225,32.1750
2025-02-05 11:33:00,20.4225,32.1750
2025-02-05 11:48:00,20.4225,32.1750
2025-02-05 12:03:00,20.4225,32.1750
2025-02-05 12:18:00,20.4225,32.1750
2025-02-05 12:33:00,20.4225,32.1750
2025-02-05 12:48:00,20.4225,32.1750
2025-02-05 13:03:00,20.4225,32.1750
2025-02-05 13:18:00,20.4225,32.1750
2025-02-05 13:33:00,20.4225,32.1750
2025-02-05 13:48:00,20.4225,32.1750
2025-02-05 14:03:00,20.4225,32.1750
2025-02-05 14:18:00,20.4225,32.1750
2025-02-05 14:33:00,20.4225,32.1750
2025-02-05 14:48:00,20.4225,32.1750
2025-02-05 15:03:00,20.4225,32.1750
2025-02-05 15:18:00,20.4225,32.1750
2025-02-05 15:33:00,20.4225,32.1750
2025-02-05 15:48:00,20.4225,32.1750
2025-02-05 16:03:00,20.4225,32.1750
2025-02-05 16:18:00,20.4225,32.1750
2025-02-05 16:33:00,20.4225,32.1750
2025-02-05 16:48:00,20.4225,32.1750
2025-02-05 17:03:00,20.4225,32.1750
2025-02-05 17:18:00,20.4225,32.1750
2025-02-05 17:33:00,20.4225,32.1750
2025-02-05 17:48:00,20.4225,32.1750
2025-02-05 18:03:00,20.4225,32.1750
2025-02-05 18:18:00,20.4225,32.1750
2025-02-05 18:33:00,20.4225,32.1750
2025-02-05 18:48:00,20.4225,32.1750
2025-02-05 19:03:00,20.4225,32.1750
2025-02-05 19:18:00,20.4225,32.1750
2025-02-05 19:33:00,20.4225,32.1750
2025-02-05 19:48:00,20.4225,32.1750
2025-02-05 20:03:00,20.4225,32.1750
2025-02-05 20:18:00,20.4225,32.1750
2025-02-05 20:33:00,20.4225,32.1750
2025-02-05 20:48:00,20.4225,32.1750
2025-02-05 21:03:00,20.4225,32.1750
2025-02-05 21:18:00,20.4225,32.1750
2025-02-05 21:33:00,20.4225,32.1750
2025-02-05 21:48:00,20.4225,32.1750
2025-02-05 22:03:00,20.4225,32.1750
2025-02-05 22:18:00,20.4225,32.1750
2025-02-05 22:33:00,20.4225,32.1750
2025-02-05 22:48:00,20.4225,32.1750
2025-02-05 23:03:00,20.4225,32.1750
2025-02-05 23:18:00,20.4225,32.1750
2025-02-05 23:33:00,20.4225,32.1750
2025-02-05 23:48:00,20.4225,32.1750
2025-02-06 00:03:00,20.4225,32.1750
2025-02-06 00:18:00,20.4225,32.1750
2025-02-06 00:33:00,20.4225,32.1750
2025-02-06 00:48:00,20.4225,32.1750
2025-02-06 01:03:00,20.4225,32.1750
2025-02-06 01:18:00,20.4225,32.1750
2025-02-06 01:33:00,20.4225,32.1750
2025-02-06 01:48:00,20.4225,32.1750
2025-02-06 02:03:00,20.4225,32.1750
2025-02-06 02:18:00,20.4225,32.1750
2025-02-06 02:33:00,20.4225,32.1750
2025-02-06 02:48:00,20.4225,32.1750
2025-02-06 03:03:00,20.4225,32.1750
2025-02-06 03:18:00,20.4225,32.1750
2025-02-06 03:33:00,20.4225,32.1750
2025-02-06 03:48:00,20.4225,32.1750
2025-02-06 04:03:00,20.4225,32.1750
2025-02-06 04:18:00,20.4225,32.1750
2025-02-06 04:33:00,20.4225,32.1750
2025-02-06 04:48:00,20.4225,32.1750
2025-02-06 05:03:00,20.4225,32.1750
2025-02-06 05:18:00,20.4225,32.1750
2025-02-06 05:33:00,20.4225,32.1750
2025-02-06 05:48:00,20.4225,32.1750
2025-02-06 06:03:00,20.4225,32.1750
2025-02-06 06:18:00,20.4225,32.1750
2025-02-06 06:33:00,20.4225,32.1750
2025-02-06 06:48:00,20.4225,32.1750
2025-02-06 07:03:00,20.4225,32.1750
2025-02-06 07:18:00,20.4225,32.1750
2025-02-06 07:33:00,20.4225,32.1750
2025-02-06 07:48:00,20.4225,32.1750
2025-02-06 08:03:00,20.4225,32.1750
2025-02-06 08:18:00,20.4225,32.1750
2025-02-06 08:33:00,20.4225,32.1750
2025-02-06 08:48:00,20.4225,32.1750
2025-02-06 09:03:00,20.4225,32.1750
2025-02-06 09:18:00,20.4225,32.1750
2025-02-06 09:33:00,20.4225,32.1750
2025-02-06 09:48:00,20.4225,32.1750
2025-02-06 10:03:00,20.4225,32.1750
2025-02-06 10:18:00,20.4225,32.1750
2025-02-06 10:33:00,20.4225,32.1750
2025-02-06 10:48:00,20.4225,32.1750
2025-02-06 11:03:00,20.4225,32.1750
2025-02-06 11:18:00,20.4225,32.1750
2025-02-06 11:33:00,20.4225,32.1750
2025-02-06 11:48:00,20.4225,32.1750
2025-02-06 12:03:00,20.4225,32.1750
2025-02-06 12:18:00,20.4225,32.1750
2025-02-06 12:33:00,20.4225,32.1750
2025-02-06 12:48:00,20.4225,32.1750
2025-02-06 13:03:00,20.4225,32.1750
2025-02-06 13:18:00,20.4225,32.1750
2025-02-06 13:33:00,20.4225,32.1750
2025-02-06 13:48:00,20.4225,32.1750
2025-02-06 14:03:00,20.4225,32.1750
2025-02-06 14:18:00,20.4225,32.1750
2025-02-06 14:33:00,20.4225,32.1750
2025-02-06 14:48:00,20.4225,32.1750
2025-02-06 15:03:00,20.4225,32.1750
2025-02-06 15:18:00,20.4225,32.1750
2025-02-06 15:33:00,20.4225,32.1750
2025-02-06 15:48:00,20.4225,32.1750
2025-02-06 16:03:00,20.4225,32.1750
2025-02-06 16:18:00,20.4225,32.1750
2025-02-06 16:33:00,20.4225,32.1750
2025-02-06 16:48:00,20.4225,32.1750
2025-02-06 17:03:00,20.4225,32.1750
2025-02-06 17:18:00,20.4225,32.1750
2025-02-06 17:33:00,20.4225,32.1750
2025-02-06 17:48:00,20.4225,32.1750
2025-02-06 18:03:00,20.4225,32.1750
2025-02-06 18:18:00,20.4225,32.1750
2025-02-06 18:33:00,20.4225,32.1750
2025-02-06 18:48:00,20.4225,32.1750
2025-02-06 19:03:00,20.4225,32.1750
2025-02-06 19:18:00,20.4225,32.1750
2025-02-06 19:33:00,20.4225,32.1750
2025-02-06 19:48:00,20.4225,32.1750
2025-02-06 20:03:00,20.4225,32.1750
2025-02-06 20:18:00,20.4225,32.1750
2025-02-06 20:33:00,20.4225,32.1750
2025-02-06 20:48:00,20.4225,32.1750
2025-02-06 21:03:00,20.4225,32.1750
2025-02-06 21:18:00,20.4225,32.1750
2025-02-06 21:33:00,20.4225,32.1750
2025-02-06 21:48:00,20.4225,32.1750
2025-02-06 22:03:00,20.4225,32.1750
2025-02-06 22:18:00,20.4225,32.1750
2025-02-06 22:33:00,20.4225,32.1750
2025-02-06 22:48:00,20.4225,32.1750
2025-02-06 23:03:00,20.4225,32.1750
2025-02-06 23:18:00,20.4225,32.1750
2025-02-06 23:33:00,20.4225,32.1750
2025-02-06 23:48:00,20.4225,32.1750
2025-02-07 00:03:00,20.4225,32.1750
2025-02-07 00:18:00,20.4225,32.1750
2025-02-07 00:33:00,20.4225,32.1750
2025-02-07 00:48:00,20.4225,32.1750
2025-02-07 01:03:00,20.4225,32.1750
2025-02-07 01:18:00,20.4225,32.1750
2025-02-07 01:33:00,20.4225,32.1750
2025-02-07 01:48:00,20.4225,32.1750
2025-02-07 02:03:00,20.4225,32.1750
2025-02-07 02:18:00,20.4225,32.1750
2025-02-07 02:33:00,20.4225,32.1750
2025-02-07 02:48:00,20.4225,32.1750
2025-02-07 03:03:00,20.4225,32.1750
2025-02-07 03:18:00,20.4225,32.1750
2025-02-07 03:33:00,20.4225,32.1750
2025-02-07 03:48:00,20.4225,32.1750
2025-02-07 04:03:00,20.4225,32.1750
2025-02-07 04:18:00,20.4225,32.1750
2025-02-07 04:33:00,20.4225,32.1750
2025-02-07 04:48:00,20.4225,32.1750
2025-02-07 05:03:00,20.4225,32.1750
2025-02-07 05:18:00,20.4225,32.1750
2025-02-07 05:33:00,20.4225,32.1750
2025-02-07 05:48:00,20.4225,32.1750
2025-02-07 06:03:00,20.4225,32.1750
2025-02-07 06:18:00,20.4225,32.1750
2025-02-07 06:33:00,20.4225,32.1750
2025-02-07 06:48:00,20.4225,32.1750
2025-02-07 07:03:00,20.4225,32.1750
2025-02-07 07:18:00,20.4225,32.1750
2025-02-07 07:33:00,20.4225,32.1750
2025-02-07 07:48:00,20.4225,32.1750
2025-02-07 08:03:00,20.4225,32.1750
2025-02-07 08:18:00,20.4225,32.1750
2025-02-07 08:33:00,20.4225,32.1750
2025-02-07 08:48:00,20.4225,32.1750
2025-02-07 09:03:00,20.4225,32.1750
2025-02-07 09:18:00,20.4225,32.1750
2025-02-07 09:33:00,20.4225,32.1750
2025-02-07 09:48:00,20.4225,32.1750
2025-02-07 10:03:00,20.4225,32.1750
2025-02-07 10:18:00,20.4225,32.1750
2025-02-07 10:33:00,20.4225,32.1750
2025-02-07 10:48:00,20.4225,32.1750
2025-02-07 11:03:00,20.4225,32.1750
2025-02-07 11:18:00,20.4225,32.1750
2025-02-07 11:33:00,20.4225,32.1750
2025-02-07 11:48:00,20.4225,32.1750
2025-02-07 12:03:00,20.4225,32.1750
2025-02-07 12:18:00,20.4225,32.1750
2025-02-07 12:33:00,20.4225,32.1750
2025-02-07 12:48:00,20.4225,32.1750
2025-02-07 13:03:00,20.4225,32.1750
2025-02-07 13:18:00,20.4225,32.1750
2025-02-07 13:33:00,20.4225,32.1750
2025-02-07 13:48:00,20.4225,32.1750
2025-02-07 14:03:00,20.4225,32.1750
2025-02-07 14:18:00,20.4225,32.1750
2025-02-07 14:33:00,20.4225,32.1750
2025-02-07 14:48:00,20.4225,32.1750
2025-02-07 15:03:00,20.4225,32.1750
2025-02-07 15:18:00,20.4225,32.1750
2025-02-07 15:33:00,20.4225,32.1750
2025-02-07 15:48:00,20.4225,32.1750
2025-02-07 16:03:00,20.4225,32.1750
2025-02-07 16:18:00,20.4225,32.1750
2025-02-07 16:33:00,20.4225,32.1750
2025-02-07 16:48:00,20.4225,32.1750
2025-02-07 17:03:00,20.4225,32.1750
2025-02-07 17:18:00,20.4225,32.1750
2025-02-07 17:33:00,20.4225,32.1750
2025-02-07 17:48:00,20.4225,32.1750
2025-02-07 18:03:00,20.4225,32.1750
2025-02-07 18:18:00,20.4225,32.1750
2025-02-07 18:33:00,20.4225,32.1750
2025-02-07 18:48:00,20.4225,32.1750
2025-02-07 19:03:00,20.4225,32.1750
2025-02-07 19:18:00,20.4225,32.1750
2025-02-07 19:33:00,20.4225,32.1750
2025-02-07 19:48:00,20.4225,32.1750
2025-02-07 20:03:00,20.4225,32.1750
2025-02-07 20:18:00,20.4225,32.1750
2025-02-07 20:33:00,20.4225,32.1750
2025-02-07 20:48:00,20.4225,32.1750
2025-02-07 21:03:00,20.4225,32.1750
2025-02-07 21:18:00,20.4225,32.1750
2025-02-07 21:33:00,20.4225,32.1750
2025-02-07 21:48:00,20.4225,32.1750
2025-02-07 22:03:00,20.4225,32.1750
2025-02-07 22:18:00,20.4225,32.1750
2025-02-07 22:33:00,20.4225,32.1750
2025-02-07 22:48:00,20.4225,32.1750
2025-02-07 23:03:00,20.4225,32.1750
2025-02-07 23:18:00,20.4225,32.1750
2025-02-07 23:33:00,20.4225,32.1750
2025-02-07 23:48:00,20.4225,32.1750
2025-02-08 00:03:00,20.4225,32.1750
2025-02-08 00:18:00,20.4225,32.1750
2025-02-08 00:33:00,20.4225,32.1750
2025-02-08 00:48:00,20.4225,32.1750
2025-02-08 01:03:00,20.4225,32.1750
2025-02-08 01:18:00,20.4225,32.1750
2025-02-08 01:33:00,20.4225,32.1750
2025-02-08 01:48:00,20.4225,32.1750
2025-02-08 02:03:00,20.4225,32.1750
2025-02-08 02:18:00,20.4225,32.1750
2025-02-08 02:33:00,20.4225,32.1750
2025-02-08 02:48:00,20.4225,32.1750
2025-02-08 03:03:00,20.4225,32.1750
2025-02-08 03:18:00,20.4225,32.1750
2025-02-08 03:33:00,20.4225,32.1750
2025-02-08 03:48:00,20.4225,32.1750
2025-02-08 04:03:00,20.4225,32.1750
2025-02-08 04:18:00,20.4225,32.1750
2025-02-08 04:33:00,20.4225,32.1750
2025-02-08 04:48:00,20.4225,32.1750
2025-02-08 05:03:00,20.4225,32.1750
2025-02-08 05:18:00,20.4225,32.1750
2025-02-08 05:33:00,20.4225,32.1750
2025-02-08 05:48:00,20.4225,32.1750
2025-02-08 06:03:00,20.4225,32.1750
2025-02-08 06:18:00,20.4225,32.1750
2025-02-08 06:33:00,20.4225,32.1750
2025-02-08 06:48:00,20.4225,32.1750
2025-02-08 07:03:00,20.4225,32.1750
2025-02-08 07:18:00,20.4225,32.1750
2025-02-08 07:33:00,20.4225,32.1750
2025-02-08 07:48:00,20.4225,32.1750
2025-02-08 08:03:00,20.4225,32.1750
2025-02-08 08:18:00,20.4225,32.1750
2025-02-08 08:33:00,20.4225,32.1750
2025-02-08 08:48:00,20.4225,32.1750
2025-02-08 09:03:00,20.4225,32.1750
2025-02-08 09:18:00,20.4225,32.1750
2025-02-08 09:33:00,20.4225,32.1750
2025-02-08 09:48:00,20.4225,32.1750
2025-02-08 10:03:00,20.4225,32.1750
2025-02-08 10:18:00,20.4225,32.1750
2025-02-08 10:33:00,20.4225,32.1750
2025-02-08 10:48:00,20.4225,32.1750
2025-02-08 11:03:00,20.4225,32.1750
2025-02-08 11:18:00,20.4225,32.1750
2025-02-08 11:33:00,20.4225,32.1750
2025-02-08 11:48:00,20.4225,32.1750
2025-02-08 12:03:00,20.4225,32.1750
2025-02-08 12:18:00,20.4225,32.1750
2025-02-08 12:33:00,20.4225,32.1750
2025-02-08 12:48:00,20.4225,32.1750
2025-02-08 13:03:00,20.4225,32.1750
2025-02-08 13:18:00,20.4225,32.1750
2025-02-08 13:33:00,20.4225,32.1750
2025-02-08 13:48:00,20.4225,32.1750
2025-02-08 14:03:00,20.4225,32.1750
2025-02-08 14:18:00,20.4225,32.1750
2025-02-08 14:33:00,20.4225,32.1750
2025-02-08 14:48:00,20.4225,32.1750
2025-02-08 15:03:00,20.4225,32.1750
2025-02-08 15:18:00,20.4225,32.1750
2025-02-08 15:33:00,20.4225,32.1750
2025-02-08 15:48:00,20.4225,32.1750
2025-02-08 16:03:00,20.4225,32.1750
2025-02-08 16:18:00,20.4225,32.1750
2025-02-08 16:33:00,20.4225,32.1750
2025-02-08 16:48:00,20.4225,32.1750
2025-02-08 17:03:00,20.4225,32.1750
2025-02-08 17:18:00,20.4225,32.1750
2025-02-08 17:33:00,20.4225,32.1750
2025-02-08 17:48:00,20.4225,32.1750
2025-02-08 18:03:00,20.4225,32.1750
2025-02-08 18:18:00,20.4225,32.1750
2025-02-08 18:33:00,20.4225,32.1750
2025-02-08 18:48:00,20.4225,32.1750
2025-02-08 19:03:00,20.4225,32.1750
2025-02-08 19:18:00,20.4225,32.1750
2025-02-08 19:33:00,20.4225,32.1750
2025-02-08 19:48:00,20.4225,32.1750
2025-02-08 20:03:00,20.4225,32.1750
2025-02-08 20:18:00,20.4225,32.1750
2025-02-08 20:33:00,20.4225,32.1750
2025-02-08 20:48:00,20.4225,32.1750
2025-02-08 21:03:00,20.4225,32.1750
2025-02-08 21:18:00,20.4225,32.1750
2025-02-08 21:33:00,20.4225,32.1750
2025-02-08 21:48:00,20.4225,32.1750
2025-02-08 22:03:00,20.4225,32.1750
2025-02-08 22:18:00,20.4225,32.1750
2025-02-08 22:33:00,20.4225,32.1750
2025-02-08 22:48:00,20.4225,32.1750
2025-02-08 23:03:00,20.4225,32.1750
2025-02-08 23:18:00,20.4225,32.1750
2025-02-08 23:33:00,20.4225,32.1750
2025-02-08 23:48:00,20.4225,32.1750
2025-02-09 00:03:00,20.4225,32.1750
2025-02-09 00:18:00,20.4225,32.1750
2025-02-09 00:33:00,20.4225,32.1750
2025-02-09 00:48:00,20.4225,32.1750
2025-02-09 01:03:00,20.4225,32.1750
2025-02-09 01:18:00,20.4225,32.1750
2025-02-09 01:33:00,20.4225,32.1750
2025-02-09 01:48:00,20.4225,32.1750
2025-02-09 02:03:00,20.4225,32.1750
2025-02-09 02:18:00,20.4225,32.1750
2025-02-09 02:33:00,20.4225,32.1750
2025-02-09 02:48:00,20.4225,32.1750
2025-02-09 03:03:00,20.4225,32.1750
2025-02-09 03:18:00,20.4225,32.1750
2025-02-09 03:33:00,20.4225,32.1750
2025-02-09 03:48:00,20.4225,32.1750
2025-02-09 04:03:00,20.4225,32.1750
2025-02-09 04:18:00,20.4225,32.1750
2025-02-09 04:33:00,20.4225,32.1750
2025-02-09 04:48:00,20.4225,32.1750
2025-02-09 05:03:00,20.4225,32.1750
2025-02-09 05:18:00,20.4225,32.1750
2025-02-09 05:33:00,20.4225,32.1750
2025-02-09 05:48:00,20.4225,32.1750
2025-02-09 06:03:00,20.4225,32.1750
2025-02-09 06:18:00,20.4225,32.1750
2025-02-09 06:33:00,20.4225,32.1750
2025-02-09 06:48:00,20.4225,32.1750
2025-02-09 07:03:00,20.4225,32.1750
2025-02-09 07:18:00,20.4225,32.1750
2025-02-09 07:33:00,20.4225,32.1750
2025-02-09 07:48:00,20.4225,32.1750
2025-02-09 08:03:00,20.4225,32.1750
2025-02-09 08:18:00,20.4225,32.1750
2025-02-09 08:33:00,20.4225,32.1750
2025-02-09 08:48:00,20.4225,32.1750
2025-02-09 09:03:00,20.4225,32.1750
2025-02-09 09:18:00,20.4225,32.1750
2025-02-09 09:33:00,20.4225,32.1750
2025-02-09 09:48:00,20.4225,32.1750
2025-02-09 10:03:00,20.4225,32.1750
2025-02-09 10:18:00,20.4225,32.1750
2025-02-09 10:33:00,20.4225,32.1750
2025-02-09 10:48:00,20.4225,32.1750
2025-02-09 11:03:00,20.4225,32.1750
2025-02-09 11:18:00,20.4225,32.1750
2025-02-09 11:33:00,20.4225,32.1750
2025-02-09 11:48:00,20.4225,32.1750
2025-02-09 12:03:00,20.4225,32.1750
2025-02-09 12:18:00,20.4225,32.1750
2025-02-09 12:33:00,20.4225,32.1750
2025-02-09 12:48:00,20.4225,32.1750
2025-02-09 13:03:00,20.4225,32.1750
2025-02-09 13:18:00,20.4225,32.1750
2025-02-09 13:33:00,20.4225,32.1750
2025-02-09 13:48:00,20.4225,32.1750
2025-02-09 14:03:00,20.4225,32.1750
2025-02-09 14:18:00,20.4225,32.1750
2025-02-09 14:33:00,20.4225,32.1750
2025-02-09 14:48:00,20.4225,32.1750
2025-02-09 15:03:00,20.4225,32.1750
2025-02-09 15:18:00,20.4225,32.1750
2025-02-09 15:33:00,20.4225,32.1750
2025-02-09 15:48:00,20.4225,32.1750
2025-02-09 16:03:00,20.4225,32.1750
2025-02-09 16:18:00,20.4225,32.1750
2025-02-09 16:33:00,20.4225,32.1750
2025-02-09 16:48:00,20.4225,32.1750
2025-02-09 17:03:00,20.4225,32.1750
2025-02-09 17:18:00,20.4225,32.1750
2025-02-09 17:33:00,20.4225,32.1750
2025-02-09 17:48:00,20.4225,32.1750
2025-02-09 18:03:00,20.4225,32.1750
2025-02-09 18:18:00,20.4225,32.1750
2025-02-09 18:33:00,20.4225,32.1750
2025-02-09 18:48:00,20.4225,32.1750
2025-02-09 19:03:00,20.4225,32.1750
2025-02-09 19:18:00,20.4225,32.1750
2025-02-09 19:33:00,20.4225,32.1750
2025-02-09 19:48:00,20.4225,32.1750
2025-02-09 20:03:00,20.4225,32.1750
2025-02-09 20:18:00,20.4225,32.1750
2025-02-09 20:33:00,20.4225,32.1750
2025-02-09 20:48:00,20.4225,32.1750
2025-02-09 21:03:00,20.4225,32.1750
2025-02-09 21:18:00,20.4225,32.1750
2025-02-09 21:33:00,20.4225,32.1750
2025-02-09 21:48:00,20.4225,32.1750
2025-02-09 22:03:00,20.4225,32.1750
2025-02-09 22:18:00,20.4225,32.1750
2025-02-09 22:33:00,20.4225,32.1750
2025-02-09 22:48:00,20.4225,32.1750
2025-02-09 23:03:00,20.4225,32.1750
2025-02-09 23:18:00,20.4225,32.1750
2025-02-09 23:33:00,20.4225,32.1750
2025-02-09 23:48:00,20.4225,32.1750
2025-02-10 00:03:00,20.4225,32.1750
2025-02-10 00:18:00,20.4225,32.1750
2025-02-10 00:33:00,20.4225,32.1750
2025-02-10 00:48:00,20.4225,32.1750
2025-02-10 01:03:00,20.4225,32.1750
2025-02-10 01:18:00,20.4225,32.1750
2025-02-10 01:33:00,20.4225,32.1750
2025-02-10 01:48:00,20.4225,32.1750
2025-02-10 02:03:00,20.4225,32.1750
2025-02-10 02:18:00,20.4225,32.1750
2025-02-10 02:33:00,20.4225,32.1750
2025-02-10 02:48:00,20.4225,32.1750
2025-02-10 03:03:00,20.4225,32.1750
2025-02-10 03:18:00,20.4225,32.1750
2025-02-10 03:33:00,20.4225,32.1750
2025-02-10 03:48:00,20.4225,32.1750
2025-02-10 04:03:00,20.4225,32.1750
2025-02-10 04:18:00,20.4225,32.1750
2025-02-10 04:33:00,20.4225,32.1750
2025-02-10 04:48:00,20.4225,32.1750
2025-02-10 05:03:00,20.4225,32.1750
2025-02-10 05:18:00,20.4225,32.1750
2025-02-10 05:33:00,20.4225,32.1750
2025-02-10 05:48:00,20.4225,32.1750
2025-02-10 06:03:00,20.4225,32.1750
2025-02-10 06:18:00,20.4225,32.1750
2025-02-10 06:33:00,20.4225,32.1750
2025-02-10 06:48:00,20.4225,32.1750
2025-02-10 07:03:00,20.4225,32.1750
2025-02-10 07:18:00,20.4225,32.1750
2025-02-10 07:33:00,20.4225,32.1750
2025-02-10 07:48:00,20.4225,32.1750
2025-02-10 08:03:00,20.4225,32.1750
2025-02-10 08:18:00,20.4225,32.1750
2025-02-10 08:33:00,20.4225,32.1750
2025-02-10 08:48:00,20.4225,32.1750
2025-02-10 09:03:00,20.4225,32.1750
2025-02-10 09:18:00,20.4225,32.1750
2025-02-10 09:33:00,20.4225,32.1750
2025-02-10 09:48:00,20.4225,32.1750
2025-02-10 10:03:00,20.4225,32.1750
2025-02-10 10:18:00,20.4225,32.1750
2025-02-10 10:33:00,20.4225,32.1750
2025-02-10 10:48:00,20.4225,32.1750
2025-02-10 11:03:00,20.4225,32.1750
2025-02-10 11:18:00,20.4225,32.1750
2025-02-10 11:33:00,20.4225,32.1750
2025-02-10 11:48:00,20.4225,32.1750
2025-02-10 12:03:00,20.4225,32.1750
2025-02-10 12:18:00,20.4225,32.1750
2025-02-10 12:33:00,20.4225,32.1750
2025-02-10 12:48:00,20.4225,32.1750
2025-02-10 13:03:00,20.4225,32.1750
2025-02-10 13:18:00,20.4225,32.1750
2025-02-10 13:33:00,20.4225,32.1750
2025-02-10 13:48:00,20.4225,32.1750
2025-02-10 14:03:00,20.4225,32.1750
2025-02-10 14:18:00,20.4225,32.1750
2025-02-10 14:33:00,20.4225,32.1750
2025-02-10 14:48:00,20.4225,32.1750
2025-02-10 15:03:00,20.4225,32.1750
2025-02-10 15:18:00,20.4225,32.1750
2025-02-10 15:33:00,20.4225,32.1750
2025-02-10 15:48:00,20.4225,32.1750
2025-02-10 16:03:00,20.4225,32.1750
2025-02-10 16:18:00,20.4225,32.1750
2025-02-10 16:33:00,20.4225,32.1750
2025-02-10 16:48:00,20.4225,32.1750
2025-02-10 17:03:00,20.4225,32.1750
2025-02-10 17:18:00,20.4225,32.1750
2025-02-10 17:33:00,20.4225,32.1750
2025-02-10 17:48:00,20.4225,32.1750
2025-02-10 18:03:00,20.4225,32.1750
2025-02-10 18:18:00,20.4225,32.1750
2025-02-10 18:33:00,20.4225,32.1750
2025-02-10 18:48:00,20.4225,32.1750
2025-02-10 19:03:00,20.4225,32.1750
2025-02-10 19:18:00,20.4225,32.1750
2025-02-10 19:33:00,20.4225,32.1750
2025-02-10 19:48:00,20.4225,32.1750
2025-02-10 20:03:00,20.4225,32.1750
2025-02-10 20:18:00,20.4225,32.1750
2025-02-10 20:33:00,20.4225,32.1750
2025-02-10 20:48:00,20.4225,32.1750
2025-02-10 21:03:00,20.4225,32.1750
2025-02-10 21:18:00,20.4225,32.1750
2025-02-10 21:33:00,20.4225,32.1750
2025-02-10 21:48:00,20.4225,32.1750
2025-02-10 22:03:00,20.4225,32.1750
2025-02-10 22:18:00,20.4225,32.1750
2025-02-10 22:33:00,20.4225,32.1750
2025-02-10 22:48:00,20.4225,32.1750
2025-02-10 23:03:00,20.4225,32.1750
2025-02-10 23:18:00,20.4225,32.1750
2025-02-10 23:33:00,20.4225,32.1750
2025-02-10 23:48:00,20.4225,32.1750
2025-02-11 00:03:00,20.4225,32.1750
2025-02-11 00:18:00,20.4225,32.1750
2025-02-11 00:33:00,20.4225,32.1750
2025-02-11 00:48:00,20.4225,32.1750
2025-02-11 01:03:00,20.4225,32.1750
2025-02-11 01:18:00,20.4225,32.1750
2025-02-11 01:33:00,20.4225,32.1750
2025-02-11 01:48:00,20.4225,32.1750
2025-02-11 02:03:00,20.4225,32.1750
2025-02-11 02:18:00,20.4225,32.1750
2025-02-11 02:33:00,20.4225,32.1750
2025-02-11 02:48:00,20.4225,32.1750
2025-02-11 03:03:00,20.4225,32.1750
2025-02-11 03:18:00,20.4225,32.1750
2025-02-11 03:33:00,20.4225,32.1750
2025-02-11 03:48:00,20.4225,32.1750
2025-02-11 04:03:00,20.4225,32.1750
2025-02-11 04:18:00,20.4225,32.1750
2025-02-11 04:33:00,20.4225,32.1750
2025-02-11 04:48:00,20.4225,32.1750
2025-02-11 05:03:00,20.4225,32.1750
2025-02-11 05:18:00,20.4225,32.1750
2025-02-11 05:33:00,20.4225,32.1750
2025-02-11 05:48:00,20.4225,32.1750
2025-02-11 06:03:00,20.4225,32.1750
2025-02-11 06:18:00,20.4225,32.1750
2025-02-11 06:33:00,20.4225,32.1750
2025-02-11 06:48:00,20.4225,32.1750
2025-02-11 07:03:00,20.4225,32.1750
2025-02-11 07:18:00,20.4225,32.1750
2025-02-11 07:33:00,20.4225,32.1750
2025-02-11 07:48:00,20.4225,32.1750
2025-02-11 08:03:00,20.4225,32.1750
2025-02-11 08:18:00,20.4225,32.1750
2025-02-11 08:33:00,20.4225,32.1750
2025-02-11 08:48:00,20.4225,32.1750
2025-02-11 09:03:00,20.4225,32.1750
2025-02-11 09:18:00,20.4225,32.1750
2025-02-11 09:33:00,20.4225,32.1750
2025-02-11 09:48:00,20.4225,32.1750
2025-02-11 10:03:00,20.4225,32.1750
2025-02-11 10:18:00,20.4225,32.1750
2025-02-11 10:33:00,20.4225,32.1750
2025-02-11 10:48:00,20.4225,32.1750
2025-02-11 11:03:00,20.4225,32.1750
2025-02-11 11:18:00,20.4225,32.1750
2025-02-11 11:33:00,20.4225,32.1750
2025-02-11 11:48:00,20.4225,32.1750
2025-02-11 12:03:00,20.4225,32.1750
2025-02-11 12:18:00,20.4225,32.1750
2025-02-11 12:33:00,20.4225,32.1750
2025-02-11 12:48:00,20.4225,32.1750
2025-02-11 13:03:00,20.4225,32.1750
2025-02-11 13:18:00,20.4225,32.1750
2025-02-11 13:33:00,20.4225,32.1750
2025-02-11 13:48:00,20.4225,32.1750
2025-02-11 14:03:00,20.4225,32.1750
2025-02-11 14:18:00,20.4225,32.1750
2025-02-11 14:33:00,20.4225,32.1750
2025-02-11 14:48:00,20.4225,32.1750
2025-02-11 15:03:00,20.4225,32.1750
2025-02-11 15:18:00,20.4225,32.1750
2025-02-11 15:33:00,20.4225,32.1750
2025-02-11 15:48:00,20.4225,32.1750
2025-02-11 16:03:00,20.4225,32.1750
2025-02-11 16:18:00,20.4225,32.1750
2025-02-11 16:33:00,20.4225,32.1750
2025-02-11 16:48:00,20.4225,32.1750
2025-02-11 17:03:00,20.4225,32.1750
2025-02-11 17:18:00,20.4225,32.1750
2025-02-11 17:33:00,20.4225,32.1750
2025-02-11 17:48:00,20.4225,32.1750
2025-02-11 18:03:00,20.4225,32.1750
2025-02-11 18:18:00,20.4225,32.1750
2025-02-11 18:33:00,20.4225,32.1750
2025-02-11 18:48:00,20.4225,32.1750
2025-02-11 19:03:00,20.4225,32.1750
2025-02-11 19:18:00,20.4225,32.1750
2025-02-11 19:33:00,20.4225,32.1750
2025-02-11 19:48:00,20.4225,32.1750
2025-02-11 20:03:00,20.4225,32.1750
2025-02-11 20:18:00,20.4225,32.1750
2025-02-11 20:33:00,20.4225,32.1750
2025-02-11 20:48:00,20.4225,32.1750
2025-02-11 21:03:00,20.4225,32.1750
2025-02-11 21:18:00,20.4225,32.1750
2025-02-11 21:33:00,20.4225,32.1750
2025-02-11 21:48:00,20.4225,32.1750
2025-02-11 22:03:00,20.4225,32.1750
2025-02-11 22:18:00,20.4225,32.1750
2025-02-11 22:33:00,20.4225,32.1750
2025-02-11 22:48:00,20.4225,32.1750
2025-02-11 23:03:00,20.4225,32.1750
2025-02-11 23:18:00,20.4225,32.1750
2025-02-11 23:33:00,20.4225,32.1750
2025-02-11 23:48:00,20.4225,32.1750
2025-02-12 00:03:00,20.4225,32.1750
2025-02-12 00:18:00,20.4225,32.1750
2025-02-12 00:33:00,20.4225,32.1750
2025-02-12 00:48:00,20.4225,32.1750
2025-02-12 01:03:00,20.4225,32.1750
2025-02-12 01:18:00,20.4225,32.1750
2025-02-12 01:33:00,20.4225,32.1750
2025-02-12 01:48:00,20.4225,32.1750
2025-02-12 02:03:00,20.4225,32.1750
2025-02-12 02:18:00,20.4225,32.1750
2025-02-12 02:33:00,20.4225,32.1750
2025-02-12 02:48:00,20.4225,32.1750
2025-02-12 03:03:00,20.4225,32.1750
2025-02-12 03:18:00,20.4225,32.1750
2025-02-12 03:33:00,20.4225,32.1750
2025-02-12 03:48:00,20.4225,32.1750
2025-02-12 04:03:00,20.4225,32.1750
2025-02-12 04:18:00,20.4225,32.1750
2025-02-12 04:33:00,20.4225,32.1750
2025-02-12 04:48:00,20.4225,32.1750
2025-02-12 05:03:00,20.4225,32.1750
2025-02-12 05:18:00,20.4225,32.1750
2025-02-12 05:33:00,20.4225,32.1750
2025-02-12 05:48:00,20.4225,32.1750
2025-02-12 06:03:00,20.4225,32.1750
2025-02-12 06:18:00,20.4225,32.1750
2025-02-12 06:33:00,20.4225,32.1750
2025-02-12 06:48:00,20.4225,32.1750
2025-02-12 07:03:00,20.4225,32.1750
2025-02-12 07:18:00,20.4225,32.1750
2025-02-12 07:33:00,20.4225,32.1750
2025-02-12 07:48:00,20.4225,32.1750
2025-02-12 08:03:00,20.4225,32.1750
2025-02-12 08:18:00,20.4225,32.1750
2025-02-12 08:33:00,20.4225,32.1750
2025-02-12 08:48:00,20.4225,32.1750
2025-02-12 09:03:00,20.4225,32.1750
2025-02-12 09:18:00,20.4225,32.1750
2025-02-12 09:33:00,20.4225,32.1750
2025-02-12 09:48:00,20.4225,32.1750
2025-02-12 10:03:00,20.4225,32.1750
2025-02-12 10:18:00,20.4225,32.1750
2025-02-12 10:33:00,20.4225,32.1750
2025-02-12 10:48:00,20.4225,32.1750
2025-02-12 11:03:00,20.4225,32.1750
2025-02-12 11:18:00,20.4225,32.1750
2025-02-12 11:33:00,20.4225,32.1750
2025-02-12 11:48:00,20.4225,32.1750
2025-02-12 12:03:00,20.4225,32.1750
2025-02-12 12:18:00,20.4225,32.1750
2025-02-12 12:33:00,20.4225,32.1750
2025-02-12 12:48:00,20.4225,32.1750
2025-02-12 13:03:00,20.4225,32.1750
2025-02-12 13:18:00,20.4225,32.1750
2025-02-12 13:33:00,20.4225,32.1750
2025-02-12 13:48:00,20.4225,32.1750
2025-02-12 14:03:00,20.4225,32.1750
2025-02-12 14:18:00,20.4225,32.1750
2025-02-12 14:33:00,20.4225,32.1750
2025-02-12 14:48:00,20.4225,32.1750
2025-02-12 15:03:00,20.4225,32.1750
2025-02-12 15:18:00,20.4225,32.1750
2025-02-12 15:33:00,20.4225,32.1750
2025-02-12 15:48:00,20.4225,32.1750
2025-02-12 16:03:00,20.4225,32.1750
2025-02-12 16:18:00,20.4225,32.1750
2025-02-12 16:33:00,20.4225,32.1750
2025-02-12 16:48:00,20.4225,32.1750
2025-02-12 17:03:00,20.4225,32.1750
2025-02-12 17:18:00,20.4225,32.1750
2025-02-12 17:33:00,20.4225,32.1750
2025-02-12 17:48:00,20.4225,32.1750
2025-02-12 18:03:00,20.4225,32.1750
2025-02-12 18:18:00,20.4225,32.1750
2025-02-12 18:33:00,20.4225,32.1750
2025-02-12 18:48:00,20.4225,32.1750
2025-02-12 19:03:00,20.4225,32.1750
2025-02-12 19:18:00,20.4225,32.1750
2025-02-12 19:33:00,20.4225,32.1750
2025-02-12 19:48:00,20.4225,32.1750
2025-02-12 20:03:00,20.4225,32.1750
2025-02-12 20:18:00,20.4225,32.1750
2025-02-12 20:33:00,20.4225,32.1750
2025-02-12 20:48:00,20.4225,32.1750
2025-02-12 21:03:00,20.4225,32.1750
2025-02-12 21:18:00,20.4225,32.1750
2025-02-12 21:33:00,20.4225,32.1750
2025-02-12 21:48:00,20.4225,32.1750
2025-02-12 22:03:00,20.4225,32.1750
2025-02-12 22:18:00,20.4225,32.1750
2025-02-12 22:33:00,20.4225,32.1750
2025-02-12 22:48:00,20.4225,32.1750
2025-02-12 23:03:00,20.4225,32.1750
2025-02-12 23:18:00,20.4225,32.1750
2025-02-12 23:33:00,20.4225,32.1750
2025-02-12 23:48:00,20.4225,32.1750
2025-02-13 00:03:00,20.4225,32.1750
2025-02-13 00:18:00,20.4225,32.1750
2025-02-13 00:33:00,20.4225,32.1750
2025-02-13 00:48:00,20.4225,32.1750
2025-02-13 01:03:00,20.4225,32.1750
2025-02-13 01:18:00,20.4225,32.1750
2025-02-13 01:33:00,20.4225,32.1750
2025-02-13 01:48:00,20.4225,32.1750
2025-02-13 02:03:00,20.4225,32.1750
2025-02-13 02:18:00,20.4225,32.1750
2025-02-13 02:33:00,20.4225,32.1750
2025-02-13 02:48:00,20.4225,32.1750
2025-02-13 03:03:00,20.4225,32.1750
2025-02-13 03:18:00,20.4225,32.1750
2025-02-13 03:33:00,20.4225,32.1750
2025-02-13 03:48:00,20.4225,32.1750
2025-02-13 04:03:00,20.4225,32.1750
2025-02-13 04:18:00,20.4225,32.1750
2025-02-13 04:33:00,20.4225,32.1750
2025-02-13 04:48:00,20.4225,32.1750
2025-02-13 05:03:00,20.4225,32.1750
2025-02-13 05:18:00,20.4225,32.1750
2025-02-13 05:33:00,20.4225,32.1750
2025-02-13 05:48:00,20.4225,32.1750
2025-02-13 06:03:00,20.4225,32.1750
2025-02-13 06:18:00,20.4225,32.1750
2025-02-13 06:33:00,20.4225,32.1750
2025-02-13 06:48:00,20.4225,32.1750
2025-02-13 07:03:00,20.4225,32.1750
2025-02-13 07:18:00,20.4225,32.1750
2025-02-13 07:33:00,20.4225,32.1750
2025-02-13 07:48:00,20.4225,32.1750
2025-02-13 08:03:00,20.4225,32.1750
2025-02-13 08:18:00,20.4225,32.1750
2025-02-13 08:33:00,20.4225,32.1750
2025-02-13 08:48:00,20.4225,32.1750
2025-02-13 09:03:00,20.4225,32.1750
2025-02-13 09:18:00,20.4225,32.1750
2025-02-13 09:33:00,20.4225,32.1750
2025-02-13 09:48:00,20.4225,32.1750
2025-02-13 10:03:00,20.4225,32.1750
2025-02-13 10:18:00,20.4225,32.1750
2025-02-13 10:33:00,20.4225,32.1750
2025-02-13 10:48:00,20.4225,32.1750
2025-02-13 11:03:00,20.4225,32.1750
2025-02-13 11:18:00,20.4225,32.1750
2025-02-13 11:33:00,20.4225,32.1750
2025-02-13 11:48:00,20.4225,32.1750
2025-02-13 12:03:00,20.4225,32.1750
2025-02-13 12:18:00,20.4225,32.1750
2025-02-13 12:33:00,20.4225,32.1750
2025-02-13 12:48:00,20.4225,32.1750
2025-02-13 13:03:00,20.4225,32.1750
2025-02-13 13:18:00,20.4225,32.1750
2025-02-13 13:33:00,20.4225,32.1750
2025-02-13 13:48:00,20.4225,32.1750
2025-02-13 14:03:00,20.4225,32.1750
2025-02-13 14:18:00,20.4225,32.1750
2025-02-13 14:33:00,20.4225,32.1750
2025-02-13 14:48:00,20.4225,32.1750
2025-02-13 15:03:00,20.4225,32.1750
2025-02-13 15:18:00,20.4225,32.1750
2025-02-13 15:33:00,20.4225,32.1750
2025-02-13 15:48:00,20.4225,32.1750
2025-02-13 16:03:00,20.4225,32.1750
2025-02-13 16:18:00,20.4225,32.1750
2025-02-13 16:33:00,20.4225,32.1750
2025-02-13 16:48:00,20.4225,32.1750
2025-02-13 17:03:00,20.4225,32.1750
2025-02-13 17:18:00,20.4225,32.1750
2025-02-13 17:33:00,20.4225,32.1750
2025-02-13 17:48:00,20.4225,32.1750
2025-02-13 18:03:00,20.4225,32.1750
2025-02-13 18:18:00,20.4225,32.1750
2025-02-13 18:33:00,20.4225,32.1750
2025-02-13 18:48:00,20.4225,32.1750
2025-02-13 19:03:00,20.4225,32.1750
2025-02-13 19:18:00,20.4225,32.1750
2025-02-13 19:33:00,20.4225,32.1750
2025-02-13 19:48:00,20.4225,32.1750
2025-02-13 20:03:00,20.4225,32.1750
2025-02-13 20:18:00,20.4225,32.1750
2025-02-13 20:33:00,20.4225,32.1750
2025-02-13 20:48:00,20.4225,32.1750
2025-02-13 21:03:00,20.4225,32.1750
2025-02-13 21:18:00,20.4225,32.1750
2025-02-13 21:33:00,20.4225,32.1750
2025-02-13 21:48:00,20.4225,32.1750
2025-02-13 22:03:00,20.4225,32.1750
2025-02-13 22:18:00,20.4225,32.1750
2025-02-13 22:33:00,20.4225,32.1750
2025-02-13 22:48:00,20.4225,32.1750
2025-02-13 23:03:00,20.4225,32.1750
2025-02-13 23:18:00,20.4225,32.1750
2025-02-13 23:33:00,20.4225,32.1750
2025-02-13 23:48:00,20.4225,32.1750
2025-02-14 00:03:00,20.4225,32.1750
2025-02-14 00:18:00,20.4225,32.1750
2025-02-14 00:33:00,20.4225,32.1750
2025-02-14 00:48:00,20.4225,32.1750
2025-02-14 01:03:00,20.4225,32.1750
2025-02-14 01:18:00,20.4225,32.1750
2025-02-14 01:33:00,20.4225,32.1750
2025-02-14 01:48:00,20.4225,32.1750
2025-02-14 02:03:00,20.4225,32.1750
2025-02-14 02:18:00,20.4225,32.1750
2025-02-14 02:33:00,20.4225,32.1750
2025-02-14 02:48:00,20.4225,32.1750
2025-02-14 03:03:00,20.4225,32.1750
2025-02-14 03:18:00,20.4225,32.1750
2025-02-14 03:33:00,20.4225,32.1750
2025-02-14 03:48:00,20.4225,32.1750
2025-02-14 04:03:00,20.4225,32.1750
2025-02-14 04:18:00,20.4225,32.1750
2025-02-14 04:33:00,20.4225,32.1750
2025-02-14 04:48:00,20.4225,32.1750
2025-02-14 05:03:00,20.4225,32.1750
2025-02-14 05:18:00,20.4225,32.1750
2025-02-14 05:33:00,20.4225,32.1750
2025-02-14 05:48:00,20.4225,32.1750
2025-02-14 06:03:00,20.4225,32.1750
2025-02-14 06:18:00,20.4225,32.1750
2025-02-14 06:33:00,20.4225,32.1750
2025-02-14 06:48:00,20.4225,32.1750
2025-02-14 07:03:00,20.4225,32.1750
2025-02-14 07:18:00,20.4225,32.1750
2025-02-14 07:33:00,20.4225,32.1750
2025-02-14 07:48:00,20.4225,32.1750
2025-02-14 08:03:00,20.4225,32.1750
2025-02-14 08:18:00,20.4225,32.1750
2025-02-14 08:33:00,20.4225,32.1750
2025-02-14 08:48:00,20.4225,32.1750
2025-02-14 09:03:00,20.4225,32.1750
2025-02-14 09:18:00,20.4225,32.1750
2025-02-14 09:33:00,20.4225,32.1750
2025-02-14 09:48:00,20.4225,32.1750
2025-02-14 10:03:00,20.4225,32.1750
2025-02-14 10:18:00,20.4225,32.1750
2025-02-14 10:33:00,20.4225,32.1750
2025-02-14 10:48:00,20.4225,32.1750
2025-02-14 11:03:00,20.4225,32.1750
2025-02-14 11:18:00,20.4225,32.1750
2025-02-14 11:33:00,20.4225,32.1750
2025-02-14 11:48:00,20.4225,32.1750
2025-02-14 12:03:00,20.4225,32.1750
2025-02-14 12:18:00,20.4225,32.1750
2025-02-14 12:33:00,20.4225,32.1750
2025-02-14 12:48:00,20.4225,32.1750
2025-02-14 13:03:00,20.4225,32.1750
2025-02-14 13:18:00,20.4225,32.1750
2025-02-14 13:33:00,20.4225,32.1750
2025-02-14 13:48:00,20.4225,32.1750
2025-02-14 14:03:00,20.4225,32.1750
2025-02-14 14:18:00,20.4225,32.1750
2025-02-14 14:33:00,20.4225,32.1750
2025-02-14 14:48:00,20.4225,32.1750
2025-02-14 15:03:00,20.4225,32.1750
2025-02-14 15:18:00,20.4225,32.1750
2025-02-14 15:33:00,20.4225,32.1750
2025-02-14 15:48:00,20.4225,32.1750
2025-02-14 16:03:00,20.4225,32.1750
2025-02-14 16:18:00,20.4225,32.1750
2025-02-14 16:33:00,20.4225,32.1750
2025-02-14 16:48:00,20.4225,32.1750
2025-02-14 17:03:00,20.4225,32.1750
2025-02-14 17:18:00,20.4225,32.1750
2025-02-14 17:33:00,20.4225,32.1750
2025-02-14 17:48:00,20.4225,32.1750
2025-02-14 18:03:00,20.4225,32.1750
2025-02-14 18:18:00,20.4225,32.1750
2025-02-14 18:33:00,20.4225,32.1750
2025-02-14 18:48:00,20.4225,32.1750
2025-02-14 19:03:00,20.4225,32.1750
2025-02-14 19:18:00,20.4225,32.1750
2025-02-14 19:33:00,20.4225,32.1750
2025-02-14 19:48:00,20.4225,32.1750
2025-02-14 20:03:00,20.4225,32.1750
2025-02-14 20:18:00,20.4225,32.1750
2025-02-14 20:33:00,20.4225,32.1750
2025-02-14 20:48:00,20.4225,32.1750
2025-02-14 21:03:00,20.4225,32.1750
2025-02-14 21:18:00,20.4225,32.1750
2025-02-14 21:33:00,20.4225,32.1750
2025-02-14 21:48:00,20.4225,32.1750
2025-02-14 22:03:00,20.4225,32.1750
2025-02-14 22:18:00,20.4225,32.1750
2025-02-14 22:33:00,20.4225,32.1750
2025-02-14 22:48:00,20.4225,32.1750
2025-02-14 23:03:00,20.4225,32.1750
2025-02-14 23:18:00,20.4225,32.1750
2025-02-14 23:33:00,20.4225,32.1750
2025-02-14 23:48:00,20.4225,32.1750
2025-02-15 00:03:00,20.4225,32.1750
2025-02-15 00:18:00,20.4225,32.1750
2025-02-15 00:33:00,20.4225,32.1750
2025-02-15 00:48:00,20.4225,32.1750
2025-02-15 01:03:00,20.4225,32.1750
2025-02-15 01:18:00,20.4225,32.1750
2025-02-15 01:33:00,20.4225,32.1750
2025-02-15 01:48:00,20.4225,32.1750
2025-02-15 02:03:00,20.4225,32.1750
2025-02-15 02:18:00,20.4225,32.1750
2025-02-15 02:33:00,20.4225,32.1750
2025-02-15 02:48:00,20.4225,32.1750
2025-02-15 03:03:00,20.4225,32.1750
2025-02-15 03:18:00,20.4225,32.1750
2025-02-15 03:33:00,20.4225,32.1750
2025-02-15 03:48:00,20.4225,32.1750
2025-02-15 04:03:00,20.4225,32.1750
2025-02-15 04:18:00,20.4225,32.1750
2025-02-15 04:33:00,20.4225,32.1750
2025-02-15 04:48:00,20.4225,32.1750
2025-02-15 05:03:00,20.4225,32.1750
2025-02-15 05:18:00,20.4225,32.1750
2025-02-15 05:33:00,20.4225,32.1750
2025-02-15 05:48:00,20.4225,32.1750
2025-02-15 06:03:00,20.4225,32.1750
2025-02-15 06:18:00,20.4225,32.1750
2025-02-15 06:33:00,20.4225,32.1750
2025-02-15 06:48:00,20.4225,32.1750
2025-02-15 07:03:00,20.4225,32.1750
2025-02-15 07:18:00,20.4225,32.1750
2025-02-15 07:33:00,20.4225,32.1750
2025-02-15 07:48:00,20.4225,32.1750
2025-02-15 08:03:00,20.4225,32.1750
2025-02-15 08:18:00,20.4225,32.1750
2025-02-15 08:33:00,20.4225,32.1750
2025-02-15 08:48:00,20.4225,32.1750
2025-02-15 09:03:00,20.4225,32.1750
2025-02-15 09:18:00,20.4225,32.1750
2025-02-15 09:33:00,20.4225,32.1750
2025-02-15 09:48:00,20.4225,32.1750
2025-02-15 10:03:00,20.4225,32.1750
2025-02-15 10:18:00,20.4225,32.1750
2025-02-15 10:33:00,20.4225,32.1750
2025-02-15 10:48:00,20.4225,32.1750
2025-02-15 11:03:00,20.4225,32.1750
2025-02-15 11:18:00,20.4225,32.1750
2025-02-15 11:33:00,20.4225,32.1750
2025-02-15 11:48:00,20.4225,32.1750
2025-02-15 12:03:00,20.4225,32.1750
2025-02-15 12:18:00,20.4225,32.1750
2025-02-15 12:33:00,20.4225,32.1750
2025-02-15 12:48:00,20.4225,32.1750
2025-02-15 13:03:00,20.4225,32.1750
2025-02-15 13:18:00,20.4225,32.1750
2025-02-15 13:33:00,20.4225,32.1750
2025-02-15 13:48:00,20.4225,32.1750
2025-02-15 14:03:00,20.4225,32.1750
2025-02-15 14:18:00,20.4225,32.1750
2025-02-15 14:33:00,20.4225,32.1750
2025-02-15 14:48:00,20.4225,32.1750
2025-02-15 15:03:00,20.4225,32.1750
2025-02-15 15:18:00,20.4225,32.1750
2025-02-15 15:33:00,20.4225,32.1750
2025-02-15 15:48:00,20.4225,32.1750
2025-02-15 16:03:00,20.4225,32.1750
2025-02-15 16:18:00,20.4225,32.1750
2025-02-15 16:33:00,20.4225,32.1750
2025-02-15 16:48:00,20.4225,32.1750
2025-02-15 17:03:00,20.4225,32.1750
2025-02-15 17:18:00,20.4225,32.1750
2025-02-15 17:33:00,20.4225,32.1750
2025-02-15 17:48:00,20.4225,32.1750
2025-02-15 18:03:00,20.4225,32.1750
2025-02-15 18:18:00,20.4225,32.1750
2025-02-15 18:33:00,20.4225,32.1750
2025-02-15 18:48:00,20.4225,32.1750
2025-02-15 19:03:00,20.4225,32.1750
2025-02-15 19:18:00,20.4225,32.1750
2025-02-15 19:33:00,20.4225,32.1750
2025-02-15 19:48:00,20.4225,32.1750
2025-02-15 20:03:00,20.4225,32.1750
2025-02-15 20:18:00,20.4225,32.1750
2025-02-15 20:33:00,20.4225,32.1750
2025-02-15 20:48:00,20.4225,32.1750
2025-02-15 21:03:00,20.4225,32.1750
2025-02-15 21:18:00,20.4225,32.1750
2025-02-15 21:33:00,20.4225,32.1750
2025-02-15 21:48:00,20.4225,32.1750
2025-02-15 22:03:00,20.4225,32.1750
2025-02-15 22:18:00,20.4225,32.1750
2025-02-15 22:33:00,20.4225,32.1750
2025-02-15 22:48:00,20.4225,32.1750
2025-02-15 23:03:00,20.4225,32.1750
2025-02-15 23:18:00,20.4225,32.1750
2025-02-15 23:33:00,20.4225,32.1750
2025-02-15 23:48:00,20.4225,32.1750
2025-02-16 00:03:00,20.4225,32.1750
2025-02-16 00:18:00,20.4225,32.1750
2025-02-16 00:33:00,20.4225,32.1750
2025-02-16 00:48:00,20.4225,32.1750
2025-02-16 01:03:00,20.4225,32.1750
2025-02-16 01:18:00,20.4225,32.1750
2025-02-16 01:33:00,20.4225,32.1750
2025-02-16 01:48:00,20.4225,32.1750
2025-02-16 02:03:00,20.4225,32.1750
2025-02-16 02:18:00,20.4225,32.1750
2025-02-16 02:33:00,20.4225,32.1750
2025-02-16 02:48:00,20.4225,32.1750
2025-02-16 03:03:00,20.4225,32.1750
2025-02-16 03:18:00,20.4225,32.1750
2025-02-16 03:33:00,20.4225,32.1750
2025-02-16 03:48:00,20.4225,32.1750
2025-02-16 04:03:00,20.4225,32.1750
2025-02-16 04:18:00,20.4225,32.1750
2025-02-16 04:33:00,20.4225,32.1750
2025-02-16 04:48:00,20.4225,32.1750
2025-02-16 05:03:00,20.4225,32.1750
2025-02-16 05:18:00,20.4225,32.1750
2025-02-16 05:33:00,20.4225,32.1750
2025-02-16 05:48:00,20.4225,32.1750
2025-02-16 06:03:00,20.4225,32.1750
2025-02-16 06:18:00,20.4225,32.1750
2025-02-16 06:33:00,20.4225,32.1750
2025-02-16 06:48:00,20.4225,32.1750
2025-02-16 07:03:00,20.4225,32.1750
2025-02-16 07:18:00,20.4225,32.1750
2025-02-16 07:33:00,20.4225,32.1750
2025-02-16 07:48:00,20.4225,32.1750
2025-02-16 08:03:00,20.4225,32.1750
2025-02-16 08:18:00,20.4225,32.1750
2025-02-16 08:33:00,20.4225,32.1750
2025-02-16 08:48:00,20.4225,32.1750
2025-02-16 09:03:00,20.4225,32.1750
2025-02-16 09:18:00,20.4225,32.1750
2025-02-16 09:33:00,20.4225,32.1750
2025-02-16 09:48:00,20.4225,32.1750
2025-02-16 10:03:00,20.4225,32.1750
2025-02-16 10:18:00,20.4225,32.1750
2025-02-16 10:33:00,20.4225,32.1750
2025-02-16 10:48:00,20.4225,32.1750
2025-02-16 11:03:00,20.4225,32.1750
2025-02-16 11:18:00,20.4225,32.1750
2025-02-16 11:33:00,20.4225,32.1750
2025-02-16 11:48:00,20.4225,32.1750
2025-02-16 12:03:00,20.4225,32.1750
2025-02-16 12:18:00,20.4225,32.1750
2025-02-16 12:33:00,20.4225,32.1750
2025-02-16 12:48:00,20.4225,32.1750
2025-02-16 13:03:00,20.4225,32.1750
2025-02-16 13:18:00,20.4225,32.1750
2025-02-16 13:33:00,20.4225,32.1750
2025-02-16 13:48:00,20.4225,32.1750
2025-02-16 14:03:00,20.4225,32.1750
2025-02-16 14:18:00,20.4225,32.1750
2025-02-16 14:33:00,20.4225,32.1750
2025-02-16 14:48:00,20.4225,32.1750
2025-02-16 15:03:00,20.4225,32.1750
2025-02-16 15:18:00,20.4225,32.1750
2025-02-16 15:33:00,20.4225,32.1750
2025-02-16 15:48:00,20.4225,32.1750
2025-02-16 16:03:00,20.4225,32.1750
2025-02-16 16:18:00,20.4225,32.1750
2025-02-16 16:33:00,20.4225,32.1750
2025-02-16 16:48:00,20.4225,32.1750
2025-02-16 17:03:00,20.4225,32.1750
2025-02-16 17:18:00,20.4225,32.1750
2025-02-16 17:33:00,20.4225,32.1750
2025-02-16 17:48:00,20.4225,32.1750
2025-02-16 18:03:00,20.4225,32.1750
2025-02-16 18:18:00,20.4225,32.1750
2025-02-16 18:33:00,20.4225,32.1750
2025-02-16 18:48:00,20.4225,32.1750
2025-02-16 19:03:00,20.4225,32.1750
2025-02-16 19:18:00,20.4225,32.1750
2025-02-16 19:33:00,20.4225,32.1750
2025-02-16 19:48:00,20.4225,32.1750
2025-02-16 20:03:00,20.4225,32.1750
2025-02-16 20:18:00,20.4225,32.1750
2025-02-16 20:33:00,20.4225,32.1750
2025-02-16 20:48:00,20.4225,32.1750
2025-02-16 21:03:00,20.4225,32.1750
2025-02-16 21:18:00,20.4225,32.1750
2025-02-16 21:33:00,20.4225,32.1750
2025-02-16 21:48:00,20.4225,32.1750
2025-02-16 22:03:00,20.4225,32.1750
2025-02-16 22:18:00,20.4225,32.1750
2025-02-16 22:33:00,20.4225,32.1750
2025-02-16 22:48:00,20.4225,32.1750
2025-02-16 23:03:00,20.4225,32.1750
2025-02-16 23:18:00,20.4225,32.1750
2025-02-16 23:33:00,20.4225,32.1750
2025-02-16 23:48:00,20.4225,32.1750
2025-02-17 00:03:00,20.4225,32.1750
2025-02-17 00:18:00,20.4225,32.1750
2025-02-17 00:33:00,20.4225,32.1750
2025-02-17 00:48:00,20.4225,32.1750
2025-02-17 01:03:00,20.4225,32.1750
2025-02-17 01:18:00,20.4225,32.1750
2025-02-17 01:33:00,20.4225,32.1750
2025-02-17 01:48:00,20.4225,32.1750
2025-02-17 02:03:00,20.4225,32.1750
2025-02-17 02:18:00,20.4225,32.1750
2025-02-17 02:33:00,20.4225,32.1750
2025-02-17 02:48:00,20.4225,32.1750
2025-02-17 03:03:00,20.4225,32.1750
2025-02-17 03:18:00,20.4225,32.1750
2025-02-17 03:33:00,20.4225,32.1750
2025-02-17 03:48:00,20.4225,32.1750
2025-02-17 04:03:00,20.4225,32.1750
2025-02-17 04:18:00,20.4225,32.1750
2025-02-17 04:33:00,20.4225,32.1750
2025-02-17 04:48:00,20.4225,32.1750
2025-02-17 05:03:00,20.4225,32.1750
2025-02-17 05:18:00,20.4225,32.1750
2025-02-17 05:33:00,20.4225,32.1750
2025-02-17 05:48:00,20.4225,32.1750
2025-02-17 06:03:00,20.4225,32.1750
2025-02-17 06:18:00,20.4225,32.1750
2025-02-17 06:33:00,20.4225,32.1750
2025-02-17 06:48:00,20.4225,32.1750
2025-02-17 07:03:00,20.4225,32.1750
2025-02-17 07:18:00,20.4225,32.1750
2025-02-17 07:33:00,20.4225,32.1750
2025-02-17 07:48:00,20.4225,32.1750
2025-02-17 08:03:00,20.4225,32.1750
2025-02-17 08:18:00,20.4225,32.1750
2025-02-17 08:33:00,20.4225,32.1750
2025-02-17 08:48:00,20.4225,32.1750
2025-02-17 09:03:00,20.4225,32.1750
2025-02-17 09:18:00,20.4225,32.1750
2025-02-17 09:33:00,20.4225,32.1750
2025-02-17 09:48:00,20.4225,32.1750
2025-02-17 10:03:00,20.4225,32.1750
2025-02-17 10:18:00,20.4225,32.1750
2025-02-17 10:33:00,20.4225,32.1750
2025-02-17 10:48:00,20.4225,32.1750
2025-02-17 11:03:00,20.4225,32.1750
2025-02-17 11:18:00,20.4225,32.1750
2025-02-17 11:33:00,20.4225,32.1750
2025-02-17 11:48:00,20.4225,32.1750
2025-02-17 12:03:00,20.4225,32.1750
2025-02-17 12:18:00,20.4225,32.1750
2025-02-17 12:33:00,20.4225,32.1750
2025-02-17 12:48:00,20.4225,32.1750
2025-02-17 13:03:00,20.4225,32.1750
2025-02-17 13:18:00,20.4225,32.1750
2025-02-17 13:33:00,20.4225,32.1750
2025-02-17 13:48:00,20.4225,32.1750
2025-02-17 14:03:00,20.4225,32.1750
2025-02-17 14:18:00,20.4225,32.1750
2025-02-17 14:33:00,20.4225,32.1750
2025-02-17 14:48:00,20.4225,32.1750
2025-02-17 15:03:00,20.4225,32.1750
2025-02-17 15:18:00,20.4225,32.1750
2025-02-17 15:33:00,20.4225,32.1750
2025-02-17 15:48:00,20.4225,32.1750
2025-02-17 16:03:00,20.4225,32.1750
2025-02-17 16:18:00,20.4225,32.1750
2025-02-17 16:33:00,20.4225,32.1750
2025-02-17 16:48:00,20.4225,32.1750
2025-02-17 17:03:00,20.4225,32.1750
2025-02-17 17:18:00,20.4225,32.1750
2025-02-17 17:33:00,20.4225,32.1750
2025-02-17 17:48:00,20.4225,32.1750
2025-02-17 18:03:00,20.4225,32.1750
2025-02-17 18:18:00,20.4225,32.1750
2025-02-17 18:33:00,20.4225,32.1750
2025-02-17 18:48:00,20.4225,32.1750
2025-02-17 19:03:00,20.4225,32.1750
2025-02-17 19:18:00,20.4225,32.1750
2025-02-17 19:33:00,20.4225,32.1750
2025-02-17 19:48:00,20.4225,32.1750
2025-02-17 20:03:00,20.4225,32.1750
2025-02-17 20:18:00,20.4225,32.1750
2025-02-17 20:33:00,20.4225,32.1750
2025-02-17 20:48:00,20.4225,32.1750
2025-02-17 21:03:00,20.4225,32.1750
2025-02-17 21:18:00,20.4225,32.1750
2025-02-17 21:33:00,20.4225,32.1750
2025-02-17 21:48:00,20.4225,32.1750
2025-02-17 22:03:00,20.4225,32.1750
2025-02-17 22:18:00,20.4225,32.1750
2025-02-17 22:33:00,20.4225,32.1750
2025-02-17 22:48:00,20.4225,32.1750
2025-02-17 23:03:00,20.4225,32.1750
2025-02-17 23:18:00,20.4225,32.1750
2025-02-17 23:33:00,20.4225,32.1750
2025-02-17 23:48:00,20.4225,32.1750
2025-02-18 00:03:00,20.4225,32.1750
2025-02-18 00:18:00,20.4225,32.1750
2025-02-18 00:33:00,20.4225,32.1750
2025-02-18 00:48:00,20.4225,32.1750
2025-02-18 01:03:00,20.4225,32.1750
2025-02-18 01:18:00,20.4225,32.1750
2025-02-18 01:33:00,20.4225,32.1750
2025-02-18 01:48:00,20.4225,32.1750
2025-02-18 02:03:00,20.4225,32.1750
2025-02-18 02:18:00,20.4225,32.1750
2025-02-18 02:33:00,20.4225,32.1750
2025-02-18 02:48:00,20.4225,32.1750
2025-02-18 03:03:00,20.4225,32.1750
2025-02-18 03:18:00,20.4225,32.1750
2025-02-18 03:33:00,20.4225,32.1750
2025-02-18 03:48:00,20.4225,32.1750
2025-02-18 04:03:00,20.4225,32.1750
2025-02-18 04:18:00,20.4225,32.1750
2025-02-18 04:33:00,20.4225,32.1750
2025-02-18 04:48:00,20.4225,32.1750
2025-02-18 05:03:00,20.4225,32.1750
2025-02-18 05:18:00,20.4225,32.1750
2025-02-18 05:33:00,20.4225,32.1750
2025-02-18 05:48:00,20.4225,32.1750
2025-02-18 06:03:00,20.4225,32.1750
2025-02-18 06:18:00,20.4225,32.1750
2025-02-18 06:33:00,20.4225,32.1750
2025-02-18 06:48:00,20.4225,32.1750
2025-02-18 07:03:00,20.4225,32.1750
2025-02-18 07:18:00,20.4225,32.1750
2025-02-18 07:33:00,20.4225,32.1750
2025-02-18 07:48:00,20.4225,32.1750
2025-02-18 08:03:00,20.4225,32.1750
2025-02-18 08:18:00,20.4225,32.1750
2025-02-18 08:33:00,20.4225,32.1750
2025-02-18 08:48:00,20.4225,32.1750
2025-02-18 09:03:00,20.4225,32.1750
2025-02-18 09:18:00,20.4225,32.1750
2025-02-18 09:33:00,20.4225,32.1750
2025-02-18 09:48:00,20.4225,32.1750
2025-02-18 10:03:00,20.4225,32.1750
2025-02-18 10:18:00,20.4225,32.1750
2025-02-18 10:33:00,20.4225,32.1750
2025-02-18 10:48:00,20.4225,32.1750
2025-02-18 11:03:00,20.4225,32.1750
2025-02-18 11:18:00,20.4225,32.1750
2025-02-18 11:33:00,20.4225,32.1750
2025-02-18 11:48:00,20.4225,32.1750
2025-02-18 12:03:00,20.4225,32.1750
2025-02-18 12:18:00,20.4225,32.1750
2025-02-18 12:33:00,20.4225,32.1750
2025-02-18 12:48:00,20.4225,32.1750
2025-02-18 13:03:00,20.4225,32.1750
2025-02-18 13:18:00,20.4225,32.1750
2025-02-18 13:33:00,20.4225,32.1750
2025-02-18 13:48:00,20.4225,32.1750
2025-02-18 14:03:00,20.4225,32.1750
2025-02-18 14:18:00,20.4225,32.1750
2025-02-18 14:33:00,20.4225,32.1750
2025-02-18 14:48:00,20.4225,32.1750
2025-02-18 15:03:00,20.4225,32.1750
2025-02-18 15:18:00,20.4225,32.1750
2025-02-18 15:33:00,20.4225,32.1750
2025-02-18 15:48:00,20.4225,32.1750
2025-02-18 16:03:00,20.4225,32.1750
2025-02-18 16:18:00,20.4225,32.1750
2025-02-18 16:33:00,20.4225,32.1750
2025-02-18 16:48:00,20.4225,32.1750
2025-02-18 17:03:00,20.4225,32.1750
2025-02-18 17:18:00,20.4225,32.1750
2025-02-18 17:33:00,20.4225,32.1750
2025-02-18 17:48:00,20.4225,32.1750
2025-02-18 18:03:00,20.4225,32.1750
2025-02-18 18:18:00,20.4225,32.1750
2025-02-18 18:33:00,20.4225,32.1750
2025-02-18 18:48:00,20.4225,32.1750
2025-02-18 19:03:00,20.4225,32.1750
2025-02-18 19:18:00,20.4225,32.1750
2025-02-18 19:33:00,20.4225,32.1750
2025-02-18 19:48:00,20.4225,32.1750
2025-02-18 20:03:00,20.4225,32.1750
2025-02-18 20:18:00,20.4225,32.1750
2025-02-18 20:33:00,20.4225,32.1750
2025-02-18 20:48:00,20.4225,32.1750
2025-02-18 21:03:00,20.4225,32.1750
2025-02-18 21:18:00,20.4225,32.1750
2025-02-18 21:33:00,20.4225,32.1750
2025-02-18 21:48:00,20.4225,32.1750
2025-02-18 22:03:00,20.4225,32.1750
2025-02-18 22:18:00,20.4225,32.1750
2025-02-18 22:33:00,20.4225,32.1750
2025-02-18 22:48:00,20.4225,32.1750
2025-02-18 23:03:00,20.4225,32.1750
2025-02-18 23:18:00,20.4225,32.1750
2025-02-18 23:33:00,20.4225,32.1750
2025-02-18 23:48:00,20.4225,32.1750
2025-02-19 00:03:00,20.4225,32.1750
2025-02-19 00:18:00,20.4225,32.1750
2025-02-19 00:33:00,20.4225,32.1750
2025-02-19 00:48:00,20.4225,32.1750
2025-02-19 01:03:00,20.4225,32.1750
2025-02-19 01:18:00,20.4225,32.1750
2025-02-19 01:33:00,20.4225,32.1750
2025-02-19 01:48:00,20.4225,32.1750
2025-02-19 02:03:00,20.4225,32.1750
2025-02-19 02:18:00,20.4225,32.1750
2025-02-19 02:33:00,20.4225,32.1750
2025-02-19 02:48:00,20.4225,32.1750
2025-02-19 03:03:00,20.4225,32.1750
2025-02-19 03:18:00,20.4225,32.1750
2025-02-19 03:33:00,20.4225,32.1750
2025-02-19 03:48:00,20.4225,32.1750
2025-02-19 04:03:00,20.4225,32.1750
2025-02-19 04:18:00,20.4225,32.1750
2025-02-19 04:33:00,20.4225,32.1750
2025-02-19 04:48:00,20.4225,32.1750
2025-02-19 05:03:00,20.4225,32.1750
2025-02-19 05:18:00,20.4225,32.1750
2025-02-19 05:33:00,20.4225,32.1750
2025-02-19 05:48:00,20.4225,32.1750
2025-02-19 06:03:00,20.4225,32.1750
2025-02-19 06:18:00,20.4225,32.1750
2025-02-19 06:33:00,20.4225,32.1750
2025-02-19 06:48:00,20.4225,32.1750
2025-02-19 07:03:00,20.4225,32.1750
2025-02-19 07:18:00,20.4225,32.1750
2025-02-19 07:33:00,20.4225,32.1750
2025-02-19 07:48:00,20.4225,32.1750
2025-02-19 08:03:00,20.4225,32.1750
2025-02-19 08:18:00,20.4225,32.1750
2025-02-19 08:33:00,20.4225,32.1750
2025-02-19 08:48:00,20.4225,32.1750
2025-02-19 09:03:00,20.4225,32.1750
2025-02-19 09:18:00,20.4225,32.1750
2025-02-19 09:33:00,20.4225,32.1750
2025-02-19 09:48:00,20.4225,32.1750
2025-02-19 10:03:00,20.4225,32.1750
2025-02-19 10:18:00,20.4225,32.1750
2025-02-19 10:33:00,20.4225,32.1750
2025-02-19 10:48:00,20.4225,32.1750
2025-02-19 11:03:00,20.4225,32.1750
2025-02-19 11:18:00,20.4225,32.1750
2025-02-19 11:33:00,20.4225,32.1750
2025-02-19 11:48:00,20.4225,32.1750
2025-02-19 12:03:00,20.4225,32.1750
2025-02-19 12:18:00,20.4225,32.1750
2025-02-19 12:33:00,20.4225,32.1750
2025-02-19 12:48:00,20.4225,32.1750
2025-02-19 13:03:00,20.4225,32.1750
2025-02-19 13:18:00,20.4225,32.1750
2025-02-19 13:33:00,20.4225,32.1750
2025-02-19 13:48:00,20.4225,32.1750
2025-02-19 14:03:00,20.4225,32.1750
2025-02-19 14:18:00,20.4225,32.1750
2025-02-19 14:33:00,20.4225,32.1750
2025-02-19 14:48:00,20.4225,32.1750
2025-02-19 15:03:00,20.4225,32.1750
2025-02-19 15:18:00,20.4225,32.1750
2025-02-19 15:33:00,20.4225,32.1750
2025-02-19 15:48:00,20.4225,32.1750
2025-02-19 16:03:00,20.4225,32.1750
2025-02-19 16:18:00,20.4225,32.1750
2025-02-19 16:33:00,20.4225,32.1750
2025-02-19 16:48:00,20.4225,32.1750
2025-02-19 17:03:00,20.4225,32.1750
2025-02-19 17:18:00,20.4225,32.1750
2025-02-19 17:33:00,20.4225,32.1750
2025-02-19 17:48:00,20.4225,32.1750
2025-02-19 18:03:00,20.4225,32.1750
2025-02-19 18:18:00,20.4225,32.1750
2025-02-19 18:33:00,20.4225,32.1750
2025-02-19 18:48:00,20.4225,32.1750
2025-02-19 19:03:00,20.4225,32.1750
2025-02-19 19:18:00,20.4225,32.1750
2025-02-19 19:33:00,20.4225,32.1750
2025-02-19 19:48:00,20.4225,32.1750
2025-02-19 20:03:00,20.4225,32.1750
2025-02-19 20:18:00,20.4225,32.1750
2025-02-19 20:33:00,20.4225,32.1750
2025-02-19 20:48:00,20.4225,32.1750
2025-02-19 21:03:00,20.4225,32.1750
2025-02-19 21:18:00,20.4225,32.1750
2025-02-19 21:33:00,20.4225,32.1750
2025-02-19 21:48:00,20.4225,32.1750
2025-02-19 22:03:00,20.4225,32.1750
2025-02-19 22:18:00,20.4225,32.1750
2025-02-19 22:33:00,20.4225,32.1750
2025-02-19 22:48:00,20.4225,32.1750
2025-02-19 23:03:00,20.4225,32.1750
2025-02-19 23:18:00,20.4225,32.1750
2025-02-19 23:33:00,20.4225,32.1750
2025-02-19 23:48:00,20.4225,32.1750
2025-02-20 00:03:00,20.4225,32.1750
2025-02-20 00:18:00,20.4225,32.1750
2025-02-20 00:33:00,20.4225,32.1750
2025-02-20 00:48:00,20.4225,32.1750
2025-02-20 01:03:00,20.4225,32.1750
2025-02-20 01:18:00,20.4225,32.1750
2025-02-20 01:33:00,20.4225,32.1750
2025-02-20 01:48:00,20.4225,32.1750
2025-02-20 02:03:00,20.4225,32.1750
2025-02-20 02:18:00,20.4225,32.1750
2025-02-20 02:33:00,20.4225,32.1750
2025-02-20 02:48:00,20.4225,32.1750
2025-02-20 03:03:00,20.4225,32.1750
2025-02-20 03:18:00,20.4225,32.1750
2025-02-20 03:33:00,20.4225,32.1750
2025-02-20 03:48:00,20.4225,32.1750
2025-02-20 04:03:00,20.4225,32.1750
2025-02-20 04:18:00,20.4225,32.1750
2025-02-20 04:33:00,20.4225,32.1750
2025-02-20 04:48:00,20.4225,32.1750
2025-02-20 05:03:00,20.4225,32.1750
2025-02-20 05:18:00,20.4225,32.1750
2025-02-20 05:33:00,20.4225,32.1750
2025-02-20 05:48:00,20.4225,32.1750
2025-02-20 06:03:00,20.4225,32.1750
2025-02-20 06:18:00,20.4225,32.1750
2025-02-20 06:33:00,20.4225,32.1750
2025-02-20 06:48:00,20.4225,32.1750
2025-02-20 07:03:00,20.4225,32.1750
2025-02-20 07:18:00,20.4225,32.1750
2025-02-20 07:33:00,20.4225,32.1750
2025-02-20 07:48:00,20.4225,32.1750
2025-02-20 08:03:00,20.4225,32.1750
2025-02-20 08:18:00,20.4225,32.1750
2025-02-20 08:33:00,20.4225,32.1750
2025-02-20 08:48:00,20.4225,32.1750
2025-02-20 09:03:00,20.4225,32.1750
2025-02-20 09:18:00,20.4225,32.1750
2025-02-20 09:33:00,20.4225,32.1750
2025-02-20 09:48:00,20.4225,32.1750
2025-02-20 10:03:00,20.4225,32.1750
2025-02-20 10:18:00,20.4225,32.1750
2025-02-20 10:33:00,20.4225,32.1750
2025-02-20 10:48:00,20.4225,32.1750
2025-02-20 11:03:00,20.4225,32.1750
2025-02-20 11:18:00,20.4225,32.1750
2025-02-20 11:33:00,20.4225,32.1750
2025-02-20 11:48:00,20.4225,32.1750
2025-02-20 12:03:00,20.4225,32.1750
2025-02-20 12:18:00,20.4225,32.1750
2025-02-20 12:33:00,20.4225,32.1750
2025-02-20 12:48:00,20.4225,32.1750
2025-02-20 13:03:00,20.4225,32.1750
2025-02-20 13:18:00,20.4225,32.1750
2025-02-20 13:33:00,20.4225,32.1750
2025-02-20 13:48:00,20.4225,32.1750
2025-02-20 14:03:00,20.4225,32.1750
2025-02-20 14:18:00,20.4225,32.1750
2025-02-20 14:33:00,20.4225,32.1750
2025-02-20 14:48:00,20.4225,32.1750
2025-02-20 15:03:00,20.4225,32.1750
2025-02-20 15:18:00,20.4225,32.1750
2025-02-20 15:33:00,20.4225,32.1750
2025-02-20 15:48:00,20.4225,32.1750
2025-02-20 16:03:00,20.4225,32.1750
2025-02-20 16:18:00,20.4225,32.1750
2025-02-20 16:33:00,20.4225,32.1750
2025-02-20 16:48:00,20.4225,32.1750
2025-02-20 17:03:00,20.4225,32.1750
2025-02-20 17:18:00,20.4225,32.1750
2025-02-20 17:33:00,20.4225,32.1750
2025-02-20 17:48:00,20.4225,32.1750
2025-02-20 18:03:00,20.4225,32.1750
2025-02-20 18:18:00,20.4225,32.1750
2025-02-20 18:33:00,20.4225,32.1750
2025-02-20 18:48:00,20.4225,32.1750
2025-02-20 19:03:00,20.4225,32.1750
2025-02-20 19:18:00,20.4225,32.1750
2025-02-20 19:33:00,20.4225,32.1750
2025-02-20 19:48:00,20.4225,32.1750
2025-02-20 20:03:00,20.4225,32.1750
2025-02-20 20:18:00,20.4225,32.1750
2025-02-20 20:33:00,20.4225,32.1750
2025-02-20 20:48:00,20.4225,32.1750
2025-02-20 21:03:00,20.4225,32.1750
2025-02-20 21:18:00,20.4225,32.1750
2025-02-20 21:33:00,20.4225,32.1750
2025-02-20 21:48:00,20.4225,32.1750
2025-02-20 22:03:00,20.4225,32.1750
2025-02-20 22:18:00,20.4225,32.1750
2025-02-20 22:33:00,20.4225,32.1750
2025-02-20 22:48:00,20.4225,32.1750
2025-02-20 23:03:00,20.4225,32.1750
2025-02-20 23:18:00,20.4225,32.1750
2025-02-20 23:33:00,20.4225,32.1750
2025-02-20 23:48:00,20.4225,32.1750
2025-02-21 00:03:00,20.4225,32.1750
2025-02-21 00:18:00,20.4225,32.1750
2025-02-21 00:33:00,20.4225,32.1750
2025-02-21 00:48:00,20.4225,32.1750
2025-02-21 01:03:00,20.4225,32.1750
2025-02-21 01:18:00,20.4225,32.1750
2025-02-21 01:33:00,20.4225,32.1750
2025-02-21 01:48:00,20.4225,32.1750
2025-02-21 02:03:00,20.4225,32.1750
2025-02-21 02:18:00,20.4225,32.1750
2025-02-21 02:33:00,20.4225,32.1750
2025-02-21 02:48:00,20.4225,32.1750
2025-02-21 03:03:00,20.4225,32.1750
2025-02-21 03:18:00,20.4225,32.1750
2025-02-21 03:33:00,20.4225,32.1750
2025-02-21 03:48:00,20.4225,32.1750
2025-02-21 04:03:00,20.4225,32.1750
2025-02-21 04:18:00,20.4225,32.1750
2025-02-21 04:33:00,20.4225,32.1750
2025-02-21 04:48:00,20.4225,32.1750
2025-02-21 05:03:00,20.4225,32.1750
2025-02-21 05:18:00,20.4225,32.1750
2025-02-21 05:33:00,20.4225,32.1750
2025-02-21 05:48:00,20.4225,32.1750
2025-02-21 06:03:00,20.4225,32.1750
2025-02-21 06:18:00,20.4225,32.1750
2025-02-21 06:33:00,20.4225,32.1750
2025-02-21 06:48:00,20.4225,32.1750
2025-02-21 07:03:00,20.4225,32.1750
2025-02-21 07:18:00,20.4225,32.1750
2025-02-21 07:33:00,20.4225,32.1750
2025-02-21 07:48:00,20.4225,32.1750
2025-02-21 08:03:00,20.4225,32.1750
2025-02-21 08:18:00,20.4225,32.1750
2025-02-21 08:33:00,20.4225,32.1750
2025-02-21 08:48:00,20.4225,32.1750
2025-02-21 09:03:00,20.4225,32.1750
2025-02-21 09:18:00,20.4225,32.1750
2025-02-21 09:33:00,20.4225,32.1750
2025-02-21 09:48:00,20.4225,32.1750
2025-02-21 10:03:00,20.4225,32.1750
2025-02-21 10:18:00,20.4225,32.1750
2025-02-21 10:33:00,20.4225,32.1750
2025-02-21 10:48:00,20.4225,32.1750
2025-02-21 11:03:00,20.4225,32.1750
2025-02-21 11:18:00,20.4225,32.1750
2025-02-21 11:33:00,20.4225,32.1750
2025-02-21 11:48:00,20.4225,32.1750
2025-02-21 12:03:00,20.4225,32.1750
2025-02-21 12:18:00,20.4225,32.1750
2025-02-21 12:33:00,20.4225,32.1750
2025-02-21 12:48:00,20.4225,32.1750
2025-02-21 13:03:00,20.4225,32.1750
2025-02-21 13:18:00,20.4225,32.1750
2025-02-21 13:33:00,20.4225,32.1750
2025-02-21 13:48:00,20.4225,32.1750
2025-02-21 14:03:00,20.4225,32.1750
2025-02-21 14:18:00,20.4225,32.1750
2025-02-21 14:33:00,20.4225,32.1750
2025-02-21 14:48:00,20.4225,32.1750
2025-02-21 15:03:00,20.4225,32.1750
2025-02-21 15:18:00,20.4225,32.1750
2025-02-21 15:33:00,20.4225,32.1750
2025-02-21 15:48:00,20.4225,32.1750
2025-02-21 16:03:00,20.4225,32.1750
2025-02-21 16:18:00,20.4225,32.1750
2025-02-21 16:33:00,20.4225,32.1750
2025-02-21 16:48:00,20.4225,32.1750
2025-02-21 17:03:00,20.4225,32.1750
2025-02-21 17:18:00,20.4225,32.1750
2025-02-21 17:33:00,20.4225,32.1750
2025-02-21 17:48:00,20.4225,32.1750
2025-02-21 18:03:00,20.4225,32.1750
2025-02-21 18:18:00,20.4225,32.1750
2025-02-21 18:33:00,20.4225,32.1750
2025-02-21 18:48:00,20.4225,32.1750
2025-02-21 19:03:00,20.4225,32.1750
2025-02-21 19:18:00,20.4225,32.1750
2025-02-21 19:33:00,20.4225,32.1750
2025-02-21 19:48:00,20.4225,32.1750
2025-02-21 20:03:00,20.4225,32.1750
2025-02-21 20:18:00,20.4225,32.1750
2025-02-21 20:33:00,20.4225,32.1750
2025-02-21 20:48:00,20.4225,32.1750
2025-02-21 21:03:00,20.4225,32.1750
2025-02-21 21:18:00,20.4225,32.1750
2025-02-21 21:33:00,20.4225,32.1750
2025-02-21 21:48:00,20.4225,32.1750
2025-02-21 22:03:00,20.4225,32.1750
2025-02-21 22:18:00,20.4225,32.1750
2025-02-21 22:33:00,20.4225,32.1750
2025-02-21 22:48:00,20.4225,32.1750
2025-02-21 23:03:00,20.4225,32.1750
2025-02-21 23:18:00,20.4225,32.1750
2025-02-21 23:33:00,20.4225,32.1750
2025-02-21 23:48:00,20.4225,32.1750
2025-02-22 00:03:00,20.4225,32.1750
2025-02-22 00:18:00,20.4225,32.1750
2025-02-22 00:33:00,20.4225,32.1750
2025-02-22 00:48:00,20.4225,32.1750
2025-02-22 01:03:00,20.4225,32.1750
2025-02-22 01:18:00,20.4225,32.1750
2025-02-22 01:33:00,20.4225,32.1750
2025-02-22 01:48:00,20.4225,32.1750
2025-02-22 02:03:00,20.4225,32.1750
2025-02-22 02:18:00,20.4225,32.1750
2025-02-22 02:33:00,20.4225,32.1750
2025-02-22 02:48:00,20.4225,32.1750
2025-02-22 03:03:00,20.4225,32.1750
2025-02-22 03:18:00,20.4225,32.1750
2025-02-22 03:33:00,20.4225,32.1750
2025-02-22 03:48:00,20.4225,32.1750
2025-02-22 04:03:00,20.4225,32.1750
2025-02-22 04:18:00,20.4225,32.1750
2025-02-22 04:33:00,20.4225,32.1750
2025-02-22 04:48:00,20.4225,32.1750
2025-02-22 05:03:00,20.4225,32.1750
2025-02-22 05:18:00,20.4225,32.1750
2025-02-22 05:33:00,20.4225,32.1750
2025-02-22 05:48:00,20.4225,32.1750
2025-02-22 06:03:00,20.4225,32.1750
2025-02-22 06:18:00,20.4225,32.1750
2025-02-22 06:33:00,20.4225,32.1750
2025-02-22 06:48:00,20.4225,32.1750
2025-02-22 07:03:00,20.4225,32.1750
2025-02-22 07:18:00,20.4225,32.1750
2025-02-22 07:33:00,20.4225,32.1750
2025-02-22 07:48:00,20.4225,32.1750
2025-02-22 08:03:00,20.4225,32.1750
2025-02-22 08:18:00,20.4225,32.1750
2025-02-22 08:33:00,20.4225,32.1750
2025-02-22 08:48:00,20.4225,32.1750
2025-02-22 09:03:00,20.4225,32.1750
2025-02-22 09:18:00,20.4225,32.1750
2025-02-22 09:33:00,20.4225,32.1750
2025-02-22 09:48:00,20.4225,32.1750
2025-02-22 10:03:00,20.4225,32.1750
2025-02-22 10:18:00,20.4225,32.1750
2025-02-22 10:33:00,20.4225,32.1750
2025-02-22 10:48:00,20.4225,32.1750
2025-02-22 11:03:00,20.4225,32.1750
2025-02-22 11:18:00,20.4225,32.1750
2025-02-22 11:33:00,20.4225,32.1750
2025-02-22 11:48:00,20.4225,32.1750
2025-02-22 12:03:00,20.4225,32.1750
2025-02-22 12:18:00,20.4225,32.1750
2025-02-22 12:33:00,20.4225,32.1750
2025-02-22 12:48:00,20.4225,32.1750
2025-02-22 13:03:00,20.4225,32.1750
2025-02-22 13:18:00,20.4225,32.1750
2025-02-22 13:33:00,20.4225,32.1750
2025-02-22 13:48:00,20.4225,32.1750
2025-02-22 14:03:00,20.4225,32.1750
2025-02-22 14:18:00,20.4225,32.1750
2025-02-22 14:33:00,20.4225,32.1750
2025-02-22 14:48:00,20.4225,32.1750
2025-02-22 15:03:00,20.4225,32.1750
2025-02-22 15:18:00,20.4225,32.1750
2025-02-22 15:33:00,20.4225,32.1750
2025-02-22 15:48:00,20.4225,32.1750
2025-02-22 16:03:00,20.4225,32.1750
2025-02-22 16:18:00,20.4225,32.1750
2025-02-22 16:33:00,20.4225,32.1750
2025-02-22 16:48:00,20.4225,32.1750
2025-02-22 17:03:00,20.4225,32.1750
2025-02-22 17:18:00,20.4225,32.1750
2025-02-22 17:33:00,20.4225,32.1750
2025-02-22 17:48:00,20.4225,32.1750
2025-02-22 18:03:00,20.4225,32.1750
2025-02-22 18:18:00,20.4225,32.1750
2025-02-22 18:33:00,20.4225,32.1750
2025-02-22 18:48:00,20.4225,32.1750
2025-02-22 19:03:00,20.4225,32.1750
2025-02-22 19:18:00,20.4225,32.1750
2025-02-22 19:33:00,20.4225,32.1750
2025-02-22 19:48:00,20.4225,32.1750
2025-02-22 20:03:00,20.4225,32.1750
2025-02-22 20:18:00,20.4225,32.1750
2025-02-22 20:33:00,20.4225,32.1750
2025-02-22 20:48:00,20.4225,32.1750
2025-02-22 21:03:00,20.4225,32.1750
2025-02-22 21:18:00,20.4225,32.1750
2025-02-22 21:33:00,20.4225,32.1750
2025-02-22 21:48:00,20.4225,32.1750
2025-02-22 22:03:00,20.4225,32.1750
2025-02-22 22:18:00,20.4225,32.1750
2025-02-22 22:33:00,20.4225,32.1750
2025-02-22 22:48:00,20.4225,32.1750
2025-02-22 23:03:00,20.4225,32.1750
2025-02-22 23:18:00,20.4225,32.1750
2025-02-22 23:33:00,20.4225,32.1750
2025-02-22 23:48:00,20.4225,32.1750
2025-02-23 00:03:00,20.4225,32.1750
2025-02-23 00:18:00,20.4225,32.1750
2025-02-23 00:33:00,20.4225,32.1750
2025-02-23 00:48:00,20.4225,32.1750
2025-02-23 01:03:00,20.4225,32.1750
2025-02-23 01:18:00,20.4225,32.1750
2025-02-23 01:33:00,20.4225,32.1750
2025-02-23 01:48:00,20.4225,32.1750
2025-02-23 02:03:00,20.4225,32.1750
2025-02-23 02:18:00,20.4225,32.1750
2025-02-23 02:33:00,20.4225,32.1750
2025-02-23 02:48:00,20.4225,32.1750
2025-02-23 03:03:00,20.4225,32.1750
2025-02-23 03:18:00,20.4225,32.1750
2025-02-23 03:33:00,20.4225,32.1750
2025-02-23 03:48:00,20.4225,32.1750
2025-02-23 04:03:00,20.4225,32.1750
2025-02-23 04:18:00,20.4225,32.1750
2025-02-23 04:33:00,20.4225,32.1750
2025-02-23 04:48:00,20.4225,32.1750
2025-02-23 05:03:00,20.4225,32.1750
2025-02-23 05:18:00,20.4225,32.1750
2025-02-23 05:33:00,20.4225,32.1750
2025-02-23 05:48:00,20.4225,32.1750
2025-02-23 06:03:00,20.4225,32.1750
2025-02-23 06:18:00,20.4225,32.1750
2025-02-23 06:33:00,20.4225,32.1750
2025-02-23 06:48:00,20.4225,32.1750
2025-02-23 07:03:00,20.4225,32.1750
2025-02-23 07:18:00,20.4225,32.1750
2025-02-23 07:33:00,20.4225,32.1750
2025-02-23 07:48:00,20.4225,32.1750
2025-02-23 08:03:00,20.4225,32.1750
2025-02-23 08:18:00,20.4225,32.1750
2025-02-23 08:33:00,20.4225,32.1750
2025-02-23 08:48:00,20.4225,32.1750
2025-02-23 09:03:00,20.4225,32.1750
2025-02-23 09:18:00,20.4225,32.1750
2025-02-23 09:33:00,20.4225,32.1750
2025-02-23 09:48:00,20.4225,32.1750
2025-02-23 10:03:00,20.4225,32.1750
2025-02-23 10:18:00,20.4225,32.1750
2025-02-23 10:33:00,20.4225,32.1750
2025-02-23 10:48:00,20.4225,32.1750
2025-02-23 11:03:00,20.4225,32.1750
2025-02-23 11:18:00,20.4225,32.1750
2025-02-23 11:33:00,20.4225,32.1750
2025-02-23 11:48:00,20.4225,32.1750
2025-02-23 12:03:00,20.4225,32.1750
2025-02-23 12:18:00,20.4225,32.1750
2025-02-23 12:33:00,20.4225,32.1750
2025-02-23 12:48:00,20.4225,32.1750
2025-02-23 13:03:00,20.4225,32.1750
2025-02-23 13:18:00,20.4225,32.1750
2025-02-23 13:33:00,20.4225,32.1750
2025-02-23 13:48:00,20.4225,32.1750
2025-02-23 14:03:00,20.4225,32.1750
2025-02-23 14:18:00,20.4225,32.1750
2025-02-23 14:33:00,20.4225,32.1750
2025-02-23 14:48:00,20.4225,32.1750
2025-02-23 15:03:00,20.4225,32.1750
2025-02-23 15:18:00,20.4225,32.1750
2025-02-23 15:33:00,20.4225,32.1750
2025-02-23 15:48:00,20.4225,32.1750
2025-02-23 16:03:00,20.4225,32.1750
2025-02-23 16:18:00,20.4225,32.1750
2025-02-23 16:33:00,20.4225,32.1750
2025-02-23 16:48:00,20.4225,32.1750
2025-02-23 17:03:00,20.4225,32.1750
2025-02-23 17:18:00,20.4225,32.1750
2025-02-23 17:33:00,20.4225,32.1750
2025-02-23 17:48:00,20.4225,32.1750
2025-02-23 18:03:00,20.4225,32.1750
2025-02-23 18:18:00,20.4225,32.1750
2025-02-23 18:33:00,20.4225,32.1750
2025-02-23 18:48:00,20.4225,32.1750
2025-02-23 19:03:00,20.4225,32.1750
2025-02-23 19:18:00,20.4225,32.1750
2025-02-23 19:33:00,20.4225,32.1750
2025-02-23 19:48:00,20.4225,32.1750
2025-02-23 20:03:00,20.4225,32.1750
2025-02-23 20:18:00,20.4225,32.1750
2025-02-23 20:33:00,20.4225,32.1750
2025-02-23 20:48:00,20.4225,32.1750
2025-02-23 21:03:00,20.4225,32.1750
2025-02-23 21:18:00,20.4225,32.1750
2025-02-23 21:33:00,20.4225,32.1750
2025-02-23 21:48:00,20.4225,32.1750
2025-02-23 22:03:00,20.4225,32.1750
2025-02-23 22:18:00,20.4225,32.1750
2025-02-23 22:33:00,20.4225,32.1750
2025-02-23 22:48:00,20.4225,32.1750
2025-02-23 23:03:00,20.4225,32.1750
2025-02-23 23:18:00,20.4225,32.1750
2025-02-23 23:33:00,20.4225,32.1750
2025-02-23 23:48:00,20.4225,32.1750
2025-02-24 00:03:00,20.4225,32.1750
2025-02-24 00:18:00,20.4225,32.1750
2025-02-24 00:33:00,20.4225,32.1750
2025-02-24 00:48:00,20.4225,32.1750
2025-02-24 01:03:00,20.4225,32.1750
2025-02-24 01:18:00,20.4225,32.1750
2025-02-24 01:33:00,20.4225,32.1750
2025-02-24 01:48:00,20.4225,32.1750
2025-02-24 02:03:00,20.4225,32.1750
2025-02-24 02:18:00,20.4225,32.1750
2025-02-24 02:33:00,20.4225,32.1750
2025-02-24 02:48:00,20.4225,32.1750
2025-02-24 03:03:00,20.4225,32.1750
2025-02-24 03:18:00,20.4225,32.1750
2025-02-24 03:33:00,20.4225,32.1750
2025-02-24 03:48:00,20.4225,32.1750
2025-02-24 04:03:00,20.4225,32.1750
2025-02-24 04:18:00,20.4225,32.1750
2025-02-24 04:33:00,20.4225,32.1750
2025-02-24 04:48:00,20.4225,32.1750
2025-02-24 05:03:00,20.4225,32.1750
2025-02-24 05:18:00,20.4225,32.1750
2025-02-24 05:33:00,20.4225,32.1750
2025-02-24 05:48:00,20.4225,32.1750
2025-02-24 06:03:00,20.4225,32.1750
2025-02-24 06:18:00,20.4225,32.1750
2025-02-24 06:33:00,20.4225,32.1750
2025-02-24 06:48:00,20.4225,32.1750
2025-02-24 07:03:00,20.4225,32.1750
2025-02-24 07:18:00,20.4225,32.1750
2025-02-24 07:33:00,20.4225,32.1750
2025-02-24 07:48:00,20.4225,32.1750
2025-02-24 08:03:00,20.4225,32.1750
2025-02-24 08:18:00,20.4225,32.1750
2025-02-24 08:33:00,20.4225,32.1750
2025-02-24 08:48:00,20.4225,32.1750
2025-02-24 09:03:00,20.4225,32.1750
2025-02-24 09:18:00,20.4225,32.1750
2025-02-24 09:33:00,20.4225,32.1750
2025-02-24 09:48:00,20.4225,32.1750
2025-02-24 10:03:00,20.4225,32.1750
2025-02-24 10:18:00,20.4225,32.1750
2025-02-24 10:33:00,20.4225,32.1750
2025-02-24 10:48:00,20.4225,32.1750
2025-02-24 11:03:00,20.4225,32.1750
2025-02-24 11:18:00,20.4225,32.1750
2025-02-24 11:33:00,20.4225,32.1750
2025-02-24 11:48:00,20.4225,32.1750
2025-02-24 12:03:00,20.4225,32.1750
2025-02-24 12:18:00,20.4225,32.1750
2025-02-24 12:33:00,20.4225,32.1750
2025-02-24 12:48:00,20.4225,32.1750
2025-02-24 13:03:00,20.4225,32.1750
2025-02-24 13:18:00,20.4225,32.1750
2025-02-24 13:33:00,20.4225,32.1750
2025-02-24 13:48:00,20.4225,32.1750
2025-02-24 14:03:00,20.4225,32.1750
2025-02-24 14:18:00,20.4225,32.1750
2025-02-24 14:33:00,20.4225,32.1750
2025-02-24 14:48:00,20.4225,32.1750
2025-02-24 15:03:00,20.4225,32.1750
2025-02-24 15:18:00,20.4225,32.1750
2025-02-24 15:33:00,20.4225,32.1750
2025-02-24 15:48:00,20.4225,32.1750
2025-02-24 16:03:00,20.4225,32.1750
2025-02-24 16:18:00,20.4225,32.1750
2025-02-24 16:33:00,20.4225,32.1750
2025-02-24 16:48:00,20.4225,32.1750
2025-02-24 17:03:00,20.4225,32.1750
2025-02-24 17:18:00,20.4225,32.1750
2025-02-24 17:33:00,20.4225,32.1750
2025-02-24 17:48:00,20.4225,32.1750
2025-02-24 18:03:00,20.4225,32.1750
2025-02-24 18:18:00,20.4225,32.1750
2025-02-24 18:33:00,20.4225,32.1750
2025-02-24 18:48:00,20.4225,32.1750
2025-02-24 19:03:00,20.4225,32.1750
2025-02-24 19:18:00,20.4225,32.1750
2025-02-24 19:33:00,20.4225,32.1750
2025-02-24 19:48:00,20.4225,32.1750
2025-02-24 20:03:00,20.4225,32.1750
2025-02-24 20:18:00,20.4225,32.1750
2025-02-24 20:33:00,20.4225,32.1750
2025-02-24 20:48:00,20.4225,32.1750
2025-02-24 21:03:00,20.4225,32.1750
2025-02-24 21:18:00,20.4225,32.1750
2025-02-24 21:33:00,20.4225,32.1750
2025-02-24 21:48:00,20.4225,32.1750
2025-02-24 22:03:00,20.4225,32.1750
2025-02-24 22:18:00,20.4225,32.1750
2025-02-24 22:33:00,20.4225,32.1750
2025-02-24 22:48:00,20.4225,32.1750
2025-02-24 23:03:00,20.4225,32.1750
2025-02-24 23:18:00,20.4225,32.1750
2025-02-24 23:33:00,20.4225,32.1750
2025-02-24 23:48:00,20.4225,32.1750
2025-02-25 00:03:00,20.4225,32.1750
2025-02-25 00:18:00,20.4225,32.1750
2025-02-25 00:33:00,20.4225,32.1750
2025-02-25 00:48:00,20.4225,32.1750
2025-02-25 01:03:00,20.4225,32.1750
2025-02-25 01:18:00,20.4225,32.1750
2025-02-25 01:33:00,20.4225,32.1750
2025-02-25 01:48:00,20.4225,32.1750
2025-02-25 02:03:00,20.4225,32.1750
2025-02-25 02:18:00,20.4225,32.1750
2025-02-25 02:33:00,20.4225,32.1750
2025-02-25 02:48:00,20.4225,32.1750
2025-02-25 03:03:00,20.4225,32.1750
2025-02-25 03:18:00,20.4225,32.1750
2025-02-25 03:33:00,20.4225,32.1750
2025-02-25 03:48:00,20.4225,32.1750
2025-02-25 04:03:00,20.4225,32.1750
2025-02-25 04:18:00,20.4225,32.1750
2025-02-25 04:33:00,20.4225,32.1750
2025-02-25 04:48:00,20.4225,32.1750
2025-02-25 05:03:00,20.4225,32.1750
2025-02-25 05:18:00,20.4225,32.1750
2025-02-25 05:33:00,20.4225,32.1750
2025-02-25 05:48:00,20.4225,32.1750
2025-02-25 06:03:00,20.4225,32.1750
2025-02-25 06:18:00,20.4225,32.1750
2025-02-25 06:33:00,20.4225,32.1750
2025-02-25 06:48:00,20.4225,32.1750
2025-02-25 07:03:00,20.4225,32.1750
2025-02-25 07:18:00,20.4225,32.1750
2025-02-25 07:33:00,20.4225,32.1750
2025-02-25 07:48:00,20.4225,32.1750
2025-02-25 08:03:00,20.4225,32.1750
2025-02-25 08:18:00,20.4225,32.1750
2025-02-25 08:33:00,20.4225,32.1750
2025-02-25 08:48:00,20.4225,32.1750
2025-02-25 09:03:00,20.4225,32.1750
2025-02-25 09:18:00,20.4225,32.1750
2025-02-25 09:33:00,20.4225,32.1750
2025-02-25 09:48:00,20.4225,32.1750
2025-02-25 10:03:00,20.4225,32.1750
2025-02-25 10:18:00,20.4225,32.1750
2025-02-25 10:33:00,20.4225,32.1750
2025-02-25 10:48:00,20.4225,32.1750
2025-02-25 11:03:00,20.4225,32.1750
2025-02-25 11:18:00,20.4225,32.1750
2025-02-25 11:33:00,20.4225,32.1750
2025-02-25 11:48:00,20.4225,32.1750
2025-02-25 12:03:00,20.4225,32.1750
2025-02-25 12:18:00,20.4225,32.1750
2025-02-25 12:33:00,20.4225,32.1750
2025-02-25 12:48:00,20.4225,32.1750
2025-02-25 13:03:00,20.4225,32.1750
2025-02-25 13:18:00,20.4225,32.1750
2025-02-25 13:33:00,20.4225,32.1750
2025-02-25 13:48:00,20.4225,32.1750
2025-02-25 14:03:00,20.4225,32.1750
2025-02-25 14:18:00,20.4225,32.1750
2025-02-25 14:33:00,20.4225,32.1750
2025-02-25 14:48:00,20.4225,32.1750
2025-02-25 15:03:00,20.4225,32.1750
2025-02-25 15:18:00,20.4225,32.1750
2025-02-25 15:33:00,20.4225,32.1750
2025-02-25 15:48:00,20.4225,32.1750
2025-02-25 16:03:00,20.4225,32.1750
2025-02-25 16:18:00,20.4225,32.1750
2025-02-25 16:33:00,20.4225,32.1750
2025-02-25 16:48:00,20.4225,32.1750
2025-02-25 17:03:00,20.4225,32.1750
2025-02-25 17:18:00,20.4225,32.1750
2025-02-25 17:33:00,20.4225,32.1750
2025-02-25 17:48:00,20.4225,32.1750
2025-02-25 18:03:00,20.4225,32.1750
2025-02-25 18:18:00,20.4225,32.1750
2025-02-25 18:33:00,20.4225,32.1750
2025-02-25 18:48:00,20.4225,32.1750
2025-02-25 19:03:00,20.4225,32.1750
2025-02-25 19:18:00,20.4225,32.1750
2025-02-25 19:33:00,20.4225,32.1750
2025-02-25 19:48:00,20.4225,32.1750
2025-02-25 20:03:00,20.4225,32.1750
2025-02-25 20:18:00,20.4225,32.1750
2025-02-25 20:33:00,20.4225,32.1750
2025-02-25 20:48:00,20.4225,32.1750
2025-02-25 21:03:00,20.4225,32.1750
2025-02-25 21:18:00,20.4225,32.1750
2025-02-25 21:33:00,20.4225,32.1750
2025-02-25 21:48:00,20.4225,32.1750
2025-02-25 22:03:00,20.4225,32.1750
2025-02-25 22:18:00,20.4225,32.1750
2025-02-25 22:33:00,20.4225,32.1750
2025-02-25 22:48:00,20.4225,32.1750
2025-02-25 23:03:00,20.4225,32.1750
2025-02-25 23:18:00,20.4225,32.1750
2025-02-25 23:33:00,20.4225,32.1750
2025-02-25 23:48:00,20.4225,32.1750
2025-02-26 00:03:00,20.4225,32.1750
2025-02-26 00:18:00,20.4225,32.1750
2025-02-26 00:33:00,20.4225,32.1750
2025-02-26 00:48:00,20.4225,32.1750
2025-02-26 01:03:00,20.4225,32.1750
2025-02-26 01:18:00,20.4225,32.1750
2025-02-26 01:33:00,20.4225,32.1750
2025-02-26 01:48:00,20.4225,32.1750
2025-02-26 02:03:00,20.4225,32.1750
2025-02-26 02:18:00,20.4225,32.1750
2025-02-26 02:33:00,20.4225,32.1750
2025-02-26 02:48:00,20.4225,32.1750
2025-02-26 03:03:00,20.4225,32.1750
2025-02-26 03:18:00,20.4225,32.1750
2025-02-26 03:33:00,20.4225,32.1750
2025-02-26 03:48:00,20.4225,32.1750
2025-02-26 04:03:00,20.4225,32.1750
2025-02-26 04:18:00,20.4225,32.1750
2025-02-26 04:33:00,20.4225,32.1750
2025-02-26 04:48:00,20.4225,32.1750
2025-02-26 05:03:00,20.4225,32.1750
2025-02-26 05:18:00,20.4225,32.1750
2025-02-26 05:33:00,20.4225,32.1750
2025-02-26 05:48:00,20.4225,32.1750
2025-02-26 06:03:00,20.4225,32.1750
2025-02-26 06:18:00,20.4225,32.1750
2025-02-26 06:33:00,20.4225,32.1750
2025-02-26 06:48:00,20.4225,32.1750
2025-02-26 07:03:00,20.4225,32.1750
2025-02-26 07:18:00,20.4225,32.1750
2025-02-26 07:33:00,20.4225,32.1750
2025-02-26 07:48:00,20.4225,32.1750
2025-02-26 08:03:00,20.4225,32.1750
2025-02-26 08:18:00,20.4225,32.1750
2025-02-26 08:33:00,20.4225,32.1750
2025-02-26 08:48:00,20.4225,32.1750
2025-02-26 09:03:00,20.4225,32.1750
2025-02-26 09:18:00,20.4225,32.1750
2025-02-26 09:33:00,20.4225,32.1750
2025-02-26 09:48:00,20.4225,32.1750
2025-02-26 10:03:00,20.4225,32.1750
2025-02-26 10:18:00,20.4225,32.1750
2025-02-26 10:33:00,20.4225,32.1750
2025-02-26 10:48:00,20.4225,32.1750
2025-02-26 11:03:00,20.4225,32.1750
2025-02-26 11:18:00,20.4225,32.1750
2025-02-26 11:33:00,20.4225,32.1750
2025-02-26 11:48:00,20.4225,32.1750
2025-02-26 12:03:00,20.4225,32.1750
2025-02-26 12:18:00,20.4225,32.1750
2025-02-26 12:33:00,20.4225,32.1750
2025-02-26 12:48:00,20.4225,32.1750
2025-02-26 13:03:00,20.4225,32.1750
2025-02-26 13:18:00,20.4225,32.1750
2025-02-26 13:33:00,20.4225,32.1750
2025-02-26 13:48:00,20.4225,32.1750
2025-02-26 14:03:00,20.4225,32.1750
2025-02-26 14:18:00,20.4225,32.1750
2025-02-26 14:33:00,20.4225,32.1750
2025-02-26 14:48:00,20.4225,32.1750
2025-02-26 15:03:00,20.4225,32.1750
2025-02-26 15:18:00,20.4225,32.1750
2025-02-26 15:33:00,20.4225,32.1750
2025-02-26 15:48:00,20.4225,32.1750
2025-02-26 16:03:00,20.4225,32.1750
2025-02-26 16:18:00,20.4225,32.1750
2025-02-26 16:33:00,20.4225,32.1750
2025-02-26 16:48:00,20.4225,32.1750
2025-02-26 17:03:00,20.4225,32.1750
2025-02-26 17:18:00,20.4225,32.1750
2025-02-26 17:33:00,20.4225,32.1750
2025-02-26 17:48:00,20.4225,32.1750
2025-02-26 18:03:00,20.4225,32.1750
2025-02-26 18:18:00,20.4225,32.1750
2025-02-26 18:33:00,20.4225,32.1750
2025-02-26 18:48:00,20.4225,32.1750
2025-02-26 19:03:00,20.4225,32.1750
2025-02-26 19:18:00,20.4225,32.1750
2025-02-26 19:33:00,20.4225,32.1750
2025-02-26 19:48:00,20.4225,32.1750
2025-02-26 20:03:00,20.4225,32.1750
2025-02-26 20:18:00,20.4225,32.1750
2025-02-26 20:33:00,20.4225,32.1750
2025-02-26 20:48:00,20.4225,32.1750
2025-02-26 21:03:00,20.4225,32.1750
2025-02-26 21:18:00,20.4225,32.1750
2025-02-26 21:33:00,20.4225,32.1750
2025-02-26 21:48:00,20.4225,32.1750
2025-02-26 22:03:00,20.4225,32.1750
2025-02-26 22:18:00,20.4225,32.1750
2025-02-26 22:33:00,20.4225,32.1750
2025-02-26 22:48:00,20.4225,32.1750
2025-02-26 23:03:00,20.4225,32.1750
2025-02-26 23:18:00,20.4225,32.1750
2025-02-26 23:33:00,20.4225,32.1750
2025-02-26 23:48:00,20.4225,32.1750
2025-02-27 00:03:00,20.4225,32.1750
2025-02-27 00:18:00,20.4225,32.1750
2025-02-27 00:33:00,20.4225,32.1750
2025-02-27 00:48:00,20.4225,32.1750
2025-02-27 01:03:00,20.4225,32.1750
2025-02-27 01:18:00,20.4225,32.1750
2025-02-27 01:33:00,20.4225,32.1750
2025-02-27 01:48:00,20.4225,32.1750
2025-02-27 02:03:00,20.4225,32.1750
2025-02-27 02:18:00,20.4225,32.1750
2025-02-27 02:33:00,20.4225,32.1750
2025-02-27 02:48:00,20.4225,32.1750
2025-02-27 03:03:00,20.4225,32.1750
2025-02-27 03:18:00,20.4225,32.1750
2025-02-27 03:33:00,20.4225,32.1750
2025-02-27 03:48:00,20.4225,32.1750
2025-02-27 04:03:00,20.4225,32.1750
2025-02-27 04:18:00,20.4225,32.1750
2025-02-27 04:33:00,20.4225,32.1750
2025-02-27 04:48:00,20.4225,32.1750
2025-02-27 05:03:00,20.4225,32.1750
2025-02-27 05:18:00,20.4225,32.1750
2025-02-27 05:33:00,20.4225,32.1750
2025-02-27 05:48:00,20.4225,32.1750
2025-02-27 06:03:00,20.4225,32.1750
2025-02-27 06:18:00,20.4225,32.1750
2025-02-27 06:33:00,20.4225,32.1750
2025-02-27 06:48:00,20.4225,32.1750
2025-02-27 07:03:00,20.4225,32.1750
2025-02-27 07:18:00,20.4225,32.1750
2025-02-27 07:33:00,20.4225,32.1750
2025-02-27 07:48:00,20.4225,32.1750
2025-02-27 08:03:00,20.4225,32.1750
2025-02-27 08:18:00,20.4225,32.1750
2025-02-27 08:33:00,20.4225,32.1750
2025-02-27 08:48:00,20.4225,32.1750
2025-02-27 09:03:00,20.4225,32.1750
2025-02-27 09:18:00,20.4225,32.1750
2025-02-27 09:33:00,20.4225,32.1750
2025-02-27 09:48:00,20.4225,32.1750
2025-02-27 10:03:00,20.4225,32.1750
2025-02-27 10:18:00,20.4225,32.1750
2025-02-27 10:33:00,20.4225,32.1750
2025-02-27 10:48:00,20.4225,32.1750
2025-02-27 11:03:00,20.4225,32.1750
2025-02-27 11:18:00,20.4225,32.1750
2025-02-27 11:33:00,20.4225,32.1750
2025-02-27 11:48:00,20.4225,32.1750
2025-02-27 12:03:00,20.4225,32.1750
2025-02-27 12:18:00,20.4225,32.1750
2025-02-27 12:33:00,20.4225,32.1750
2025-02-27 12:48:00,20.4225,32.1750
2025-02-27 13:03:00,20.4225,32.1750
2025-02-27 13:18:00,20.4225,32.1750
2025-02-27 13:33:00,20.4225,32.1750
2025-02-27 13:48:00,20.4225,32.1750
2025-02-27 14:03:00,20.4225,32.1750
2025-02-27 14:18:00,20.4225,32.1750
2025-02-27 14:33:00,20.4225,32.1750
2025-02-27 14:48:00,20.4225,32.1750
2025-02-27 15:03:00,20.4225,32.1750
2025-02-27 15:18:00,20.4225,32.1750
2025-02-27 15:33:00,20.4225,32.1750
2025-02-27 15:48:00,20.4225,32.1750
2025-02-27 16:03:00,20.4225,32.1750
2025-02-27 16:18:00,20.4225,32.1750
2025-02-27 16:33:00,20.4225,32.1750
2025-02-27 16:48:00,20.4225,32.1750
2025-02-27 17:03:00,20.4225,32.1750
2025-02-27 17:18:00,20.4225,32.1750
2025-02-27 17:33:00,20.4225,32.1750
2025-02-27 17:48:00,20.4225,32.1750
2025-02-27 18:03:00,20.4225,32.1750
2025-02-27 18:18:00,20.4225,32.1750
2025-02-27 18:33:00,20.4225,32.1750
2025-02-27 18:48:00,20.4225,32.1750
2025-02-27 19:03:00,20.4225,32.1750
2025-02-27 19:18:00,20.4225,32.1750
2025-02-27 19:33:00,20.4225,32.1750
2025-02-27 19:48:00,20.4225,32.1750
2025-02-27 20:03:00,20.4225,32.1750
2025-02-27 20:18:00,20.4225,32.1750
2025-02-27 20:33:00,20.4225,32.1750
2025-02-27 20:48:00,20.4225,32.1750
2025-02-27 21:03:00,20.4225,32.1750
2025-02-27 21:18:00,20.4225,32.1750
2025-02-27 21:33:00,20.4225,32.1750
2025-02-27 21:48:00,20.4225,32.1750
2025-02-27 22:03:00,20.4225,32.1750
2025-02-27 22:18:00,20.4225,32.1750
2025-02-27 22:33:00,20.4225,32.1750
2025-02-27 22:48:00,20.4225,32.1750
2025-02-27 23:03:00,20.4225,32.1750
2025-02-27 23:18:00,20.4225,32.1750
2025-02-27 23:33:00,20.4225,32.1750
2025-02-27 23:48:00,20.4225,32.1750
2025-02-28 00:03:00,20.4225,32.1750
2025-02-28 00:18:00,20.4225,32.1750
2025-02-28 00:33:00,20.4225,32.1750
2025-02-28 00:48:00,20.4225,32.1750
2025-02-28 01:03:00,20.4225,32.1750
2025-02-28 01:18:00,20.4225,32.1750
2025-02-28 01:33:00,20.4225,32.1750
2025-02-28 01:48:00,20.4225,32.1750
2025-02-28 02:03:00,20.4225,32.1750
2025-02-28 02:18:00,20.4225,32.1750
2025-02-28 02:33:00,20.4225,32.1750
2025-02-28 02:48:00,20.4225,32.1750
2025-02-28 03:03:00,20.4225,32.1750
2025-02-28 03:18:00,20.4225,32.1750
2025-02-28 03:33:00,20.4225,32.1750
2025-02-28 03:48:00,20.4225,32.1750
2025-02-28 04:03:00,20.4225,32.1750
2025-02-28 04:18:00,20.4225,32.1750
2025-02-28 04:33:00,20.4225,32.1750
2025-02-28 04:48:00,20.4225,32.1750
2025-02-28 05:03:00,20.4225,32.1750
2025-02-28 05:18:00,20.4225,32.1750
2025-02-28 05:33:00,20.4225,32.1750
2025-02-28 05:48:00,20.4225,32.1750
2025-02-28 06:03:00,20.4225,32.1750
2025-02-28 06:18:00,20.4225,32.1750
2025-02-28 06:33:00,20.4225,32.1750
2025-02-28 06:48:00,20.4225,32.1750
2025-02-28 07:03:00,20.4225,32.1750
2025-02-28 07:18:00,20.4225,32.1750
2025-02-28 07:33:00,20.4225,32.1750
2025-02-28 07:48:00,20.4225,32.1750
2025-02-28 08:03:00,20.4225,32.1750
2025-02-28 08:18:00,20.4225,32.1750
2025-02-28 08:33:00,20.4225,32.1750
2025-02-28 08:48:00,20.4225,32.1750
2025-02-28 09:03:00,20.4225,32.1750
2025-02-28 09:18:00,20.4225,32.1750
2025-02-28 09:33:00,20.4225,32.1750
2025-02-28 09:48:00,20.4225,32.1750
2025-02-28 10:03:00,20.4225,32.1750
2025-02-28 10:18:00,20.4225,32.1750
2025-02-28 10:33:00,20.4225,32.1750
2025-02-28 10:48:00,20.4225,32.1750
2025-02-28 11:03:00,20.4225,32.1750
2025-02-28 11:18:00,20.4225,32.1750
2025-02-28 11:33:00,20.4225,32.1750
2025-02-28 11:48:00,20.4225,32.1750
2025-02-28 12:03:00,20.4225,32.1750
2025-02-28 12:18:00,20.4225,32.1750
2025-02-28 12:33:00,20.4225,32.1750
2025-02-28 12:48:00,20.4225,32.1750
2025-02-28 13:03:00,20.4225,32.1750
2025-02-28 13:18:00,20.4225,32.1750
2025-02-28 13:33:00,20.4225,32.1750
2025-02-28 13:48:00,20.4225,32.1750
2025-02-28 14:03:00,20.4225,32.1750
2025-02-28 14:18:00,20.4225,32.1750
2025-02-28 14:33:00,20.4225,32.1750
2025-02-28 14:48:00,20.4225,32.1750
2025-02-28 15:03:00,20.4225,32.1750
2025-02-28 15:18:00,20.4225,32.1750
2025-02-28 15:33:00,20.4225,32.1750
2025-02-28 15:48:00,20.4225,32.1750
2025-02-28 16:03:00,20.4225,32.1750
2025-02-28 16:18:00,20.4225,32.1750
2025-02-28 16:33:00,20.4225,32.1750
2025-02-28 16:48:00,20.4225,32.1750
2025-02-28 17:03:00,20.4225,32.1750
2025-02-28 17:18:00,20.4225,32.1750
2025-02-28 17:33:00,20.4225,32.1750
2025-02-28 17:48:00,20.4225,32.1750
2025-02-28 18:03:00,20.4225,32.1750
2025-02-28 18:18:00,20.4225,32.1750
2025-02-28 18:33:00,20.4225,32.1750
2025-02-28 18:48:00,20.4225,32.1750
2025-02-28 19:03:00,20.4225,32.1750
2025-02-28 19:18:00,20.4225,32.1750
2025-02-28 19:33:00,20.4225,32.1750
2025-02-28 19:48:00,20.4225,32.1750
2025-02-28 20:03:00,20.4225,32.1750
2025-02-28 20:18:00,20.4225,32.1750
2025-02-28 20:33:00,20.4225,32.1750
2025-02-28 20:48:00,20.4225,32.1750
2025-02-28 21:03:00,20.4225,32.1750
2025-02-28 21:18:00,20.4225,32.1750
2025-02-28 21:33:00,20.4225,32.1750
2025-02-28 21:48:00,20.4225,32.1750
2025-02-28 22:03:00,20.4225,32.1750
2025-02-28 22:18:00,20.4225,32.1750
2025-02-28 22:33:00,20.4225,32.1750
2025-02-28 22:48:00,20.4225,32.1750
2025-02-28 23:03:00,20.4225,32.1750
2025-02-28 23:18:00,20.4225,32.1750
2025-02-28 23:33:00,20.4225,32.1750
2025-02-28 23:48:00,20.4225,32.1750
2025-03-01 00:03:00,20.4225,32.1750
2025-03-01 00:18:00,20.4225,32.1750
2025-03-01 00:33:00,20.4225,32.1750
2025-03-01 00:48:00,20.4225,32.1750
2025-03-01 01:03:00,20.4225,32.1750
2025-03-01 01:18:00,20.4225,32.1750
2025-03-01 01:33:00,20.4225,32.1750
2025-03-01 01:48:00,20.4225,32.1750
2025-03-01 02:03:00,20.4225,32.1750
2025-03-01 02:18:00,20.4225,32.1750
2025-03-01 02:33:00,20.4225,32.1750
2025-03-01 02:48:00,20.4225,32.1750
2025-03-01 03:03:00,20.4225,32.1750
2025-03-01 03:18:00,20.4225,32.1750
2025-03-01 03:33:00,20.4225,32.1750
2025-03-01 03:48:00,20.4225,32.1750
2025-03-01 04:03:00,20.4225,32.1750
2025-03-01 04:18:00,20.4225,32.1750
2025-03-01 04:33:00,20.4225,32.1750
2025-03-01 04:48:00,20.4225,32.1750
2025-03-01 05:03:00,20.4225,32.1750
2025-03-01 05:18:00,20.4225,32.1750
2025-03-01 05:33:00,20.4225,32.1750
2025-03-01 05:48:00,20.4225,32.1750
2025-03-01 06:03:00,20.4225,32.1750
2025-03-01 06:18:00,20.4225,32.1750
2025-03-01 06:33:00,20.4225,32.1750
2025-03-01 06:48:00,20.4225,32.1750
2025-03-01 07:03:00,20.4225,32.1750
2025-03-01 07:18:00,20.4225,32.1750
2025-03-01 07:33:00,20.4225,32.1750
2025-03-01 07:48:00,20.4225,32.1750
2025-03-01 08:03:00,20.4225,32.1750
2025-03-01 08:18:00,20.4225,32.1750
2025-03-01 08:33:00,20.4225,32.1750
2025-03-01 08:48:00,20.4225,32.1750
2025-03-01 09:03:00,20.4225,32.1750
2025-03-01 09:18:00,20.4225,32.1750
2025-03-01 09:33:00,20.4225,32.1750
2025-03-01 09:48:00,20.4225,32.1750
2025-03-01 10:03:00,20.4225,32.1750
2025-03-01 10:18:00,20.4225,32.1750
2025-03-01 10:33:00,20.4225,32.1750
2025-03-01 10:48:00,20.4225,32.1750
2025-03-01 11:03:00,20.4225,32.1750
2025-03-01 11:18:00,20.4225,32.1750
2025-03-01 11:33:00,20.4225,32.1750
2025-03-01 11:48:00,20.4225,32.1750
2025-03-01 12:03:00,20.4225,32.1750
2025-03-01 12:18:00,20.4225,32.1750
2025-03-01 12:33:00,20.4225,32.1750
2025-03-01 12:48:00,20.4225,32.1750
2025-03-01 13:03:00,20.4225,32.1750
2025-03-01 13:18:00,20.4225,32.1750
2025-03-01 13:33:00,20.4225,32.1750
2025-03-01 13:48:00,20.4225,32.1750
2025-03-01 14:03:00,20.4225,32.1750
2025-03-01 14:18:00,20.4225,32.1750
2025-03-01 14:33:00,20.4225,32.1750
2025-03-01 14:48:00,20.4225,32.1750
2025-03-01 15:03:00,20.4225,32.1750
2025-03-01 15:18:00,20.4225,32.1750
2025-03-01 15:33:00,20.4225,32.1750
2025-03-01 15:48:00,20.4225,32.1750
2025-03-01 16:03:00,20.4225,32.1750
2025-03-01 16:18:00,20.4225,32.1750
2025-03-01 16:33:00,20.4225,32.1750
2025-03-01 16:48:00,20.4225,32.1750
2025-03-01 17:03:00,20.4225,32.1750
2025-03-01 17:18:00,20.4225,32.1750
2025-03-01 17:33:00,20.4225,32.1750
2025-03-01 17:48:00,20.4225,32.1750
2025-03-01 18:03:00,20.4225,32.1750
2025-03-01 18:18:00,20.4225,32.1750
2025-03-01 18:33:00,20.4225,32.1750
2025-03-01 18:48:00,20.4225,32.1750
2025-03-01 19:03:00,20.4225,32.1750
2025-03-01 19:18:00,20.4225,32.1750
2025-03-01 19:33:00,20.4225,32.1750
2025-03-01 19:48:00,20.4225,32.1750
2025-03-01 20:03:00,20.4225,32.1750
2025-03-01 20:18:00,20.4225,32.1750
2025-03-01 20:33:00,20.4225,32.1750
2025-03-01 20:48:00,20.4225,32.1750
2025-03-01 21:03:00,20.4225,32.1750
2025-03-01 21:18:00,20.4225,32.1750
2025-03-01 21:33:00,20.4225,32.1750
2025-03-01 21:48:00,20.4225,32.1750
2025-03-01 22:03:00,20.4225,32.1750
2025-03-01 22:18:00,20.4225,32.1750
2025-03-01 22:33:00,20.4225,32.1750
2025-03-01 22:48:00,20.4225,32.1750
2025-03-01 23:03:00,20.4225,32.1750
2025-03-01 23:18:00,20.4225,32.1750
2025-03-01 23:33:00,20.4225,32.1750
2025-03-01 23:48:00,20.4225,32.1750
2025-03-02 00:03:00,20.4225,32.1750
2025-03-02 00:18:00,20.4225,32.1750
2025-03-02 00:33:00,20.4225,32.1750
2025-03-02 00:48:00,20.4225,32.1750
2025-03-02 01:03:00,20.4225,32.1750
2025-03-02 01:18:00,20.4225,32.1750
2025-03-02 01:33:00,20.4225,32.1750
2025-03-02 01:48:00,20.4225,32.1750
2025-03-02 02:03:00,20.4225,32.1750
2025-03-02 02:18:00,20.4225,32.1750
2025-03-02 02:33:00,20.4225,32.1750
2025-03-02 02:48:00,20.4225,32.1750
2025-03-02 03:03:00,20.4225,32.1750
2025-03-02 03:18:00,20.4225,32.1750
2025-03-02 03:33:00,20.4225,32.1750
2025-03-02 03:48:00,20.4225,32.1750
2025-03-02 04:03:00,20.4225,32.1750
2025-03-02 04:18:00,20.4225,32.1750
2025-03-02 04:33:00,20.4225,32.1750
2025-03-02 04:48:00,20.4225,32.1750
2025-03-02 05:03:00,20.4225,32.1750
2025-03-02 05:18:00,20.4225,32.1750
2025-03-02 05:33:00,20.4225,32.1750
2025-03-02 05:48:00,20.4225,32.1750
2025-03-02 06:03:00,20.4225,32.1750
2025-03-02 06:18:00,20.4225,32.1750
2025-03-02 06:33:00,20.4225,32.1750
2025-03-02 06:48:00,20.4225,32.1750
2025-03-02 07:03:00,20.4225,32.1750
2025-03-02 07:18:00,20.4225,32.1750
2025-03-02 07:33:00,20.4225,32.1750
2025-03-02 07:48:00,20.4225,32.1750
2025-03-02 08:03:00,20.4225,32.1750
2025-03-02 08:18:00,20.4225,32.1750
2025-03-02 08:33:00,20.4225,32.1750
2025-03-02 08:48:00,20.4225,32.1750
2025-03-02 09:03:00,20.4225,32.1750
2025-03-02 09:18:00,20.4225,32.1750
2025-03-02 09:33:00,20.4225,32.1750
2025-03-02 09:48:00,20.4225,32.1750
2025-03-02 10:03:00,20.4225,32.1750
2025-03-02 10:18:00,20.4225,32.1750
2025-03-02 10:33:00,20.4225,32.1750
2025-03-02 10:48:00,20.4225,32.1750
2025-03-02 11:03:00,20.4225,32.1750
2025-03-02 11:18:00,20.4225,32.1750
2025-03-02 11:33:00,20.4225,32.1750
2025-03-02 11:48:00,20.4225,32.1750
2025-03-02 12:03:00,20.4225,32.1750
2025-03-02 12:18:00,20.4225,32.1750
2025-03-02 12:33:00,20.4225,32.1750
2025-03-02 12:48:00,20.4225,32.1750
2025-03-02 13:03:00,20.4225,32.1750
2025-03-02 13:18:00,20.4225,32.1750
2025-03-02 13:33:00,20.4225,32.1750
2025-03-02 13:48:00,20.4225,32.1750
2025-03-02 14:03:00,20.4225,32.1750
2025-03-02 14:18:00,20.4225,32.1750
2025-03-02 14:33:00,20.4225,32.1750
2025-03-02 14:48:00,20.4225,32.1750
2025-03-02 15:03:00,20.4225,32.1750
2025-03-02 15:18:00,20.4225,32.1750
2025-03-02 15:33:00,20.4225,32.1750
2025-03-02 15:48:00,20.4225,32.1750
2025-03-02 16:03:00,20.4225,32.1750
2025-03-02 16:18:00,20.4225,32.1750
2025-03-02 16:33:00,20.4225,32.1750
2025-03-02 16:48:00,20.4225,32.1750
2025-03-02 17:03:00,20.4225,32.1750
2025-03-02 17:18:00,20.4225,32.1750
2025-03-02 17:33:00,20.4225,32.1750
2025-03-02 17:48:00,20.4225,32.1750
2025-03-02 18:03:00,20.4225,32.1750
2025-03-02 18:18:00,20.4225,32.1750
2025-03-02 18:33:00,20.4225,32.1750
2025-03-02 18:48:00,20.4225,32.1750
2025-03-02 19:03:00,20.4225,32.1750
2025-03-02 19:18:00,20.4225,32.1750
2025-03-02 19:33:00,20.4225,32.1750
2025-03-02 19:48:00,20.4225,32.1750
2025-03-02 20:03:00,20.4225,32.1750
2025-03-02 20:18:00,20.4225,32.1750
2025-03-02 20:33:00,20.4225,32.1750
2025-03-02 20:48:00,20.4225,32.1750
2025-03-02 21:03:00,20.4225,32.1750
2025-03-02 21:18:00,20.4225,32.1750
2025-03-02 21:33:00,20.4225,32.1750
2025-03-02 21:48:00,20.4225,32.1750
2025-03-02 22:03:00,20.4225,32.1750
2025-03-02 22:18:00,20.4225,32.1750
2025-03-02 22:33:00,20.4225,32.1750
2025-03-02 22:48:00,20.4225,32.1750
2025-03-02 23:03:00,20.4225,32.1750
2025-03-02 23:18:00,20.4225,32.1750
2025-03-02 23:33:00,20.4225,32.1750
2025-03-02 23:48:00,20.4225,32.1750
2025-03-03 00:03:00,20.4225,32.1750
2025-03-03 00:18:00,20.4225,32.1750
2025-03-03 00:33:00,20.4225,32.1750
2025-03-03 00:48:00,20.4225,32.1750
2025-03-03 01:03:00,20.4225,32.1750
2025-03-03 01:18:00,20.4225,32.1750
2025-03-03 01:33:00,20.4225,32.1750
2025-03-03 01:48:00,20.4225,32.1750
2025-03-03 02:03:00,20.4225,32.1750
2025-03-03 02:18:00,20.4225,32.1750
2025-03-03 02:33:00,20.4225,32.1750
2025-03-03 02:48:00,20.4225,32.1750
2025-03-03 03:03:00,20.4225,32.1750
2025-03-03 03:18:00,20.4225,32.1750
2025-03-03 03:33:00,20.4225,32.1750
2025-03-03 03:48:00,20.4225,32.1750
2025-03-03 04:03:00,20.4225,32.1750
2025-03-03 04:18:00,20.4225,32.1750
2025-03-03 04:33:00,20.4225,32.1750
2025-03-03 04:48:00,20.4225,32.1750
2025-03-03 05:03:00,20.4225,32.1750
2025-03-03 05:18:00,20.4225,32.1750
2025-03-03 05:33:00,20.4225,32.1750
2025-03-03 05:48:00,20.4225,32.1750
2025-03-03 06:03:00,20.4225,32.1750
2025-03-03 06:18:00,20.4225,32.1750
2025-03-03 06:33:00,20.4225,32.1750
2025-03-03 06:48:00,20.4225,32.1750
2025-03-03 07:03:00,20.4225,32.1750
2025-03-03 07:18:00,20.4225,32.1750
2025-03-03 07:33:00,20.4225,32.1750
2025-03-03 07:48:00,20.4225,32.1750
2025-03-03 08:03:00,20.4225,32.1750
2025-03-03 08:18:00,20.4225,32.1750
2025-03-03 08:33:00,20.4225,32.1750
2025-03-03 08:48:00,20.4225,32.1750
2025-03-03 09:03:00,20.4225,32.1750
2025-03-03 09:18:00,20.4225,32.1750
2025-03-03 09:33:00,20.4225,32.1750
2025-03-03 09:48:00,20.4225,32.1750
2025-03-03 10:03:00,20.4225,32.1750
2025-03-03 10:18:00,20.4225,32.1750
2025-03-03 10:33:00,20.4225,32.1750
2025-03-03 10:48:00,20.4225,32.1750
2025-03-03 11:03:00,20.4225,32.1750
2025-03-03 11:18:00,20.4225,32.1750
2025-03-03 11:33:00,20.4225,32.1750
2025-03-03 11:48:00,20.4225,32.1750
2025-03-03 12:03:00,20.4225,32.1750
2025-03-03 12:18:00,20.4225,32.1750
2025-03-03 12:33:00,20.4225,32.1750
2025-03-03 12:48:00,20.4225,32.1750
2025-03-03 13:03:00,20.4225,32.1750
2025-03-03 13:18:00,20.4225,32.1750
2025-03-03 13:33:00,20.4225,32.1750
2025-03-03 13:48:00,20.4225,32.1750
2025-03-03 14:03:00,20.4225,32.1750
2025-03-03 14:18:00,20.4225,32.1750
2025-03-03 14:33:00,20.4225,32.1750
2025-03-03 14:48:00,20.4225,32.1750
2025-03-03 15:03:00,20.4225,32.1750
2025-03-03 15:18:00,20.4225,32.1750
2025-03-03 15:33:00,20.4225,32.1750
2025-03-03 15:48:00,20.4225,32.1750
2025-03-03 16:03:00,20.4225,32.1750
2025-03-03 16:18:00,20.4225,32.1750
2025-03-03 16:33:00,20.4225,32.1750
2025-03-03 16:48:00,20.4225,32.1750
2025-03-03 17:03:00,20.4225,32.1750
2025-03-03 17:18:00,20.4225,32.1750
2025-03-03 17:33:00,20.4225,32.1750
2025-03-03 17:48:00,20.4225,32.1750
2025-03-03 18:03:00,20.4225,32.1750
2025-03-03 18:18:00,20.4225,32.1750
2025-03-03 18:33:00,20.4225,32.1750
2025-03-03 18:48:00,20.4225,32.1750
2025-03-03 19:03:00,20.4225,32.1750
2025-03-03 19:18:00,20.4225,32.1750
2025-03-03 19:33:00,20.4225,32.1750
2025-03-03 19:48:00,20.4225,32.1750
2025-03-03 20:03:00,20.4225,32.1750
2025-03-03 20:18:00,20.4225,32.1750
2025-03-03 20:33:00,20.4225,32.1750
2025-03-03 20:48:00,20.4225,32.1750
2025-03-03 21:03:00,20.4225,32.1750
2025-03-03 21:18:00,20.4225,32.1750
2025-03-03 21:33:00,20.4225,32.1750
2025-03-03 21:48:00,20.4225,32.1750
2025-03-03 22:03:00,20.4225,32.1750
2025-03-03 22:18:00,20.4225,32.1750
2025-03-03 22:33:00,20.4225,32.1750
2025-03-03 22:48:00,20.4225,32.1750
2025-03-03 23:03:00,20.4225,32.1750
2025-03-03 23:18:00,20.4225,32.1750
2025-03-03 23:33:00,20.4225,32.1750
2025-03-03 23:48:00,20.4225,32.1750
2025-03-04 00:03:00,20.4225,32.1750
2025-03-04 00:18:00,20.4225,32.1750
2025-03-04 00:33:00,20.4225,32.1750
2025-03-04 00:48:00,20.4225,32.1750
2025-03-04 01:03:00,20.4225,32.1750
2025-03-04 01:18:00,20.4225,32.1750
2025-03-04 01:33:00,20.4225,32.1750
2025-03-04 01:48:00,20.4225,32.1750
2025-03-04 02:03:00,20.4225,32.1750
2025-03-04 02:18:00,20.4225,32.1750
2025-03-04 02:33:00,20.4225,32.1750
2025-03-04 02:48:00,20.4225,32.1750
2025-03-04 03:03:00,20.4225,32.1750
2025-03-04 03:18:00,20.4225,32.1750
2025-03-04 03:33:00,20.4225,32.1750
2025-03-04 03:48:00,20.4225,32.1750
2025-03-04 04:03:00,20.4225,32.1750
2025-03-04 04:18:00,20.4225,32.1750
2025-03-04 04:33:00,20.4225,32.1750
2025-03-04 04:48:00,20.4225,32.1750
2025-03-04 05:03:00,20.4225,32.1750
2025-03-04 05:18:00,20.4225,32.1750
2025-03-04 05:33:00,20.4225,32.1750
2025-03-04 05:48:00,20.4225,32.1750
2025-03-04 06:03:00,20.4225,32.1750
2025-03-04 06:18:00,20.4225,32.1750
2025-03-04 06:33:00,20.4225,32.1750
2025-03-04 06:48:00,20.4225,32.1750
2025-03-04 07:03:00,20.4225,32.1750
2025-03-04 07:18:00,20.4225,32.1750
2025-03-04 07:33:00,20.4225,32.1750
2025-03-04 07:48:00,20.4225,32.1750
2025-03-04 08:03:00,20.4225,32.1750
2025-03-04 08:18:00,20.4225,32.1750
2025-03-04 08:33:00,20.4225,32.1750
2025-03-04 08:48:00,20.4225,32.1750
2025-03-04 09:03:00,20.4225,32.1750
2025-03-04 09:18:00,20.4225,32.1750
2025-03-04 09:33:00,20.4225,32.1750
2025-03-04 09:48:00,20.4225,32.1750
2025-03-04 10:03:00,20.4225,32.1750
2025-03-04 10:18:00,20.4225,32.1750
2025-03-04 10:33:00,20.4225,32.1750
2025-03-04 10:48:00,20.4225,32.1750
2025-03-04 11:03:00,20.4225,32.1750
2025-03-04 11:18:00,20.4225,32.1750
2025-03-04 11:33:00,20.4225,32.1750
2025-03-04 11:48:00,20.4225,32.1750
2025-03-04 12:03:00,20.4225,32.1750
2025-03-04 12:18:00,20.4225,32.1750
2025-03-04 12:33:00,20.4225,32.1750
2025-03-04 12:48:00,20.4225,32.1750
2025-03-04 13:03:00,20.4225,32.1750
2025-03-04 13:18:00,20.4225,32.1750
2025-03-04 13:33:00,20.4225,32.1750
2025-03-04 13:48:00,20.4225,32.1750
2025-03-04 14:03:00,20.4225,32.1750
2025-03-04 14:18:00,20.4225,32.1750
2025-03-04 14:33:00,20.4225,32.1750
2025-03-04 14:48:00,20.4225,32.1750
2025-03-04 15:03:00,20.4225,32.1750
2025-03-04 15:18:00,20.4225,32.1750
2025-03-04 15:33:00,20.4225,32.1750
2025-03-04 15:48:00,20.4225,32.1750
2025-03-04 16:03:00,20.4225,32.1750
2025-03-04 16:18:00,20.4225,32.1750
2025-03-04 16:33:00,20.4225,32.1750
2025-03-04 16:48:00,20.4225,32.1750
2025-03-04 17:03:00,20.4225,32.1750
2025-03-04 17:18:00,20.4225,32.1750
2025-03-04 17:33:00,20.4225,32.1750
2025-03-04 17:48:00,20.4225,32.1750
2025-03-04 18:03:00,20.4225,32.1750
2025-03-04 18:18:00,20.4225,32.1750
2025-03-04 18:33:00,20.4225,32.1750
2025-03-04 18:48:00,20.4225,32.1750
2025-03-04 19:03:00,20.4225,32.1750
2025-03-04 19:18:00,20.4225,32.1750
2025-03-04 19:33:00,20.4225,32.1750
2025-03-04 19:48:00,20.4225,32.1750
2025-03-04 20:03:00,20.4225,32.1750
2025-03-04 20:18:00,20.4225,32.1750
2025-03-04 20:33:00,20.4225,32.1750
2025-03-04 20:48:00,20.4225,32.1750
2025-03-04 21:03:00,20.4225,32.1750
2025-03-04 21:18:00,20.4225,32.1750
2025-03-04 21:33:00,20.4225,32.1750
2025-03-04 21:48:00,20.4225,32.1750
2025-03-04 22:03:00,20.4225,32.1750
2025-03-04 22:18:00,20.4225,32.1750
2025-03-04 22:33:00,20.4225,32.1750
2025-03-04 22:48:00,20.4225,32.1750
2025-03-04 23:03:00,20.4225,32.1750
2025-03-04 23:18:00,20.4225,32.1750
2025-03-04 23:33:00,20.4225,32.1750
2025-03-04 23:48:00,20.4225,32.1750
2025-03-05 00:03:00,20.4225,32.1750
2025-03-05 00:18:00,20.4225,32.1750
2025-03-05 00:33:00,20.4225,32.1750
2025-03-05 00:48:00,20.4225,32.1750
2025-03-05 01:03:00,20.4225,32.1750
2025-03-05 01:18:00,20.4225,32.1750
2025-03-05 01:33:00,20.4225,32.1750
2025-03-05 01:48:00,20.4225,32.1750
2025-03-05 02:03:00,20.4225,32.1750
2025-03-05 02:18:00,20.4225,32.1750
2025-03-05 02:33:00,20.4225,32.1750
2025-03-05 02:48:00,20.4225,32.1750
2025-03-05 03:03:00,20.4225,32.1750
2025-03-05 03:18:00,20.4225,32.1750
2025-03-05 03:33:00,20.4225,32.1750
2025-03-05 03:48:00,20.4225,32.1750
2025-03-05 04:03:00,20.4225,32.1750
2025-03-05 04:18:00,20.4225,32.1750
2025-03-05 04:33:00,20.4225,32.1750
2025-03-05 04:48:00,20.4225,32.1750
2025-03-05 05:03:00,20.4225,32.1750
2025-03-05 05:18:00,20.4225,32.1750
2025-03-05 05:33:00,20.4225,32.1750
2025-03-05 05:48:00,20.4225,32.1750
2025-03-05 06:03:00,20.4225,32.1750
2025-03-05 06:18:00,20.4225,32.1750
2025-03-05 06:33:00,20.4225,32.1750
2025-03-05 06:48:00,20.4225,32.1750
2025-03-05 07:03:00,20.4225,32.1750
2025-03-05 07:18:00,20.4225,32.1750
2025-03-05 07:33:00,20.4225,32.1750
2025-03-05 07:48:00,20.4225,32.1750
2025-03-05 08:03:00,20.4225,32.1750
2025-03-05 08:18:00,20.4225,32.1750
2025-03-05 08:33:00,20.4225,32.1750
2025-03-05 08:48:00,20.4225,32.1750
2025-03-05 09:03:00,20.4225,32.1750
2025-03-05 09:18:00,20.4225,32.1750
2025-03-05 09:33:00,20.4225,32.1750
2025-03-05 09:48:00,20.4225,32.1750
2025-03-05 10:03:00,20.4225,32.1750
2025-03-05 10:18:00,20.4225,32.1750
2025-03-05 10:33:00,20.4225,32.1750
2025-03-05 10:48:00,20.4225,32.1750
2025-03-05 11:03:00,20.4225,32.1750
2025-03-05 11:18:00,20.4225,32.1750
2025-03-05 11:33:00,20.4225,32.1750
2025-03-05 11:48:00,20.4225,32.1750
2025-03-05 12:03:00,20.4225,32.1750
2025-03-05 12:18:00,20.4225,32.1750
2025-03-05 12:33:00,20.4225,32.1750
2025-03-05 12:48:00,20.4225,32.1750
2025-03-05 13:03:00,20.4225,32.1750
2025-03-05 13:18:00,20.4225,32.1750
2025-03-05 13:33:00,20.4225,32.1750
2025-03-05 13:48:00,20.4225,32.1750
2025-03-05 14:03:00,20.4225,32.1750
2025-03-05 14:18:00,20.4225,32.1750
2025-03-05 14:33:00,20.4225,32.1750
2025-03-05 14:48:00,20.4225,32.1750
2025-03-05 15:03:00,20.4225,32.1750
2025-03-05 15:18:00,20.4225,32.1750
2025-03-05 15:33:00,20.4225,32.1750
2025-03-05 15:48:00,20.4225,32.1750
2025-03-05 16:03:00,20.4225,32.1750
2025-03-05 16:18:00,20.4225,32.1750
2025-03-05 16:33:00,20.4225,32.1750
2025-03-05 16:48:00,20.4225,32.1750
2025-03-05 17:03:00,20.4225,32.1750
2025-03-05 17:18:00,20.4225,32.1750
2025-03-05 17:33:00,20.4225,32.1750
2025-03-05 17:48:00,20.4225,32.1750
2025-03-05 18:03:00,20.4225,32.1750
2025-03-05 18:18:00,20.4225,32.1750
2025-03-05 18:33:00,20.4225,32.1750
2025-03-05 18:48:00,20.4225,32.1750
2025-03-05 19:03:00,20.4225,32.1750
2025-03-05 19:18:00,20.4225,32.1750
2025-03-05 19:33:00,20.4225,32.1750
2025-03-05 19:48:00,20.4225,32.1750
2025-03-05 20:03:00,20.4225,32.1750
2025-03-05 20:18:00,20.4225,32.1750
2025-03-05 20:33:00,20.4225,32.1750
2025-03-05 20:48:00,20.4225,32.1750
2025-03-05 21:03:00,20.4225,32.1750
2025-03-05 21:18:00,20.4225,32.1750
2025-03-05 21:33:00,20.4225,32.1750
2025-03-05 21:48:00,20.4225,32.1750
2025-03-05 22:03:00,20.4225,32.1750
2025-03-05 22:18:00,20.4225,32.1750
2025-03-05 22:33:00,20.4225,32.1750
2025-03-05 22:48:00,20.4225,32.1750
2025-03-05 23:03:00,20.4225,32.1750
2025-03-05 23:18:00,20.4225,32.1750
2025-03-05 23:33:00,20.4225,32.1750
2025-03-05 23:48:00,20.4225,32.1750
2025-03-06 00:03:00,20.4225,32.1750
2025-03-06 00:18:00,20.4225,32.1750
2025-03-06 00:33:00,20.4225,32.1750
2025-03-06 00:48:00,20.4225,32.1750
2025-03-06 01:03:00,20.4225,32.1750
2025-03-06 01:18:00,20.4225,32.1750
2025-03-06 01:33:00,20.4225,32.1750
2025-03-06 01:48:00,20.4225,32.1750
2025-03-06 02:03:00,20.4225,32.1750
2025-03-06 02:18:00,20.4225,32.1750
2025-03-06 02:33:00,20.4225,32.1750
2025-03-06 02:48:00,20.4225,32.1750
2025-03-06 03:03:00,20.4225,32.1750
2025-03-06 03:18:00,20.4225,32.1750
2025-03-06 03:33:00,20.4225,32.1750
2025-03-06 03:48:00,20.4225,32.1750
2025-03-06 04:03:00,20.4225,32.1750
2025-03-06 04:18:00,20.4225,32.1750
2025-03-06 04:33:00,20.4225,32.1750
2025-03-06 04:48:00,20.4225,32.1750
2025-03-06 05:03:00,20.4225,32.1750
2025-03-06 05:18:00,20.4225,32.1750
2025-03-06 05:33:00,20.4225,32.1750
2025-03-06 05:48:00,20.4225,32.1750
2025-03-06 06:03:00,20.4225,32.1750
2025-03-06 06:18:00,20.4225,32.1750
2025-03-06 06:33:00,20.4225,32.1750
2025-03-06 06:48:00,20.4225,32.1750
2025-03-06 07:03:00,20.4225,32.1750
2025-03-06 07:18:00,20.4225,32.1750
2025-03-06 07:33:00,20.4225,32.1750
2025-03-06 07:48:00,20.4225,32.1750
2025-03-06 08:03:00,20.4225,32.1750
2025-03-06 08:18:00,20.4225,32.1750
2025-03-06 08:33:00,20.4225,32.1750
2025-03-06 08:48:00,20.4225,32.1750
2025-03-06 09:03:00,20.4225,32.1750
2025-03-06 09:18:00,20.4225,32.1750
2025-03-06 09:33:00,20.4225,32.1750
2025-03-06 09:48:00,20.4225,32.1750
2025-03-06 10:03:00,20.4225,32.1750
2025-03-06 10:18:00,20.4225,32.1750
2025-03-06 10:33:00,20.4225,32.1750
2025-03-06 10:48:00,20.4225,32.1750
2025-03-06 11:03:00,20.4225,32.1750
2025-03-06 11:18:00,20.4225,32.1750
2025-03-06 11:33:00,20.4225,32.1750
2025-03-06 11:48:00,20.4225,32.1750
2025-03-06 12:03:00,20.4225,32.1750
2025-03-06 12:18:00,20.4225,32.1750
2025-03-06 12:33:00,20.4225,32.1750
2025-03-06 12:48:00,20.4225,32.1750
2025-03-06 13:03:00,20.4225,32.1750
2025-03-06 13:18:00,20.4225,32.1750
2025-03-06 13:33:00,20.4225,32.1750
2025-03-06 13:48:00,20.4225,32.1750
2025-03-06 14:03:00,20.4225,32.1750
2025-03-06 14:18:00,20.4225,32.1750
2025-03-06 14:33:00,20.4225,32.1750
2025-03-06 14:48:00,20.4225,32.1750
2025-03-06 15:03:00,20.4225,32.1750
2025-03-06 15:18:00,20.4225,32.1750
2025-03-06 15:33:00,20.4225,32.1750
2025-03-06 15:48:00,20.4225,32.1750
2025-03-06 16:03:00,20.4225,32.1750
2025-03-06 16:18:00,20.4225,32.1750
2025-03-06 16:33:00,20.4225,32.1750
2025-03-06 16:48:00,20.4225,32.1750
2025-03-06 17:03:00,20.4225,32.1750
2025-03-06 17:18:00,20.4225,32.1750
2025-03-06 17:33:00,20.4225,32.1750
2025-03-06 17:48:00,20.4225,32.1750
2025-03-06 18:03:00,20.4225,32.1750
2025-03-06 18:18:00,20.4225,32.1750
2025-03-06 18:33:00,20.4225,32.1750
2025-03-06 18:48:00,20.4225,32.1750
2025-03-06 19:03:00,20.4225,32.1750
2025-03-06 19:18:00,20.4225,32.1750
2025-03-06 19:33:00,20.4225,32.1750
2025-03-06 19:48:00,20.4225,32.1750
2025-03-06 20:03:00,20.4225,32.1750
2025-03-06 20:18:00,20.4225,32.1750
2025-03-06 20:33:00,20.4225,32.1750
2025-03-06 20:48:00,20.4225,32.1750
2025-03-06 21:03:00,20.4225,32.1750
2025-03-06 21:18:00,20.4225,32.1750
2025-03-06 21:33:00,20.4225,32.1750
2025-03-06 21:48:00,20.4225,32.1750
2025-03-06 22:03:00,20.4225,32.1750
2025-03-06 22:18:00,20.4225,32.1750
2025-03-06 22:33:00,20.4225,32.1750
2025-03-06 22:48:00,20.4225,32.1750
2025-03-06 23:03:00,20.4225,32.1750
2025-03-06 23:18:00,20.4225,32.1750
2025-03-06 23:33:00,20.4225,32.1750
2025-03-06 23:48:00,20.4225,32.1750
2025-03-07 00:03:00,20.4225,32.1750
2025-03-07 00:18:00,20.4225,32.1750
2025-03-07 00:33:00,20.4225,32.1750
2025-03-07 00:48:00,20.4225,32.1750
2025-03-07 01:03:00,20.4225,32.1750
2025-03-07 01:18:00,20.4225,32.1750
2025-03-07 01:33:00,20.4225,32.1750
2025-03-07 01:48:00,20.4225,32.1750
2025-03-07 02:03:00,20.4225,32.1750
2025-03-07 02:18:00,20.4225,32.1750
2025-03-07 02:33:00,20.4225,32.1750
2025-03-07 02:48:00,20.4225,32.1750
2025-03-07 03:03:00,20.4225,32.1750
2025-03-07 03:18:00,20.4225,32.1750
2025-03-07 03:33:00,20.4225,32.1750
2025-03-07 03:48:00,20.4225,32.1750
2025-03-07 04:03:00,20.4225,32.1750
2025-03-07 04:18:00,20.4225,32.1750
2025-03-07 04:33:00,20.4225,32.1750
2025-03-07 04:48:00,20.4225,32.1750
2025-03-07 05:03:00,20.4225,32.1750
2025-03-07 05:18:00,20.4225,32.1750
2025-03-07 05:33:00,20.4225,32.1750
2025-03-07 05:48:00,20.4225,32.1750
2025-03-07 06:03:00,20.4225,32.1750
2025-03-07 06:18:00,20.4225,32.1750
2025-03-07 06:33:00,20.4225,32.1750
2025-03-07 06:48:00,20.4225,32.1750
2025-03-07 07:03:00,20.4225,32.1750
2025-03-07 07:18:00,20.4225,32.1750
2025-03-07 07:33:00,20.4225,32.1750
2025-03-07 07:48:00,20.4225,32.1750
2025-03-07 08:03:00,20.4225,32.1750
2025-03-07 08:18:00,20.4225,32.1750
2025-03-07 08:33:00,20.4225,32.1750
2025-03-07 08:48:00,20.4225,32.1750
2025-03-07 09:03:00,20.4225,32.1750
2025-03-07 09:18:00,20.4225,32.1750
2025-03-07 09:33:00,20.4225,32.1750
2025-03-07 09:48:00,20.4225,32.1750
2025-03-07 10:03:00,20.4225,32.1750
2025-03-07 10:18:00,20.4225,32.1750
2025-03-07 10:33:00,20.4225,32.1750
2025-03-07 10:48:00,20.4225,32.1750
2025-03-07 11:03:00,20.4225,32.1750
2025-03-07 11:18:00,20.4225,32.1750
2025-03-07 11:33:00,20.4225,32.1750
2025-03-07 11:48:00,20.4225,32.1750
2025-03-07 12:03:00,20.4225,32.1750
2025-03-07 12:18:00,20.4225,32.1750
2025-03-07 12:33:00,20.4225,32.1750
2025-03-07 12:48:00,20.4225,32.1750
2025-03-07 13:03:00,20.4225,32.1750
2025-03-07 13:18:00,20.4225,32.1750
2025-03-07 13:33:00,20.4225,32.1750
2025-03-07 13:48:00,20.4225,32.1750
2025-03-07 14:03:00,20.4225,32.1750
2025-03-07 14:18:00,20.4225,32.1750
2025-03-07 14:33:00,20.4225,32.1750
2025-03-07 14:48:00,20.4225,32.1750
2025-03-07 15:03:00,20.4225,32.1750
2025-03-07 15:18:00,20.4225,32.1750
2025-03-07 15:33:00,20.4225,32.1750
2025-03-07 15:48:00,20.4225,32.1750
2025-03-07 16:03:00,20.4225,32.1750
2025-03-07 16:18:00,20.4225,32.1750
2025-03-07 16:33:00,20.4225,32.1750
2025-03-07 16:48:00,20.4225,32.1750
2025-03-07 17:03:00,20.4225,32.1750
2025-03-07 17:18:00,20.4225,32.1750
2025-03-07 17:33:00,20.4225,32.1750
2025-03-07 17:48:00,20.4225,32.1750
2025-03-07 18:03:00,20.4225,32.1750
2025-03-07 18:18:00,20.4225,32.1750
2025-03-07 18:33:00,20.4225,32.1750
2025-03-07 18:48:00,20.4225,32.1750
2025-03-07 19:03:00,20.4225,32.1750
2025-03-07 19:18:00,20.4225,32.1750
2025-03-07 19:33:00,20.4225,32.1750
2025-03-07 19:48:00,20.4225,32.1750
2025-03-07 20:03:00,20.4225,32.1750
2025-03-07 20:18:00,20.4225,32.1750
2025-03-07 20:33:00,20.4225,32.1750
2025-03-07 20:48:00,20.4225,32.1750
2025-03-07 21:03:00,20.4225,32.1750
2025-03-07 21:18:00,20.4225,32.1750
2025-03-07 21:33:00,20.4225,32.1750
2025-03-07 21:48:00,20.4225,32.1750
2025-03-07 22:03:00,20.4225,32.1750
2025-03-07 22:18:00,20.4225,32.1750
2025-03-07 22:33:00,20.4225,32.1750
2025-03-07 22:48:00,20.4225,32.1750
2025-03-07 23:03:00,20.4225,32.1750
2025-03-07 23:18:00,20.4225,32.1750
2025-03-07 23:33:00,20.4225,32.1750
2025-03-07 23:48:00,20.4225,32.1750
2025-03-08 00:03:00,20.4225,32.1750
2025-03-08 00:18:00,20.4225,32.1750
2025-03-08 00:33:00,20.4225,32.1750
2025-03-08 00:48:00,20.4225,32.1750
2025-03-08 01:03:00,20.4225,32.1750
2025-03-08 01:18:00,20.4225,32.1750
2025-03-08 01:33:00,20.4225,32.1750
2025-03-08 01:48:00,20.4225,32.1750
2025-03-08 02:03:00,20.4225,32.1750
2025-03-08 02:18:00,20.4225,32.1750
2025-03-08 02:33:00,20.4225,32.1750
2025-03-08 02:48:00,20.4225,32.1750
2025-03-08 03:03:00,20.4225,32.1750
2025-03-08 03:18:00,20.4225,32.1750
2025-03-08 03:33:00,20.4225,32.1750
2025-03-08 03:48:00,20.4225,32.1750
2025-03-08 04:03:00,20.4225,32.1750
2025-03-08 04:18:00,20.4225,32.1750
2025-03-08 04:33:00,20.4225,32.1750
2025-03-08 04:48:00,20.4225,32.1750
2025-03-08 05:03:00,20.4225,32.1750
2025-03-08 05:18:00,20.4225,32.1750
2025-03-08 05:33:00,20.4225,32.1750
2025-03-08 05:48:00,20.4225,32.1750
2025-03-08 06:03:00,20.4225,32.1750
2025-03-08 06:18:00,20.4225,32.1750
2025-03-08 06:33:00,20.4225,32.1750
2025-03-08 06:48:00,20.4225,32.1750
2025-03-08 07:03:00,20.4225,32.1750
2025-03-08 07:18:00,20.4225,32.1750
2025-03-08 07:33:00,20.4225,32.1750
2025-03-08 07:48:00,20.4225,32.1750
2025-03-08 08:03:00,20.4225,32.1750
2025-03-08 08:18:00,20.4225,32.1750
2025-03-08 08:33:00,20.4225,32.1750
2025-03-08 08:48:00,20.4225,32.1750
2025-03-08 09:03:00,20.4225,32.1750
2025-03-08 09:18:00,20.4225,32.1750
2025-03-08 09:33:00,20.4225,32.1750
2025-03-08 09:48:00,20.4225,32.1750
2025-03-08 10:03:00,20.4225,32.1750
2025-03-08 10:18:00,20.4225,32.1750
2025-03-08 10:33:00,20.4225,32.1750
2025-03-08 10:48:00,20.4225,32.1750
2025-03-08 11:03:00,20.4225,32.1750
2025-03-08 11:18:00,20.4225,32.1750
2025-03-08 11:33:00,20.4225,32.1750
2025-03-08 11:48:00,20.4225,32.1750
2025-03-08 12:03:00,20.4225,32.1750
2025-03-08 12:18:00,20.4225,32.1750
2025-03-08 12:33:00,20.4225,32.1750
2025-03-08 12:48:00,20.4225,32.1750
2025-03-08 13:03:00,20.4225,32.1750
2025-03-08 13:18:00,20.4225,32.1750
2025-03-08 13:33:00,20.4225,32.1750
2025-03-08 13:48:00,20.4225,32.1750
2025-03-08 14:03:00,20.4225,32.1750
2025-03-08 14:18:00,20.4225,32.1750
2025-03-08 14:33:00,20.4225,32.1750
2025-03-08 14:48:00,20.4225,32.1750
2025-03-08 15:03:00,20.4225,32.1750
2025-03-08 15:18:00,20.4225,32.1750
2025-03-08 15:33:00,20.4225,32.1750
2025-03-08 15:48:00,20.4225,32.1750
2025-03-08 16:03:00,20.4225,32.1750
2025-03-08 16:18:00,20.4225,32.1750
2025-03-08 16:33:00,20.4225,32.1750
2025-03-08 16:48:00,20.4225,32.1750
2025-03-08 17:03:00,20.4225,32.1750
2025-03-08 17:18:00,20.4225,32.1750
2025-03-08 17:33:00,20.4225,32.1750
2025-03-08 17:48:00,20.4225,32.1750
2025-03-08 18:03:00,20.4225,32.1750
2025-03-08 18:18:00,20.4225,32.1750
2025-03-08 18:33:00,20.4225,32.1750
2025-03-08 18:48:00,20.4225,32.1750
2025-03-08 19:03:00,20.4225,32.1750
2025-03-08 19:18:00,20.4225,32.1750
2025-03-08 19:33:00,20.4225,32.1750
2025-03-08 19:48:00,20.4225,32.1750
2025-03-08 20:03:00,20.4225,32.1750
2025-03-08 20:18:00,20.4225,32.1750
2025-03-08 20:33:00,20.4225,32.1750
2025-03-08 20:48:00,20.4225,32.1750
2025-03-08 21:03:00,20.4225,32.1750
2025-03-08 21:18:00,20.4225,32.1750
2025-03-08 21:33:00,20.4225,32.1750
2025-03-08 21:48:00,20.4225,32.1750
2025-03-08 22:03:00,20.4225,32.1750
2025-03-08 22:18:00,20.4225,32.1750
2025-03-08 22:33:00,20.4225,32.1750
2025-03-08 22:48:00,20.4225,32.1750
2025-03-08 23:03:00,20.4225,32.1750
2025-03-08 23:18:00,20.4225,32.1750
2025-03-08 23:33:00,20.4225,32.1750
2025-03-08 23:48:00,20.4225,32.1750
2025-03-09 00:03:00,20.4225,32.1750
2025-03-09 00:18:00,20.4225,32.1750
2025-03-09 00:33:00,20.4225,32.1750
2025-03-09 00:48:00,20.4225,32.1750
2025-03-09 01:03:00,20.4225,32.1750
2025-03-09 01:18:00,20.4225,32.1750
2025-03-09 01:33:00,20.4225,32.1750
2025-03-09 01:48:00,20.4225,32.1750
2025-03-09 03:03:00,20.4225,32.1750
2025-03-09 03:18:00,20.4225,32.1750
2025-03-09 03:33:00,20.4225,32.1750
2025-03-09 03:48:00,20.4225,32.1750
2025-03-09 04:03:00,20.4225,32.1750
2025-03-09 04:18:00,20.4225,32.1750
2025-03-09 04:33:00,20.4225,32.1750
2025-03-09 04:48:00,20.4225,32.1750
2025-03-09 05:03:00,20.4225,32.1750
2025-03-09 05:18:00,20.4225,32.1750
2025-03-09 05:33:00,20.4225,32.1750
2025-03-09 05:48:00,20.4225,32.1750
2025-03-09 06:03:00,20.4225,32.1750
2025-03-09 06:18:00,20.4225,32.1750
2025-03-09 06:33:00,20.4225,32.1750
2025-03-09 06:48:00,20.4225,32.1750
2025-03-09 07:03:00,20.4225,32.1750
2025-03-09 07:18:00,20.4225,32.1750
2025-03-09 07:33:00,20.4225,32.1750
2025-03-09 07:48:00,20.4225,32.1750
2025-03-09 08:03:00,20.4225,32.1750
2025-03-09 08:18:00,20.4225,32.1750
2025-03-09 08:33:00,20.4225,32.1750
2025-03-09 08:48:00,20.4225,32.1750
2025-03-09 09:03:00,20.4225,32.1750
2025-03-09 09:18:00,20.4225,32.1750
2025-03-09 09:33:00,20.4225,32.1750
2025-03-09 09:48:00,20.4225,32.1750
2025-03-09 10:03:00,20.4225,32.1750
2025-03-09 10:18:00,20.4225,32.1750
2025-03-09 10:33:00,20.4225,32.1750
2025-03-09 10:48:00,20.4225,32.1750
2025-03-09 11:03:00,20.4225,32.1750
2025-03-09 11:18:00,20.4225,32.1750
2025-03-09 11:33:00,20.4225,32.1750
2025-03-09 11:48:00,20.4225,32.1750
2025-03-09 12:03:00,20.4225,32.1750
2025-03-09 12:18:00,20.4225,32.1750
2025-03-09 12:33:00,20.4225,32.1750
2025-03-09 12:48:00,20.4225,32.1750
2025-03-09 13:03:00,20.4225,32.1750
2025-03-09 13:18:00,20.4225,32.1750
2025-03-09 13:33:00,20.4225,32.1750
2025-03-09 13:48:00,20.4225,32.1750
2025-03-09 14:03:00,20.4225,32.1750
2025-03-09 14:18:00,20.4225,32.1750
2025-03-09 14:33:00,20.4225,32.1750
2025-03-09 14:48:00,20.4225,32.1750
2025-03-09 15:03:00,20.4225,32.1750
2025-03-09 15:18:00,20.4225,32.1750
2025-03-09 15:33:00,20.4225,32.1750
2025-03-09 15:48:00,20.4225,32.1750
2025-03-09 16:03:00,20.4225,32.1750
2025-03-09 16:18:00,20.4225,32.1750
2025-03-09 16:33:00,20.4225,32.1750
2025-03-09 16:48:00,20.4225,32.1750
2025-03-09 17:03:00,20.4225,32.1750
2025-03-09 17:18:00,20.4225,32.1750
2025-03-09 17:33:00,20.4225,32.1750
2025-03-09 17:48:00,20.4225,32.1750
2025-03-09 18:03:00,20.4225,32.1750
2025-03-09 18:18:00,20.4225,32.1750
2025-03-09 18:33:00,20.4225,32.1750
2025-03-09 18:48:00,20.4225,32.1750
2025-03-09 19:03:00,20.4225,32.1750
2025-03-09 19:18:00,20.4225,32.1750
2025-03-09 19:33:00,20.4225,32.1750
2025-03-09 19:48:00,20.4225,32.1750
2025-03-09 20:03:00,20.4225,32.1750
2025-03-09 20:18:00,20.4225,32.1750
2025-03-09 20:33:00,20.4225,32.1750
2025-03-09 20:48:00,20.4225,32.1750
2025-03-09 21:03:00,20.4225,32.1750
2025-03-09 21:18:00,20.4225,32.1750
2025-03-09 21:33:00,20.4225,32.1750
2025-03-09 21:48:00,20.4225,32.1750
2025-03-09 22:03:00,20.4225,32.1750
2025-03-09 22:18:00,20.4225,32.1750
2025-03-09 22:33:00,20.4225,32.1750
2025-03-09 22:48:00,20.4225,32.1750
2025-03-09 23:03:00,20.4225,32.1750
2025-03-09 23:18:00,20.4225,32.1750
2025-03-09 23:33:00,20.4225,32.1750
2025-03-09 23:48:00,20.4225,32.1750
2025-03-10 00:03:00,20.4225,32.1750
2025-03-10 00:18:00,20.4225,32.1750
2025-03-10 00:33:00,20.4225,32.1750
2025-03-10 00:48:00,20.4225,32.1750
2025-03-10 01:03:00,20.4225,32.1750
2025-03-10 01:18:00,20.4225,32.1750
2025-03-10 01:33:00,20.4225,32.1750
2025-03-10 01:48:00,20.4225,32.1750
2025-03-10 02:03:00,20.4225,32.1750
2025-03-10 02:18:00,20.4225,32.1750
2025-03-10 02:33:00,20.4225,32.1750
2025-03-10 02:48:00,20.4225,32.1750
2025-03-10 03:03:00,20.4225,32.1750
2025-03-10 03:18:00,20.4225,32.1750
2025-03-10 03:33:00,20.4225,32.1750
2025-03-10 03:48:00,20.4225,32.1750
2025-03-10 04:03:00,20.4225,32.1750
2025-03-10 04:18:00,20.4225,32.1750
2025-03-10 04:33:00,20.4225,32.1750
2025-03-10 04:48:00,20.4225,32.1750
2025-03-10 05:03:00,20.4225,32.1750
2025-03-10 05:18:00,20.4225,32.1750
2025-03-10 05:33:00,20.4225,32.1750
2025-03-10 05:48:00,20.4225,32.1750
2025-03-10 06:03:00,20.4225,32.1750
2025-03-10 06:18:00,20.4225,32.1750
2025-03-10 06:33:00,20.4225,32.1750
2025-03-10 06:48:00,20.4225,32.1750
2025-03-10 07:03:00,20.4225,32.1750
2025-03-10 07:18:00,20.4225,32.1750
2025-03-10 07:33:00,20.4225,32.1750
2025-03-10 07:48:00,20.4225,32.1750
2025-03-10 08:03:00,20.4225,32.1750
2025-03-10 08:18:00,20.4225,32.1750
2025-03-10 08:33:00,20.4225,32.1750
2025-03-10 08:48:00,20.4225,32.1750
2025-03-10 09:03:00,20.4225,32.1750
2025-03-10 09:18:00,20.4225,32.1750
2025-03-10 09:33:00,20.4225,32.1750
2025-03-10 09:48:00,20.4225,32.1750
2025-03-10 10:03:00,20.4225,32.1750
2025-03-10 10:18:00,20.4225,32.1750
2025-03-10 10:33:00,20.4225,32.1750
2025-03-10 10:48:00,20.4225,32.1750
2025-03-10 11:03:00,20.4225,32.1750
2025-03-10 11:18:00,20.4225,32.1750
2025-03-10 11:33:00,20.4225,32.1750
2025-03-10 11:48:00,20.4225,32.1750
2025-03-10 12:03:00,20.4225,32.1750
2025-03-10 12:18:00,20.4225,32.1750
2025-03-10 12:33:00,20.4225,32.1750
2025-03-10 12:48:00,20.4225,32.1750
2025-03-10 13:03:00,20.4225,32.1750
2025-03-10 13:18:00,20.4225,32.1750
2025-03-10 13:33:00,20.4225,32.1750
2025-03-10 13:48:00,20.4225,32.1750
2025-03-10 14:03:00,20.4225,32.1750
2025-03-10 14:18:00,20.4225,32.1750
2025-03-10 14:33:00,20.4225,32.1750
2025-03-10 14:48:00,20.4225,32.1750
2025-03-10 15:03:00,20.4225,32.1750
2025-03-10 15:18:00,20.4225,32.1750
2025-03-10 15:33:00,20.4225,32.1750
2025-03-10 15:48:00,20.4225,32.1750
2025-03-10 16:03:00,20.4225,32.1750
2025-03-10 16:18:00,20.4225,32.1750
2025-03-10 16:33:00,20.4225,32.1750
2025-03-10 16:48:00,20.4225,32.1750
2025-03-10 17:03:00,20.4225,32.1750
2025-03-10 17:18:00,20.4225,32.1750
2025-03-10 17:33:00,20.4225,32.1750
2025-03-10 17:48:00,20.4225,32.1750
2025-03-10 18:03:00,20.4225,32.1750
2025-03-10 18:18:00,20.4225,32.1750
2025-03-10 18:33:00,20.4225,32.1750
2025-03-10 18:48:00,20.4225,32.1750
2025-03-10 19:03:00,20.4225,32.1750
2025-03-10 19:18:00,20.4225,32.1750
2025-03-10 19:33:00,20.4225,32.1750
2025-03-10 19:48:00,20.4225,32.1750
2025-03-10 20:03:00,20.4225,32.1750
2025-03-10 20:18:00,20.4225,32.1750
2025-03-10 20:33:00,20.4225,32.1750
2025-03-10 20:48:00,20.4225,32.1750
2025-03-10 21:03:00,20.4225,32.1750
2025-03-10 21:18:00,20.4225,32.1750
2025-03-10 21:33:00,20.4225,32.1750
2025-03-10 21:48:00,20.4225,32.1750
2025-03-10 22:03:00,20.4225,32.1750
2025-03-10 22:18:00,20.4225,32.1750
2025-03-10 22:33:00,20.4225,32.1750
2025-03-10 22:48:00,20.4225,32.1750
2025-03-10 23:03:00,20.4225,32.1750
2025-03-10 23:18:00,20.4225,32.1750
2025-03-10 23:33:00,20.4225,32.1750
2025-03-10 23:48:00,20.4225,32.1750
2025-03-11 00:03:00,20.4225,32.1750
2025-03-11 00:18:00,20.4225,32.1750
2025-03-11 00:33:00,20.4225,32.1750
2025-03-11 00:48:00,20.4225,32.1750
2025-03-11 01:03:00,20.4225,32.1750
2025-03-11 01:18:00,20.4225,32.1750
2025-03-11 01:33:00,20.4225,32.1750
2025-03-11 01:48:00,20.4225,32.1750
2025-03-11 02:03:00,20.4225,32.1750
2025-03-11 02:18:00,20.4225,32.1750
2025-03-11 02:33:00,20.4225,32.1750
2025-03-11 02:48:00,20.4225,32.1750
2025-03-11 03:03:00,20.4225,32.1750
2025-03-11 03:18:00,20.4225,32.1750
2025-03-11 03:33:00,20.4225,32.1750
2025-03-11 03:48:00,20.4225,32.1750
2025-03-11 04:03:00,20.4225,32.1750
2025-03-11 04:18:00,20.4225,32.1750
2025-03-11 04:33:00,20.4225,32.1750
2025-03-11 04:48:00,20.4225,32.1750
2025-03-11 05:03:00,20.4225,32.1750
2025-03-11 05:18:00,20.4225,32.1750
2025-03-11 05:33:00,20.4225,32.1750
2025-03-11 05:48:00,20.4225,32.1750
2025-03-11 06:03:00,20.4225,32.1750
2025-03-11 06:18:00,20.4225,32.1750
2025-03-11 06:33:00,20.4225,32.1750
2025-03-11 06:48:00,20.4225,32.1750
2025-03-11 07:03:00,20.4225,32.1750
2025-03-11 07:18:00,20.4225,32.1750
2025-03-11 07:33:00,20.4225,32.1750
2025-03-11 07:48:00,20.4225,32.1750
2025-03-11 08:03:00,20.4225,32.1750
2025-03-11 08:18:00,20.4225,32.1750
2025-03-11 08:33:00,20.4225,32.1750
2025-03-11 08:48:00,20.4225,32.1750
2025-03-11 09:03:00,20.4225,32.1750
2025-03-11 09:18:00,20.4225,32.1750
2025-03-11 09:33:00,20.4225,32.1750
2025-03-11 09:48:00,20.4225,32.1750
2025-03-11 10:03:00,20.4225,32.1750
2025-03-11 10:18:00,20.4225,32.1750
2025-03-11 10:33:00,20.4225,32.1750
2025-03-11 10:48:00,20.4225,32.1750
2025-03-11 11:03:00,20.4225,32.1750
2025-03-11 11:18:00,20.4225,32.1750
2025-03-11 11:33:00,20.4225,32.1750
2025-03-11 11:48:00,20.4225,32.1750
2025-03-11 12:03:00,20.4225,32.1750
2025-03-11 12:18:00,20.4225,32.1750
2025-03-11 12:33:00,20.4225,32.1750
2025-03-11 12:48:00,20.4225,32.1750
2025-03-11 13:03:00,20.4225,32.1750
2025-03-11 13:18:00,20.4225,32.1750
2025-03-11 13:33:00,20.4225,32.1750
2025-03-11 13:48:00,20.4225,32.1750
2025-03-11 14:03:00,20.4225,32.1750
2025-03-11 14:18:00,20.4225,32.1750
2025-03-11 14:33:00,20.4225,32.1750
2025-03-11 14:48:00,20.4225,32.1750
2025-03-11 15:03:00,20.4225,32.1750
2025-03-11 15:18:00,20.4225,32.1750
2025-03-11 15:33:00,20.4225,32.1750
2025-03-11 15:48:00,20.4225,32.1750
2025-03-11 16:03:00,20.4225,32.1750
2025-03-11 16:18:00,20.4225,32.1750
2025-03-11 16:33:00,20.4225,32.1750
2025-03-11 16:48:00,20.4225,32.1750
2025-03-11 17:03:00,20.4225,32.1750
2025-03-11 17:18:00,20.4225,32.1750
2025-03-11 17:33:00,20.4225,32.1750
2025-03-11 17:48:00,20.4225,32.1750
2025-03-11 18:03:00,20.4225,32.1750
2025-03-11 18:18:00,20.4225,32.1750
2025-03-11 18:33:00,20.4225,32.1750
2025-03-11 18:48:00,20.4225,32.1750
2025-03-11 19:03:00,20.4225,32.1750
2025-03-11 19:18:00,20.4225,32.1750
2025-03-11 19:33:00,20.4225,32.1750
2025-03-11 19:48:00,20.4225,32.1750
2025-03-11 20:03:00,20.4225,32.1750
2025-03-11 20:18:00,20.4225,32.1750
2025-03-11 20:33:00,20.4225,32.1750
2025-03-11 20:48:00,20.4225,32.1750
2025-03-11 21:03:00,20.4225,32.1750
2025-03-11 21:18:00,20.4225,32.1750
2025-03-11 21:33:00,20.4225,32.1750
2025-03-11 21:48:00,20.4225,32.1750
2025-03-11 22:03:00,20.4225,32.1750
2025-03-11 22:18:00,20.4225,32.1750
2025-03-11 22:33:00,20.4225,32.1750
2025-03-11 22:48:00,20.4225,32.1750
2025-03-11 23:03:00,20.4225,32.1750
2025-03-11 23:18:00,20.4225,32.1750
2025-03-11 23:33:00,20.4225,32.1750
2025-03-11 23:48:00,20.4225,32.1750
2025-03-12 00:03:00,20.4225,32.1750
2025-03-12 00:18:00,20.4225,32.1750
2025-03-12 00:33:00,20.4225,32.1750
2025-03-12 00:48:00,20.4225,32.1750
2025-03-12 01:03:00,20.4225,32.1750
2025-03-12 01:18:00,20.4225,32.1750
2025-03-12 01:33:00,20.4225,32.1750
2025-03-12 01:48:00,20.4225,32.1750
2025-03-12 02:03:00,20.4225,32.1750
2025-03-12 02:18:00,20.4225,32.1750
2025-03-12 02:33:00,20.4225,32.1750
2025-03-12 02:48:00,20.4225,32.1750
2025-03-12 03:03:00,20.4225,32.1750
2025-03-12 03:18:00,20.4225,32.1750
2025-03-12 03:33:00,20.4225,32.1750
2025-03-12 03:48:00,20.4225,32.1750
2025-03-12 04:03:00,20.4225,32.1750
2025-03-12 04:18:00,20.4225,32.1750
2025-03-12 04:33:00,20.4225,32.1750
2025-03-12 04:48:00,20.4225,32.1750
2025-03-12 05:03:00,20.4225,32.1750
2025-03-12 05:18:00,20.4225,32.1750
2025-03-12 05:33:00,20.4225,32.1750
2025-03-12 05:48:00,20.4225,32.1750
2025-03-12 06:03:00,20.4225,32.1750
2025-03-12 06:18:00,20.4225,32.1750
2025-03-12 06:33:00,20.4225,32.1750
2025-03-12 06:48:00,20.4225,32.1750
2025-03-12 07:03:00,20.4225,32.1750
2025-03-12 07:18:00,20.4225,32.1750
2025-03-12 07:33:00,20.4225,32.1750
2025-03-12 07:48:00,20.4225,32.1750
2025-03-12 08:03:00,20.4225,32.1750
2025-03-12 08:18:00,20.4225,32.1750
2025-03-12 08:33:00,20.4225,32.1750
2025-03-12 08:48:00,20.4225,32.1750
2025-03-12 09:03:00,20.4225,32.1750
2025-03-12 09:18:00,20.4225,32.1750
2025-03-12 09:33:00,20.4225,32.1750
2025-03-12 09:48:00,20.4225,32.1750
2025-03-12 10:03:00,20.4225,32.1750
2025-03-12 10:18:00,20.4225,32.1750
2025-03-12 10:33:00,20.4225,32.1750
2025-03-12 10:48:00,20.4225,32.1750
2025-03-12 11:03:00,20.4225,32.1750
2025-03-12 11:18:00,20.4225,32.1750
2025-03-12 11:33:00,20.4225,32.1750
2025-03-12 11:48:00,20.4225,32.1750
2025-03-12 12:03:00,20.4225,32.1750
2025-03-12 12:18:00,20.4225,32.1750
2025-03-12 12:33:00,20.4225,32.1750
2025-03-12 12:48:00,20.4225,32.1750
2025-03-12 13:03:00,20.4225,32.1750
2025-03-12 13:18:00,20.4225,32.1750
2025-03-12 13:33:00,20.4225,32.1750
2025-03-12 13:48:00,20.4225,32.1750
2025-03-12 14:03:00,20.4225,32.1750
2025-03-12 14:18:00,20.4225,32.1750
2025-03-12 14:33:00,20.4225,32.1750
2025-03-12 14:48:00,20.4225,32.1750
2025-03-12 15:03:00,20.4225,32.1750
2025-03-12 15:18:00,20.4225,32.1750
2025-03-12 15:33:00,20.4225,32.1750
2025-03-12 15:48:00,20.4225,32.1750
2025-03-12 16:03:00,20.4225,32.1750
2025-03-12 16:18:00,20.4225,32.1750
2025-03-12 16:33:00,20.4225,32.1750
2025-03-12 16:48:00,20.4225,32.1750
2025-03-12 17:03:00,20.4225,32.1750
2025-03-12 17:18:00,20.4225,32.1750
2025-03-12 17:33:00,20.4225,32.1750
2025-03-12 17:48:00,20.4225,32.1750
2025-03-12 18:03:00,20.4225,32.1750
2025-03-12 18:18:00,20.4225,32.1750
2025-03-12 18:33:00,20.4225,32.1750
2025-03-12 18:48:00,20.4225,32.1750
2025-03-12 19:03:00,20.4225,32.1750
2025-03-12 19:18:00,20.4225,32.1750
2025-03-12 19:33:00,20.4225,32.1750
2025-03-12 19:48:00,20.4225,32.1750
2025-03-12 20:03:00,20.4225,32.1750
2025-03-12 20:18:00,20.4225,32.1750
2025-03-12 20:33:00,20.4225,32.1750
2025-03-12 20:48:00,20.4225,32.1750
2025-03-12 21:03:00,20.4225,32.1750
2025-03-12 21:18:00,20.4225,32.1750
2025-03-12 21:33:00,20.4225,32.1750
2025-03-12 21:48:00,20.4225,32.1750
2025-03-12 22:03:00,20.4225,32.1750
2025-03-12 22:18:00,20.4225,32.1750
2025-03-12 22:33:00,20.4225,32.1750
2025-03-12 22:48:00,20.4225,32.1750
2025-03-12 23:03:00,20.4225,32.1750
2025-03-12 23:18:00,20.4225,32.1750
2025-03-12 23:33:00,20.4225,32.1750
2025-03-12 23:48:00,20.4225,32.1750
2025-03-13 00:03:00,20.4225,32.1750
2025-03-13 00:18:00,20.4225,32.1750
2025-03-13 00:33:00,20.4225,32.1750
2025-03-13 00:48:00,20.4225,32.1750
2025-03-13 01:03:00,20.4225,32.1750
2025-03-13 01:18:00,20.4225,32.1750
2025-03-13 01:33:00,20.4225,32.1750
2025-03-13 01:48:00,20.4225,32.1750
2025-03-13 02:03:00,20.4225,32.1750
2025-03-13 02:18:00,20.4225,32.1750
2025-03-13 02:33:00,20.4225,32.1750
2025-03-13 02:48:00,20.4225,32.1750
2025-03-13 03:03:00,20.4225,32.1750
2025-03-13 03:18:00,20.4225,32.1750
2025-03-13 03:33:00,20.4225,32.1750
2025-03-13 03:48:00,20.4225,32.1750
2025-03-13 04:03:00,20.4225,32.1750
2025-03-13 04:18:00,20.4225,32.1750
2025-03-13 04:33:00,20.4225,32.1750
2025-03-13 04:48:00,20.4225,32.1750
2025-03-13 05:03:00,20.4225,32.1750
2025-03-13 05:18:00,20.4225,32.1750
2025-03-13 05:33:00,20.4225,32.1750
2025-03-13 05:48:00,20.4225,32.1750
2025-03-13 06:03:00,20.4225,32.1750
2025-03-13 06:18:00,20.4225,32.1750
2025-03-13 06:33:00,20.4225,32.1750
2025-03-13 06:48:00,20.4225,32.1750
2025-03-13 07:03:00,20.4225,32.1750
2025-03-13 07:18:00,20.4225,32.1750
2025-03-13 07:33:00,20.4225,32.1750
2025-03-13 07:48:00,20.4225,32.1750
2025-03-13 08:03:00,20.4225,32.1750
2025-03-13 08:18:00,20.4225,32.1750
2025-03-13 08:33:00,20.4225,32.1750
2025-03-13 08:48:00,20.4225,32.1750
2025-03-13 09:03:00,20.4225,32.1750
2025-03-13 09:18:00,20.4225,32.1750
2025-03-13 09:33:00,20.4225,32.1750
2025-03-13 09:48:00,20.4225,32.1750
2025-03-13 10:03:00,20.4225,32.1750
2025-03-13 10:18:00,20.4225,32.1750
2025-03-13 10:33:00,20.4225,32.1750
2025-03-13 10:48:00,20.4225,32.1750
2025-03-13 11:03:00,20.4225,32.1750
2025-03-13 11:18:00,20.4225,32.1750
2025-03-13 11:33:00,20.4225,32.1750
2025-03-13 11:48:00,20.4225,32.1750
2025-03-13 12:03:00,20.4225,32.1750
2025-03-13 12:18:00,20.4225,32.1750
2025-03-13 12:33:00,20.4225,32.1750
2025-03-13 12:48:00,20.4225,32.1750
2025-03-13 13:03:00,20.4225,32.1750
2025-03-13 13:18:00,20.4225,32.1750
2025-03-13 13:33:00,20.4225,32.1750
2025-03-13 13:48:00,20.4225,32.1750
2025-03-13 14:03:00,20.4225,32.1750
2025-03-13 14:18:00,20.4225,32.1750
2025-03-13 14:33:00,20.4225,32.1750
2025-03-13 14:48:00,20.4225,32.1750
2025-03-13 15:03:00,20.4225,32.1750
2025-03-13 15:18:00,20.4225,32.1750
2025-03-13 15:33:00,20.4225,32.1750
2025-03-13 15:48:00,20.4225,32.1750
2025-03-13 16:03:00,20.4225,32.1750
2025-03-13 16:18:00,20.4225,32.1750
2025-03-13 16:33:00,20.4225,32.1750
2025-03-13 16:48:00,20.4225,32.1750
2025-03-13 17:03:00,20.4225,32.1750
2025-03-13 17:18:00,20.4225,32.1750
2025-03-13 17:33:00,20.4225,32.1750
2025-03-13 17:48:00,20.4225,32.1750
2025-03-13 18:03:00,20.4225,32.1750
2025-03-13 18:18:00,20.4225,32.1750
2025-03-13 18:33:00,20.4225,32.1750
2025-03-13 18:48:00,20.4225,32.1750
2025-03-13 19:03:00,20.4225,32.1750
2025-03-13 19:18:00,20.4225,32.1750
2025-03-13 19:33:00,20.4225,32.1750
2025-03-13 19:48:00,20.4225,32.1750
2025-03-13 20:03:00,20.4225,32.1750
2025-03-13 20:18:00,20.4225,32.1750
2025-03-13 20:33:00,20.4225,32.1750
2025-03-13 20:48:00,20.4225,32.1750
2025-03-13 21:03:00,20.4225,32.1750
2025-03-13 21:18:00,20.4225,32.1750
2025-03-13 21:33:00,20.4225,32.1750
2025-03-13 21:48:00,20.4225,32.1750
2025-03-13 22:03:00,20.4225,32.1750
2025-03-13 22:18:00,20.4225,32.1750
2025-03-13 22:33:00,20.4225,32.1750
2025-03-13 22:48:00,20.4225,32.1750
2025-03-13 23:03:00,20.4225,32.1750
2025-03-13 23:18:00,20.4225,32.1750
2025-03-13 23:33:00,20.4225,32.1750
2025-03-13 23:48:00,20.4225,32.1750
2025-03-14 00:03:00,20.4225,32.1750
2025-03-14 00:18:00,20.4225,32.1750
2025-03-14 00:33:00,20.4225,32.1750
2025-03-14 00:48:00,20.4225,32.1750
2025-03-14 01:03:00,20.4225,32.1750
2025-03-14 01:18:00,20.4225,32.1750
2025-03-14 01:33:00,20.4225,32.1750
2025-03-14 01:48:00,20.4225,32.1750
2025-03-14 02:03:00,20.4225,32.1750
2025-03-14 02:18:00,20.4225,32.1750
2025-03-14 02:33:00,20.4225,32.1750
2025-03-14 02:48:00,20.4225,32.1750
2025-03-14 03:03:00,20.4225,32.1750
2025-03-14 03:18:00,20.4225,32.1750
2025-03-14 03:33:00,20.4225,32.1750
2025-03-14 03:48:00,20.4225,32.1750
2025-03-14 04:03:00,20.4225,32.1750
2025-03-14 04:18:00,20.4225,32.1750
2025-03-14 04:33:00,20.4225,32.1750
2025-03-14 04:48:00,20.4225,32.1750
2025-03-14 05:03:00,20.4225,32.1750
2025-03-14 05:18:00,20.4225,32.1750
2025-03-14 05:33:00,20.4225,32.1750
2025-03-14 05:48:00,20.4225,32.1750
2025-03-14 06:03:00,20.4225,32.1750
2025-03-14 06:18:00,20.4225,32.1750
2025-03-14 06:33:00,20.4225,32.1750
2025-03-14 06:48:00,20.4225,32.1750
2025-03-14 07:03:00,20.4225,32.1750
2025-03-14 07:18:00,20.4225,32.1750
2025-03-14 07:33:00,20.4225,32.1750
2025-03-14 07:48:00,20.4225,32.1750
2025-03-14 08:03:00,20.4225,32.1750
2025-03-14 08:18:00,20.4225,32.1750
2025-03-14 08:33:00,20.4225,32.1750
2025-03-14 08:48:00,20.4225,32.1750
2025-03-14 09:03:00,20.4225,32.1750
2025-03-14 09:18:00,20.4225,32.1750
2025-03-14 09:33:00,20.4225,32.1750
2025-03-14 09:48:00,20.4225,32.1750
2025-03-14 10:03:00,20.4225,32.1750
2025-03-14 10:18:00,20.4225,32.1750
2025-03-14 10:33:00,20.4225,32.1750
2025-03-14 10:48:00,20.4225,32.1750
2025-03-14 11:03:00,20.4225,32.1750
2025-03-14 11:18:00,20.4225,32.1750
2025-03-14 11:33:00,20.4225,32.1750
2025-03-14 11:48:00,20.4225,32.1750
2025-03-14 12:03:00,20.4225,32.1750
2025-03-14 12:18:00,20.4225,32.1750
2025-03-14 12:33:00,20.4225,32.1750
2025-03-14 12:48:00,20.4225,32.1750
2025-03-14 13:03:00,20.4225,32.1750
2025-03-14 13:18:00,20.4225,32.1750
2025-03-14 13:33:00,20.4225,32.1750
2025-03-14 13:48:00,20.4225,32.1750
2025-03-14 14:03:00,20.4225,32.1750
2025-03-14 14:18:00,20.4225,32.1750
2025-03-14 14:33:00,20.4225,32.1750
2025-03-14 14:48:00,20.4225,32.1750
2025-03-14 15:03:00,20.4225,32.1750
2025-03-14 15:18:00,20.4225,32.1750
2025-03-14 15:33:00,20.4225,32.1750
2025-03-14 15:48:00,20.4225,32.1750
2025-03-14 16:03:00,20.4225,32.1750
2025-03-14 16:18:00,20.4225,32.1750
2025-03-14 16:33:00,20.4225,32.1750
2025-03-14 16:48:00,20.4225,32.1750
2025-03-14 17:03:00,20.4225,32.1750
2025-03-14 17:18:00,20.4225,32.1750
2025-03-14 17:33:00,20.4225,32.1750
2025-03-14 17:48:00,20.4225,32.1750
2025-03-14 18:03:00,20.4225,32.1750
2025-03-14 18:18:00,20.4225,32.1750
2025-03-14 18:33:00,20.4225,32.1750
2025-03-14 18:48:00,20.4225,32.1750
2025-03-14 19:03:00,20.4225,32.1750
2025-03-14 19:18:00,20.4225,32.1750
2025-03-14 19:33:00,20.4225,32.1750
2025-03-14 19:48:00,20.4225,32.1750
2025-03-14 20:03:00,20.4225,32.1750
2025-03-14 20:18:00,20.4225,32.1750
2025-03-14 20:33:00,20.4225,32.1750
2025-03-14 20:48:00,20.4225,32.1750
2025-03-14 21:03:00,20.4225,32.1750
2025-03-14 21:18:00,20.4225,32.1750
2025-03-14 21:33:00,20.4225,32.1750
2025-03-14 21:48:00,20.4225,32.1750
2025-03-14 22:03:00,20.4225,32.1750
2025-03-14 22:18:00,20.4225,32.1750
2025-03-14 22:33:00,20.4225,32.1750
2025-03-14 22:48:00,20.4225,32.1750
2025-03-14 23:03:00,20.4225,32.1750
2025-03-14 23:18:00,20.4225,32.1750
2025-03-14 23:33:00,20.4225,32.1750
2025-03-14 23:48:00,20.4225,32.1750
2025-03-15 00:03:00,20.4225,32.1750
2025-03-15 00:18:00,20.4225,32.1750
2025-03-15 00:33:00,20.4225,32.1750
2025-03-15 00:48:00,20.4225,32.1750
2025-03-15 01:03:00,20.4225,32.1750
2025-03-15 01:18:00,20.4225,32.1750
2025-03-15 01:33:00,20.4225,32.1750
2025-03-15 01:48:00,20.4225,32.1750
2025-03-15 02:03:00,20.4225,32.1750
2025-03-15 02:18:00,20.4225,32.1750
2025-03-15 02:33:00,20.4225,32.1750
2025-03-15 02:48:00,20.4225,32.1750
2025-03-15 03:03:00,20.4225,32.1750
2025-03-15 03:18:00,20.4225,32.1750
2025-03-15 03:33:00,20.4225,32.1750
2025-03-15 03:48:00,20.4225,32.1750
2025-03-15 04:03:00,20.4225,32.1750
2025-03-15 04:18:00,20.4225,32.1750
2025-03-15 04:33:00,20.4225,32.1750
2025-03-15 04:48:00,20.4225,32.1750
2025-03-15 05:03:00,20.4225,32.1750
2025-03-15 05:18:00,20.4225,32.1750
2025-03-15 05:33:00,20.4225,32.1750
2025-03-15 05:48:00,20.4225,32.1750
2025-03-15 06:03:00,20.4225,32.1750
2025-03-15 06:18:00,20.4225,32.1750
2025-03-15 06:33:00,20.4225,32.1750
2025-03-15 06:48:00,20.4225,32.1750
2025-03-15 07:03:00,20.4225,32.1750
2025-03-15 07:18:00,20.4225,32.1750
2025-03-15 07:33:00,20.4225,32.1750
2025-03-15 07:48:00,20.4225,32.1750
2025-03-15 08:03:00,20.4225,32.1750
2025-03-15 08:18:00,20.4225,32.1750
2025-03-15 08:33:00,20.4225,32.1750
2025-03-15 08:48:00,20.4225,32.1750
2025-03-15 09:03:00,20.4225,32.1750
2025-03-15 09:18:00,20.4225,32.1750
2025-03-15 09:33:00,20.4225,32.1750
2025-03-15 09:48:00,20.4225,32.1750
2025-03-15 10:03:00,20.4225,32.1750
2025-03-15 10:18:00,20.4225,32.1750
2025-03-15 10:33:00,20.4225,32.1750
2025-03-15 10:48:00,20.4225,32.1750
2025-03-15 11:03:00,20.4225,32.1750
2025-03-15 11:18:00,20.4225,32.1750
2025-03-15 11:33:00,20.4225,32.1750
2025-03-15 11:48:00,20.4225,32.1750
2025-03-15 12:03:00,20.4225,32.1750
2025-03-15 12:18:00,20.4225,32.1750
2025-03-15 12:33:00,20.4225,32.1750
2025-03-15 12:48:00,20.4225,32.1750
2025-03-15 13:03:00,20.4225,32.1750
2025-03-15 13:18:00,20.4225,32.1750
2025-03-15 13:33:00,20.4225,32.1750
2025-03-15 13:48:00,20.4225,32.1750
2025-03-15 14:03:00,20.4225,32.1750
2025-03-15 14:18:00,20.4225,32.1750
2025-03-15 14:33:00,20.4225,32.1750
2025-03-15 14:48:00,20.4225,32.1750
2025-03-15 15:03:00,20.4225,32.1750
2025-03-15 15:18:00,20.4225,32.1750
2025-03-15 15:33:00,20.4225,32.1750
2025-03-15 15:48:00,20.4225,32.1750
2025-03-15 16:03:00,20.4225,32.1750
2025-03-15 16:18:00,20.4225,32.1750
2025-03-15 16:33:00,20.4225,32.1750
2025-03-15 16:48:00,20.4225,32.1750
2025-03-15 17:03:00,20.4225,32.1750
2025-03-15 17:18:00,20.4225,32.1750
2025-03-15 17:33:00,20.4225,32.1750
2025-03-15 17:48:00,20.4225,32.1750
2025-03-15 18:03:00,20.4225,32.1750
2025-03-15 18:18:00,20.4225,32.1750
2025-03-15 18:33:00,20.4225,32.1750
2025-03-15 18:48:00,20.4225,32.1750
2025-03-15 19:03:00,20.4225,32.1750
2025-03-15 19:18:00,20.4225,32.1750
2025-03-15 19:33:00,20.4225,32.1750
2025-03-15 19:48:00,20.4225,32.1750
2025-03-15 20:03:00,20.4225,32.1750
2025-03-15 20:18:00,20.4225,32.1750
2025-03-15 20:33:00,20.4225,32.1750
2025-03-15 20:48:00,20.4225,32.1750
2025-03-15 21:03:00,20.4225,32.1750
2025-03-15 21:18:00,20.4225,32.1750
2025-03-15 21:33:00,20.4225,32.1750
2025-03-15 21:48:00,20.4225,32.1750
2025-03-15 22:03:00,20.4225,32.1750
2025-03-15 22:18:00,20.4225,32.1750
2025-03-15 22:33:00,20.4225,32.1750
2025-03-15 22:48:00,20.4225,32.1750
2025-03-15 23:03:00,20.4225,32.1750
2025-03-15 23:18:00,20.4225,32.1750
2025-03-15 23:33:00,20.4225,32.1750
2025-03-15 23:48:00,20.4225,32.1750
2025-03-16 00:03:00,20.4225,32.1750
2025-03-16 00:18:00,20.4225,32.1750
2025-03-16 00:33:00,20.4225,32.1750
2025-03-16 00:48:00,20.4225,32.1750
2025-03-16 01:03:00,20.4225,32.1750
2025-03-16 01:18:00,20.4225,32.1750
2025-03-16 01:33:00,20.4225,32.1750
2025-03-16 01:48:00,20.4225,32.1750
2025-03-16 02:03:00,20.4225,32.1750
2025-03-16 02:18:00,20.4225,32.1750
2025-03-16 02:33:00,20.4225,32.1750
2025-03-16 02:48:00,20.4225,32.1750
2025-03-16 03:03:00,20.4225,32.1750
2025-03-16 03:18:00,20.4225,32.1750
2025-03-16 03:33:00,20.4225,32.1750
2025-03-16 03:48:00,20.4225,32.1750
2025-03-16 04:03:00,20.4225,32.1750
2025-03-16 04:18:00,20.4225,32.1750
2025-03-16 04:33:00,20.4225,32.1750
2025-03-16 04:48:00,20.4225,32.1750
2025-03-16 05:03:00,20.4225,32.1750
2025-03-16 05:18:00,20.4225,32.1750
2025-03-16 05:33:00,20.4225,32.1750
2025-03-16 05:48:00,20.4225,32.1750
2025-03-16 06:03:00,20.4225,32.1750
2025-03-16 06:18:00,20.4225,32.1750
2025-03-16 06:33:00,20.4225,32.1750
2025-03-16 06:48:00,20.4225,32.1750
2025-03-16 07:03:00,20.4225,32.1750
2025-03-16 07:18:00,20.4225,32.1750
2025-03-16 07:33:00,20.4225,32.1750
2025-03-16 07:48:00,20.4225,32.1750
2025-03-16 08:03:00,20.4225,32.1750
2025-03-16 08:18:00,20.4225,32.1750
2025-03-16 08:33:00,20.4225,32.1750
2025-03-16 08:48:00,20.4225,32.1750
2025-03-16 09:03:00,20.4225,32.1750
2025-03-16 09:18:00,20.4225,32.1750
2025-03-16 09:33:00,20.4225,32.1750
2025-03-16 09:48:00,20.4225,32.1750
2025-03-16 10:03:00,20.4225,32.1750
2025-03-16 10:18:00,20.4225,32.1750
2025-03-16 10:33:00,20.4225,32.1750
2025-03-16 10:48:00,20.4225,32.1750
2025-03-16 11:03:00,20.4225,32.1750
2025-03-16 11:18:00,20.4225,32.1750
2025-03-16 11:33:00,20.4225,32.1750
2025-03-16 11:48:00,20.4225,32.1750
2025-03-16 12:03:00,20.4225,32.1750
2025-03-16 12:18:00,20.4225,32.1750
2025-03-16 12:33:00,20.4225,32.1750
2025-03-16 12:48:00,20.4225,32.1750
2025-03-16 13:03:00,20.4225,32.1750
2025-03-16 13:18:00,20.4225,32.1750
2025-03-16 13:33:00,20.4225,32.1750
2025-03-16 13:48:00,20.4225,32.1750
2025-03-16 14:03:00,20.4225,32.1750
2025-03-16 14:18:00,20.4225,32.1750
2025-03-16 14:33:00,20.4225,32.1750
2025-03-16 14:48:00,20.4225,32.1750
2025-03-16 15:03:00,20.4225,32.1750
2025-03-16 15:18:00,20.4225,32.1750
2025-03-16 15:33:00,20.4225,32.1750
2025-03-16 15:48:00,20.4225,32.1750
2025-03-16 16:03:00,20.4225,32.1750
2025-03-16 16:18:00,20.4225,32.1750
2025-03-16 16:33:00,20.4225,32.1750
2025-03-16 16:48:00,20.4225,32.1750
2025-03-16 17:03:00,20.4225,32.1750
2025-03-16 17:18:00,20.4225,32.1750
2025-03-16 17:33:00,20.4225,32.1750
2025-03-16 17:48:00,20.4225,32.1750
2025-03-16 18:03:00,20.4225,32.1750
2025-03-16 18:18:00,20.4225,32.1750
2025-03-16 18:33:00,20.4225,32.1750
2025-03-16 18:48:00,20.4225,32.1750
2025-03-16 19:03:00,20.4225,32.1750
2025-03-16 19:18:00,20.4225,32.1750
2025-03-16 19:33:00,20.4225,32.1750
2025-03-16 19:48:00,20.4225,32.1750
2025-03-16 20:03:00,20.4225,32.1750
2025-03-16 20:18:00,20.4225,32.1750
2025-03-16 20:33:00,20.4225,32.1750
2025-03-16 20:48:00,20.4225,32.1750
2025-03-16 21:03:00,20.4225,32.1750
2025-03-16 21:18:00,20.4225,32.1750
2025-03-16 21:33:00,20.4225,32.1750
2025-03-16 21:48:00,20.4225,32.1750
2025-03-16 22:03:00,20.4225,32.1750
2025-03-16 22:18:00,20.4225,32.1750
2025-03-16 22:33:00,20.4225,32.1750
2025-03-16 22:48:00,20.4225,32.1750
2025-03-16 23:03:00,20.4225,32.1750
2025-03-16 23:18:00,20.4225,32.1750
2025-03-16 23:33:00,20.4225,32.1750
2025-03-16 23:48:00,20.4225,32.1750
2025-03-17 00:03:00,20.4225,32.1750
2025-03-17 00:18:00,20.4225,32.1750
2025-03-17 00:33:00,20.4225,32.1750
2025-03-17 00:48:00,20.4225,32.1750
2025-03-17 01:03:00,20.4225,32.1750
2025-03-17 01:18:00,20.4225,32.1750
2025-03-17 01:33:00,20.4225,32.1750
2025-03-17 01:48:00,20.4225,32.1750
2025-03-17 02:03:00,20.4225,32.1750
2025-03-17 02:18:00,20.4225,32.1750
2025-03-17 02:33:00,20.4225,32.1750
2025-03-17 02:48:00,20.4225,32.1750
2025-03-17 03:03:00,20.4225,32.1750
2025-03-17 03:18:00,20.4225,32.1750
2025-03-17 03:33:00,20.4225,32.1750
2025-03-17 03:48:00,20.4225,32.1750
2025-03-17 04:03:00,20.4225,32.1750
2025-03-17 04:18:00,20.4225,32.1750
2025-03-17 04:33:00,20.4225,32.1750
2025-03-17 04:48:00,20.4225,32.1750
2025-03-17 05:03:00,20.4225,32.1750
2025-03-17 05:18:00,20.4225,32.1750
2025-03-17 05:33:00,20.4225,32.1750
2025-03-17 05:48:00,20.4225,32.1750
2025-03-17 06:03:00,20.4225,32.1750
2025-03-17 06:18:00,20.4225,32.1750
2025-03-17 06:33:00,20.4225,32.1750
2025-03-17 06:48:00,20.4225,32.1750
2025-03-17 07:03:00,20.4225,32.1750
2025-03-17 07:18:00,20.4225,32.1750
2025-03-17 07:33:00,20.4225,32.1750
2025-03-17 07:48:00,20.4225,32.1750
2025-03-17 08:03:00,20.4225,32.1750
2025-03-17 08:18:00,20.4225,32.1750
2025-03-17 08:33:00,20.4225,32.1750
2025-03-17 08:48:00,20.4225,32.1750
2025-03-17 09:03:00,20.4225,32.1750
2025-03-17 09:18:00,20.4225,32.1750
2025-03-17 09:33:00,20.4225,32.1750
2025-03-17 09:48:00,20.4225,32.1750
2025-03-17 10:03:00,20.4225,32.1750
2025-03-17 10:18:00,20.4225,32.1750
2025-03-17 10:33:00,20.4225,32.1750
2025-03-17 10:48:00,20.4225,32.1750
2025-03-17 11:03:00,20.4225,32.1750
2025-03-17 11:18:00,20.4225,32.1750
2025-03-17 11:33:00,20.4225,32.1750
2025-03-17 11:48:00,20.4225,32.1750
2025-03-17 12:03:00,20.4225,32.1750
2025-03-17 12:18:00,20.4225,32.1750
2025-03-17 12:33:00,20.4225,32.1750
2025-03-17 12:48:00,20.4225,32.1750
2025-03-17 13:03:00,20.4225,32.1750
2025-03-17 13:18:00,20.4225,32.1750
2025-03-17 13:33:00,20.4225,32.1750
2025-03-17 13:48:00,20.4225,32.1750
2025-03-17 14:03:00,20.4225,32.1750
2025-03-17 14:18:00,20.4225,32.1750
2025-03-17 14:33:00,20.4225,32.1750
2025-03-17 14:48:00,20.4225,32.1750
2025-03-17 15:03:00,20.4225,32.1750
2025-03-17 15:18:00,20.4225,32.1750
2025-03-17 15:33:00,20.4225,32.1750
2025-03-17 15:48:00,20.4225,32.1750
2025-03-17 16:03:00,20.4225,32.1750
2025-03-17 16:18:00,20.4225,32.1750
2025-03-17 16:33:00,20.4225,32.1750
2025-03-17 16:48:00,20.4225,32.1750
2025-03-17 17:03:00,20.4225,32.1750
2025-03-17 17:18:00,20.4225,32.1750
2025-03-17 17:33:00,20.4225,32.1750
2025-03-17 17:48:00,20.4225,32.1750
2025-03-17 18:03:00,20.4225,32.1750
2025-03-17 18:18:00,20.4225,32.1750
2025-03-17 18:33:00,20.4225,32.1750
2025-03-17 18:48:00,20.4225,32.1750
2025-03-17 19:03:00,20.4225,32.1750
2025-03-17 19:18:00,20.4225,32.1750
2025-03-17 19:33:00,20.4225,32.1750
2025-03-17 19:48:00,20.4225,32.1750
2025-03-17 20:03:00,20.4225,32.1750
2025-03-17 20:18:00,20.4225,32.1750
2025-03-17 20:33:00,20.4225,32.1750
2025-03-17 20:48:00,20.4225,32.1750
2025-03-17 21:03:00,20.4225,32.1750
2025-03-17 21:18:00,20.4225,32.1750
2025-03-17 21:33:00,20.4225,32.1750
2025-03-17 21:48:00,20.4225,32.1750
2025-03-17 22:03:00,20.4225,32.1750
2025-03-17 22:18:00,20.4225,32.1750
2025-03-17 22:33:00,20.4225,32.1750
2025-03-17 22:48:00,20.4225,32.1750
2025-03-17 23:03:00,20.4225,32.1750
2025-03-17 23:18:00,20.4225,32.1750
2025-03-17 23:33:00,20.4225,32.1750
2025-03-17 23:48:00,20.4225,32.1750
2025-03-18 00:03:00,20.4225,32.1750
2025-03-18 00:18:00,20.4225,32.1750
2025-03-18 00:33:00,20.4225,32.1750
2025-03-18 00:48:00,20.4225,32.1750
2025-03-18 01:03:00,20.4225,32.1750
2025-03-18 01:18:00,20.4225,32.1750
2025-03-18 01:33:00,20.4225,32.1750
2025-03-18 01:48:00,20.4225,32.1750
2025-03-18 02:03:00,20.4225,32.1750
2025-03-18 02:18:00,20.4225,32.1750
2025-03-18 02:33:00,20.4225,32.1750
2025-03-18 02:48:00,20.4225,32.1750
2025-03-18 03:03:00,20.4225,32.1750
2025-03-18 03:18:00,20.4225,32.1750
2025-03-18 03:33:00,20.4225,32.1750
2025-03-18 03:48:00,20.4225,32.1750
2025-03-18 04:03:00,20.4225,32.1750
2025-03-18 04:18:00,20.4225,32.1750
2025-03-18 04:33:00,20.4225,32.1750
2025-03-18 04:48:00,20.4225,32.1750
2025-03-18 05:03:00,20.4225,32.1750
2025-03-18 05:18:00,20.4225,32.1750
2025-03-18 05:33:00,20.4225,32.1750
2025-03-18 05:48:00,20.4225,32.1750
2025-03-18 06:03:00,20.4225,32.1750
2025-03-18 06:18:00,20.4225,32.1750
2025-03-18 06:33:00,20.4225,32.1750
2025-03-18 06:48:00,20.4225,32.1750
2025-03-18 07:03:00,20.4225,32.1750
2025-03-18 07:18:00,20.4225,32.1750
2025-03-18 07:33:00,20.4225,32.1750
2025-03-18 07:48:00,20.4225,32.1750
2025-03-18 08:03:00,20.4225,32.1750
2025-03-18 08:18:00,20.4225,32.1750
2025-03-18 08:33:00,20.4225,32.1750
2025-03-18 08:48:00,20.4225,32.1750
2025-03-18 09:03:00,20.4225,32.1750
2025-03-18 09:18:00,20.4225,32.1750
2025-03-18 09:33:00,20.4225,32.1750
2025-03-18 09:48:00,20.4225,32.1750
2025-03-18 10:03:00,20.4225,32.1750
2025-03-18 10:18:00,20.4225,32.1750
2025-03-18 10:33:00,20.4225,32.1750
2025-03-18 10:48:00,20.4225,32.1750
2025-03-18 11:03:00,20.4225,32.1750
2025-03-18 11:18:00,20.4225,32.1750
2025-03-18 11:33:00,20.4225,32.1750
2025-03-18 11:48:00,20.4225,32.1750
2025-03-18 12:03:00,20.4225,32.1750
2025-03-18 12:18:00,20.4225,32.1750
2025-03-18 12:33:00,20.4225,32.1750
2025-03-18 12:48:00,20.4225,32.1750
2025-03-18 13:03:00,20.4225,32.1750
2025-03-18 13:18:00,20.4225,32.1750
2025-03-18 13:33:00,20.4225,32.1750
2025-03-18 13:48:00,20.4225,32.1750
2025-03-18 14:03:00,20.4225,32.1750
2025-03-18 14:18:00,20.4225,32.1750
2025-03-18 14:33:00,20.4225,32.1750
2025-03-18 14:48:00,20.4225,32.1750
2025-03-18 15:03:00,20.4225,32.1750
2025-03-18 15:18:00,20.4225,32.1750
2025-03-18 15:33:00,20.4225,32.1750
2025-03-18 15:48:00,20.4225,32.1750
2025-03-18 16:03:00,20.4225,32.1750
2025-03-18 16:18:00,20.4225,32.1750
2025-03-18 16:33:00,20.4225,32.1750
2025-03-18 16:48:00,20.4225,32.1750
2025-03-18 17:03:00,20.4225,32.1750
2025-03-18 17:18:00,20.4225,32.1750
2025-03-18 17:33:00,20.4225,32.1750
2025-03-18 17:48:00,20.4225,32.1750
2025-03-18 18:03:00,20.4225,32.1750
2025-03-18 18:18:00,20.4225,32.1750
2025-03-18 18:33:00,20.4225,32.1750
2025-03-18 18:48:00,20.4225,32.1750
2025-03-18 19:03:00,20.4225,32.1750
2025-03-18 19:18:00,20.4225,32.1750
2025-03-18 19:33:00,20.4225,32.1750
2025-03-18 19:48:00,20.4225,32.1750
2025-03-18 20:03:00,20.4225,32.1750
2025-03-18 20:18:00,20.4225,32.1750
2025-03-18 20:33:00,20.4225,32.1750
2025-03-18 20:48:00,20.4225,32.1750
2025-03-18 21:03:00,20.4225,32.1750
2025-03-18 21:18:00,20.4225,32.1750
2025-03-18 21:33:00,20.4225,32.1750
2025-03-18 21:48:00,20.4225,32.1750
2025-03-18 22:03:00,20.4225,32.1750
2025-03-18 22:18:00,20.4225,32.1750
2025-03-18 22:33:00,20.4225,32.1750
2025-03-18 22:48:00,20.4225,32.1750
2025-03-18 23:03:00,20.4225,32.1750
2025-03-18 23:18:00,20.4225,32.1750
2025-03-18 23:33:00,20.4225,32.1750
2025-03-18 23:48:00,20.4225,32.1750
2025-03-19 00:03:00,20.4225,32.1750
2025-03-19 00:18:00,20.4225,32.1750
2025-03-19 00:33:00,20.4225,32.1750
2025-03-19 00:48:00,20.4225,32.1750
2025-03-19 01:03:00,20.4225,32.1750
2025-03-19 01:18:00,20.4225,32.1750
2025-03-19 01:33:00,20.4225,32.1750
2025-03-19 01:48:00,20.4225,32.1750
2025-03-19 02:03:00,20.4225,32.1750
2025-03-19 02:18:00,20.4225,32.1750
2025-03-19 02:33:00,20.4225,32.1750
2025-03-19 02:48:00,20.4225,32.1750
2025-03-19 03:03:00,20.4225,32.1750
2025-03-19 03:18:00,20.4225,32.1750
2025-03-19 03:33:00,20.4225,32.1750
2025-03-19 03:48:00,20.4225,32.1750
2025-03-19 04:03:00,20.4225,32.1750
2025-03-19 04:18:00,20.4225,32.1750
2025-03-19 04:33:00,20.4225,32.1750
2025-03-19 04:48:00,20.4225,32.1750
2025-03-19 05:03:00,20.4225,32.1750
2025-03-19 05:18:00,20.4225,32.1750
2025-03-19 05:33:00,20.4225,32.1750
2025-03-19 05:48:00,20.4225,32.1750
2025-03-19 06:03:00,20.4225,32.1750
2025-03-19 06:18:00,20.4225,32.1750
2025-03-19 06:33:00,20.4225,32.1750
2025-03-19 06:48:00,20.4225,32.1750
2025-03-19 07:03:00,20.4225,32.1750
2025-03-19 07:18:00,20.4225,32.1750
2025-03-19 07:33:00,20.4225,32.1750
2025-03-19 07:48:00,20.4225,32.1750
2025-03-19 08:03:00,20.4225,32.1750
2025-03-19 08:18:00,20.4225,32.1750
2025-03-19 08:33:00,20.4225,32.1750
2025-03-19 08:48:00,20.4225,32.1750
2025-03-19 09:03:00,20.4225,32.1750
2025-03-19 09:18:00,20.4225,32.1750
2025-03-19 09:33:00,20.4225,32.1750
2025-03-19 09:48:00,20.4225,32.1750
2025-03-19 10:03:00,20.4225,32.1750
2025-03-19 10:18:00,20.4225,32.1750
2025-03-19 10:33:00,20.4225,32.1750
2025-03-19 10:48:00,20.4225,32.1750
2025-03-19 11:03:00,20.4225,32.1750
2025-03-19 11:18:00,20.4225,32.1750
2025-03-19 11:33:00,20.4225,32.1750
2025-03-19 11:48:00,20.4225,32.1750
2025-03-19 12:03:00,20.4225,32.1750
2025-03-19 12:18:00,20.4225,32.1750
2025-03-19 12:33:00,20.4225,32.1750
2025-03-19 12:48:00,20.4225,32.1750
2025-03-19 13:03:00,20.4225,32.1750
2025-03-19 13:18:00,20.4225,32.1750
2025-03-19 13:33:00,20.4225,32.1750
2025-03-19 13:48:00,20.4225,32.1750
2025-03-19 14:03:00,20.4225,32.1750
2025-03-19 14:18:00,20.4225,32.1750
2025-03-19 14:33:00,20.4225,32.1750
2025-03-19 14:48:00,20.4225,32.1750
2025-03-19 15:03:00,20.4225,32.1750
2025-03-19 15:18:00,20.4225,32.1750
2025-03-19 15:33:00,20.4225,32.1750
2025-03-19 15:48:00,20.4225,32.1750
2025-03-19 16:03:00,20.4225,32.1750
2025-03-19 16:18:00,20.4225,32.1750
2025-03-19 16:33:00,20.4225,32.1750
2025-03-19 16:48:00,20.4225,32.1750
2025-03-19 17:03:00,20.4225,32.1750
2025-03-19 17:18:00,20.4225,32.1750
2025-03-19 17:33:00,20.4225,32.1750
2025-03-19 17:48:00,20.4225,32.1750
2025-03-19 18:03:00,20.4225,32.1750
2025-03-19 18:18:00,20.4225,32.1750
2025-03-19 18:33:00,20.4225,32.1750
2025-03-19 18:48:00,20.4225,32.1750
2025-03-19 19:03:00,20.4225,32.1750
2025-03-19 19:18:00,20.4225,32.1750
2025-03-19 19:33:00,20.4225,32.1750
2025-03-19 19:48:00,20.4225,32.1750
2025-03-19 20:03:00,20.4225,32.1750
2025-03-19 20:18:00,20.4225,32.1750
2025-03-19 20:33:00,20.4225,32.1750
2025-03-19 20:48:00,20.4225,32.1750
2025-03-19 21:03:00,20.4225,32.1750
2025-03-19 21:18:00,20.4225,32.1750
2025-03-19 21:33:00,20.4225,32.1750
2025-03-19 21:48:00,20.4225,32.1750
2025-03-19 22:03:00,20.4225,32.1750
2025-03-19 22:18:00,20.4225,32.1750
2025-03-19 22:33:00,20.4225,32.1750
2025-03-19 22:48:00,20.4225,32.1750
2025-03-19 23:03:00,20.4225,32.1750
2025-03-19 23:18:00,20.4225,32.1750
2025-03-19 23:33:00,20.4225,32.1750
2025-03-19 23:48:00,20.4225,32.1750
2025-03-20 00:03:00,20.4225,32.1750
2025-03-20 00:18:00,20.4225,32.1750
2025-03-20 00:33:00,20.4225,32.1750
2025-03-20 00:48:00,20.4225,32.1750
2025-03-20 01:03:00,20.4225,32.1750
2025-03-20 01:18:00,20.4225,32.1750
2025-03-20 01:33:00,20.4225,32.1750
2025-03-20 01:48:00,20.4225,32.1750
2025-03-20 02:03:00,20.4225,32.1750
2025-03-20 02:18:00,20.4225,32.1750
2025-03-20 02:33:00,20.4225,32.1750
2025-03-20 02:48:00,20.4225,32.1750
2025-03-20 03:03:00,20.4225,32.1750
2025-03-20 03:18:00,20.4225,32.1750
2025-03-20 03:33:00,20.4225,32.1750
2025-03-20 03:48:00,20.4225,32.1750
2025-03-20 04:03:00,20.4225,32.1750
2025-03-20 04:18:00,20.4225,32.1750
2025-03-20 04:33:00,20.4225,32.1750
2025-03-20 04:48:00,20.4225,32.1750
2025-03-20 05:03:00,20.4225,32.1750
2025-03-20 05:18:00,20.4225,32.1750
2025-03-20 05:33:00,20.4225,32.1750
2025-03-20 05:48:00,20.4225,32.1750
2025-03-20 06:03:00,20.4225,32.1750
2025-03-20 06:18:00,20.4225,32.1750
2025-03-20 06:33:00,20.4225,32.1750
2025-03-20 06:48:00,20.4225,32.1750
2025-03-20 07:03:00,20.4225,32.1750
2025-03-20 07:18:00,20.4225,32.1750
2025-03-20 07:33:00,20.4225,32.1750
2025-03-20 07:48:00,20.4225,32.1750
2025-03-20 08:03:00,20.4225,32.1750
2025-03-20 08:18:00,20.4225,32.1750
2025-03-20 08:33:00,20.4225,32.1750
2025-03-20 08:48:00,20.4225,32.1750
2025-03-20 09:03:00,20.4225,32.1750
2025-03-20 09:18:00,20.4225,32.1750
2025-03-20 09:33:00,20.4225,32.1750
2025-03-20 09:48:00,20.4225,32.1750
2025-03-20 10:03:00,20.4225,32.1750
2025-03-20 10:18:00,20.4225,32.1750
2025-03-20 10:33:00,20.4225,32.1750
2025-03-20 10:48:00,20.4225,32.1750
2025-03-20 11:03:00,20.4225,32.1750
2025-03-20 11:18:00,20.4225,32.1750
2025-03-20 11:33:00,20.4225,32.1750
2025-03-20 11:48:00,20.4225,32.1750
2025-03-20 12:03:00,20.4225,32.1750
2025-03-20 12:18:00,20.4225,32.1750
2025-03-20 12:33:00,20.4225,32.1750
2025-03-20 12:48:00,20.4225,32.1750
2025-03-20 13:03:00,20.4225,32.1750
2025-03-20 13:18:00,20.4225,32.1750
2025-03-20 13:33:00,20.4225,32.1750
2025-03-20 13:48:00,20.4225,32.1750
2025-03-20 14:03:00,20.4225,32.1750
2025-03-20 14:18:00,20.4225,32.1750
2025-03-20 14:33:00,20.4225,32.1750
2025-03-20 14:48:00,20.4225,32.1750
2025-03-20 15:03:00,20.4225,32.1750
2025-03-20 15:18:00,20.4225,32.1750
2025-03-20 15:33:00,20.4225,32.1750
2025-03-20 15:48:00,20.4225,32.1750
2025-03-20 16:03:00,20.4225,32.1750
2025-03-20 16:18:00,20.4225,32.1750
2025-03-20 16:33:00,20.4225,32.1750
2025-03-20 16:48:00,20.4225,32.1750
2025-03-20 17:03:00,20.4225,32.1750
2025-03-20 17:18:00,20.4225,32.1750
2025-03-20 17:33:00,20.4225,32.1750
2025-03-20 17:48:00,20.4225,32.1750
2025-03-20 18:03:00,20.4225,32.1750
2025-03-20 18:18:00,20.4225,32.1750
2025-03-20 18:33:00,20.4225,32.1750
2025-03-20 18:48:00,20.4225,32.1750
2025-03-20 19:03:00,20.4225,32.1750
2025-03-20 19:18:00,20.4225,32.1750
2025-03-20 19:33:00,20.4225,32.1750
2025-03-20 19:48:00,20.4225,32.1750
2025-03-20 20:03:00,20.4225,32.1750
2025-03-20 20:18:00,20.4225,32.1750
2025-03-20 20:33:00,20.4225,32.1750
2025-03-20 20:48:00,20.4225,32.1750
2025-03-20 21:03:00,20.4225,32.1750
2025-03-20 21:18:00,20.4225,32.1750
2025-03-20 21:33:00,20.4225,32.1750
2025-03-20 21:48:00,20.4225,32.1750
2025-03-20 22:03:00,20.4225,32.1750
2025-03-20 22:18:00,20.4225,32.1750
2025-03-20 22:33:00,20.4225,32.1750
2025-03-20 22:48:00,20.4225,32.1750
2025-03-20 23:03:00,20.4225,32.1750
2025-03-20 23:18:00,20.4225,32.1750
2025-03-20 23:33:00,20.4225,32.1750
2025-03-20 23:48:00,20.4225,32.1750
2025-03-21 00:03:00,20.4225,32.1750
2025-03-21 00:18:00,20.4225,32.1750
2025-03-21 00:33:00,20.4225,32.1750
2025-03-21 00:48:00,20.4225,32.1750
2025-03-21 01:03:00,20.4225,32.1750
2025-03-21 01:18:00,20.4225,32.1750
2025-03-21 01:33:00,20.4225,32.1750
2025-03-21 01:48:00,20.4225,32.1750
2025-03-21 02:03:00,20.4225,32.1750
2025-03-21 02:18:00,20.4225,32.1750
2025-03-21 02:33:00,20.4225,32.1750
2025-03-21 02:48:00,20.4225,32.1750
2025-03-21 03:03:00,20.4225,32.1750
2025-03-21 03:18:00,20.4225,32.1750
2025-03-21 03:33:00,20.4225,32.1750
2025-03-21 03:48:00,20.4225,32.1750
2025-03-21 04:03:00,20.4225,32.1750
2025-03-21 04:18:00,20.4225,32.1750
2025-03-21 04:33:00,20.4225,32.1750
2025-03-21 04:48:00,20.4225,32.1750
2025-03-21 05:03:00,20.4225,32.1750
2025-03-21 05:18:00,20.4225,32.1750
2025-03-21 05:33:00,20.4225,32.1750
2025-03-21 05:48:00,20.4225,32.1750
2025-03-21 06:03:00,20.4225,32.1750
2025-03-21 06:18:00,20.4225,32.1750
2025-03-21 06:33:00,20.4225,32.1750
2025-03-21 06:48:00,20.4225,32.1750
2025-03-21 07:03:00,20.4225,32.1750
2025-03-21 07:18:00,20.4225,32.1750
2025-03-21 07:33:00,20.4225,32.1750
2025-03-21 07:48:00,20.4225,32.1750
2025-03-21 08:03:00,20.4225,32.1750
2025-03-21 08:18:00,20.4225,32.1750
2025-03-21 08:33:00,20.4225,32.1750
2025-03-21 08:48:00,20.4225,32.1750
2025-03-21 09:03:00,20.4225,32.1750
2025-03-21 09:18:00,20.4225,32.1750
2025-03-21 09:33:00,20.4225,32.1750
2025-03-21 09:48:00,20.4225,32.1750
2025-03-21 10:03:00,20.4225,32.1750
2025-03-21 10:18:00,20.4225,32.1750
2025-03-21 10:33:00,20.4225,32.1750
2025-03-21 10:48:00,20.4225,32.1750
2025-03-21 11:03:00,20.4225,32.1750
2025-03-21 11:18:00,20.4225,32.1750
2025-03-21 11:33:00,20.4225,32.1750
2025-03-21 11:48:00,20.4225,32.1750
2025-03-21 12:03:00,20.4225,32.1750
2025-03-21 12:18:00,20.4225,32.1750
2025-03-21 12:33:00,20.4225,32.1750
2025-03-21 12:48:00,20.4225,32.1750
2025-03-21 13:03:00,20.4225,32.1750
2025-03-21 13:18:00,20.4225,32.1750
2025-03-21 13:33:00,20.4225,32.1750
2025-03-21 13:48:00,20.4225,32.1750
2025-03-21 14:03:00,20.4225,32.1750
2025-03-21 14:18:00,20.4225,32.1750
2025-03-21 14:33:00,20.4225,32.1750
2025-03-21 14:48:00,20.4225,32.1750
2025-03-21 15:03:00,20.4225,32.1750
2025-03-21 15:18:00,20.4225,32.1750
2025-03-21 15:33:00,20.4225,32.1750
2025-03-21 15:48:00,20.4225,32.1750
2025-03-21 16:03:00,20.4225,32.1750
2025-03-21 16:18:00,20.4225,32.1750
2025-03-21 16:33:00,20.4225,32.1750
2025-03-21 16:48:00,20.4225,32.1750
2025-03-21 17:03:00,20.4225,32.1750
2025-03-21 17:18:00,20.4225,32.1750
2025-03-21 17:33:00,20.4225,32.1750
2025-03-21 17:48:00,20.4225,32.1750
2025-03-21 18:03:00,20.4225,32.1750
2025-03-21 18:18:00,20.4225,32.1750
2025-03-21 18:33:00,20.4225,32.1750
2025-03-21 18:48:00,20.4225,32.1750
2025-03-21 19:03:00,20.4225,32.1750
2025-03-21 19:18:00,20.4225,32.1750
2025-03-21 19:33:00,20.4225,32.1750
2025-03-21 19:48:00,20.4225,32.1750
2025-03-21 20:03:00,20.4225,32.1750
2025-03-21 20:18:00,20.4225,32.1750
2025-03-21 20:33:00,20.4225,32.1750
2025-03-21 20:48:00,20.4225,32.1750
2025-03-21 21:03:00,20.4225,32.1750
2025-03-21 21:18:00,20.4225,32.1750
2025-03-21 21:33:00,20.4225,32.1750
2025-03-21 21:48:00,20.4225,32.1750
2025-03-21 22:03:00,20.4225,32.1750
2025-03-21 22:18:00,20.4225,32.1750
2025-03-21 22:33:00,20.4225,32.1750
2025-03-21 22:48:00,20.4225,32.1750
2025-03-21 23:03:00,20.4225,32.1750
2025-03-21 23:18:00,20.4225,32.1750
2025-03-21 23:33:00,20.4225,32.1750
2025-03-21 23:48:00,20.4225,32.1750
2025-03-22 00:03:00,20.4225,32.1750
2025-03-22 00:18:00,20.4225,32.1750
2025-03-22 00:33:00,20.4225,32.1750
2025-03-22 00:48:00,20.4225,32.1750
2025-03-22 01:03:00,20.4225,32.1750
2025-03-22 01:18:00,20.4225,32.1750
2025-03-22 01:33:00,20.4225,32.1750
2025-03-22 01:48:00,20.4225,32.1750
2025-03-22 02:03:00,20.4225,32.1750
2025-03-22 02:18:00,20.4225,32.1750
2025-03-22 02:33:00,20.4225,32.1750
2025-03-22 02:48:00,20.4225,32.1750
2025-03-22 03:03:00,20.4225,32.1750
2025-03-22 03:18:00,20.4225,32.1750
2025-03-22 03:33:00,20.4225,32.1750
2025-03-22 03:48:00,20.4225,32.1750
2025-03-22 04:03:00,20.4225,32.1750
2025-03-22 04:18:00,20.4225,32.1750
2025-03-22 04:33:00,20.4225,32.1750
2025-03-22 04:48:00,20.4225,32.1750
2025-03-22 05:03:00,20.4225,32.1750
2025-03-22 05:18:00,20.4225,32.1750
2025-03-22 05:33:00,20.4225,32.1750
2025-03-22 05:48:00,20.4225,32.1750
2025-03-22 06:03:00,20.4225,32.1750
2025-03-22 06:18:00,20.4225,32.1750
2025-03-22 06:33:00,20.4225,32.1750
2025-03-22 06:48:00,20.4225,32.1750
2025-03-22 07:03:00,20.4225,32.1750
2025-03-22 07:18:00,20.4225,32.1750
2025-03-22 07:33:00,20.4225,32.1750
2025-03-22 07:48:00,20.4225,32.1750
2025-03-22 08:03:00,20.4225,32.1750
2025-03-22 08:18:00,20.4225,32.1750
2025-03-22 08:33:00,20.4225,32.1750
2025-03-22 08:48:00,20.4225,32.1750
2025-03-22 09:03:00,20.4225,32.1750
2025-03-22 09:18:00,20.4225,32.1750
2025-03-22 09:33:00,20.4225,32.1750
2025-03-22 09:48:00,20.4225,32.1750
2025-03-22 10:03:00,20.4225,32.1750
2025-03-22 10:18:00,20.4225,32.1750
2025-03-22 10:33:00,20.4225,32.1750
2025-03-22 10:48:00,20.4225,32.1750
2025-03-22 11:03:00,20.4225,32.1750
2025-03-22 11:18:00,20.4225,32.1750
2025-03-22 11:33:00,20.4225,32.1750
2025-03-22 11:48:00,20.4225,32.1750
2025-03-22 12:03:00,20.4225,32.1750
2025-03-22 12:18:00,20.4225,32.1750
2025-03-22 12:33:00,20.4225,32.1750
2025-03-22 12:48:00,20.4225,32.1750
2025-03-22 13:03:00,20.4225,32.1750
2025-03-22 13:18:00,20.4225,32.1750
2025-03-22 13:33:00,20.4225,32.1750
2025-03-22 13:48:00,20.4225,32.1750
2025-03-22 14:03:00,20.4225,32.1750
2025-03-22 14:18:00,20.4225,32.1750
2025-03-22 14:33:00,20.4225,32.1750
2025-03-22 14:48:00,20.4225,32.1750
2025-03-22 15:03:00,20.4225,32.1750
2025-03-22 15:18:00,20.4225,32.1750
2025-03-22 15:33:00,20.4225,32.1750
2025-03-22 15:48:00,20.4225,32.1750
2025-03-22 16:03:00,20.4225,32.1750
2025-03-22 16:18:00,20.4225,32.1750
2025-03-22 16:33:00,20.4225,32.1750
2025-03-22 16:48:00,20.4225,32.1750
2025-03-22 17:03:00,20.4225,32.1750
2025-03-22 17:18:00,20.4225,32.1750
2025-03-22 17:33:00,20.4225,32.1750
2025-03-22 17:48:00,20.4225,32.1750
2025-03-22 18:03:00,20.4225,32.1750
2025-03-22 18:18:00,20.4225,32.1750
2025-03-22 18:33:00,20.4225,32.1750
2025-03-22 18:48:00,20.4225,32.1750
2025-03-22 19:03:00,20.4225,32.1750
2025-03-22 19:18:00,20.4225,32.1750
2025-03-22 19:33:00,20.4225,32.1750
2025-03-22 19:48:00,20.4225,32.1750
2025-03-22 20:03:00,20.4225,32.1750
2025-03-22 20:18:00,20.4225,32.1750
2025-03-22 20:33:00,20.4225,32.1750
2025-03-22 20:48:00,20.4225,32.1750
2025-03-22 21:03:00,20.4225,32.1750
2025-03-22 21:18:00,20.4225,32.1750
2025-03-22 21:33:00,20.4225,32.1750
2025-03-22 21:48:00,20.4225,32.1750
2025-03-22 22:03:00,20.4225,32.1750
2025-03-22 22:18:00,20.4225,32.1750
2025-03-22 22:33:00,20.4225,32.1750
2025-03-22 22:48:00,20.4225,32.1750
2025-03-22 23:03:00,20.4225,32.1750
2025-03-22 23:18:00,20.4225,32.1750
2025-03-22 23:33:00,20.4225,32.1750
2025-03-22 23:48:00,20.4225,32.1750
2025-03-23 00:03:00,20.4225,32.1750
2025-03-23 00:18:00,20.4225,32.1750
2025-03-23 00:33:00,20.4225,32.1750
2025-03-23 00:48:00,20.4225,32.1750
2025-03-23 01:03:00,20.4225,32.1750
2025-03-23 01:18:00,20.4225,32.1750
2025-03-23 01:33:00,20.4225,32.1750
2025-03-23 01:48:00,20.4225,32.1750
2025-03-23 02:03:00,20.4225,32.1750
2025-03-23 02:18:00,20.4225,32.1750
2025-03-23 02:33:00,20.4225,32.1750
2025-03-23 02:48:00,20.4225,32.1750
2025-03-23 03:03:00,20.4225,32.1750
2025-03-23 03:18:00,20.4225,32.1750
2025-03-23 03:33:00,20.4225,32.1750
2025-03-23 03:48:00,20.4225,32.1750
2025-03-23 04:03:00,20.4225,32.1750
2025-03-23 04:18:00,20.4225,32.1750
2025-03-23 04:33:00,20.4225,32.1750
2025-03-23 04:48:00,20.4225,32.1750
2025-03-23 05:03:00,20.4225,32.1750
2025-03-23 05:18:00,20.4225,32.1750
2025-03-23 05:33:00,20.4225,32.1750
2025-03-23 05:48:00,20.4225,32.1750
2025-03-23 06:03:00,20.4225,32.1750
2025-03-23 06:18:00,20.4225,32.1750
2025-03-23 06:33:00,20.4225,32.1750
2025-03-23 06:48:00,20.4225,32.1750
2025-03-23 07:03:00,20.4225,32.1750
2025-03-23 07:18:00,20.4225,32.1750
2025-03-23 07:33:00,20.4225,32.1750
2025-03-23 07:48:00,20.4225,32.1750
2025-03-23 08:03:00,20.4225,32.1750
2025-03-23 08:18:00,20.4225,32.1750
2025-03-23 08:33:00,20.4225,32.1750
2025-03-23 08:48:00,20.4225,32.1750
2025-03-23 09:03:00,20.4225,32.1750
2025-03-23 09:18:00,20.4225,32.1750
2025-03-23 09:33:00,20.4225,32.1750
2025-03-23 09:48:00,20.4225,32.1750
2025-03-23 10:03:00,20.4225,32.1750
2025-03-23 10:18:00,20.4225,32.1750
2025-03-23 10:33:00,20.4225,32.1750
2025-03-23 10:48:00,20.4225,32.1750
2025-03-23 11:03:00,20.4225,32.1750
2025-03-23 11:18:00,20.4225,32.1750
2025-03-23 11:33:00,20.4225,32.1750
2025-03-23 11:48:00,20.4225,32.1750
2025-03-23 12:03:00,20.4225,32.1750
2025-03-23 12:18:00,20.4225,32.1750
2025-03-23 12:33:00,20.4225,32.1750
2025-03-23 12:48:00,20.4225,32.1750
2025-03-23 13:03:00,20.4225,32.1750
2025-03-23 13:18:00,20.4225,32.1750
2025-03-23 13:33:00,20.4225,32.1750
2025-03-23 13:48:00,20.4225,32.1750
2025-03-23 14:03:00,20.4225,32.1750
2025-03-23 14:18:00,20.4225,32.1750
2025-03-23 14:33:00,20.4225,32.1750
2025-03-23 14:48:00,20.4225,32.1750
2025-03-23 15:03:00,20.4225,32.1750
2025-03-23 15:18:00,20.4225,32.1750
2025-03-23 15:33:00,20.4225,32.1750
2025-03-23 15:48:00,20.4225,32.1750
2025-03-23 16:03:00,20.4225,32.1750
2025-03-23 16:18:00,20.4225,32.1750
2025-03-23 16:33:00,20.4225,32.1750
2025-03-23 16:48:00,20.4225,32.1750
2025-03-23 17:03:00,20.4225,32.1750
2025-03-23 17:18:00,20.4225,32.1750
2025-03-23 17:33:00,20.4225,32.1750
2025-03-23 17:48:00,20.4225,32.1750
2025-03-23 18:03:00,20.4225,32.1750
2025-03-23 18:18:00,20.4225,32.1750
2025-03-23 18:33:00,20.4225,32.1750
2025-03-23 18:48:00,20.4225,32.1750
2025-03-23 19:03:00,20.4225,32.1750
2025-03-23 19:18:00,20.4225,32.1750
2025-03-23 19:33:00,20.4225,32.1750
2025-03-23 19:48:00,20.4225,32.1750
2025-03-23 20:03:00,20.4225,32.1750
2025-03-23 20:18:00,20.4225,32.1750
2025-03-23 20:33:00,20.4225,32.1750
2025-03-23 20:48:00,20.4225,32.1750
2025-03-23 21:03:00,20.4225,32.1750
2025-03-23 21:18:00,20.4225,32.1750
2025-03-23 21:33:00,20.4225,32.1750
2025-03-23 21:48:00,20.4225,32.1750
2025-03-23 22:03:00,20.4225,32.1750
2025-03-23 22:18:00,20.4225,32.1750
2025-03-23 22:33:00,20.4225,32.1750
2025-03-23 22:48:00,20.4225,32.1750
2025-03-23 23:03:00,20.4225,32.1750
2025-03-23 23:18:00,20.4225,32.1750
2025-03-23 23:33:00,20.4225,32.1750
2025-03-23 23:48:00,20.4225,32.1750
2025-03-24 00:03:00,20.4225,32.1750
2025-03-24 00:18:00,20.4225,32.1750
2025-03-24 00:33:00,20.4225,32.1750
2025-03-24 00:48:00,20.4225,32.1750
2025-03-24 01:03:00,20.4225,32.1750
2025-03-24 01:18:00,20.4225,32.1750
2025-03-24 01:33:00,20.4225,32.1750
2025-03-24 01:48:00,20.4225,32.1750
2025-03-24 02:03:00,20.4225,32.1750
2025-03-24 02:18:00,20.4225,32.1750
2025-03-24 02:33:00,20.4225,32.1750
2025-03-24 02:48:00,20.4225,32.1750
2025-03-24 03:03:00,20.4225,32.1750
2025-03-24 03:18:00,20.4225,32.1750
2025-03-24 03:33:00,20.4225,32.1750
2025-03-24 03:48:00,20.4225,32.1750
2025-03-24 04:03:00,20.4225,32.1750
2025-03-24 04:18:00,20.4225,32.1750
2025-03-24 04:33:00,20.4225,32.1750
2025-03-24 04:48:00,20.4225,32.1750
2025-03-24 05:03:00,20.4225,32.1750
2025-03-24 05:18:00,20.4225,32.1750
2025-03-24 05:33:00,20.4225,32.1750
2025-03-24 05:48:00,20.4225,32.1750
2025-03-24 06:03:00,20.4225,32.1750
2025-03-24 06:18:00,20.4225,32.1750
2025-03-24 06:33:00,20.4225,32.1750
2025-03-24 06:48:00,20.4225,32.1750
2025-03-24 07:03:00,20.4225,32.1750
2025-03-24 07:18:00,20.4225,32.1750
2025-03-24 07:33:00,20.4225,32.1750
2025-03-24 07:48:00,20.4225,32.1750
2025-03-24 08:03:00,20.4225,32.1750
2025-03-24 08:18:00,20.4225,32.1750
2025-03-24 08:33:00,20.4225,32.1750
2025-03-24 08:48:00,20.4225,32.1750
2025-03-24 09:03:00,20.4225,32.1750
2025-03-24 09:18:00,20.4225,32.1750
2025-03-24 09:33:00,20.4225,32.1750
2025-03-24 09:48:00,20.4225,32.1750
2025-03-24 10:03:00,20.4225,32.1750
2025-03-24 10:18:00,20.4225,32.1750
2025-03-24 10:33:00,20.4225,32.1750
2025-03-24 10:48:00,20.4225,32.1750
2025-03-24 11:03:00,20.4225,32.1750
2025-03-24 11:18:00,20.4225,32.1750
2025-03-24 11:33:00,20.4225,32.1750
2025-03-24 11:48:00,20.4225,32.1750
2025-03-24 12:03:00,20.4225,32.1750
2025-03-24 12:18:00,20.4225,32.1750
2025-03-24 12:33:00,20.4225,32.1750
2025-03-24 12:48:00,20.4225,32.1750
2025-03-24 13:03:00,20.4225,32.1750
2025-03-24 13:18:00,20.4225,32.1750
2025-03-24 13:33:00,20.4225,32.1750
2025-03-24 13:48:00,20.4225,32.1750
2025-03-24 14:03:00,20.4225,32.1750
2025-03-24 14:18:00,20.4225,32.1750
2025-03-24 14:33:00,20.4225,32.1750
2025-03-24 14:48:00,20.4225,32.1750
2025-03-24 15:03:00,20.4225,32.1750
2025-03-24 15:18:00,20.4225,32.1750
2025-03-24 15:33:00,20.4225,32.1750
2025-03-24 15:48:00,20.4225,32.1750
2025-03-24 16:03:00,20.4225,32.1750
2025-03-24 16:18:00,20.4225,32.1750
2025-03-24 16:33:00,20.4225,32.1750
2025-03-24 16:48:00,20.4225,32.1750
2025-03-24 17:03:00,20.4225,32.1750
2025-03-24 17:18:00,20.4225,32.1750
2025-03-24 17:33:00,20.4225,32.1750
2025-03-24 17:48:00,20.4225,32.1750
2025-03-24 18:03:00,20.4225,32.1750
2025-03-24 18:18:00,20.4225,32.1750
2025-03-24 18:33:00,20.4225,32.1750
2025-03-24 18:48:00,20.4225,32.1750
2025-03-24 19:03:00,20.4225,32.1750
2025-03-24 19:18:00,20.4225,32.1750
2025-03-24 19:33:00,20.4225,32.1750
2025-03-24 19:48:00,20.4225,32.1750
2025-03-24 20:03:00,20.4225,32.1750
2025-03-24 20:18:00,20.4225,32.1750
2025-03-24 20:33:00,20.4225,32.1750
2025-03-24 20:48:00,20.4225,32.1750
2025-03-24 21:03:00,20.4225,32.1750
2025-03-24 21:18:00,20.4225,32.1750
2025-03-24 21:33:00,20.4225,32.1750
2025-03-24 21:48:00,20.4225,32.1750
2025-03-24 22:03:00,20.4225,32.1750
2025-03-24 22:18:00,20.4225,32.1750
2025-03-24 22:33:00,20.4225,32.1750
2025-03-24 22:48:00,20.4225,32.1750
2025-03-24 23:03:00,20.4225,32.1750
2025-03-24 23:18:00,20.4225,32.1750
2025-03-24 23:33:00,20.4225,32.1750
2025-03-24 23:48:00,20.4225,32.1750
2025-03-25 00:03:00,20.4225,32.1750
2025-03-25 00:18:00,20.4225,32.1750
2025-03-25 00:33:00,20.4225,32.1750
2025-03-25 00:48:00,20.4225,32.1750
2025-03-25 01:03:00,20.4225,32.1750
2025-03-25 01:18:00,20.4225,32.1750
2025-03-25 01:33:00,20.4225,32.1750
2025-03-25 01:48:00,20.4225,32.1750
2025-03-25 02:03:00,20.4225,32.1750
2025-03-25 02:18:00,20.4225,32.1750
2025-03-25 02:33:00,20.4225,32.1750
2025-03-25 02:48:00,20.4225,32.1750
2025-03-25 03:03:00,20.4225,32.1750
2025-03-25 03:18:00,20.4225,32.1750
2025-03-25 03:33:00,20.4225,32.1750
2025-03-25 03:48:00,20.4225,32.1750
2025-03-25 04:03:00,20.4225,32.1750
2025-03-25 04:18:00,20.4225,32.1750
2025-03-25 04:33:00,20.4225,32.1750
2025-03-25 04:48:00,20.4225,32.1750
2025-03-25 05:03:00,20.4225,32.1750
2025-03-25 05:18:00,20.4225,32.1750
2025-03-25 05:33:00,20.4225,32.1750
2025-03-25 05:48:00,20.4225,32.1750
2025-03-25 06:03:00,20.4225,32.1750
2025-03-25 06:18:00,20.4225,32.1750
2025-03-25 06:33:00,20.4225,32.1750
2025-03-25 06:48:00,20.4225,32.1750
2025-03-25 07:03:00,20.4225,32.1750
2025-03-25 07:18:00,20.4225,32.1750
2025-03-25 07:33:00,20.4225,32.1750
2025-03-25 07:48:00,20.4225,32.1750
2025-03-25 08:03:00,20.4225,32.1750
2025-03-25 08:18:00,20.4225,32.1750
2025-03-25 08:33:00,20.4225,32.1750
2025-03-25 08:48:00,20.4225,32.1750
2025-03-25 09:03:00,20.4225,32.1750
2025-03-25 09:18:00,20.4225,32.1750
2025-03-25 09:33:00,20.4225,32.1750
2025-03-25 09:48:00,20.4225,32.1750
2025-03-25 10:03:00,20.4225,32.1750
2025-03-25 10:18:00,20.4225,32.1750
2025-03-25 10:33:00,20.4225,32.1750
2025-03-25 10:48:00,20.4225,32.1750
2025-03-25 11:03:00,20.4225,32.1750
2025-03-25 11:18:00,20.4225,32.1750
2025-03-25 11:33:00,20.4225,32.1750
2025-03-25 11:48:00,20.4225,32.1750
2025-03-25 12:03:00,20.4225,32.1750
2025-03-25 12:18:00,20.4225,32.1750
2025-03-25 12:33:00,20.4225,32.1750
2025-03-25 12:48:00,20.4225,32.1750
2025-03-25 13:03:00,20.4225,32.1750
2025-03-25 13:18:00,20.4225,32.1750
2025-03-25 13:33:00,20.4225,32.1750
2025-03-25 13:48:00,20.4225,32.1750
2025-03-25 14:03:00,20.4225,32.1750
2025-03-25 14:18:00,20.4225,32.1750
2025-03-25 14:33:00,20.4225,32.1750
2025-03-25 14:48:00,20.4225,32.1750
2025-03-25 15:03:00,20.4225,32.1750
2025-03-25 15:18:00,20.4225,32.1750
2025-03-25 15:33:00,20.4225,32.1750
2025-03-25 15:48:00,20.4225,32.1750
2025-03-25 16:03:00,20.4225,32.1750
2025-03-25 16:18:00,20.4225,32.1750
2025-03-25 16:33:00,20.4225,32.1750
2025-03-25 16:48:00,20.4225,32.1750
2025-03-25 17:03:00,20.4225,32.1750
2025-03-25 17:18:00,20.4225,32.1750
2025-03-25 17:33:00,20.4225,32.1750
2025-03-25 17:48:00,20.4225,32.1750
2025-03-25 18:03:00,20.4225,32.1750
2025-03-25 18:18:00,20.4225,32.1750
2025-03-25 18:33:00,20.4225,32.1750
2025-03-25 18:48:00,20.4225,32.1750
2025-03-25 19:03:00,20.4225,32.1750
2025-03-25 19:18:00,20.4225,32.1750
2025-03-25 19:33:00,20.4225,32.1750
2025-03-25 19:48:00,20.4225,32.1750
2025-03-25 20:03:00,20.4225,32.1750
2025-03-25 20:18:00,20.4225,32.1750
2025-03-25 20:33:00,20.4225,32.1750
2025-03-25 20:48:00,20.4225,32.1750
2025-03-25 21:03:00,20.4225,32.1750
2025-03-25 21:18:00,20.4225,32.1750
2025-03-25 21:33:00,20.4225,32.1750
2025-03-25 21:48:00,20.4225,32.1750
2025-03-25 22:03:00,20.4225,32.1750
2025-03-25 22:18:00,20.4225,32.1750
2025-03-25 22:33:00,20.4225,32.1750
2025-03-25 22:48:00,20.4225,32.1750
2025-03-25 23:03:00,20.4225,32.1750
2025-03-25 23:18:00,20.4225,32.1750
2025-03-25 23:33:00,20.4225,32.1750
2025-03-25 23:48:00,20.4225,32.1750
2025-03-26 00:03:00,20.4225,32.1750
2025-03-26 00:18:00,20.4225,32.1750
2025-03-26 00:33:00,20.4225,32.1750
2025-03-26 00:48:00,20.4225,32.1750
2025-03-26 01:03:00,20.4225,32.1750
2025-03-26 01:18:00,20.4225,32.1750
2025-03-26 01:33:00,20.4225,32.1750
2025-03-26 01:48:00,20.4225,32.1750
2025-03-26 02:03:00,20.4225,32.1750
2025-03-26 02:18:00,20.4225,32.1750
2025-03-26 02:33:00,20.4225,32.1750
2025-03-26 02:48:00,20.4225,32.1750
2025-03-26 03:03:00,20.4225,32.1750
2025-03-26 03:18:00,20.4225,32.1750
2025-03-26 03:33:00,20.4225,32.1750
2025-03-26 03:48:00,20.4225,32.1750
2025-03-26 04:03:00,20.4225,32.1750
2025-03-26 04:18:00,20.4225,32.1750
2025-03-26 04:33:00,20.4225,32.1750
2025-03-26 04:48:00,20.4225,32.1750
2025-03-26 05:03:00,20.4225,32.1750
2025-03-26 05:18:00,20.4225,32.1750
2025-03-26 05:33:00,20.4225,32.1750
2025-03-26 05:48:00,20.4225,32.1750
2025-03-26 06:03:00,20.4225,32.1750
2025-03-26 06:18:00,20.4225,32.1750
2025-03-26 06:33:00,20.4225,32.1750
2025-03-26 06:48:00,20.4225,32.1750
2025-03-26 07:03:00,20.4225,32.1750
2025-03-26 07:18:00,20.4225,32.1750
2025-03-26 07:33:00,20.4225,32.1750
2025-03-26 07:48:00,20.4225,32.1750
2025-03-26 08:03:00,20.4225,32.1750
2025-03-26 08:18:00,20.4225,32.1750
2025-03-26 08:33:00,20.4225,32.1750
2025-03-26 08:48:00,20.4225,32.1750
2025-03-26 09:03:00,20.4225,32.1750
2025-03-26 09:18:00,20.4225,32.1750
2025-03-26 09:33:00,20.4225,32.1750
2025-03-26 09:48:00,20.4225,32.1750
2025-03-26 10:03:00,20.4225,32.1750
2025-03-26 10:18:00,20.4225,32.1750
2025-03-26 10:33:00,20.4225,32.1750
2025-03-26 10:48:00,20.4225,32.1750
2025-03-26 11:03:00,20.4225,32.1750
2025-03-26 11:18:00,20.4225,32.1750
2025-03-26 11:33:00,20.4225,32.1750
2025-03-26 11:48:00,20.4225,32.1750
2025-03-26 12:03:00,20.4225,32.1750
2025-03-26 12:18:00,20.4225,32.1750
2025-03-26 12:33:00,20.4225,32.1750
2025-03-26 12:48:00,20.4225,32.1750
2025-03-26 13:03:00,20.4225,32.1750
2025-03-26 13:18:00,20.4225,32.1750
2025-03-26 13:33:00,20.4225,32.1750
2025-03-26 13:48:00,20.4225,32.1750
2025-03-26 14:03:00,20.4225,32.1750
2025-03-26 14:18:00,20.4225,32.1750
2025-03-26 14:33:00,20.4225,32.1750
2025-03-26 14:48:00,20.4225,32.1750
2025-03-26 15:03:00,20.4225,32.1750
2025-03-26 15:18:00,20.4225,32.1750
2025-03-26 15:33:00,20.4225,32.1750
2025-03-26 15:48:00,20.4225,32.1750
2025-03-26 16:03:00,20.4225,32.1750
2025-03-26 16:18:00,20.4225,32.1750
2025-03-26 16:33:00,20.4225,32.1750
2025-03-26 16:48:00,20.4225,32.1750
2025-03-26 17:03:00,20.4225,32.1750
2025-03-26 17:18:00,20.4225,32.1750
2025-03-26 17:33:00,20.4225,32.1750
2025-03-26 17:48:00,20.4225,32.1750
2025-03-26 18:03:00,20.4225,32.1750
2025-03-26 18:18:00,20.4225,32.1750
2025-03-26 18:33:00,20.4225,32.1750
2025-03-26 18:48:00,20.4225,32.1750
2025-03-26 19:03:00,20.4225,32.1750
2025-03-26 19:18:00,20.4225,32.1750
2025-03-26 19:33:00,20.4225,32.1750
2025-03-26 19:48:00,20.4225,32.1750
2025-03-26 20:03:00,20.4225,32.1750
2025-03-26 20:18:00,20.4225,32.1750
2025-03-26 20:33:00,20.4225,32.1750
2025-03-26 20:48:00,20.4225,32.1750
2025-03-26 21:03:00,20.4225,32.1750
2025-03-26 21:18:00,20.4225,32.1750
2025-03-26 21:33:00,20.4225,32.1750
2025-03-26 21:48:00,20.4225,32.1750
2025-03-26 22:03:00,20.4225,32.1750
2025-03-26 22:18:00,20.4225,32.1750
2025-03-26 22:33:00,20.4225,32.1750
2025-03-26 22:48:00,20.4225,32.1750
2025-03-26 23:03:00,20.4225,32.1750
2025-03-26 23:18:00,20.4225,32.1750
2025-03-26 23:33:00,20.4225,32.1750
2025-03-26 23:48:00,20.4225,32.1750
2025-03-27 00:03:00,20.4225,32.1750
2025-03-27 00:18:00,20.4225,32.1750
2025-03-27 00:33:00,20.4225,32.1750
2025-03-27 00:48:00,20.4225,32.1750
2025-03-27 01:03:00,20.4225,32.1750
2025-03-27 01:18:00,20.4225,32.1750
2025-03-27 01:33:00,20.4225,32.1750
2025-03-27 01:48:00,20.4225,32.1750
2025-03-27 02:03:00,20.4225,32.1750
2025-03-27 02:18:00,20.4225,32.1750
2025-03-27 02:33:00,20.4225,32.1750
2025-03-27 02:48:00,20.4225,32.1750
2025-03-27 03:03:00,20.4225,32.1750
2025-03-27 03:18:00,20.4225,32.1750
2025-03-27 03:33:00,20.4225,32.1750
2025-03-27 03:48:00,20.4225,32.1750
2025-03-27 04:03:00,20.4225,32.1750
2025-03-27 04:18:00,20.4225,32.1750
2025-03-27 04:33:00,20.4225,32.1750
2025-03-27 04:48:00,20.4225,32.1750
2025-03-27 05:03:00,20.4225,32.1750
2025-03-27 05:18:00,20.4225,32.1750
2025-03-27 05:33:00,20.4225,32.1750
2025-03-27 05:48:00,20.4225,32.1750
2025-03-27 06:03:00,20.4225,32.1750
2025-03-27 06:18:00,20.4225,32.1750
2025-03-27 06:33:00,20.4225,32.1750
2025-03-27 06:48:00,20.4225,32.1750
2025-03-27 07:03:00,20.4225,32.1750
2025-03-27 07:18:00,20.4225,32.1750
2025-03-27 07:33:00,20.4225,32.1750
2025-03-27 07:48:00,20.4225,32.1750
2025-03-27 08:03:00,20.4225,32.1750
2025-03-27 08:18:00,20.4225,32.1750
2025-03-27 08:33:00,20.4225,32.1750
2025-03-27 08:48:00,20.4225,32.1750
2025-03-27 09:03:00,20.4225,32.1750
2025-03-27 09:18:00,20.4225,32.1750
2025-03-27 09:33:00,20.4225,32.1750
2025-03-27 09:48:00,20.4225,32.1750
2025-03-27 10:03:00,20.4225,32.1750
2025-03-27 10:18:00,20.4225,32.1750
2025-03-27 10:33:00,20.4225,32.1750
2025-03-27 10:48:00,20.4225,32.1750
2025-03-27 11:03:00,20.4225,32.1750
2025-03-27 11:18:00,20.4225,32.1750
2025-03-27 11:33:00,20.4225,32.1750
2025-03-27 11:48:00,20.4225,32.1750
2025-03-27 12:03:00,20.4225,32.1750
2025-03-27 12:18:00,20.4225,32.1750
2025-03-27 12:33:00,20.4225,32.1750
2025-03-27 12:48:00,20.4225,32.1750
2025-03-27 13:03:00,20.4225,32.1750
2025-03-27 13:18:00,20.4225,32.1750
2025-03-27 13:33:00,20.4225,32.1750
2025-03-27 13:48:00,20.4225,32.1750
2025-03-27 14:03:00,20.4225,32.1750
2025-03-27 14:18:00,20.4225,32.1750
2025-03-27 14:33:00,20.4225,32.1750
2025-03-27 14:48:00,20.4225,32.1750
2025-03-27 15:03:00,20.4225,32.1750
2025-03-27 15:18:00,20.4225,32.1750
2025-03-27 15:33:00,20.4225,32.1750
2025-03-27 15:48:00,20.4225,32.1750
2025-03-27 16:03:00,20.4225,32.1750
2025-03-27 16:18:00,20.4225,32.1750
2025-03-27 16:33:00,20.4225,32.1750
2025-03-27 16:48:00,20.4225,32.1750
2025-03-27 17:03:00,20.4225,32.1750
2025-03-27 17:18:00,20.4225,32.1750
2025-03-27 17:33:00,20.4225,32.1750
2025-03-27 17:48:00,20.4225,32.1750
2025-03-27 18:03:00,20.4225,32.1750
2025-03-27 18:18:00,20.4225,32.1750
2025-03-27 18:33:00,20.4225,32.1750
2025-03-27 18:48:00,20.4225,32.1750
2025-03-27 19:03:00,20.4225,32.1750
2025-03-27 19:18:00,20.4225,32.1750
2025-03-27 19:33:00,20.4225,32.1750
2025-03-27 19:48:00,20.4225,32.1750
2025-03-27 20:03:00,20.4225,32.1750
2025-03-27 20:18:00,20.4225,32.1750
2025-03-27 20:33:00,20.4225,32.1750
2025-03-27 20:48:00,20.4225,32.1750
2025-03-27 21:03:00,20.4225,32.1750
2025-03-27 21:18:00,20.4225,32.1750
2025-03-27 21:33:00,20.4225,32.1750
2025-03-27 21:48:00,20.4225,32.1750
2025-03-27 22:03:00,20.4225,32.1750
2025-03-27 22:18:00,20.4225,32.1750
2025-03-27 22:33:00,20.4225,32.1750
2025-03-27 22:48:00,20.4225,32.1750
2025-03-27 23:03:00,20.4225,32.1750
2025-03-27 23:18:00,20.4225,32.1750
2025-03-27 23:33:00,20.4225,32.1750
2025-03-27 23:48:00,20.4225,32.1750
2025-03-28 00:03:00,20.4225,32.1750
2025-03-28 00:18:00,20.4225,32.1750
2025-03-28 00:33:00,20.4225,32.1750
2025-03-28 00:48:00,20.4225,32.1750
2025-03-28 01:03:00,20.4225,32.1750
2025-03-28 01:18:00,20.4225,32.1750
2025-03-28 01:33:00,20.4225,32.1750
2025-03-28 01:48:00,20.4225,32.1750
2025-03-28 02:03:00,20.4225,32.1750
2025-03-28 02:18:00,20.4225,32.1750
2025-03-28 02:33:00,20.4225,32.1750
2025-03-28 02:48:00,20.4225,32.1750
2025-03-28 03:03:00,20.4225,32.1750
2025-03-28 03:18:00,20.4225,32.1750
2025-03-28 03:33:00,20.4225,32.1750
2025-03-28 03:48:00,20.4225,32.1750
2025-03-28 04:03:00,20.4225,32.1750
2025-03-28 04:18:00,20.4225,32.1750
2025-03-28 04:33:00,20.4225,32.1750
2025-03-28 04:48:00,20.4225,32.1750
2025-03-28 05:03:00,20.4225,32.1750
2025-03-28 05:18:00,20.4225,32.1750
2025-03-28 05:33:00,20.4225,32.1750
2025-03-28 05:48:00,20.4225,32.1750
2025-03-28 06:03:00,20.4225,32.1750
2025-03-28 06:18:00,20.4225,32.1750
2025-03-28 06:33:00,20.4225,32.1750
2025-03-28 06:48:00,20.4225,32.1750
2025-03-28 07:03:00,20.4225,32.1750
2025-03-28 07:18:00,20.4225,32.1750
2025-03-28 07:33:00,20.4225,32.1750
2025-03-28 07:48:00,20.4225,32.1750
2025-03-28 08:03:00,20.4225,32.1750
2025-03-28 08:18:00,20.4225,32.1750
2025-03-28 08:33:00,20.4225,32.1750
2025-03-28 08:48:00,20.4225,32.1750
2025-03-28 09:03:00,20.4225,32.1750
2025-03-28 09:18:00,20.4225,32.1750
2025-03-28 09:33:00,20.4225,32.1750
2025-03-28 09:48:00,20.4225,32.1750
2025-03-28 10:03:00,20.4225,32.1750
2025-03-28 10:18:00,20.4225,32.1750
2025-03-28 10:33:00,20.4225,32.1750
2025-03-28 10:48:00,20.4225,32.1750
2025-03-28 11:03:00,20.4225,32.1750
2025-03-28 11:18:00,20.4225,32.1750
2025-03-28 11:33:00,20.4225,32.1750
2025-03-28 11:48:00,20.4225,32.1750
2025-03-28 12:03:00,20.4225,32.1750
2025-03-28 12:18:00,20.4225,32.1750
2025-03-28 12:33:00,20.4225,32.1750
2025-03-28 12:48:00,20.4225,32.1750
2025-03-28 13:03:00,20.4225,32.1750
2025-03-28 13:18:00,20.4225,32.1750
2025-03-28 13:33:00,20.4225,32.1750
2025-03-28 13:48:00,20.4225,32.1750
2025-03-28 14:03:00,20.4225,32.1750
2025-03-28 14:18:00,20.4225,32.1750
2025-03-28 14:33:00,20.4225,32.1750
2025-03-28 14:48:00,20.4225,32.1750
2025-03-28 15:03:00,20.4225,32.1750
2025-03-28 15:18:00,20.4225,32.1750
2025-03-28 15:33:00,20.4225,32.1750
2025-03-28 15:48:00,20.4225,32.1750
2025-03-28 16:03:00,20.4225,32.1750
2025-03-28 16:18:00,20.4225,32.1750
2025-03-28 16:33:00,20.4225,32.1750
2025-03-28 16:48:00,20.4225,32.1750
2025-03-28 17:03:00,20.4225,32.1750
2025-03-28 17:18:00,20.4225,32.1750
2025-03-28 17:33:00,20.4225,32.1750
2025-03-28 17:48:00,20.4225,32.1750
2025-03-28 18:03:00,20.4225,32.1750
2025-03-28 18:18:00,20.4225,32.1750
2025-03-28 18:33:00,20.4225,32.1750
2025-03-28 18:48:00,20.4225,32.1750
2025-03-28 19:03:00,20.4225,32.1750
2025-03-28 19:18:00,20.4225,32.1750
2025-03-28 19:33:00,20.4225,32.1750
2025-03-28 19:48:00,20.4225,32.1750
2025-03-28 20:03:00,20.4225,32.1750
2025-03-28 20:18:00,20.4225,32.1750
2025-03-28 20:33:00,20.4225,32.1750
2025-03-28 20:48:00,20.4225,32.1750
2025-03-28 21:03:00,20.4225,32.1750
2025-03-28 21:18:00,20.4225,32.1750
2025-03-28 21:33:00,20.4225,32.1750
2025-03-28 21:48:00,20.4225,32.1750
2025-03-28 22:03:00,20.4225,32.1750
2025-03-28 22:18:00,20.4225,32.1750
2025-03-28 22:33:00,20.4225,32.1750
2025-03-28 22:48:00,20.4225,32.1750
2025-03-28 23:03:00,20.4225,32.1750
2025-03-28 23:18:00,20.4225,32.1750
2025-03-28 23:33:00,20.4225,32.1750
2025-03-28 23:48:00,20.4225,32.1750
2025-03-29 00:03:00,20.4225,32.1750
2025-03-29 00:18:00,20.4225,32.1750
2025-03-29 00:33:00,20.4225,32.1750
2025-03-29 00:48:00,20.4225,32.1750
2025-03-29 01:03:00,20.4225,32.1750
2025-03-29 01:18:00,20.4225,32.1750
2025-03-29 01:33:00,20.4225,32.1750
2025-03-29 01:48:00,20.4225,32.1750
2025-03-29 02:03:00,20.4225,32.1750
2025-03-29 02:18:00,20.4225,32.1750
2025-03-29 02:33:00,20.4225,32.1750
2025-03-29 02:48:00,20.4225,32.1750
2025-03-29 03:03:00,20.4225,32.1750
2025-03-29 03:18:00,20.4225,32.1750
2025-03-29 03:33:00,20.4225,32.1750
2025-03-29 03:48:00,20.4225,32.1750
2025-03-29 04:03:00,20.4225,32.1750
2025-03-29 04:18:00,20.4225,32.1750
2025-03-29 04:33:00,20.4225,32.1750
2025-03-29 04:48:00,20.4225,32.1750
2025-03-29 05:03:00,20.4225,32.1750
2025-03-29 05:18:00,20.4225,32.1750
2025-03-29 05:33:00,20.4225,32.1750
2025-03-29 05:48:00,20.4225,32.1750
2025-03-29 06:03:00,20.4225,32.1750
2025-03-29 06:18:00,20.4225,32.1750
2025-03-29 06:33:00,20.4225,32.1750
2025-03-29 06:48:00,20.4225,32.1750
2025-03-29 07:03:00,20.4225,32.1750
2025-03-29 07:18:00,20.4225,32.1750
2025-03-29 07:33:00,20.4225,32.1750
2025-03-29 07:48:00,20.4225,32.1750
2025-03-29 08:03:00,20.4225,32.1750
2025-03-29 08:18:00,20.4225,32.1750
2025-03-29 08:33:00,20.4225,32.1750
2025-03-29 08:48:00,20.4225,32.1750
2025-03-29 09:03:00,20.4225,32.1750
2025-03-29 09:18:00,20.4225,32.1750
2025-03-29 09:33:00,20.4225,32.1750
2025-03-29 09:48:00,20.4225,32.1750
2025-03-29 10:03:00,20.4225,32.1750
2025-03-29 10:18:00,20.4225,32.1750
2025-03-29 10:33:00,20.4225,32.1750
2025-03-29 10:48:00,20.4225,32.1750
2025-03-29 11:03:00,20.4225,32.1750
2025-03-29 11:18:00,20.4225,32.1750
2025-03-29 11:33:00,20.4225,32.1750
2025-03-29 11:48:00,20.4225,32.1750
2025-03-29 12:03:00,20.4225,32.1750
2025-03-29 12:18:00,20.4225,32.1750
2025-03-29 12:33:00,20.4225,32.1750
2025-03-29 12:48:00,20.4225,32.1750
2025-03-29 13:03:00,20.4225,32.1750
2025-03-29 13:18:00,20.4225,32.1750
2025-03-29 13:33:00,20.4225,32.1750
2025-03-29 13:48:00,20.4225,32.1750
2025-03-29 14:03:00,20.4225,32.1750
2025-03-29 14:18:00,20.4225,32.1750
2025-03-29 14:33:00,20.4225,32.1750
2025-03-29 14:48:00,20.4225,32.1750
2025-03-29 15:03:00,20.4225,32.1750
2025-03-29 15:18:00,20.4225,32.1750
2025-03-29 15:33:00,20.4225,32.1750
2025-03-29 15:48:00,20.4225,32.1750
2025-03-29 16:03:00,20.4225,32.1750
2025-03-29 16:18:00,20.4225,32.1750
2025-03-29 16:33:00,20.4225,32.1750
2025-03-29 16:48:00,20.4225,32.1750
2025-03-29 17:03:00,20.4225,32.1750
2025-03-29 17:18:00,20.4225,32.1750
2025-03-29 17:33:00,20.4225,32.1750
2025-03-29 17:48:00,20.4225,32.1750
2025-03-29 18:03:00,20.4225,32.1750
2025-03-29 18:18:00,20.4225,32.1750
2025-03-29 18:33:00,20.4225,32.1750
2025-03-29 18:48:00,20.4225,32.1750
2025-03-29 19:03:00,20.4225,32.1750
2025-03-29 19:18:00,20.4225,32.1750
2025-03-29 19:33:00,20.4225,32.1750
2025-03-29 19:48:00,20.4225,32.1750
2025-03-29 20:03:00,20.4225,32.1750
2025-03-29 20:18:00,20.4225,32.1750
2025-03-29 20:33:00,20.4225,32.1750
2025-03-29 20:48:00,20.4225,32.1750
2025-03-29 21:03:00,20.4225,32.1750
2025-03-29 21:18:00,20.4225,32.1750
2025-03-29 21:33:00,20.4225,32.1750
2025-03-29 21:48:00,20.4225,32.1750
2025-03-29 22:03:00,20.4225,32.1750
2025-03-29 22:18:00,20.4225,32.1750
2025-03-29 22:33:00,20.4225,32.1750
2025-03-29 22:48:00,20.4225,32.1750
2025-03-29 23:03:00,20.4225,32.1750
2025-03-29 23:18:00,20.4225,32.1750
2025-03-29 23:33:00,20.4225,32.1750
2025-03-29 23:48:00,20.4225,32.1750
2025-03-30 00:03:00,20.4225,32.1750
2025-03-30 00:18:00,20.4225,32.1750
2025-03-30 00:33:00,20.4225,32.1750
2025-03-30 00:48:00,20.4225,32.1750
2025-03-30 01:03:00,20.4225,32.1750
2025-03-30 01:18:00,20.4225,32.1750
2025-03-30 01:33:00,20.4225,32.1750
2025-03-30 01:48:00,20.4225,32.1750
2025-03-30 02:03:00,20.4225,32.1750
2025-03-30 02:18:00,20.4225,32.1750
2025-03-30 02:33:00,20.4225,32.1750
2025-03-30 02:48:00,20.4225,32.1750
2025-03-30 03:03:00,20.4225,32.1750
2025-03-30 03:18:00,20.4225,32.1750
2025-03-30 03:33:00,20.4225,32.1750
2025-03-30 03:48:00,20.4225,32.1750
2025-03-30 04:03:00,20.4225,32.1750
2025-03-30 04:18:00,20.4225,32.1750
2025-03-30 04:33:00,20.4225,32.1750
2025-03-30 04:48:00,20.4225,32.1750
2025-03-30 05:03:00,20.4225,32.1750
2025-03-30 05:18:00,20.4225,32.1750
2025-03-30 05:33:00,20.4225,32.1750
2025-03-30 05:48:00,20.4225,32.1750
2025-03-30 06:03:00,20.4225,32.1750
2025-03-30 06:18:00,20.4225,32.1750
2025-03-30 06:33:00,20.4225,32.1750
2025-03-30 06:48:00,20.4225,32.1750
2025-03-30 07:03:00,20.4225,32.1750
2025-03-30 07:18:00,20.4225,32.1750
2025-03-30 07:33:00,20.4225,32.1750
2025-03-30 07:48:00,20.4225,32.1750
2025-03-30 08:03:00,20.4225,32.1750
2025-03-30 08:18:00,20.4225,32.1750
2025-03-30 08:33:00,20.4225,32.1750
2025-03-30 08:48:00,20.4225,32.1750
2025-03-30 09:03:00,20.4225,32.1750
2025-03-30 09:18:00,20.4225,32.1750
2025-03-30 09:33:00,20.4225,32.1750
2025-03-30 09:48:00,20.4225,32.1750
2025-03-30 10:03:00,20.4225,32.1750
2025-03-30 10:18:00,20.4225,32.1750
2025-03-30 10:33:00,20.4225,32.1750
2025-03-30 10:48:00,20.4225,32.1750
2025-03-30 11:03:00,20.4225,32.1750
2025-03-30 11:18:00,20.4225,32.1750
2025-03-30 11:33:00,20.4225,32.1750
2025-03-30 11:48:00,20.4225,32.1750
2025-03-30 12:03:00,20.4225,32.1750
2025-03-30 12:18:00,20.4225,32.1750
2025-03-30 12:33:00,20.4225,32.1750
2025-03-30 12:48:00,20.4225,32.1750
2025-03-30 13:03:00,20.4225,32.1750
2025-03-30 13:18:00,20.4225,32.1750
2025-03-30 13:33:00,20.4225,32.1750
2025-03-30 13:48:00,20.4225,32.1750
2025-03-30 14:03:00,20.4225,32.1750
2025-03-30 14:18:00,20.4225,32.1750
2025-03-30 14:33:00,20.4225,32.1750
2025-03-30 14:48:00,20.4225,32.1750
2025-03-30 15:03:00,20.4225,32.1750
2025-03-30 15:18:00,20.4225,32.1750
2025-03-30 15:33:00,20.4225,32.1750
2025-03-30 15:48:00,20.4225,32.1750
2025-03-30 16:03:00,20.4225,32.1750
2025-03-30 16:18:00,20.4225,32.1750
2025-03-30 16:33:00,20.4225,32.1750
2025-03-30 16:48:00,20.4225,32.1750
2025-03-30 17:03:00,20.4225,32.1750
2025-03-30 17:18:00,20.4225,32.1750
2025-03-30 17:33:00,20.4225,32.1750
2025-03-30 17:48:00,20.4225,32.1750
2025-03-30 18:03:00,20.4225,32.1750
2025-03-30 18:18:00,20.4225,32.1750
2025-03-30 18:33:00,20.4225,32.1750
2025-03-30 18:48:00,20.4225,32.1750
2025-03-30 19:03:00,20.4225,32.1750
2025-03-30 19:18:00,20.4225,32.1750
2025-03-30 19:33:00,20.4225,32.1750
2025-03-30 19:48:00,20.4225,32.1750
2025-03-30 20:03:00,20.4225,32.1750
2025-03-30 20:18:00,20.4225,32.1750
2025-03-30 20:33:00,20.4225,32.1750
2025-03-30 20:48:00,20.4225,32.1750
2025-03-30 21:03:00,20.4225,32.1750
2025-03-30 21:18:00,20.4225,32.1750
2025-03-30 21:33:00,20.4225,32.1750
2025-03-30 21:48:00,20.4225,32.1750
2025-03-30 22:03:00,20.4225,32.1750
2025-03-30 22:18:00,20.4225,32.1750
2025-03-30 22:33:00,20.4225,32.1750
2025-03-30 22:48:00,20.4225,32.1750
2025-03-30 23:03:00,20.4225,32.1750
2025-03-30 23:18:00,20.4225,32.1750
2025-03-30 23:33:00,20.4225,32.1750
2025-03-30 23:48:00,20.4225,32.1750
2025-03-31 00:03:00,20.4225,32.1750
2025-03-31 00:18:00,20.4225,32.1750
2025-03-31 00:33:00,20.4225,32.1750
2025-03-31 00:48:00,20.4225,32.1750
2025-03-31 01:03:00,20.4225,32.1750
2025-03-31 01:18:00,20.4225,32.1750
2025-03-31 01:33:00,20.4225,32.1750
2025-03-31 01:48:00,20.4225,32.1750
2025-03-31 02:03:00,20.4225,32.1750
2025-03-31 02:18:00,20.4225,32.1750
2025-03-31 02:33:00,20.4225,32.1750
2025-03-31 02:48:00,20.4225,32.1750
2025-03-31 03:03:00,20.4225,32.1750
2025-03-31 03:18:00,20.4225,32.1750
2025-03-31 03:33:00,20.4225,32.1750
2025-03-31 03:48:00,20.4225,32.1750
2025-03-31 04:03:00,20.4225,32.1750
2025-03-31 04:18:00,20.4225,32.1750
2025-03-31 04:33:00,20.4225,32.1750
2025-03-31 04:48:00,20.4225,32.1750
2025-03-31 05:03:00,20.4225,32.1750
2025-03-31 05:18:00,20.4225,32.1750
2025-03-31 05:33:00,20.4225,32.1750
2025-03-31 05:48:00,20.4225,32.1750
2025-03-31 06:03:00,20.4225,32.1750
2025-03-31 06:18:00,20.4225,32.1750
2025-03-31 06:33:00,20.4225,32.1750
2025-03-31 06:48:00,20.4225,32.1750
2025-03-31 07:03:00,20.4225,32.1750
2025-03-31 07:18:00,20.4225,32.1750
2025-03-31 07:33:00,20.4225,32.1750
2025-03-31 07:48:00,20.4225,32.1750
2025-03-31 08:03:00,20.4225,32.1750
2025-03-31 08:18:00,20.4225,32.1750
2025-03-31 08:33:00,20.4225,32.1750
2025-03-31 08:48:00,20.4225,32.1750
2025-03-31 09:03:00,20.4225,32.1750
2025-03-31 09:18:00,20.4225,32.1750
2025-03-31 09:33:00,20.4225,32.1750
2025-03-31 09:48:00,20.4225,32.1750
2025-03-31 10:03:00,20.4225,32.1750
2025-03-31 10:18:00,20.4225,32.1750
2025-03-31 10:33:00,20.4225,32.1750
2025-03-31 10:48:00,20.4225,32.1750
2025-03-31 11:03:00,20.4225,32.1750
2025-03-31 11:18:00,20.4225,32.1750
2025-03-31 11:33:00,20.4225,32.1750
2025-03-31 11:48:00,20.4225,32.1750
2025-03-31 12:03:00,20.4225,32.1750
2025-03-31 12:18:00,20.4225,32.1750
2025-03-31 12:33:00,20.4225,32.1750
2025-03-31 12:48:00,20.4225,32.1750
2025-03-31 13:03:00,20.4225,32.1750
2025-03-31 13:18:00,20.4225,32.1750
2025-03-31 13:33:00,20.4225,32.1750
2025-03-31 13:48:00,20.4225,32.1750
2025-03-31 14:03:00,20.4225,32.1750
2025-03-31 14:18:00,20.4225,32.1750
2025-03-31 14:33:00,20.4225,32.1750
2025-03-31 14:48:00,20.4225,32.1750
2025-03-31 15:03:00,20.4225,32.1750
2025-03-31 15:18:00,20.4225,32.1750
2025-03-31 15:33:00,20.4225,32.1750
2025-03-31 15:48:00,20.4225,32.1750
2025-03-31 16:03:00,20.4225,32.1750
2025-03-31 16:18:00,20.4225,32.1750
2025-03-31 16:33:00,20.4225,32.1750
2025-03-31 16:48:00,20.4225,32.1750
2025-03-31 17:03:00,20.4225,32.1750
2025-03-31 17:18:00,20.4225,32.1750
2025-03-31 17:33:00,20.4225,32.1750
2025-03-31 17:48:00,20.4225,32.1750
2025-03-31 18:03:00,20.4225,32.1750
2025-03-31 18:18:00,20.4225,32.1750
2025-03-31 18:33:00,20.4225,32.1750
2025-03-31 18:48:00,20.4225,32.1750
2025-03-31 19:03:00,20.4225,32.1750
2025-03-31 19:18:00,20.4225,32.1750
2025-03-31 19:33:00,20.4225,32.1750
2025-03-31 19:48:00,20.4225,32.1750
2025-03-31 20:03:00,20.4225,32.1750
2025-03-31 20:18:00,20.4225,32.1750
2025-03-31 20:33:00,20.4225,32.1750
2025-03-31 20:48:00,20.4225,32.1750
2025-03-31 21:03:00,20.4225,32.1750
2025-03-31 21:18:00,20.4225,32.1750
2025-03-31 21:33:00,20.4225,32.1750
2025-03-31 21:48:00,20.4225,32.1750
2025-03-31 22:03:00,20.4225,32.1750
2025-03-31 22:18:00,20.4225,32.1750
2025-03-31 22:33:00,20.4225,32.1750
2025-03-31 22:48:00,20.4225,32.1750
2025-03-31 23:03:00,20.4225,32.1750
2025-03-31 23:18:00,20.4225,32.1750
2025-03-31 23:33:00,20.4225,32.1750
2025-03-31 23:48:00,20.4225,32.1750
2025-04-01 00:03:00,20.4225,32.1750
2025-04-01 00:18:00,20.4225,32.1750
2025-04-01 00:33:00,20.4225,32.1750
2025-04-01 00:48:00,20.4225,32.1750
2025-04-01 01:03:00,20.4225,32.1750
2025-04-01 01:18:00,20.4225,32.1750
2025-04-01 01:33:00,20.4225,32.1750
2025-04-01 01:48:00,20.4225,32.1750
2025-04-01 02:03:00,20.4225,32.1750
2025-04-01 02:18:00,20.4225,32.1750
2025-04-01 02:33:00,20.4225,32.1750
2025-04-01 02:48:00,20.4225,32.1750
2025-04-01 03:03:00,20.4225,32.1750
2025-04-01 03:18:00,20.4225,32.1750
2025-04-01 03:33:00,20.4225,32.1750
2025-04-01 03:48:00,20.4225,32.1750
2025-04-01 04:03:00,20.4225,32.1750
2025-04-01 04:18:00,20.4225,32.1750
2025-04-01 04:33:00,20.4225,32.1750
2025-04-01 04:48:00,20.4225,32.1750
2025-04-01 05:03:00,20.4225,32.1750
2025-04-01 05:18:00,20.4225,32.1750
2025-04-01 05:33:00,20.4225,32.1750
2025-04-01 05:48:00,20.4225,32.1750
2025-04-01 06:03:00,20.4225,32.1750
2025-04-01 06:18:00,20.4225,32.1750
2025-04-01 06:33:00,20.4225,32.1750
2025-04-01 06:48:00,20.4225,32.1750
2025-04-01 07:03:00,20.4225,32.1750
2025-04-01 07:18:00,20.4225,32.1750
2025-04-01 07:33:00,20.4225,32.1750
2025-04-01 07:48:00,20.4225,32.1750
2025-04-01 08:03:00,20.4225,32.1750
2025-04-01 08:18:00,20.4225,32.1750
2025-04-01 08:33:00,20.4225,32.1750
2025-04-01 08:48:00,20.4225,32.1750
2025-04-01 09:03:00,20.4225,32.1750
2025-04-01 09:18:00,20.4225,32.1750
2025-04-01 09:33:00,20.4225,32.1750
2025-04-01 09:48:00,20.4225,32.1750
2025-04-01 10:03:00,20.4225,32.1750
2025-04-01 10:18:00,20.4225,32.1750
2025-04-01 10:33:00,20.4225,32.1750
2025-04-01 10:48:00,20.4225,32.1750
2025-04-01 11:03:00,20.4225,32.1750
2025-04-01 11:18:00,20.4225,32.1750
2025-04-01 11:33:00,20.4225,32.1750
2025-04-01 11:48:00,20.4225,32.1750
2025-04-01 12:03:00,20.4225,32.1750
2025-04-01 12:18:00,20.4225,32.1750
2025-04-01 12:33:00,20.4225,32.1750
2025-04-01 12:48:00,20.4225,32.1750
2025-04-01 13:03:00,20.4225,32.1750
2025-04-01 13:18:00,20.4225,32.1750
2025-04-01 13:33:00,20.4225,32.1750
2025-04-01 13:48:00,20.4225,32.1750
2025-04-01 14:03:00,20.4225,32.1750
2025-04-01 14:18:00,20.4225,32.1750
2025-04-01 14:33:00,20.4225,32.1750
2025-04-01 14:48:00,20.4225,32.1750
2025-04-01 15:03:00,20.4225,32.1750
2025-04-01 15:18:00,20.4225,32.1750
2025-04-01 15:33:00,20.4225,32.1750
2025-04-01 15:48:00,20.4225,32.1750
2025-04-01 16:03:00,20.4225,32.1750
2025-04-01 16:18:00,20.4225,32.1750
2025-04-01 16:33:00,20.4225,32.1750
2025-04-01 16:48:00,20.4225,32.1750
2025-04-01 17:03:00,20.4225,32.1750
2025-04-01 17:18:00,20.4225,32.1750
2025-04-01 17:33:00,20.4225,32.1750
2025-04-01 17:48:00,20.4225,32.1750
2025-04-01 18:03:00,20.4225,32.1750
2025-04-01 18:18:00,20.4225,32.1750
2025-04-01 18:33:00,20.4225,32.1750
2025-04-01 18:48:00,20.4225,32.1750
2025-04-01 19:03:00,20.4225,32.1750
2025-04-01 19:18:00,20.4225,32.1750
2025-04-01 19:33:00,20.4225,32.1750
2025-04-01 19:48:00,20.4225,32.1750
2025-04-01 20:03:00,20.4225,32.1750
2025-04-01 20:18:00,20.4225,32.1750
2025-04-01 20:33:00,20.4225,32.1750
2025-04-01 20:48:00,20.4225,32.1750
2025-04-01 21:03:00,20.4225,32.1750
2025-04-01 21:18:00,20.4225,32.1750
2025-04-01 21:33:00,20.4225,32.1750
2025-04-01 21:48:00,20.4225,32.1750
2025-04-01 22:03:00,20.4225,32.1750
2025-04-01 22:18:00,20.4225,32.1750
2025-04-01 22:33:00,20.4225,32.1750
2025-04-01 22:48:00,20.4225,32.1750
2025-04-01 23:03:00,20.4225,32.1750
2025-04-01 23:18:00,20.4225,32.1750
2025-04-01 23:33:00,20.4225,32.1750
2025-04-01 23:48:00,20.4225,32.1750
2025-04-02 00:03:00,20.4225,32.1750
2025-04-02 00:18:00,20.4225,32.1750
2025-04-02 00:33:00,20.4225,32.1750
2025-04-02 00:48:00,20.4225,32.1750
2025-04-02 01:03:00,20.4225,32.1750
2025-04-02 01:18:00,20.4225,32.1750
2025-04-02 01:33:00,20.4225,32.1750
2025-04-02 01:48:00,20.4225,32.1750
2025-04-02 02:03:00,20.4225,32.1750
2025-04-02 02:18:00,20.4225,32.1750
2025-04-02 02:33:00,20.4225,32.1750
2025-04-02 02:48:00,20.4225,32.1750
2025-04-02 03:03:00,20.4225,32.1750
2025-04-02 03:18:00,20.4225,32.1750
2025-04-02 03:33:00,20.4225,32.1750
2025-04-02 03:48:00,20.4225,32.1750
2025-04-02 04:03:00,20.4225,32.1750
2025-04-02 04:18:00,20.4225,32.1750
2025-04-02 04:33:00,20.4225,32.1750
2025-04-02 04:48:00,20.4225,32.1750
2025-04-02 05:03:00,20.4225,32.1750
2025-04-02 05:18:00,20.4225,32.1750
2025-04-02 05:33:00,20.4225,32.1750
2025-04-02 05:48:00,20.4225,32.1750
2025-04-02 06:03:00,20.4225,32.1750
2025-04-02 06:18:00,20.4225,32.1750
2025-04-02 06:33:00,20.4225,32.1750
2025-04-02 06:48:00,20.4225,32.1750
2025-04-02 07:03:00,20.4225,32.1750
2025-04-02 07:18:00,20.4225,32.1750
2025-04-02 07:33:00,20.4225,32.1750
2025-04-02 07:48:00,20.4225,32.1750
2025-04-02 08:03:00,20.4225,32.1750
2025-04-02 08:18:00,20.4225,32.1750
2025-04-02 08:33:00,20.4225,32.1750
2025-04-02 08:48:00,20.4225,32.1750
2025-04-02 09:03:00,20.4225,32.1750
2025-04-02 09:18:00,20.4225,32.1750
2025-04-02 09:33:00,20.4225,32.1750
2025-04-02 09:48:00,20.4225,32.1750
2025-04-02 10:03:00,20.4225,32.1750
2025-04-02 10:18:00,20.4225,32.1750
2025-04-02 10:33:00,20.4225,32.1750
2025-04-02 10:48:00,20.4225,32.1750
2025-04-02 11:03:00,20.4225,32.1750
2025-04-02 11:18:00,20.4225,32.1750
2025-04-02 11:33:00,20.4225,32.1750
2025-04-02 11:48:00,20.4225,32.1750
2025-04-02 12:03:00,20.4225,32.1750
2025-04-02 12:18:00,20.4225,32.1750
2025-04-02 12:33:00,20.4225,32.1750
2025-04-02 12:48:00,20.4225,32.1750
2025-04-02 13:03:00,20.4225,32.1750
2025-04-02 13:18:00,20.4225,32.1750
2025-04-02 13:33:00,20.4225,32.1750
2025-04-02 13:48:00,20.4225,32.1750
2025-04-02 14:03:00,20.4225,32.1750
2025-04-02 14:18:00,20.4225,32.1750
2025-04-02 14:33:00,20.4225,32.1750
2025-04-02 14:48:00,20.4225,32.1750
2025-04-02 15:03:00,20.4225,32.1750
2025-04-02 15:18:00,20.4225,32.1750
2025-04-02 15:33:00,20.4225,32.1750
2025-04-02 15:48:00,20.4225,32.1750
2025-04-02 16:03:00,20.4225,32.1750
2025-04-02 16:18:00,20.4225,32.1750
2025-04-02 16:33:00,20.4225,32.1750
2025-04-02 16:48:00,20.4225,32.1750
2025-04-02 17:03:00,20.4225,32.1750
2025-04-02 17:18:00,20.4225,32.1750
2025-04-02 17:33:00,20.4225,32.1750
2025-04-02 17:48:00,20.4225,32.1750
2025-04-02 18:03:00,20.4225,32.1750
2025-04-02 18:18:00,20.4225,32.1750
2025-04-02 18:33:00,20.4225,32.1750
2025-04-02 18:48:00,20.4225,32.1750
2025-04-02 19:03:00,20.4225,32.1750
2025-04-02 19:18:00,20.4225,32.1750
2025-04-02 19:33:00,20.4225,32.1750
2025-04-02 19:48:00,20.4225,32.1750
2025-04-02 20:03:00,20.4225,32.1750
2025-04-02 20:18:00,20.4225,32.1750
2025-04-02 20:33:00,20.4225,32.1750
2025-04-02 20:48:00,20.4225,32.1750
2025-04-02 21:03:00,20.4225,32.1750
2025-04-02 21:18:00,20.4225,32.1750
2025-04-02 21:33:00,20.4225,32.1750
2025-04-02 21:48:00,20.4225,32.1750
2025-04-02 22:03:00,20.4225,32.1750
2025-04-02 22:18:00,20.4225,32.1750
2025-04-02 22:33:00,20.4225,32.1750
2025-04-02 22:48:00,20.4225,32.1750
2025-04-02 23:03:00,20.4225,32.1750
2025-04-02 23:18:00,20.4225,32.1750
2025-04-02 23:33:00,20.4225,32.1750
2025-04-02 23:48:00,20.4225,32.1750
2025-04-03 00:03:00,20.4225,32.1750
2025-04-03 00:18:00,20.4225,32.1750
2025-04-03 00:33:00,20.4225,32.1750
2025-04-03 00:48:00,20.4225,32.1750
2025-04-03 01:03:00,20.4225,32.1750
2025-04-03 01:18:00,20.4225,32.1750
2025-04-03 01:33:00,20.4225,32.1750
2025-04-03 01:48:00,20.4225,32.1750
2025-04-03 02:03:00,20.4225,32.1750
2025-04-03 02:18:00,20.4225,32.1750
2025-04-03 02:33:00,20.4225,32.1750
2025-04-03 02:48:00,20.4225,32.1750
2025-04-03 03:03:00,20.4225,32.1750
2025-04-03 03:18:00,20.4225,32.1750
2025-04-03 03:33:00,20.4225,32.1750
2025-04-03 03:48:00,20.4225,32.1750
2025-04-03 04:03:00,20.4225,32.1750
2025-04-03 04:18:00,20.4225,32.1750
2025-04-03 04:33:00,20.4225,32.1750
2025-04-03 04:48:00,20.4225,32.1750
2025-04-03 05:03:00,20.4225,32.1750
2025-04-03 05:18:00,20.4225,32.1750
2025-04-03 05:33:00,20.4225,32.1750
2025-04-03 05:48:00,20.4225,32.1750
2025-04-03 06:03:00,20.4225,32.1750
2025-04-03 06:18:00,20.4225,32.1750
2025-04-03 06:33:00,20.4225,32.1750
2025-04-03 06:48:00,20.4225,32.1750
2025-04-03 07:03:00,20.4225,32.1750
2025-04-03 07:18:00,20.4225,32.1750
2025-04-03 07:33:00,20.4225,32.1750
2025-04-03 07:48:00,20.4225,32.1750
2025-04-03 08:03:00,20.4225,32.1750
2025-04-03 08:18:00,20.4225,32.1750
2025-04-03 08:33:00,20.4225,32.1750
2025-04-03 08:48:00,20.4225,32.1750
2025-04-03 09:03:00,20.4225,32.1750
2025-04-03 09:18:00,20.4225,32.1750
2025-04-03 09:33:00,20.4225,32.1750
2025-04-03 09:48:00,20.4225,32.1750
2025-04-03 10:03:00,20.4225,32.1750
2025-04-03 10:18:00,20.4225,32.1750
2025-04-03 10:33:00,20.4225,32.1750
2025-04-03 10:48:00,20.4225,32.1750
2025-04-03 11:03:00,20.4225,32.1750
2025-04-03 11:18:00,20.4225,32.1750
2025-04-03 11:33:00,20.4225,32.1750
2025-04-03 11:48:00,20.4225,32.1750
2025-04-03 12:03:00,20.4225,32.1750
2025-04-03 12:18:00,20.4225,32.1750
2025-04-03 12:33:00,20.4225,32.1750
2025-04-03 12:48:00,20.4225,32.1750
2025-04-03 13:03:00,20.4225,32.1750
2025-04-03 13:18:00,20.4225,32.1750
2025-04-03 13:33:00,20.4225,32.1750
2025-04-03 13:48:00,20.4225,32.1750
2025-04-03 14:03:00,20.4225,32.1750
2025-04-03 14:18:00,20.4225,32.1750
2025-04-03 14:33:00,20.4225,32.1750
2025-04-03 14:48:00,20.4225,32.1750
2025-04-03 15:03:00,20.4225,32.1750
2025-04-03 15:18:00,20.4225,32.1750
2025-04-03 15:33:00,20.4225,32.1750
2025-04-03 15:48:00,20.4225,32.1750
2025-04-03 16:03:00,20.4225,32.1750
2025-04-03 16:18:00,20.4225,32.1750
2025-04-03 16:33:00,20.4225,32.1750
2025-04-03 16:48:00,20.4225,32.1750
2025-04-03 17:03:00,20.4225,32.1750
2025-04-03 17:18:00,20.4225,32.1750
2025-04-03 17:33:00,20.4225,32.1750
2025-04-03 17:48:00,20.4225,32.1750
2025-04-03 18:03:00,20.4225,32.1750
2025-04-03 18:18:00,20.4225,32.1750
2025-04-03 18:33:00,20.4225,32.1750
2025-04-03 18:48:00,20.4225,32.1750
2025-04-03 19:03:00,20.4225,32.1750
2025-04-03 19:18:00,20.4225,32.1750
2025-04-03 19:33:00,20.4225,32.1750
2025-04-03 19:48:00,20.4225,32.1750
2025-04-03 20:03:00,20.4225,32.1750
2025-04-03 20:18:00,20.4225,32.1750
2025-04-03 20:33:00,20.4225,32.1750
2025-04-03 20:48:00,20.4225,32.1750
2025-04-03 21:03:00,20.4225,32.1750
2025-04-03 21:18:00,20.4225,32.1750
2025-04-03 21:33:00,20.4225,32.1750
2025-04-03 21:48:00,20.4225,32.1750
2025-04-03 22:03:00,20.4225,32.1750
2025-04-03 22:18:00,20.4225,32.1750
2025-04-03 22:33:00,20.4225,32.1750
2025-04-03 22:48:00,20.4225,32.1750
2025-04-03 23:03:00,20.4225,32.1750
2025-04-03 23:18:00,20.4225,32.1750
2025-04-03 23:33:00,20.4225,32.1750
2025-04-03 23:48:00,20.4225,32.1750
2025-04-04 00:03:00,20.4225,32.1750
2025-04-04 00:18:00,20.4225,32.1750
2025-04-04 00:33:00,20.4225,32.1750
2025-04-04 00:48:00,20.4225,32.1750
2025-04-04 01:03:00,20.4225,32.1750
2025-04-04 01:18:00,20.4225,32.1750
2025-04-04 01:33:00,20.4225,32.1750
2025-04-04 01:48:00,20.4225,32.1750
2025-04-04 02:03:00,20.4225,32.1750
2025-04-04 02:18:00,20.4225,32.1750
2025-04-04 02:33:00,20.4225,32.1750
2025-04-04 02:48:00,20.4225,32.1750
2025-04-04 03:03:00,20.4225,32.1750
2025-04-04 03:18:00,20.4225,32.1750
2025-04-04 03:33:00,20.4225,32.1750
2025-04-04 03:48:00,20.4225,32.1750
2025-04-04 04:03:00,20.4225,32.1750
2025-04-04 04:18:00,20.4225,32.1750
2025-04-04 04:33:00,20.4225,32.1750
2025-04-04 04:48:00,20.4225,32.1750
2025-04-04 05:03:00,20.4225,32.1750
2025-04-04 05:18:00,20.4225,32.1750
2025-04-04 05:33:00,20.4225,32.1750
2025-04-04 05:48:00,20.4225,32.1750
2025-04-04 06:03:00,20.4225,32.1750
2025-04-04 06:18:00,20.4225,32.1750
2025-04-04 06:33:00,20.4225,32.1750
2025-04-04 06:48:00,20.4225,32.1750
2025-04-04 07:03:00,20.4225,32.1750
2025-04-04 07:18:00,20.4225,32.1750
2025-04-04 07:33:00,20.4225,32.1750
2025-04-04 07:48:00,20.4225,32.1750
2025-04-04 08:03:00,20.4225,32.1750
2025-04-04 08:18:00,20.4225,32.1750
2025-04-04 08:33:00,20.4225,32.1750
2025-04-04 08:48:00,20.4225,32.1750
2025-04-04 09:03:00,20.4225,32.1750
2025-04-04 09:18:00,20.4225,32.1750
2025-04-04 09:33:00,20.4225,32.1750
2025-04-04 09:48:00,20.4225,32.1750
2025-04-04 10:03:00,20.4225,32.1750
2025-04-04 10:18:00,20.4225,32.1750
2025-04-04 10:33:00,20.4225,32.1750
2025-04-04 10:48:00,20.4225,32.1750
2025-04-04 11:03:00,20.4225,32.1750
2025-04-04 11:18:00,20.4225,32.1750
2025-04-04 11:33:00,20.4225,32.1750
2025-04-04 11:48:00,20.4225,32.1750
2025-04-04 12:03:00,20.4225,32.1750
2025-04-04 12:18:00,20.4225,32.1750
2025-04-04 12:33:00,20.4225,32.1750
2025-04-04 12:48:00,20.4225,32.1750
2025-04-04 13:03:00,20.4225,32.1750
2025-04-04 13:18:00,20.4225,32.1750
2025-04-04 13:33:00,20.4225,32.1750
2025-04-04 13:48:00,20.4225,32.1750
2025-04-04 14:03:00,20.4225,32.1750
2025-04-04 14:18:00,20.4225,32.1750
2025-04-04 14:33:00,20.4225,32.1750
2025-04-04 14:48:00,20.4225,32.1750
2025-04-04 15:03:00,20.4225,32.1750
2025-04-04 15:18:00,20.4225,32.1750
2025-04-04 15:33:00,20.4225,32.1750
2025-04-04 15:48:00,20.4225,32.1750
2025-04-04 16:03:00,20.4225,32.1750
2025-04-04 16:18:00,20.4225,32.1750
2025-04-04 16:33:00,20.4225,32.1750
2025-04-04 16:48:00,20.4225,32.1750
2025-04-04 17:03:00,20.4225,32.1750
2025-04-04 17:18:00,20.4225,32.1750
2025-04-04 17:33:00,20.4225,32.1750
2025-04-04 17:48:00,20.4225,32.1750
2025-04-04 18:03:00,20.4225,32.1750
2025-04-04 18:18:00,20.4225,32.1750
2025-04-04 18:33:00,20.4225,32.1750
2025-04-04 18:48:00,20.4225,32.1750
2025-04-04 19:03:00,20.4225,32.1750
2025-04-04 19:18:00,20.4225,32.1750
2025-04-04 19:33:00,20.4225,32.1750
2025-04-04 19:48:00,20.4225,32.1750
2025-04-04 20:03:00,20.4225,32.1750
2025-04-04 20:18:00,20.4225,32.1750
2025-04-04 20:33:00,20.4225,32.1750
2025-04-04 20:48:00,20.4225,32.1750
2025-04-04 21:03:00,20.4225,32.1750
2025-04-04 21:18:00,20.4225,32.1750
2025-04-04 21:33:00,20.4225,32.1750
2025-04-04 21:48:00,20.4225,32.1750
2025-04-04 22:03:00,20.4225,32.1750
2025-04-04 22:18:00,20.4225,32.1750
2025-04-04 22:33:00,20.4225,32.1750
2025-04-04 22:48:00,20.4225,32.1750
2025-04-04 23:03:00,20.4225,32.1750
2025-04-04 23:18:00,20.4225,32.1750
2025-04-04 23:33:00,20.4225,32.1750
2025-04-04 23:48:00,20.4225,32.1750
2025-04-05 00:03:00,20.4225,32.1750
2025-04-05 00:18:00,20.4225,32.1750
2025-04-05 00:33:00,20.4225,32.1750
2025-04-05 00:48:00,20.4225,32.1750
2025-04-05 01:03:00,20.4225,32.1750
2025-04-05 01:18:00,20.4225,32.1750
2025-04-05 01:33:00,20.4225,32.1750
2025-04-05 01:48:00,20.4225,32.1750
2025-04-05 02:03:00,20.4225,32.1750
2025-04-05 02:18:00,20.4225,32.1750
2025-04-05 02:33:00,20.4225,32.1750
2025-04-05 02:48:00,20.4225,32.1750
2025-04-05 03:03:00,20.4225,32.1750
2025-04-05 03:18:00,20.4225,32.1750
2025-04-05 03:33:00,20.4225,32.1750
2025-04-05 03:48:00,20.4225,32.1750
2025-04-05 04:03:00,20.4225,32.1750
2025-04-05 04:18:00,20.4225,32.1750
2025-04-05 04:33:00,20.4225,32.1750
2025-04-05 04:48:00,20.4225,32.1750
2025-04-05 05:03:00,20.4225,32.1750
2025-04-05 05:18:00,20.4225,32.1750
2025-04-05 05:33:00,20.4225,32.1750
2025-04-05 05:48:00,20.4225,32.1750
2025-04-05 06:03:00,20.4225,32.1750
2025-04-05 06:18:00,20.4225,32.1750
2025-04-05 06:33:00,20.4225,32.1750
2025-04-05 06:48:00,20.4225,32.1750
2025-04-05 07:03:00,20.4225,32.1750
2025-04-05 07:18:00,20.4225,32.1750
2025-04-05 07:33:00,20.4225,32.1750
2025-04-05 07:48:00,20.4225,32.1750
2025-04-05 08:03:00,20.4225,32.1750
2025-04-05 08:18:00,20.4225,32.1750
2025-04-05 08:33:00,20.4225,32.1750
2025-04-05 08:48:00,20.4225,32.1750
2025-04-05 09:03:00,20.4225,32.1750
2025-04-05 09:18:00,20.4225,32.1750
2025-04-05 09:33:00,20.4225,32.1750
2025-04-05 09:48:00,20.4225,32.1750
2025-04-05 10:03:00,20.4225,32.1750
2025-04-05 10:18:00,20.4225,32.1750
2025-04-05 10:33:00,20.4225,32.1750
2025-04-05 10:48:00,20.4225,32.1750
2025-04-05 11:03:00,20.4225,32.1750
2025-04-05 11:18:00,20.4225,32.1750
2025-04-05 11:33:00,20.4225,32.1750
2025-04-05 11:48:00,20.4225,32.1750
2025-04-05 12:03:00,20.4225,32.1750
2025-04-05 12:18:00,20.4225,32.1750
2025-04-05 12:33:00,20.4225,32.1750
2025-04-05 12:48:00,20.4225,32.1750
2025-04-05 13:03:00,20.4225,32.1750
2025-04-05 13:18:00,20.4225,32.1750
2025-04-05 13:33:00,20.4225,32.1750
2025-04-05 13:48:00,20.4225,32.1750
2025-04-05 14:03:00,20.4225,32.1750
2025-04-05 14:18:00,20.4225,32.1750
2025-04-05 14:33:00,20.4225,32.1750
2025-04-05 14:48:00,20.4225,32.1750
2025-04-05 15:03:00,20.4225,32.1750
2025-04-05 15:18:00,20.4225,32.1750
2025-04-05 15:33:00,20.4225,32.1750
2025-04-05 15:48:00,20.4225,32.1750
2025-04-05 16:03:00,20.4225,32.1750
2025-04-05 16:18:00,20.4225,32.1750
2025-04-05 16:33:00,20.4225,32.1750
2025-04-05 16:48:00,20.4225,32.1750
2025-04-05 17:03:00,20.4225,32.1750
2025-04-05 17:18:00,20.4225,32.1750
2025-04-05 17:33:00,20.4225,32.1750
2025-04-05 17:48:00,20.4225,32.1750
2025-04-05 18:03:00,20.4225,32.1750
2025-04-05 18:18:00,20.4225,32.1750
2025-04-05 18:33:00,20.4225,32.1750
2025-04-05 18:48:00,20.4225,32.1750
2025-04-05 19:03:00,20.4225,32.1750
2025-04-05 19:18:00,20.4225,32.1750
2025-04-05 19:33:00,20.4225,32.1750
2025-04-05 19:48:00,20.4225,32.1750
2025-04-05 20:03:00,20.4225,32.1750
2025-04-05 20:18:00,20.4225,32.1750
2025-04-05 20:33:00,20.4225,32.1750
2025-04-05 20:48:00,20.4225,32.1750
2025-04-05 21:03:00,20.4225,32.1750
2025-04-05 21:18:00,20.4225,32.1750
2025-04-05 21:33:00,20.4225,32.1750
2025-04-05 21:48:00,20.4225,32.1750
2025-04-05 22:03:00,20.4225,32.1750
2025-04-05 22:18:00,20.4225,32.1750
2025-04-05 22:33:00,20.4225,32.1750
2025-04-05 22:48:00,20.4225,32.1750
2025-04-05 23:03:00,20.4225,32.1750
2025-04-05 23:18:00,20.4225,32.1750
2025-04-05 23:33:00,20.4225,32.1750
2025-04-05 23:48:00,20.4225,32.1750
2025-04-06 00:03:00,20.4225,32.1750
2025-04-06 00:18:00,20.4225,32.1750
2025-04-06 00:33:00,20.4225,32.1750
2025-04-06 00:48:00,20.4225,32.1750
2025-04-06 01:03:00,20.4225,32.1750
2025-04-06 01:18:00,20.4225,32.1750
2025-04-06 01:33:00,20.4225,32.1750
2025-04-06 01:48:00,20.4225,32.1750
2025-04-06 02:03:00,20.4225,32.1750
2025-04-06 02:18:00,20.4225,32.1750
2025-04-06 02:33:00,20.4225,32.1750
2025-04-06 02:48:00,20.4225,32.1750
2025-04-06 03:03:00,20.4225,32.1750
2025-04-06 03:18:00,20.4225,32.1750
2025-04-06 03:33:00,20.4225,32.1750
2025-04-06 03:48:00,20.4225,32.1750
2025-04-06 04:03:00,20.4225,32.1750
2025-04-06 04:18:00,20.4225,32.1750
2025-04-06 04:33:00,20.4225,32.1750
2025-04-06 04:48:00,20.4225,32.1750
2025-04-06 05:03:00,20.4225,32.1750
2025-04-06 05:18:00,20.4225,32.1750
2025-04-06 05:33:00,20.4225,32.1750
2025-04-06 05:48:00,20.4225,32.1750
2025-04-06 06:03:00,20.4225,32.1750
2025-04-06 06:18:00,20.4225,32.1750
2025-04-06 06:33:00,20.4225,32.1750
2025-04-06 06:48:00,20.4225,32.1750
2025-04-06 07:03:00,20.4225,32.1750
2025-04-06 07:18:00,20.4225,32.1750
2025-04-06 07:33:00,20.4225,32.1750
2025-04-06 07:48:00,20.4225,32.1750
2025-04-06 08:03:00,20.4225,32.1750
2025-04-06 08:18:00,20.4225,32.1750
2025-04-06 08:33:00,20.4225,32.1750
2025-04-06 08:48:00,20.4225,32.1750
2025-04-06 09:03:00,20.4225,32.1750
2025-04-06 09:18:00,20.4225,32.1750
2025-04-06 09:33:00,20.4225,32.1750
2025-04-06 09:48:00,20.4225,32.1750
2025-04-06 10:03:00,20.4225,32.1750
2025-04-06 10:18:00,20.4225,32.1750
2025-04-06 10:33:00,20.4225,32.1750
2025-04-06 10:48:00,20.4225,32.1750
2025-04-06 11:03:00,20.4225,32.1750
2025-04-06 11:18:00,20.4225,32.1750
2025-04-06 11:33:00,20.4225,32.1750
2025-04-06 11:48:00,20.4225,32.1750
2025-04-06 12:03:00,20.4225,32.1750
2025-04-06 12:18:00,20.4225,32.1750
2025-04-06 12:33:00,20.4225,32.1750
2025-04-06 12:48:00,20.4225,32.1750
2025-04-06 13:03:00,20.4225,32.1750
2025-04-06 13:18:00,20.4225,32.1750
2025-04-06 13:33:00,20.4225,32.1750
2025-04-06 13:48:00,20.4225,32.1750
2025-04-06 14:03:00,20.4225,32.1750
2025-04-06 14:18:00,20.4225,32.1750
2025-04-06 14:33:00,20.4225,32.1750
2025-04-06 14:48:00,20.4225,32.1750
2025-04-06 15:03:00,20.4225,32.1750
2025-04-06 15:18:00,20.4225,32.1750
2025-04-06 15:33:00,20.4225,32.1750
2025-04-06 15:48:00,20.4225,32.1750
2025-04-06 16:03:00,20.4225,32.1750
2025-04-06 16:18:00,20.4225,32.1750
2025-04-06 16:33:00,20.4225,32.1750
2025-04-06 16:48:00,20.4225,32.1750
2025-04-06 17:03:00,20.4225,32.1750
2025-04-06 17:18:00,20.4225,32.1750
2025-04-06 17:33:00,20.4225,32.1750
2025-04-06 17:48:00,20.4225,32.1750
2025-04-06 18:03:00,20.4225,32.1750
2025-04-06 18:18:00,20.4225,32.1750
2025-04-06 18:33:00,20.4225,32.1750
2025-04-06 18:48:00,20.4225,32.1750
2025-04-06 19:03:00,20.4225,32.1750
2025-04-06 19:18:00,20.4225,32.1750
2025-04-06 19:33:00,20.4225,32.1750
2025-04-06 19:48:00,20.4225,32.1750
2025-04-06 20:03:00,20.4225,32.1750
2025-04-06 20:18:00,20.4225,32.1750
2025-04-06 20:33:00,20.4225,32.1750
2025-04-06 20:48:00,20.4225,32.1750
2025-04-06 21:03:00,20.4225,32.1750
2025-04-06 21:18:00,20.4225,32.1750
2025-04-06 21:33:00,20.4225,32.1750
2025-04-06 21:48:00,20.4225,32.1750
2025-04-06 22:03:00,20.4225,32.1750
2025-04-06 22:18:00,20.4225,32.1750
2025-04-06 22:33:00,20.4225,32.1750
2025-04-06 22:48:00,20.4225,32.1750
2025-04-06 23:03:00,20.4225,32.1750
2025-04-06 23:18:00,20.4225,32.1750
2025-04-06 23:33:00,20.4225,32.1750
2025-04-06 23:48:00,20.4225,32.1750
2025-04-07 00:03:00,20.4225,32.1750
2025-04-07 00:18:00,20.4225,32.1750
2025-04-07 00:33:00,20.4225,32.1750
2025-04-07 00:48:00,20.4225,32.1750
2025-04-07 01:03:00,20.4225,32.1750
2025-04-07 01:18:00,20.4225,32.1750
2025-04-07 01:33:00,20.4225,32.1750
2025-04-07 01:48:00,20.4225,32.1750
2025-04-07 02:03:00,20.4225,32.1750
2025-04-07 02:18:00,20.4225,32.1750
2025-04-07 02:33:00,20.4225,32.1750
2025-04-07 02:48:00,20.4225,32.1750
2025-04-07 03:03:00,20.4225,32.1750
2025-04-07 03:18:00,20.4225,32.1750
2025-04-07 03:33:00,20.4225,32.1750
2025-04-07 03:48:00,20.4225,32.1750
2025-04-07 04:03:00,20.4225,32.1750
2025-04-07 04:18:00,20.4225,32.1750
2025-04-07 04:33:00,20.4225,32.1750
2025-04-07 04:48:00,20.4225,32.1750
2025-04-07 05:03:00,20.4225,32.1750
2025-04-07 05:18:00,20.4225,32.1750
2025-04-07 05:33:00,20.4225,32.1750
2025-04-07 05:48:00,20.4225,32.1750
2025-04-07 06:03:00,20.4225,32.1750
2025-04-07 06:18:00,20.4225,32.1750
2025-04-07 06:33:00,20.4225,32.1750
2025-04-07 06:48:00,20.4225,32.1750
2025-04-07 07:03:00,20.4225,32.1750
2025-04-07 07:18:00,20.4225,32.1750
2025-04-07 07:33:00,20.4225,32.1750
2025-04-07 07:48:00,20.4225,32.1750
2025-04-07 08:03:00,20.4225,32.1750
2025-04-07 08:18:00,20.4225,32.1750
2025-04-07 08:33:00,20.4225,32.1750
2025-04-07 08:48:00,20.4225,32.1750
2025-04-07 09:03:00,20.4225,32.1750
2025-04-07 09:18:00,20.4225,32.1750
2025-04-07 09:33:00,20.4225,32.1750
2025-04-07 09:48:00,20.4225,32.1750
2025-04-07 10:03:00,20.4225,32.1750
2025-04-07 10:18:00,20.4225,32.1750
2025-04-07 10:33:00,20.4225,32.1750
2025-04-07 10:48:00,20.4225,32.1750
2025-04-07 11:03:00,20.4225,32.1750
2025-04-07 11:18:00,20.4225,32.1750
2025-04-07 11:33:00,20.4225,32.1750
2025-04-07 11:48:00,20.4225,32.1750
2025-04-07 12:03:00,20.4225,32.1750
2025-04-07 12:18:00,20.4225,32.1750
2025-04-07 12:33:00,20.4225,32.1750
2025-04-07 12:48:00,20.4225,32.1750
2025-04-07 13:03:00,20.4225,32.1750
2025-04-07 13:18:00,20.4225,32.1750
2025-04-07 13:33:00,20.4225,32.1750
2025-04-07 13:48:00,20.4225,32.1750
2025-04-07 14:03:00,20.4225,32.1750
2025-04-07 14:18:00,20.4225,32.1750
2025-04-07 14:33:00,20.4225,32.1750
2025-04-07 14:48:00,20.4225,32.1750
2025-04-07 15:03:00,20.4225,32.1750
2025-04-07 15:18:00,20.4225,32.1750
2025-04-07 15:33:00,20.4225,32.1750
2025-04-07 15:48:00,20.4225,32.1750
2025-04-07 16:03:00,20.4225,32.1750
2025-04-07 16:18:00,20.4225,32.1750
2025-04-07 16:33:00,20.4225,32.1750
2025-04-07 16:48:00,20.4225,32.1750
2025-04-07 17:03:00,20.4225,32.1750
2025-04-07 17:18:00,20.4225,32.1750
2025-04-07 17:33:00,20.4225,32.1750
2025-04-07 17:48:00,20.4225,32.1750
2025-04-07 18:03:00,20.4225,32.1750
2025-04-07 18:18:00,20.4225,32.1750
2025-04-07 18:33:00,20.4225,32.1750
2025-04-07 18:48:00,20.4225,32.1750
2025-04-07 19:03:00,20.4225,32.1750
2025-04-07 19:18:00,20.4225,32.1750
2025-04-07 19:33:00,20.4225,32.1750
2025-04-07 19:48:00,20.4225,32.1750
2025-04-07 20:03:00,20.4225,32.1750
2025-04-07 20:18:00,20.4225,32.1750
2025-04-07 20:33:00,20.4225,32.1750
2025-04-07 20:48:00,20.4225,32.1750
2025-04-07 21:03:00,20.4225,32.1750
2025-04-07 21:18:00,20.4225,32.1750
2025-04-07 21:33:00,20.4225,32.1750
2025-04-07 21:48:00,20.4225,32.1750
2025-04-07 22:03:00,20.4225,32.1750
2025-04-07 22:18:00,20.4225,32.1750
2025-04-07 22:33:00,20.4225,32.1750
2025-04-07 22:48:00,20.4225,32.1750
2025-04-07 23:03:00,20.4225,32.1750
2025-04-07 23:18:00,20.4225,32.1750
2025-04-07 23:33:00,20.4225,32.1750
2025-04-07 23:48:00,20.4225,32.1750
2025-04-08 00:03:00,20.4225,32.1750
2025-04-08 00:18:00,20.4225,32.1750
2025-04-08 00:33:00,20.4225,32.1750
2025-04-08 00:48:00,20.4225,32.1750
2025-04-08 01:03:00,20.4225,32.1750
2025-04-08 01:18:00,20.4225,32.1750
2025-04-08 01:33:00,20.4225,32.1750
2025-04-08 01:48:00,20.4225,32.1750
2025-04-08 02:03:00,20.4225,32.1750
2025-04-08 02:18:00,20.4225,32.1750
2025-04-08 02:33:00,20.4225,32.1750
2025-04-08 02:48:00,20.4225,32.1750
2025-04-08 03:03:00,20.4225,32.1750
2025-04-08 03:18:00,20.4225,32.1750
2025-04-08 03:33:00,20.4225,32.1750
2025-04-08 03:48:00,20.4225,32.1750
2025-04-08 04:03:00,20.4225,32.1750
2025-04-08 04:18:00,20.4225,32.1750
2025-04-08 04:33:00,20.4225,32.1750
2025-04-08 04:48:00,20.4225,32.1750
2025-04-08 05:03:00,20.4225,32.1750
2025-04-08 05:18:00,20.4225,32.1750
2025-04-08 05:33:00,20.4225,32.1750
2025-04-08 05:48:00,20.4225,32.1750
2025-04-08 06:03:00,20.4225,32.1750
2025-04-08 06:18:00,20.4225,32.1750
2025-04-08 06:33:00,20.4225,32.1750
2025-04-08 06:48:00,20.4225,32.1750
2025-04-08 07:03:00,20.4225,32.1750
2025-04-08 07:18:00,20.4225,32.1750
2025-04-08 07:33:00,20.4225,32.1750
2025-04-08 07:48:00,20.4225,32.1750
2025-04-08 08:03:00,20.4225,32.1750
2025-04-08 08:18:00,20.4225,32.1750
2025-04-08 08:33:00,20.4225,32.1750
2025-04-08 08:48:00,20.4225,32.1750
2025-04-08 09:03:00,20.4225,32.1750
2025-04-08 09:18:00,20.4225,32.1750
2025-04-08 09:33:00,20.4225,32.1750
2025-04-08 09:48:00,20.4225,32.1750
2025-04-08 10:03:00,20.4225,32.1750
2025-04-08 10:18:00,20.4225,32.1750
2025-04-08 10:33:00,20.4225,32.1750
2025-04-08 10:48:00,20.4225,32.1750
2025-04-08 11:03:00,20.4225,32.1750
2025-04-08 11:18:00,20.4225,32.1750
2025-04-08 11:33:00,20.4225,32.1750
2025-04-08 11:48:00,20.4225,32.1750
2025-04-08 12:03:00,20.4225,32.1750
2025-04-08 12:18:00,20.4225,32.1750
2025-04-08 12:33:00,20.4225,32.1750
2025-04-08 12:48:00,20.4225,32.1750
2025-04-08 13:03:00,20.4225,32.1750
2025-04-08 13:18:00,20.4225,32.1750
2025-04-08 13:33:00,20.4225,32.1750
2025-04-08 13:48:00,20.4225,32.1750
2025-04-08 14:03:00,20.4225,32.1750
2025-04-08 14:18:00,20.4225,32.1750
2025-04-08 14:33:00,20.4225,32.1750
2025-04-08 14:48:00,20.4225,32.1750
2025-04-08 15:03:00,20.4225,32.1750
2025-04-08 15:18:00,20.4225,32.1750
2025-04-08 15:33:00,20.4225,32.1750
2025-04-08 15:48:00,20.4225,32.1750
2025-04-08 16:03:00,20.4225,32.1750
2025-04-08 16:18:00,20.4225,32.1750
2025-04-08 16:33:00,20.4225,32.1750
2025-04-08 16:48:00,20.4225,32.1750
2025-04-08 17:03:00,20.4225,32.1750
2025-04-08 17:18:00,20.4225,32.1750
2025-04-08 17:33:00,20.4225,32.1750
2025-04-08 17:48:00,20.4225,32.1750
2025-04-08 18:03:00,20.4225,32.1750
2025-04-08 18:18:00,20.4225,32.1750
2025-04-08 18:33:00,20.4225,32.1750
2025-04-08 18:48:00,20.4225,32.1750
2025-04-08 19:03:00,20.4225,32.1750
2025-04-08 19:18:00,20.4225,32.1750
2025-04-08 19:33:00,20.4225,32.1750
2025-04-08 19:48:00,20.4225,32.1750
2025-04-08 20:03:00,20.4225,32.1750
2025-04-08 20:18:00,20.4225,32.1750
2025-04-08 20:33:00,20.4225,32.1750
2025-04-08 20:48:00,20.4225,32.1750
2025-04-08 21:03:00,20.4225,32.1750
2025-04-08 21:18:00,20.4225,32.1750
2025-04-08 21:33:00,20.4225,32.1750
2025-04-08 21:48:00,20.4225,32.1750
2025-04-08 22:03:00,20.4225,32.1750
2025-04-08 22:18:00,20.4225,32.1750
2025-04-08 22:33:00,20.4225,32.1750
2025-04-08 22:48:00,20.4225,32.1750
2025-04-08 23:03:00,20.4225,32.1750
2025-04-08 23:18:00,20.4225,32.1750
2025-04-08 23:33:00,20.4225,32.1750
2025-04-08 23:48:00,20.4225,32.1750
2025-04-09 00:03:00,20.4225,32.1750
2025-04-09 00:18:00,20.4225,32.1750
2025-04-09 00:33:00,20.4225,32.1750
2025-04-09 00:48:00,20.4225,32.1750
2025-04-09 01:03:00,20.4225,32.1750
2025-04-09 01:18:00,20.4225,32.1750
2025-04-09 01:33:00,20.4225,32.1750
2025-04-09 01:48:00,20.4225,32.1750
2025-04-09 02:03:00,20.4225,32.1750
2025-04-09 02:18:00,20.4225,32.1750
2025-04-09 02:33:00,20.4225,32.1750
2025-04-09 02:48:00,20.4225,32.1750
2025-04-09 03:03:00,20.4225,32.1750
2025-04-09 03:18:00,20.4225,32.1750
2025-04-09 03:33:00,20.4225,32.1750
2025-04-09 03:48:00,20.4225,32.1750
2025-04-09 04:03:00,20.4225,32.1750
2025-04-09 04:18:00,20.4225,32.1750
2025-04-09 04:33:00,20.4225,32.1750
2025-04-09 04:48:00,20.4225,32.1750
2025-04-09 05:03:00,20.4225,32.1750
2025-04-09 05:18:00,20.4225,32.1750
2025-04-09 05:33:00,20.4225,32.1750
2025-04-09 05:48:00,20.4225,32.1750
2025-04-09 06:03:00,20.4225,32.1750
2025-04-09 06:18:00,20.4225,32.1750
2025-04-09 06:33:00,20.4225,32.1750
2025-04-09 06:48:00,20.4225,32.1750
2025-04-09 07:03:00,20.4225,32.1750
2025-04-09 07:18:00,20.4225,32.1750
2025-04-09 07:33:00,20.4225,32.1750
2025-04-09 07:48:00,20.4225,32.1750
2025-04-09 08:03:00,20.4225,32.1750
2025-04-09 08:18:00,20.4225,32.1750
2025-04-09 08:33:00,20.4225,32.1750
2025-04-09 08:48:00,20.4225,32.1750
2025-04-09 09:03:00,20.4225,32.1750
2025-04-09 09:18:00,20.4225,32.1750
2025-04-09 09:33:00,20.4225,32.1750
2025-04-09 09:48:00,20.4225,32.1750
2025-04-09 10:03:00,20.4225,32.1750
2025-04-09 10:18:00,20.4225,32.1750
2025-04-09 10:33:00,20.4225,32.1750
2025-04-09 10:48:00,20.4225,32.1750
2025-04-09 11:03:00,20.4225,32.1750
2025-04-09 11:18:00,20.4225,32.1750
2025-04-09 11:33:00,20.4225,32.1750
2025-04-09 11:48:00,20.4225,32.1750
2025-04-09 12:03:00,20.4225,32.1750
2025-04-09 12:18:00,20.4225,32.1750
2025-04-09 12:33:00,20.4225,32.1750
2025-04-09 12:48:00,20.4225,32.1750
2025-04-09 13:03:00,20.4225,32.1750
2025-04-09 13:18:00,20.4225,32.1750
2025-04-09 13:33:00,20.4225,32.1750
2025-04-09 13:48:00,20.4225,32.1750
2025-04-09 14:03:00,20.4225,32.1750
2025-04-09 14:18:00,20.4225,32.1750
2025-04-09 14:33:00,20.4225,32.1750
2025-04-09 14:48:00,20.4225,32.1750
2025-04-09 15:03:00,20.4225,32.1750
2025-04-09 15:18:00,20.4225,32.1750
2025-04-09 15:33:00,20.4225,32.1750
2025-04-09 15:48:00,20.4225,32.1750
2025-04-09 16:03:00,20.4225,32.1750
2025-04-09 16:18:00,20.4225,32.1750
2025-04-09 16:33:00,20.4225,32.1750
2025-04-09 16:48:00,20.4225,32.1750
2025-04-09 17:03:00,20.4225,32.1750
2025-04-09 17:18:00,20.4225,32.1750
2025-04-09 17:33:00,20.4225,32.1750
2025-04-09 17:48:00,20.4225,32.1750
2025-04-09 18:03:00,20.4225,32.1750
2025-04-09 18:18:00,20.4225,32.1750
2025-04-09 18:33:00,20.4225,32.1750
2025-04-09 18:48:00,20.4225,32.1750
2025-04-09 19:03:00,20.4225,32.1750
2025-04-09 19:18:00,20.4225,32.1750
2025-04-09 19:33:00,20.4225,32.1750
2025-04-09 19:48:00,20.4225,32.1750
2025-04-09 20:03:00,20.4225,32.1750
2025-04-09 20:18:00,20.4225,32.1750
2025-04-09 20:33:00,20.4225,32.1750
2025-04-09 20:48:00,20.4225,32.1750
2025-04-09 21:03:00,20.4225,32.1750
2025-04-09 21:18:00,20.4225,32.1750
2025-04-09 21:33:00,20.4225,32.1750
2025-04-09 21:48:00,20.4225,32.1750
2025-04-09 22:03:00,20.4225,32.1750
2025-04-09 22:18:00,20.4225,32.1750
2025-04-09 22:33:00,20.4225,32.1750
2025-04-09 22:48:00,20.4225,32.1750
2025-04-09 23:03:00,20.4225,32.1750
2025-04-09 23:18:00,20.4225,32.1750
2025-04-09 23:33:00,20.4225,32.1750
2025-04-09 23:48:00,20.4225,32.1750
2025-04-10 00:03:00,20.4225,32.1750
2025-04-10 00:18:00,20.4225,32.1750
2025-04-10 00:33:00,20.4225,32.1750
2025-04-10 00:48:00,20.4225,32.1750
2025-04-10 01:03:00,20.4225,32.1750
2025-04-10 01:18:00,20.4225,32.1750
2025-04-10 01:33:00,20.4225,32.1750
2025-04-10 01:48:00,20.4225,32.1750
2025-04-10 02:03:00,20.4225,32.1750
2025-04-10 02:18:00,20.4225,32.1750
2025-04-10 02:33:00,20.4225,32.1750
2025-04-10 02:48:00,20.4225,32.1750
2025-04-10 03:03:00,20.4225,32.1750
2025-04-10 03:18:00,20.4225,32.1750
2025-04-10 03:33:00,20.4225,32.1750
2025-04-10 03:48:00,20.4225,32.1750
2025-04-10 04:03:00,20.4225,32.1750
2025-04-10 04:18:00,20.4225,32.1750
2025-04-10 04:33:00,20.4225,32.1750
2025-04-10 04:48:00,20.4225,32.1750
2025-04-10 05:03:00,20.4225,32.1750
2025-04-10 05:18:00,20.4225,32.1750
2025-04-10 05:33:00,20.4225,32.1750
2025-04-10 05:48:00,20.4225,32.1750
2025-04-10 06:03:00,20.4225,32.1750
2025-04-10 06:18:00,20.4225,32.1750
2025-04-10 06:33:00,20.4225,32.1750
2025-04-10 06:48:00,20.4225,32.1750
2025-04-10 07:03:00,20.4225,32.1750
2025-04-10 07:18:00,20.4225,32.1750
2025-04-10 07:33:00,20.4225,32.1750
2025-04-10 07:48:00,20.4225,32.1750
2025-04-10 08:03:00,20.4225,32.1750
2025-04-10 08:18:00,20.4225,32.1750
2025-04-10 08:33:00,20.4225,32.1750
2025-04-10 08:48:00,20.4225,32.1750
2025-04-10 09:03:00,20.4225,32.1750
2025-04-10 09:18:00,20.4225,32.1750
2025-04-10 09:33:00,20.4225,32.1750
2025-04-10 09:48:00,20.4225,32.1750
2025-04-10 10:03:00,20.4225,32.1750
2025-04-10 10:18:00,20.4225,32.1750
2025-04-10 10:33:00,20.4225,32.1750
2025-04-10 10:48:00,20.4225,32.1750
2025-04-10 11:03:00,20.4225,32.1750
2025-04-10 11:18:00,20.4225,32.1750
2025-04-10 11:33:00,20.4225,32.1750
2025-04-10 11:48:00,20.4225,32.1750
2025-04-10 12:03:00,20.4225,32.1750
2025-04-10 12:18:00,20.4225,32.1750
2025-04-10 12:33:00,20.4225,32.1750
2025-04-10 12:48:00,20.4225,32.1750
2025-04-10 13:03:00,20.4225,32.1750
2025-04-10 13:18:00,20.4225,32.1750
2025-04-10 13:33:00,20.4225,32.1750
2025-04-10 13:48:00,20.4225,32.1750
2025-04-10 14:03:00,20.4225,32.1750
2025-04-10 14:18:00,20.4225,32.1750
2025-04-10 14:33:00,20.4225,32.1750
2025-04-10 14:48:00,20.4225,32.1750
2025-04-10 15:03:00,20.4225,32.1750
2025-04-10 15:18:00,20.4225,32.1750
2025-04-10 15:33:00,20.4225,32.1750
2025-04-10 15:48:00,20.4225,32.1750
2025-04-10 16:03:00,20.4225,32.1750
2025-04-10 16:18:00,20.4225,32.1750
2025-04-10 16:33:00,20.4225,32.1750
2025-04-10 16:48:00,20.4225,32.1750
2025-04-10 17:03:00,20.4225,32.1750
2025-04-10 17:18:00,20.4225,32.1750
2025-04-10 17:33:00,20.4225,32.1750
2025-04-10 17:48:00,20.4225,32.1750
2025-04-10 18:03:00,20.4225,32.1750
2025-04-10 18:18:00,20.4225,32.1750
2025-04-10 18:33:00,20.4225,32.1750
2025-04-10 18:48:00,20.4225,32.1750
2025-04-10 19:03:00,20.4225,32.1750
2025-04-10 19:18:00,20.4225,32.1750
2025-04-10 19:33:00,20.4225,32.1750
2025-04-10 19:48:00,20.4225,32.1750
2025-04-10 20:03:00,20.4225,32.1750
2025-04-10 20:18:00,20.4225,32.1750
2025-04-10 20:33:00,20.4225,32.1750
2025-04-10 20:48:00,20.4225,32.1750
2025-04-10 21:03:00,20.4225,32.1750
2025-04-10 21:18:00,20.4225,32.1750
2025-04-10 21:33:00,20.4225,32.1750
2025-04-10 21:48:00,20.4225,32.1750
2025-04-10 22:03:00,20.4225,32.1750
2025-04-10 22:18:00,20.4225,32.1750
2025-04-10 22:33:00,20.4225,32.1750
2025-04-10 22:48:00,20.4225,32.1750
2025-04-10 23:03:00,20.4225,32.1750
2025-04-10 23:18:00,20.4225,32.1750
2025-04-10 23:33:00,20.4225,32.1750
2025-04-10 23:48:00,20.4225,32.1750
2025-04-11 00:03:00,20.4225,32.1750
2025-04-11 00:18:00,20.4225,32.1750
2025-04-11 00:33:00,20.4225,32.1750
2025-04-11 00:48:00,20.4225,32.1750
2025-04-11 01:03:00,20.4225,32.1750
2025-04-11 01:18:00,20.4225,32.1750
2025-04-11 01:33:00,20.4225,32.1750
2025-04-11 01:48:00,20.4225,32.1750
2025-04-11 02:03:00,20.4225,32.1750
2025-04-11 02:18:00,20.4225,32.1750
2025-04-11 02:33:00,20.4225,32.1750
2025-04-11 02:48:00,20.4225,32.1750
2025-04-11 03:03:00,20.4225,32.1750
2025-04-11 03:18:00,20.4225,32.1750
2025-04-11 03:33:00,20.4225,32.1750
2025-04-11 03:48:00,20.4225,32.1750
2025-04-11 04:03:00,20.4225,32.1750
2025-04-11 04:18:00,20.4225,32.1750
2025-04-11 04:33:00,20.4225,32.1750
2025-04-11 04:48:00,20.4225,32.1750
2025-04-11 05:03:00,20.4225,32.1750
2025-04-11 05:18:00,20.4225,32.1750
2025-04-11 05:33:00,20.4225,32.1750
2025-04-11 05:48:00,20.4225,32.1750
2025-04-11 06:03:00,20.4225,32.1750
2025-04-11 06:18:00,20.4225,32.1750
2025-04-11 06:33:00,20.4225,32.1750
2025-04-11 06:48:00,20.4225,32.1750
2025-04-11 07:03:00,20.4225,32.1750
2025-04-11 07:18:00,20.4225,32.1750
2025-04-11 07:33:00,20.4225,32.1750
2025-04-11 07:48:00,20.4225,32.1750
2025-04-11 08:03:00,20.4225,32.1750
2025-04-11 08:18:00,20.4225,32.1750
2025-04-11 08:33:00,20.4225,32.1750
2025-04-11 08:48:00,20.4225,32.1750
2025-04-11 09:03:00,20.4225,32.1750
2025-04-11 09:18:00,20.4225,32.1750
2025-04-11 09:33:00,20.4225,32.1750
2025-04-11 09:48:00,20.4225,32.1750
2025-04-11 10:03:00,20.4225,32.1750
2025-04-11 10:18:00,20.4225,32.1750
2025-04-11 10:33:00,20.4225,32.1750
2025-04-11 10:48:00,20.4225,32.1750
2025-04-11 11:03:00,20.4225,32.1750
2025-04-11 11:18:00,20.4225,32.1750
2025-04-11 11:33:00,20.4225,32.1750
2025-04-11 11:48:00,20.4225,32.1750
2025-04-11 12:03:00,20.4225,32.1750
2025-04-11 12:18:00,20.4225,32.1750
2025-04-11 12:33:00,20.4225,32.1750
2025-04-11 12:48:00,20.4225,32.1750
2025-04-11 13:03:00,20.4225,32.1750
2025-04-11 13:18:00,20.4225,32.1750
2025-04-11 13:33:00,20.4225,32.1750
2025-04-11 13:48:00,20.4225,32.1750
2025-04-11 14:03:00,20.4225,32.1750
2025-04-11 14:18:00,20.4225,32.1750
2025-04-11 14:33:00,20.4225,32.1750
2025-04-11 14:48:00,20.4225,32.1750
2025-04-11 15:03:00,20.4225,32.1750
2025-04-11 15:18:00,20.4225,32.1750
2025-04-11 15:33:00,20.4225,32.1750
2025-04-11 15:48:00,20.4225,32.1750
2025-04-11 16:03:00,20.4225,32.1750
2025-04-11 16:18:00,20.4225,32.1750
2025-04-11 16:33:00,20.4225,32.1750
2025-04-11 16:48:00,20.4225,32.1750
2025-04-11 17:03:00,20.4225,32.1750
2025-04-11 17:18:00,20.4225,32.1750
2025-04-11 17:33:00,20.4225,32.1750
2025-04-11 17:48:00,20.4225,32.1750
2025-04-11 18:03:00,20.4225,32.1750
2025-04-11 18:18:00,20.4225,32.1750
2025-04-11 18:33:00,20.4225,32.1750
2025-04-11 18:48:00,20.4225,32.1750
2025-04-11 19:03:00,20.4225,32.1750
2025-04-11 19:18:00,20.4225,32.1750
2025-04-11 19:33:00,20.4225,32.1750
2025-04-11 19:48:00,20.4225,32.1750
2025-04-11 20:03:00,20.4225,32.1750
2025-04-11 20:18:00,20.4225,32.1750
2025-04-11 20:33:00,20.4225,32.1750
2025-04-11 20:48:00,20.4225,32.1750
2025-04-11 21:03:00,20.4225,32.1750
2025-04-11 21:18:00,20.4225,32.1750
2025-04-11 21:33:00,20.4225,32.1750
2025-04-11 21:48:00,20.4225,32.1750
2025-04-11 22:03:00,20.4225,32.1750
2025-04-11 22:18:00,20.4225,32.1750
2025-04-11 22:33:00,20.4225,32.1750
2025-04-11 22:48:00,20.4225,32.1750
2025-04-11 23:03:00,20.4225,32.1750
2025-04-11 23:18:00,20.4225,32.1750
2025-04-11 23:33:00,20.4225,32.1750
2025-04-11 23:48:00,20.4225,32.1750
2025-04-12 00:03:00,20.4225,32.1750
2025-04-12 00:18:00,20.4225,32.1750
2025-04-12 00:33:00,20.4225,32.1750
2025-04-12 00:48:00,20.4225,32.1750
2025-04-12 01:03:00,20.4225,32.1750
2025-04-12 01:18:00,20.4225,32.1750
2025-04-12 01:33:00,20.4225,32.1750
2025-04-12 01:48:00,20.4225,32.1750
2025-04-12 02:03:00,20.4225,32.1750
2025-04-12 02:18:00,20.4225,32.1750
2025-04-12 02:33:00,20.4225,32.1750
2025-04-12 02:48:00,20.4225,32.1750
2025-04-12 03:03:00,20.4225,32.1750
2025-04-12 03:18:00,20.4225,32.1750
2025-04-12 03:33:00,20.4225,32.1750
2025-04-12 03:48:00,20.4225,32.1750
2025-04-12 04:03:00,20.4225,32.1750
2025-04-12 04:18:00,20.4225,32.1750
2025-04-12 04:33:00,20.4225,32.1750
2025-04-12 04:48:00,20.4225,32.1750
2025-04-12 05:03:00,20.4225,32.1750
2025-04-12 05:18:00,20.4225,32.1750
2025-04-12 05:33:00,20.4225,32.1750
2025-04-12 05:48:00,20.4225,32.1750
2025-04-12 06:03:00,20.4225,32.1750
2025-04-12 06:18:00,20.4225,32.1750
2025-04-12 06:33:00,20.4225,32.1750
2025-04-12 06:48:00,20.4225,32.1750
2025-04-12 07:03:00,20.4225,32.1750
2025-04-12 07:18:00,20.4225,32.1750
2025-04-12 07:33:00,20.4225,32.1750
2025-04-12 07:48:00,20.4225,32.1750
2025-04-12 08:03:00,20.4225,32.1750
2025-04-12 08:18:00,20.4225,32.1750
2025-04-12 08:33:00,20.4225,32.1750
2025-04-12 08:48:00,20.4225,32.1750
2025-04-12 09:03:00,20.4225,32.1750
2025-04-12 09:18:00,20.4225,32.1750
2025-04-12 09:33:00,20.4225,32.1750
2025-04-12 09:48:00,20.4225,32.1750
2025-04-12 10:03:00,20.4225,32.1750
2025-04-12 10:18:00,20.4225,32.1750
2025-04-12 10:33:00,20.4225,32.1750
2025-04-12 10:48:00,20.4225,32.1750
2025-04-12 11:03:00,20.4225,32.1750
2025-04-12 11:18:00,20.4225,32.1750
2025-04-12 11:33:00,20.4225,32.1750
2025-04-12 11:48:00,20.4225,32.1750
2025-04-12 12:03:00,20.4225,32.1750
2025-04-12 12:18:00,20.4225,32.1750
2025-04-12 12:33:00,20.4225,32.1750
2025-04-12 12:48:00,20.4225,32.1750
2025-04-12 13:03:00,20.4225,32.1750
2025-04-12 13:18:00,20.4225,32.1750
2025-04-12 13:33:00,20.4225,32.1750
2025-04-12 13:48:00,20.4225,32.1750
2025-04-12 14:03:00,20.4225,32.1750
2025-04-12 14:18:00,20.4225,32.1750
2025-04-12 14:33:00,20.4225,32.1750
2025-04-12 14:48:00,20.4225,32.1750
2025-04-12 15:03:00,20.4225,32.1750
2025-04-12 15:18:00,20.4225,32.1750
2025-04-12 15:33:00,20.4225,32.1750
2025-04-12 15:48:00,20.4225,32.1750
2025-04-12 16:03:00,20.4225,32.1750
2025-04-12 16:18:00,20.4225,32.1750
2025-04-12 16:33:00,20.4225,32.1750
2025-04-12 16:48:00,20.4225,32.1750
2025-04-12 17:03:00,20.4225,32.1750
2025-04-12 17:18:00,20.4225,32.1750
2025-04-12 17:33:00,20.4225,32.1750
2025-04-12 17:48:00,20.4225,32.1750
2025-04-12 18:03:00,20.4225,32.1750
2025-04-12 18:18:00,20.4225,32.1750
2025-04-12 18:33:00,20.4225,32.1750
2025-04-12 18:48:00,20.4225,32.1750
2025-04-12 19:03:00,20.4225,32.1750
2025-04-12 19:18:00,20.4225,32.1750
2025-04-12 19:33:00,20.4225,32.1750
2025-04-12 19:48:00,20.4225,32.1750
2025-04-12 20:03:00,20.4225,32.1750
2025-04-12 20:18:00,20.4225,32.1750
2025-04-12 20:33:00,20.4225,32.1750
2025-04-12 20:48:00,20.4225,32.1750
2025-04-12 21:03:00,20.4225,32.1750
2025-04-12 21:18:00,20.4225,32.1750
2025-04-12 21:33:00,20.4225,32.1750
2025-04-12 21:48:00,20.4225,32.1750
2025-04-12 22:03:00,20.4225,32.1750
2025-04-12 22:18:00,20.4225,32.1750
2025-04-12 22:33:00,20.4225,32.1750
2025-04-12 22:48:00,20.4225,32.1750
2025-04-12 23:03:00,20.4225,32.1750
2025-04-12 23:18:00,20.4225,32.1750
2025-04-12 23:33:00,20.4225,32.1750
2025-04-12 23:48:00,20.4225,32.1750
2025-04-13 00:03:00,20.4225,32.1750
2025-04-13 00:18:00,20.4225,32.1750
2025-04-13 00:33:00,20.4225,32.1750
2025-04-13 00:48:00,20.4225,32.1750
2025-04-13 01:03:00,20.4225,32.1750
2025-04-13 01:18:00,20.4225,32.1750
2025-04-13 01:33:00,20.4225,32.1750
2025-04-13 01:48:00,20.4225,32.1750
2025-04-13 02:03:00,20.4225,32.1750
2025-04-13 02:18:00,20.4225,32.1750
2025-04-13 02:33:00,20.4225,32.1750
2025-04-13 02:48:00,20.4225,32.1750
2025-04-13 03:03:00,20.4225,32.1750
2025-04-13 03:18:00,20.4225,32.1750
2025-04-13 03:33:00,20.4225,32.1750
2025-04-13 03:48:00,20.4225,32.1750
2025-04-13 04:03:00,20.4225,32.1750
2025-04-13 04:18:00,20.4225,32.1750
2025-04-13 04:33:00,20.4225,32.1750
2025-04-13 04:48:00,20.4225,32.1750
2025-04-13 05:03:00,20.4225,32.1750
2025-04-13 05:18:00,20.4225,32.1750
2025-04-13 05:33:00,20.4225,32.1750
2025-04-13 05:48:00,20.4225,32.1750
2025-04-13 06:03:00,20.4225,32.1750
2025-04-13 06:18:00,20.4225,32.1750
2025-04-13 06:33:00,20.4225,32.1750
2025-04-13 06:48:00,20.4225,32.1750
2025-04-13 07:03:00,20.4225,32.1750
2025-04-13 07:18:00,20.4225,32.1750
2025-04-13 07:33:00,20.4225,32.1750
2025-04-13 07:48:00,20.4225,32.1750
2025-04-13 08:03:00,20.4225,32.1750
2025-04-13 08:18:00,20.4225,32.1750
2025-04-13 08:33:00,20.4225,32.1750
2025-04-13 08:48:00,20.4225,32.1750
2025-04-13 09:03:00,20.4225,32.1750
2025-04-13 09:18:00,20.4225,32.1750
2025-04-13 09:33:00,20.4225,32.1750
2025-04-13 09:48:00,20.4225,32.1750
2025-04-13 10:03:00,20.4225,32.1750
2025-04-13 10:18:00,20.4225,32.1750
2025-04-13 10:33:00,20.4225,32.1750
2025-04-13 10:48:00,20.4225,32.1750
2025-04-13 11:03:00,20.4225,32.1750
2025-04-13 11:18:00,20.4225,32.1750
2025-04-13 11:33:00,20.4225,32.1750
2025-04-13 11:48:00,20.4225,32.1750
2025-04-13 12:03:00,20.4225,32.1750
2025-04-13 12:18:00,20.4225,32.1750
2025-04-13 12:33:00,20.4225,32.1750
2025-04-13 12:48:00,20.4225,32.1750
2025-04-13 13:03:00,20.4225,32.1750
2025-04-13 13:18:00,20.4225,32.1750
2025-04-13 13:33:00,20.4225,32.1750
2025-04-13 13:48:00,20.4225,32.1750
2025-04-13 14:03:00,20.4225,32.1750
2025-04-13 14:18:00,20.4225,32.1750
2025-04-13 14:33:00,20.4225,32.1750
2025-04-13 14:48:00,20.4225,32.1750
2025-04-13 15:03:00,20.4225,32.1750
2025-04-13 15:18:00,20.4225,32.1750
2025-04-13 15:33:00,20.4225,32.1750
2025-04-13 15:48:00,20.4225,32.1750
2025-04-13 16:03:00,20.4225,32.1750
2025-04-13 16:18:00,20.4225,32.1750
2025-04-13 16:33:00,20.4225,32.1750
2025-04-13 16:48:00,20.4225,32.1750
2025-04-13 17:03:00,20.4225,32.1750
2025-04-13 17:18:00,20.4225,32.1750
2025-04-13 17:33:00,20.4225,32.1750
2025-04-13 17:48:00,20.4225,32.1750
2025-04-13 18:03:00,20.4225,32.1750
2025-04-13 18:18:00,20.4225,32.1750
2025-04-13 18:33:00,20.4225,32.1750
2025-04-13 18:48:00,20.4225,32.1750
2025-04-13 19:03:00,20.4225,32.1750
2025-04-13 19:18:00,20.4225,32.1750
2025-04-13 19:33:00,20.4225,32.1750
2025-04-13 19:48:00,20.4225,32.1750
2025-04-13 20:03:00,20.4225,32.1750
2025-04-13 20:18:00,20.4225,32.1750
2025-04-13 20:33:00,20.4225,32.1750
2025-04-13 20:48:00,20.4225,32.1750
2025-04-13 21:03:00,20.4225,32.1750
2025-04-13 21:18:00,20.4225,32.1750
2025-04-13 21:33:00,20.4225,32.1750
2025-04-13 21:48:00,20.4225,32.1750
2025-04-13 22:03:00,20.4225,32.1750
2025-04-13 22:18:00,20.4225,32.1750
2025-04-13 22:33:00,20.4225,32.1750
2025-04-13 22:48:00,20.4225,32.1750
2025-04-13 23:03:00,20.4225,32.1750
2025-04-13 23:18:00,20.4225,32.1750
2025-04-13 23:33:00,20.4225,32.1750
2025-04-13 23:48:00,20.4225,32.1750
2025-04-14 00:03:00,20.4225,32.1750
2025-04-14 00:18:00,20.4225,32.1750
2025-04-14 00:33:00,20.4225,32.1750
2025-04-14 00:48:00,20.4225,32.1750
2025-04-14 01:03:00,20.4225,32.1750
2025-04-14 01:18:00,20.4225,32.1750
2025-04-14 01:33:00,20.4225,32.1750
2025-04-14 01:48:00,20.4225,32.1750
2025-04-14 02:03:00,20.4225,32.1750
2025-04-14 02:18:00,20.4225,32.1750
2025-04-14 02:33:00,20.4225,32.1750
2025-04-14 02:48:00,20.4225,32.1750
2025-04-14 03:03:00,20.4225,32.1750
2025-04-14 03:18:00,20.4225,32.1750
2025-04-14 03:33:00,20.4225,32.1750
2025-04-14 03:48:00,20.4225,32.1750
2025-04-14 04:03:00,20.4225,32.1750
2025-04-14 04:18:00,20.4225,32.1750
2025-04-14 04:33:00,20.4225,32.1750
2025-04-14 04:48:00,20.4225,32.1750
2025-04-14 05:03:00,20.4225,32.1750
2025-04-14 05:18:00,20.4225,32.1750
2025-04-14 05:33:00,20.4225,32.1750
2025-04-14 05:48:00,20.4225,32.1750
2025-04-14 06:03:00,20.4225,32.1750
2025-04-14 06:18:00,20.4225,32.1750
2025-04-14 06:33:00,20.4225,32.1750
2025-04-14 06:48:00,20.4225,32.1750
2025-04-14 07:03:00,20.4225,32.1750
2025-04-14 07:18:00,20.4225,32.1750
2025-04-14 07:33:00,20.4225,32.1750
2025-04-14 07:48:00,20.4225,32.1750
2025-04-14 08:03:00,20.4225,32.1750
2025-04-14 08:18:00,20.4225,32.1750
2025-04-14 08:33:00,20.4225,32.1750
2025-04-14 08:48:00,20.4225,32.1750
2025-04-14 09:03:00,20.4225,32.1750
2025-04-14 09:18:00,20.4225,32.1750
2025-04-14 09:33:00,20.4225,32.1750
2025-04-14 09:48:00,20.4225,32.1750
2025-04-14 10:03:00,20.4225,32.1750
2025-04-14 10:18:00,20.4225,32.1750
2025-04-14 10:33:00,20.4225,32.1750
2025-04-14 10:48:00,20.4225,32.1750
2025-04-14 11:03:00,20.4225,32.1750
2025-04-14 11:18:00,20.4225,32.1750
2025-04-14 11:33:00,20.4225,32.1750
2025-04-14 11:48:00,20.4225,32.1750
2025-04-14 12:03:00,20.4225,32.1750
2025-04-14 12:18:00,20.4225,32.1750
2025-04-14 12:33:00,20.4225,32.1750
2025-04-14 12:48:00,20.4225,32.1750
2025-04-14 13:03:00,20.4225,32.1750
2025-04-14 13:18:00,20.4225,32.1750
2025-04-14 13:33:00,20.4225,32.1750
2025-04-14 13:48:00,20.4225,32.1750
2025-04-14 14:03:00,20.4225,32.1750
2025-04-14 14:18:00,20.4225,32.1750
2025-04-14 14:33:00,20.4225,32.1750
2025-04-14 14:48:00,20.4225,32.1750
2025-04-14 15:03:00,20.4225,32.1750
2025-04-14 15:18:00,20.4225,32.1750
2025-04-14 15:33:00,20.4225,32.1750
2025-04-14 15:48:00,20.4225,32.1750
2025-04-14 16:03:00,20.4225,32.1750
2025-04-14 16:18:00,20.4225,32.1750
2025-04-14 16:33:00,20.4225,32.1750
2025-04-14 16:48:00,20.4225,32.1750
2025-04-14 17:03:00,20.4225,32.1750
2025-04-14 17:18:00,20.4225,32.1750
2025-04-14 17:33:00,20.4225,32.1750
2025-04-14 17:48:00,20.4225,32.1750
2025-04-14 18:03:00,20.4225,32.1750
2025-04-14 18:18:00,20.4225,32.1750
2025-04-14 18:33:00,20.4225,32.1750
2025-04-14 18:48:00,20.4225,32.1750
2025-04-14 19:03:00,20.4225,32.1750
2025-04-14 19:18:00,20.4225,32.1750
2025-04-14 19:33:00,20.4225,32.1750
2025-04-14 19:48:00,20.4225,32.1750
2025-04-14 20:03:00,20.4225,32.1750
2025-04-14 20:18:00,20.4225,32.1750
2025-04-14 20:33:00,20.4225,32.1750
2025-04-14 20:48:00,20.4225,32.1750
2025-04-14 21:03:00,20.4225,32.1750
2025-04-14 21:18:00,20.4225,32.1750
2025-04-14 21:33:00,20.4225,32.1750
2025-04-14 21:48:00,20.4225,32.1750
2025-04-14 22:03:00,20.4225,32.1750
2025-04-14 22:18:00,20.4225,32.1750
2025-04-14 22:33:00,20.4225,32.1750
2025-04-14 22:48:00,20.4225,32.1750
2025-04-14 23:03:00,20.4225,32.1750
2025-04-14 23:18:00,20.4225,32.1750
2025-04-14 23:33:00,20.4225,32.1750
2025-04-14 23:48:00,20.4225,32.1750
2025-04-15 00:03:00,20.4225,32.1750
2025-04-15 00:18:00,20.4225,32.1750
2025-04-15 00:33:00,20.4225,32.1750
2025-04-15 00:48:00,20.4225,32.1750
2025-04-15 01:03:00,20.4225,32.1750
2025-04-15 01:18:00,20.4225,32.1750
2025-04-15 01:33:00,20.4225,32.1750
2025-04-15 01:48:00,20.4225,32.1750
2025-04-15 02:03:00,20.4225,32.1750
2025-04-15 02:18:00,20.4225,32.1750
2025-04-15 02:33:00,20.4225,32.1750
2025-04-15 02:48:00,20.4225,32.1750
2025-04-15 03:03:00,20.4225,32.1750
2025-04-15 03:18:00,20.4225,32.1750
2025-04-15 03:33:00,20.4225,32.1750
2025-04-15 03:48:00,20.4225,32.1750
2025-04-15 04:03:00,20.4225,32.1750
2025-04-15 04:18:00,20.4225,32.1750
2025-04-15 04:33:00,20.4225,32.1750
2025-04-15 04:48:00,20.4225,32.1750
2025-04-15 05:03:00,20.4225,32.1750
2025-04-15 05:18:00,20.4225,32.1750
2025-04-15 05:33:00,20.4225,32.1750
2025-04-15 05:48:00,20.4225,32.1750
2025-04-15 06:03:00,20.4225,32.1750
2025-04-15 06:18:00,20.4225,32.1750
2025-04-15 06:33:00,20.4225,32.1750
2025-04-15 06:48:00,20.4225,32.1750
2025-04-15 07:03:00,20.4225,32.1750
2025-04-15 07:18:00,20.4225,32.1750
2025-04-15 07:33:00,20.4225,32.1750
2025-04-15 07:48:00,20.4225,32.1750
2025-04-15 08:03:00,20.4225,32.1750
2025-04-15 08:18:00,20.4225,32.1750
2025-04-15 08:33:00,20.4225,32.1750
2025-04-15 08:48:00,20.4225,32.1750
2025-04-15 09:03:00,20.4225,32.1750
2025-04-15 09:18:00,20.4225,32.1750
2025-04-15 09:33:00,20.4225,32.1750
2025-04-15 09:48:00,20.4225,32.1750
2025-04-15 10:03:00,20.4225,32.1750
2025-04-15 10:18:00,20.4225,32.1750
2025-04-15 10:33:00,20.4225,32.1750
2025-04-15 10:48:00,20.4225,32.1750
2025-04-15 11:03:00,20.4225,32.1750
2025-04-15 11:18:00,20.4225,32.1750
2025-04-15 11:33:00,20.4225,32.1750
2025-04-15 11:48:00,20.4225,32.1750
2025-04-15 12:03:00,20.4225,32.1750
2025-04-15 12:18:00,20.4225,32.1750
2025-04-15 12:33:00,20.4225,32.1750
2025-04-15 12:48:00,20.4225,32.1750
2025-04-15 13:03:00,20.4225,32.1750
2025-04-15 13:18:00,20.4225,32.1750
2025-04-15 13:33:00,20.4225,32.1750
2025-04-15 13:48:00,20.4225,32.1750
2025-04-15 14:03:00,20.4225,32.1750
2025-04-15 14:18:00,20.4225,32.1750
2025-04-15 14:33:00,20.4225,32.1750
2025-04-15 14:48:00,20.4225,32.1750
2025-04-15 15:03:00,20.4225,32.1750
2025-04-15 15:18:00,20.4225,32.1750
2025-04-15 15:33:00,20.4225,32.1750
2025-04-15 15:48:00,20.4225,32.1750
2025-04-15 16:03:00,20.4225,32.1750
2025-04-15 16:18:00,20.4225,32.1750
2025-04-15 16:33:00,20.4225,32.1750
2025-04-15 16:48:00,20.4225,32.1750
2025-04-15 17:03:00,20.4225,32.1750
2025-04-15 17:18:00,20.4225,32.1750
2025-04-15 17:33:00,20.4225,32.1750
2025-04-15 17:48:00,20.4225,32.1750
2025-04-15 18:03:00,20.4225,32.1750
2025-04-15 18:18:00,20.4225,32.1750
2025-04-15 18:33:00,20.4225,32.1750
2025-04-15 18:48:00,20.4225,32.1750
2025-04-15 19:03:00,20.4225,32.1750
2025-04-15 19:18:00,20.4225,32.1750
2025-04-15 19:33:00,20.4225,32.1750
2025-04-15 19:48:00,20.4225,32.1750
2025-04-15 20:03:00,20.4225,32.1750
2025-04-15 20:18:00,20.4225,32.1750
2025-04-15 20:33:00,20.4225,32.1750
2025-04-15 20:48:00,20.4225,32.1750
2025-04-15 21:03:00,20.4225,32.1750
2025-04-15 21:18:00,20.4225,32.1750
2025-04-15 21:33:00,20.4225,32.1750
2025-04-15 21:48:00,20.4225,32.1750
2025-04-15 22:03:00,20.4225,32.1750
2025-04-15 22:18:00,20.4225,32.1750
2025-04-15 22:33:00,20.4225,32.1750
2025-04-15 22:48:00,20.4225,32.1750
2025-04-15 23:03:00,20.4225,32.1750
2025-04-15 23:18:00,20.4225,32.1750
2025-04-15 23:33:00,20.4225,32.1750
2025-04-15 23:48:00,20.4225,32.1750
2025-04-16 00:03:00,20.4225,32.1750
2025-04-16 00:18:00,20.4225,32.1750
2025-04-16 00:33:00,20.4225,32.1750
2025-04-16 00:48:00,20.4225,32.1750
2025-04-16 01:03:00,20.4225,32.1750
2025-04-16 01:18:00,20.4225,32.1750
2025-04-16 01:33:00,20.4225,32.1750
2025-04-16 01:48:00,20.4225,32.1750
2025-04-16 02:03:00,20.4225,32.1750
2025-04-16 02:18:00,20.4225,32.1750
2025-04-16 02:33:00,20.4225,32.1750
2025-04-16 02:48:00,20.4225,32.1750
2025-04-16 03:03:00,20.4225,32.1750
2025-04-16 03:18:00,20.4225,32.1750
2025-04-16 03:33:00,20.4225,32.1750
2025-04-16 03:48:00,20.4225,32.1750
2025-04-16 04:03:00,20.4225,32.1750
2025-04-16 04:18:00,20.4225,32.1750
2025-04-16 04:33:00,20.4225,32.1750
2025-04-16 04:48:00,20.4225,32.1750
2025-04-16 05:03:00,20.4225,32.1750
2025-04-16 05:18:00,20.4225,32.1750
2025-04-16 05:33:00,20.4225,32.1750
2025-04-16 05:48:00,20.4225,32.1750
2025-04-16 06:03:00,20.4225,32.1750
2025-04-16 06:18:00,20.4225,32.1750
2025-04-16 06:33:00,20.4225,32.1750
2025-04-16 06:48:00,20.4225,32.1750
2025-04-16 07:03:00,20.4225,32.1750
2025-04-16 07:18:00,20.4225,32.1750
2025-04-16 07:33:00,20.4225,32.1750
2025-04-16 07:48:00,20.4225,32.1750
2025-04-16 08:03:00,20.4225,32.1750
2025-04-16 08:18:00,20.4225,32.1750
2025-04-16 08:33:00,20.4225,32.1750
2025-04-16 08:48:00,20.4225,32.1750
2025-04-16 09:03:00,20.4225,32.1750
2025-04-16 09:18:00,20.4225,32.1750
2025-04-16 09:33:00,20.4225,32.1750
2025-04-16 09:48:00,20.4225,32.1750
2025-04-16 10:03:00,20.4225,32.1750
2025-04-16 10:18:00,20.4225,32.1750
2025-04-16 10:33:00,20.4225,32.1750
2025-04-16 10:48:00,20.4225,32.1750
2025-04-16 11:03:00,20.4225,32.1750
2025-04-16 11:18:00,20.4225,32.1750
2025-04-16 11:33:00,20.4225,32.1750
2025-04-16 11:48:00,20.4225,32.1750
2025-04-16 12:03:00,20.4225,32.1750
2025-04-16 12:18:00,20.4225,32.1750
2025-04-16 12:33:00,20.4225,32.1750
2025-04-16 12:48:00,20.4225,32.1750
2025-04-16 13:03:00,20.4225,32.1750
2025-04-16 13:18:00,20.4225,32.1750
2025-04-16 13:33:00,20.4225,32.1750
2025-04-16 13:48:00,20.4225,32.1750
2025-04-16 14:03:00,20.4225,32.1750
2025-04-16 14:18:00,20.4225,32.1750
2025-04-16 14:33:00,20.4225,32.1750
2025-04-16 14:48:00,20.4225,32.1750
2025-04-16 15:03:00,20.4225,32.1750
2025-04-16 15:18:00,20.4225,32.1750
2025-04-16 15:33:00,20.4225,32.1750
2025-04-16 15:48:00,20.4225,32.1750
2025-04-16 16:03:00,20.4225,32.1750
2025-04-16 16:18:00,20.4225,32.1750
2025-04-16 16:33:00,20.4225,32.1750
2025-04-16 16:48:00,20.4225,32.1750
2025-04-16 17:03:00,20.4225,32.1750
2025-04-16 17:18:00,20.4225,32.1750
2025-04-16 17:33:00,20.4225,32.1750
2025-04-16 17:48:00,20.4225,32.1750
2025-04-16 18:03:00,20.4225,32.1750
2025-04-16 18:18:00,20.4225,32.1750
2025-04-16 18:33:00,20.4225,32.1750
2025-04-16 18:48:00,20.4225,32.1750
2025-04-16 19:03:00,20.4225,32.1750
2025-04-16 19:18:00,20.4225,32.1750
2025-04-16 19:33:00,20.4225,32.1750
2025-04-16 19:48:00,20.4225,32.1750
2025-04-16 20:03:00,20.4225,32.1750
2025-04-16 20:18:00,20.4225,32.1750
2025-04-16 20:33:00,20.4225,32.1750
2025-04-16 20:48:00,20.4225,32.1750
2025-04-16 21:03:00,20.4225,32.1750
2025-04-16 21:18:00,20.4225,32.1750
2025-04-16 21:33:00,20.4225,32.1750
2025-04-16 21:48:00,20.4225,32.1750
2025-04-16 22:03:00,20.4225,32.1750
2025-04-16 22:18:00,20.4225,32.1750
2025-04-16 22:33:00,20.4225,32.1750
2025-04-16 22:48:00,20.4225,32.1750
2025-04-16 23:03:00,20.4225,32.1750
2025-04-16 23:18:00,20.4225,32.1750
2025-04-16 23:33:00,20.4225,32.1750
2025-04-16 23:48:00,20.4225,32.1750
2025-04-17 00:03:00,20.4225,32.1750
2025-04-17 00:18:00,20.4225,32.1750
2025-04-17 00:33:00,20.4225,32.1750
2025-04-17 00:48:00,20.4225,32.1750
2025-04-17 01:03:00,20.4225,32.1750
2025-04-17 01:18:00,20.4225,32.1750
2025-04-17 01:33:00,20.4225,32.1750
2025-04-17 01:48:00,20.4225,32.1750
2025-04-17 02:03:00,20.4225,32.1750
2025-04-17 02:18:00,20.4225,32.1750
2025-04-17 02:33:00,20.4225,32.1750
2025-04-17 02:48:00,20.4225,32.1750
2025-04-17 03:03:00,20.4225,32.1750
2025-04-17 03:18:00,20.4225,32.1750
2025-04-17 03:33:00,20.4225,32.1750
2025-04-17 03:48:00,20.4225,32.1750
2025-04-17 04:03:00,20.4225,32.1750
2025-04-17 04:18:00,20.4225,32.1750
2025-04-17 04:33:00,20.4225,32.1750
2025-04-17 04:48:00,20.4225,32.1750
2025-04-17 05:03:00,20.4225,32.1750
2025-04-17 05:18:00,20.4225,32.1750
2025-04-17 05:33:00,20.4225,32.1750
2025-04-17 05:48:00,20.4225,32.1750
2025-04-17 06:03:00,20.4225,32.1750
2025-04-17 06:18:00,20.4225,32.1750
2025-04-17 06:33:00,20.4225,32.1750
2025-04-17 06:48:00,20.4225,32.1750
2025-04-17 07:03:00,20.4225,32.1750
2025-04-17 07:18:00,20.4225,32.1750
2025-04-17 07:33:00,20.4225,32.1750
2025-04-17 07:48:00,20.4225,32.1750
2025-04-17 08:03:00,20.4225,32.1750
2025-04-17 08:18:00,20.4225,32.1750
2025-04-17 08:33:00,20.4225,32.1750
2025-04-17 08:48:00,20.4225,32.1750
2025-04-17 09:03:00,20.4225,32.1750
2025-04-17 09:18:00,20.4225,32.1750
2025-04-17 09:33:00,20.4225,32.1750
2025-04-17 09:48:00,20.4225,32.1750
2025-04-17 10:03:00,20.4225,32.1750
2025-04-17 10:18:00,20.4225,32.1750
2025-04-17 10:33:00,20.4225,32.1750
2025-04-17 10:48:00,20.4225,32.1750
2025-04-17 11:03:00,20.4225,32.1750
2025-04-17 11:18:00,20.4225,32.1750
2025-04-17 11:33:00,20.4225,32.1750
2025-04-17 11:48:00,20.4225,32.1750
2025-04-17 12:03:00,20.4225,32.1750
2025-04-17 12:18:00,20.4225,32.1750
2025-04-17 12:33:00,20.4225,32.1750
2025-04-17 12:48:00,20.4225,32.1750
2025-04-17 13:03:00,20.4225,32.1750
2025-04-17 13:18:00,20.4225,32.1750
2025-04-17 13:33:00,20.4225,32.1750
2025-04-17 13:48:00,20.4225,32.1750
2025-04-17 14:03:00,20.4225,32.1750
2025-04-17 14:18:00,20.4225,32.1750
2025-04-17 14:33:00,20.4225,32.1750
2025-04-17 14:48:00,20.4225,32.1750
2025-04-17 15:03:00,20.4225,32.1750
2025-04-17 15:18:00,20.4225,32.1750
2025-04-17 15:33:00,20.4225,32.1750
2025-04-17 15:48:00,20.4225,32.1750
2025-04-17 16:03:00,20.4225,32.1750
2025-04-17 16:18:00,20.4225,32.1750
2025-04-17 16:33:00,20.4225,32.1750
2025-04-17 16:48:00,20.4225,32.1750
2025-04-17 17:03:00,20.4225,32.1750
2025-04-17 17:18:00,20.4225,32.1750
2025-04-17 17:33:00,20.4225,32.1750
2025-04-17 17:48:00,20.4225,32.1750
2025-04-17 18:03:00,20.4225,32.1750
2025-04-17 18:18:00,20.4225,32.1750
2025-04-17 18:33:00,20.4225,32.1750
2025-04-17 18:48:00,20.4225,32.1750
2025-04-17 19:03:00,20.4225,32.1750
2025-04-17 19:18:00,20.4225,32.1750
2025-04-17 19:33:00,20.4225,32.1750
2025-04-17 19:48:00,20.4225,32.1750
2025-04-17 20:03:00,20.4225,32.1750
2025-04-17 20:18:00,20.4225,32.1750
2025-04-17 20:33:00,20.4225,32.1750
2025-04-17 20:48:00,20.4225,32.1750
2025-04-17 21:03:00,20.4225,32.1750
2025-04-17 21:18:00,20.4225,32.1750
2025-04-17 21:33:00,20.4225,32.1750
2025-04-17 21:48:00,20.4225,32.1750
2025-04-17 22:03:00,20.4225,32.1750
2025-04-17 22:18:00,20.4225,32.1750
2025-04-17 22:33:00,20.4225,32.1750
2025-04-17 22:48:00,20.4225,32.1750
2025-04-17 23:03:00,20.4225,32.1750
2025-04-17 23:18:00,20.4225,32.1750
2025-04-17 23:33:00,20.4225,32.1750
2025-04-17 23:48:00,20.4225,32.1750
2025-04-18 00:03:00,20.4225,32.1750
2025-04-18 00:18:00,20.4225,32.1750
2025-04-18 00:33:00,20.4225,32.1750
2025-04-18 00:48:00,20.4225,32.1750
2025-04-18 01:03:00,20.4225,32.1750
2025-04-18 01:18:00,20.4225,32.1750
2025-04-18 01:33:00,20.4225,32.1750
2025-04-18 01:48:00,20.4225,32.1750
2025-04-18 02:03:00,20.4225,32.1750
2025-04-18 02:18:00,20.4225,32.1750
2025-04-18 02:33:00,20.4225,32.1750
2025-04-18 02:48:00,20.4225,32.1750
2025-04-18 03:03:00,20.4225,32.1750
2025-04-18 03:18:00,20.4225,32.1750
2025-04-18 03:33:00,20.4225,32.1750
2025-04-18 03:48:00,20.4225,32.1750
2025-04-18 04:03:00,20.4225,32.1750
2025-04-18 04:18:00,20.4225,32.1750
2025-04-18 04:33:00,20.4225,32.1750
2025-04-18 04:48:00,20.4225,32.1750
2025-04-18 05:03:00,20.4225,32.1750
2025-04-18 05:18:00,20.4225,32.1750
2025-04-18 05:33:00,20.4225,32.1750
2025-04-18 05:48:00,20.4225,32.1750
2025-04-18 06:03:00,20.4225,32.1750
2025-04-18 06:18:00,20.4225,32.1750
2025-04-18 06:33:00,20.4225,32.1750
2025-04-18 06:48:00,20.4225,32.1750
2025-04-18 07:03:00,20.4225,32.1750
2025-04-18 07:18:00,20.4225,32.1750
2025-04-18 07:33:00,20.4225,32.1750
2025-04-18 07:48:00,20.4225,32.1750
2025-04-18 08:03:00,20.4225,32.1750
2025-04-18 08:18:00,20.4225,32.1750
2025-04-18 08:33:00,20.4225,32.1750
2025-04-18 08:48:00,20.4225,32.1750
2025-04-18 09:03:00,20.4225,32.1750
2025-04-18 09:18:00,20.4225,32.1750
2025-04-18 09:33:00,20.4225,32.1750
2025-04-18 09:48:00,20.4225,32.1750
2025-04-18 10:03:00,20.4225,32.1750
2025-04-18 10:18:00,20.4225,32.1750
2025-04-18 10:33:00,20.4225,32.1750
2025-04-18 10:48:00,20.4225,32.1750
2025-04-18 11:03:00,20.4225,32.1750
2025-04-18 11:18:00,20.4225,32.1750
2025-04-18 11:33:00,20.4225,32.1750
2025-04-18 11:48:00,20.4225,32.1750
2025-04-18 12:03:00,20.4225,32.1750
2025-04-18 12:18:00,20.4225,32.1750
2025-04-18 12:33:00,20.4225,32.1750
2025-04-18 12:48:00,20.4225,32.1750
2025-04-18 13:03:00,20.4225,32.1750
2025-04-18 13:18:00,20.4225,32.1750
2025-04-18 13:33:00,20.4225,32.1750
2025-04-18 13:48:00,20.4225,32.1750
2025-04-18 14:03:00,20.4225,32.1750
2025-04-18 14:18:00,20.4225,32.1750
2025-04-18 14:33:00,20.4225,32.1750
2025-04-18 14:48:00,20.4225,32.1750
2025-04-18 15:03:00,20.4225,32.1750
2025-04-18 15:18:00,20.4225,32.1750
2025-04-18 15:33:00,20.4225,32.1750
2025-04-18 15:48:00,20.4225,32.1750
2025-04-18 16:03:00,20.4225,32.1750
2025-04-18 16:18:00,20.4225,32.1750
2025-04-18 16:33:00,20.4225,32.1750
2025-04-18 16:48:00,20.4225,32.1750
2025-04-18 17:03:00,20.4225,32.1750
2025-04-18 17:18:00,20.4225,32.1750
2025-04-18 17:33:00,20.4225,32.1750
2025-04-18 17:48:00,20.4225,32.1750
2025-04-18 18:03:00,20.4225,32.1750
2025-04-18 18:18:00,20.4225,32.1750
2025-04-18 18:33:00,20.4225,32.1750
2025-04-18 18:48:00,20.4225,32.1750
2025-04-18 19:03:00,20.4225,32.1750
2025-04-18 19:18:00,20.4225,32.1750
2025-04-18 19:33:00,20.4225,32.1750
2025-04-18 19:48:00,20.4225,32.1750
2025-04-18 20:03:00,20.4225,32.1750
2025-04-18 20:18:00,20.4225,32.1750
2025-04-18 20:33:00,20.4225,32.1750
2025-04-18 20:48:00,20.4225,32.1750
2025-04-18 21:03:00,20.4225,32.1750
2025-04-18 21:18:00,20.4225,32.1750
2025-04-18 21:33:00,20.4225,32.1750
2025-04-18 21:48:00,20.4225,32.1750
2025-04-18 22:03:00,20.4225,32.1750
2025-04-18 22:18:00,20.4225,32.1750
2025-04-18 22:33:00,20.4225,32.1750
2025-04-18 22:48:00,20.4225,32.1750
2025-04-18 23:03:00,20.4225,32.1750
2025-04-18 23:18:00,20.4225,32.1750
2025-04-18 23:33:00,20.4225,32.1750
2025-04-18 23:48:00,20.4225,32.1750
2025-04-19 00:03:00,20.4225,32.1750
2025-04-19 00:18:00,20.4225,32.1750
2025-04-19 00:33:00,20.4225,32.1750
2025-04-19 00:48:00,20.4225,32.1750
2025-04-19 01:03:00,20.4225,32.1750
2025-04-19 01:18:00,20.4225,32.1750
2025-04-19 01:33:00,20.4225,32.1750
2025-04-19 01:48:00,20.4225,32.1750
2025-04-19 02:03:00,20.4225,32.1750
2025-04-19 02:18:00,20.4225,32.1750
2025-04-19 02:33:00,20.4225,32.1750
2025-04-19 02:48:00,20.4225,32.1750
2025-04-19 03:03:00,20.4225,32.1750
2025-04-19 03:18:00,20.4225,32.1750
2025-04-19 03:33:00,20.4225,32.1750
2025-04-19 03:48:00,20.4225,32.1750
2025-04-19 04:03:00,20.4225,32.1750
2025-04-19 04:18:00,20.4225,32.1750
2025-04-19 04:33:00,20.4225,32.1750
2025-04-19 04:48:00,20.4225,32.1750
2025-04-19 05:03:00,20.4225,32.1750
2025-04-19 05:18:00,20.4225,32.1750
2025-04-19 05:33:00,20.4225,32.1750
2025-04-19 05:48:00,20.4225,32.1750
2025-04-19 06:03:00,20.4225,32.1750
2025-04-19 06:18:00,20.4225,32.1750
2025-04-19 06:33:00,20.4225,32.1750
2025-04-19 06:48:00,20.4225,32.1750
2025-04-19 07:03:00,20.4225,32.1750
2025-04-19 07:18:00,20.4225,32.1750
2025-04-19 07:33:00,20.4225,32.1750
2025-04-19 07:48:00,20.4225,32.1750
2025-04-19 08:03:00,20.4225,32.1750
2025-04-19 08:18:00,20.4225,32.1750
2025-04-19 08:33:00,20.4225,32.1750
2025-04-19 08:48:00,20.4225,32.1750
2025-04-19 09:03:00,20.4225,32.1750
2025-04-19 09:18:00,20.4225,32.1750
2025-04-19 09:33:00,20.4225,32.1750
2025-04-19 09:48:00,20.4225,32.1750
2025-04-19 10:03:00,20.4225,32.1750
2025-04-19 10:18:00,20.4225,32.1750
2025-04-19 10:33:00,20.4225,32.1750
2025-04-19 10:48:00,20.4225,32.1750
2025-04-19 11:03:00,20.4225,32.1750
2025-04-19 11:18:00,20.4225,32.1750
2025-04-19 11:33:00,20.4225,32.1750
2025-04-19 11:48:00,20.4225,32.1750
2025-04-19 12:03:00,20.4225,32.1750
2025-04-19 12:18:00,20.4225,32.1750
2025-04-19 12:33:00,20.4225,32.1750
2025-04-19 12:48:00,20.4225,32.1750
2025-04-19 13:03:00,20.4225,32.1750
2025-04-19 13:18:00,20.4225,32.1750
2025-04-19 13:33:00,20.4225,32.1750
2025-04-19 13:48:00,20.4225,32.1750
2025-04-19 14:03:00,20.4225,32.1750
2025-04-19 14:18:00,20.4225,32.1750
2025-04-19 14:33:00,20.4225,32.1750
2025-04-19 14:48:00,20.4225,32.1750
2025-04-19 15:03:00,20.4225,32.1750
2025-04-19 15:18:00,20.4225,32.1750
2025-04-19 15:33:00,20.4225,32.1750
2025-04-19 15:48:00,20.4225,32.1750
2025-04-19 16:03:00,20.4225,32.1750
2025-04-19 16:18:00,20.4225,32.1750
2025-04-19 16:33:00,20.4225,32.1750
2025-04-19 16:48:00,20.4225,32.1750
2025-04-19 17:03:00,20.4225,32.1750
2025-04-19 17:18:00,20.4225,32.1750
2025-04-19 17:33:00,20.4225,32.1750
2025-04-19 17:48:00,20.4225,32.1750
2025-04-19 18:03:00,20.4225,32.1750
2025-04-19 18:18:00,20.4225,32.1750
2025-04-19 18:33:00,20.4225,32.1750
2025-04-19 18:48:00,20.4225,32.1750
2025-04-19 19:03:00,20.4225,32.1750
2025-04-19 19:18:00,20.4225,32.1750
2025-04-19 19:33:00,20.4225,32.1750
2025-04-19 19:48:00,20.4225,32.1750
2025-04-19 20:03:00,20.4225,32.1750
2025-04-19 20:18:00,20.4225,32.1750
2025-04-19 20:33:00,20.4225,32.1750
2025-04-19 20:48:00,20.4225,32.1750
2025-04-19 21:03:00,20.4225,32.1750
2025-04-19 21:18:00,20.4225,32.1750
2025-04-19 21:33:00,20.4225,32.1750
2025-04-19 21:48:00,20.4225,32.1750
2025-04-19 22:03:00,20.4225,32.1750
2025-04-19 22:18:00,20.4225,32.1750
2025-04-19 22:33:00,20.4225,32.1750
2025-04-19 22:48:00,20.4225,32.1750
2025-04-19 23:03:00,20.4225,32.1750
2025-04-19 23:18:00,20.4225,32.1750
2025-04-19 23:33:00,20.4225,32.1750
2025-04-19 23:48:00,20.4225,32.1750
2025-04-20 00:03:00,20.4225,32.1750
2025-04-20 00:18:00,20.4225,32.1750
2025-04-20 00:33:00,20.4225,32.1750
2025-04-20 00:48:00,20.4225,32.1750
2025-04-20 01:03:00,20.4225,32.1750
2025-04-20 01:18:00,20.4225,32.1750
2025-04-20 01:33:00,20.4225,32.1750
2025-04-20 01:48:00,20.4225,32.1750
2025-04-20 02:03:00,20.4225,32.1750
2025-04-20 02:18:00,20.4225,32.1750
2025-04-20 02:33:00,20.4225,32.1750
2025-04-20 02:48:00,20.4225,32.1750
2025-04-20 03:03:00,20.4225,32.1750
2025-04-20 03:18:00,20.4225,32.1750
2025-04-20 03:33:00,20.4225,32.1750
2025-04-20 03:48:00,20.4225,32.1750
2025-04-20 04:03:00,20.4225,32.1750
2025-04-20 04:18:00,20.4225,32.1750
2025-04-20 04:33:00,20.4225,32.1750
2025-04-20 04:48:00,20.4225,32.1750
2025-04-20 05:03:00,20.4225,32.1750
2025-04-20 05:18:00,20.4225,32.1750
2025-04-20 05:33:00,20.4225,32.1750
2025-04-20 05:48:00,20.4225,32.1750
2025-04-20 06:03:00,20.4225,32.1750
2025-04-20 06:18:00,20.4225,32.1750
2025-04-20 06:33:00,20.4225,32.1750
2025-04-20 06:48:00,20.4225,32.1750
2025-04-20 07:03:00,20.4225,32.1750
2025-04-20 07:18:00,20.4225,32.1750
2025-04-20 07:33:00,20.4225,32.1750
2025-04-20 07:48:00,20.4225,32.1750
2025-04-20 08:03:00,20.4225,32.1750
2025-04-20 08:18:00,20.4225,32.1750
2025-04-20 08:33:00,20.4225,32.1750
2025-04-20 08:48:00,20.4225,32.1750
2025-04-20 09:03:00,20.4225,32.1750
2025-04-20 09:18:00,20.4225,32.1750
2025-04-20 09:33:00,20.4225,32.1750
2025-04-20 09:48:00,20.4225,32.1750
2025-04-20 10:03:00,20.4225,32.1750
2025-04-20 10:18:00,20.4225,32.1750
2025-04-20 10:33:00,20.4225,32.1750
2025-04-20 10:48:00,20.4225,32.1750
2025-04-20 11:03:00,20.4225,32.1750
2025-04-20 11:18:00,20.4225,32.1750
2025-04-20 11:33:00,20.4225,32.1750
2025-04-20 11:48:00,20.4225,32.1750
2025-04-20 12:03:00,20.4225,32.1750
2025-04-20 12:18:00,20.4225,32.1750
2025-04-20 12:33:00,20.4225,32.1750
2025-04-20 12:48:00,20.4225,32.1750
2025-04-20 13:03:00,20.4225,32.1750
2025-04-20 13:18:00,20.4225,32.1750
2025-04-20 13:33:00,20.4225,32.1750
2025-04-20 13:48:00,20.4225,32.1750
2025-04-20 14:03:00,20.4225,32.1750
2025-04-20 14:18:00,20.4225,32.1750
2025-04-20 14:33:00,20.4225,32.1750
2025-04-20 14:48:00,20.4225,32.1750
2025-04-20 15:03:00,20.4225,32.1750
2025-04-20 15:18:00,20.4225,32.1750
2025-04-20 15:33:00,20.4225,32.1750
2025-04-20 15:48:00,20.4225,32.1750
2025-04-20 16:03:00,20.4225,32.1750
2025-04-20 16:18:00,20.4225,32.1750
2025-04-20 16:33:00,20.4225,32.1750
2025-04-20 16:48:00,20.4225,32.1750
2025-04-20 17:03:00,20.4225,32.1750
2025-04-20 17:18:00,20.4225,32.1750
2025-04-20 17:33:00,20.4225,32.1750
2025-04-20 17:48:00,20.4225,32.1750
2025-04-20 18:03:00,20.4225,32.1750
2025-04-20 18:18:00,20.4225,32.1750
2025-04-20 18:33:00,20.4225,32.1750
2025-04-20 18:48:00,20.4225,32.1750
2025-04-20 19:03:00,20.4225,32.1750
2025-04-20 19:18:00,20.4225,32.1750
2025-04-20 19:33:00,20.4225,32.1750
2025-04-20 19:48:00,20.4225,32.1750
2025-04-20 20:03:00,20.4225,32.1750
2025-04-20 20:18:00,20.4225,32.1750
2025-04-20 20:33:00,20.4225,32.1750
2025-04-20 20:48:00,20.4225,32.1750
2025-04-20 21:03:00,20.4225,32.1750
2025-04-20 21:18:00,20.4225,32.1750
2025-04-20 21:33:00,20.4225,32.1750
2025-04-20 21:48:00,20.4225,32.1750
2025-04-20 22:03:00,20.4225,32.1750
2025-04-20 22:18:00,20.4225,32.1750
2025-04-20 22:33:00,20.4225,32.1750
2025-04-20 22:48:00,20.4225,32.1750
2025-04-20 23:03:00,20.4225,32.1750
2025-04-20 23:18:00,20.4225,32.1750
2025-04-20 23:33:00,20.4225,32.1750
2025-04-20 23:48:00,20.4225,32.1750
2025-04-21 00:03:00,20.4225,32.1750
2025-04-21 00:18:00,20.4225,32.1750
2025-04-21 00:33:00,20.4225,32.1750
2025-04-21 00:48:00,20.4225,32.1750
2025-04-21 01:03:00,20.4225,32.1750
2025-04-21 01:18:00,20.4225,32.1750
2025-04-21 01:33:00,20.4225,32.1750
2025-04-21 01:48:00,20.4225,32.1750
2025-04-21 02:03:00,20.4225,32.1750
2025-04-21 02:18:00,20.4225,32.1750
2025-04-21 02:33:00,20.4225,32.1750
2025-04-21 02:48:00,20.4225,32.1750
2025-04-21 03:03:00,20.4225,32.1750
2025-04-21 03:18:00,20.4225,32.1750
2025-04-21 03:33:00,20.4225,32.1750
2025-04-21 03:48:00,20.4225,32.1750
2025-04-21 04:03:00,20.4225,32.1750
2025-04-21 04:18:00,20.4225,32.1750
2025-04-21 04:33:00,20.4225,32.1750
2025-04-21 04:48:00,20.4225,32.1750
2025-04-21 05:03:00,20.4225,32.1750
2025-04-21 05:18:00,20.4225,32.1750
2025-04-21 05:33:00,20.4225,32.1750
2025-04-21 05:48:00,20.4225,32.1750
2025-04-21 06:03:00,20.4225,32.1750
2025-04-21 06:18:00,20.4225,32.1750
2025-04-21 06:33:00,20.4225,32.1750
2025-04-21 06:48:00,20.4225,32.1750
2025-04-21 07:03:00,20.4225,32.1750
2025-04-21 07:18:00,20.4225,32.1750
2025-04-21 07:33:00,20.4225,32.1750
2025-04-21 07:48:00,20.4225,32.1750
2025-04-21 08:03:00,20.4225,32.1750
2025-04-21 08:18:00,20.4225,32.1750
2025-04-21 08:33:00,20.4225,32.1750
2025-04-21 08:48:00,20.4225,32.1750
2025-04-21 09:03:00,20.4225,32.1750
2025-04-21 09:18:00,20.4225,32.1750
2025-04-21 09:33:00,20.4225,32.1750
2025-04-21 09:48:00,20.4225,32.1750
2025-04-21 10:03:00,20.4225,32.1750
2025-04-21 10:18:00,20.4225,32.1750
2025-04-21 10:33:00,20.4225,32.1750
2025-04-21 10:48:00,20.4225,32.1750
2025-04-21 11:03:00,20.4225,32.1750
2025-04-21 11:18:00,20.4225,32.1750
2025-04-21 11:33:00,20.4225,32.1750
2025-04-21 11:48:00,20.4225,32.1750
2025-04-21 12:03:00,20.4225,32.1750
2025-04-21 12:18:00,20.4225,32.1750
2025-04-21 12:33:00,20.4225,32.1750
2025-04-21 12:48:00,20.4225,32.1750
2025-04-21 13:03:00,20.4225,32.1750
2025-04-21 13:18:00,20.4225,32.1750
2025-04-21 13:33:00,20.4225,32.1750
2025-04-21 13:48:00,20.4225,32.1750
2025-04-21 14:03:00,20.4225,32.1750
2025-04-21 14:18:00,20.4225,32.1750
2025-04-21 14:33:00,20.4225,32.1750
2025-04-21 14:48:00,20.4225,32.1750
2025-04-21 15:03:00,20.4225,32.1750
2025-04-21 15:18:00,20.4225,32.1750
2025-04-21 15:33:00,20.4225,32.1750
2025-04-21 15:48:00,20.4225,32.1750
2025-04-21 16:03:00,20.4225,32.1750
2025-04-21 16:18:00,20.4225,32.1750
2025-04-21 16:33:00,20.4225,32.1750
2025-04-21 16:48:00,20.4225,32.1750
2025-04-21 17:03:00,20.4225,32.1750
2025-04-21 17:18:00,20.4225,32.1750
2025-04-21 17:33:00,20.4225,32.1750
2025-04-21 17:48:00,20.4225,32.1750
2025-04-21 18:03:00,20.4225,32.1750
2025-04-21 18:18:00,20.4225,32.1750
2025-04-21 18:33:00,20.4225,32.1750
2025-04-21 18:48:00,20.4225,32.1750
2025-04-21 19:03:00,20.4225,32.1750
2025-04-21 19:18:00,20.4225,32.1750
2025-04-21 19:33:00,20.4225,32.1750
2025-04-21 19:48:00,20.4225,32.1750
2025-04-21 20:03:00,20.4225,32.1750
2025-04-21 20:18:00,20.4225,32.1750
2025-04-21 20:33:00,20.4225,32.1750
2025-04-21 20:48:00,20.4225,32.1750
2025-04-21 21:03:00,20.4225,32.1750
2025-04-21 21:18:00,20.4225,32.1750
2025-04-21 21:33:00,20.4225,32.1750
2025-04-21 21:48:00,20.4225,32.1750
2025-04-21 22:03:00,20.4225,32.1750
2025-04-21 22:18:00,20.4225,32.1750
2025-04-21 22:33:00,20.4225,32.1750
2025-04-21 22:48:00,20.4225,32.1750
2025-04-21 23:03:00,20.4225,32.1750
2025-04-21 23:18:00,20.4225,32.1750
2025-04-21 23:33:00,20.4225,32.1750
2025-04-21 23:48:00,20.4225,32.1750
2025-04-22 00:03:00,20.4225,32.1750
2025-04-22 00:18:00,20.4225,32.1750
2025-04-22 00:33:00,20.4225,32.1750
2025-04-22 00:48:00,20.4225,32.1750
2025-04-22 01:03:00,20.4225,32.1750
2025-04-22 01:18:00,20.4225,32.1750
2025-04-22 01:33:00,20.4225,32.1750
2025-04-22 01:48:00,20.4225,32.1750
2025-04-22 02:03:00,20.4225,32.1750
2025-04-22 02:18:00,20.4225,32.1750
2025-04-22 02:33:00,20.4225,32.1750
2025-04-22 02:48:00,20.4225,32.1750
2025-04-22 03:03:00,20.4225,32.1750
2025-04-22 03:18:00,20.4225,32.1750
2025-04-22 03:33:00,20.4225,32.1750
2025-04-22 03:48:00,20.4225,32.1750
2025-04-22 04:03:00,20.4225,32.1750
2025-04-22 04:18:00,20.4225,32.1750
2025-04-22 04:33:00,20.4225,32.1750
2025-04-22 04:48:00,20.4225,32.1750
2025-04-22 05:03:00,20.4225,32.1750
2025-04-22 05:18:00,20.4225,32.1750
2025-04-22 05:33:00,20.4225,32.1750
2025-04-22 05:48:00,20.4225,32.1750
2025-04-22 06:03:00,20.4225,32.1750
2025-04-22 06:18:00,20.4225,32.1750
2025-04-22 06:33:00,20.4225,32.1750
2025-04-22 06:48:00,20.4225,32.1750
2025-04-22 07:03:00,20.4225,32.1750
2025-04-22 07:18:00,20.4225,32.1750
2025-04-22 07:33:00,20.4225,32.1750
2025-04-22 07:48:00,20.4225,32.1750
2025-04-22 08:03:00,20.4225,32.1750
2025-04-22 08:18:00,20.4225,32.1750
2025-04-22 08:33:00,20.4225,32.1750
2025-04-22 08:48:00,20.4225,32.1750
2025-04-22 09:03:00,20.4225,32.1750
2025-04-22 09:18:00,20.4225,32.1750
2025-04-22 09:33:00,20.4225,32.1750
2025-04-22 09:48:00,20.4225,32.1750
2025-04-22 10:03:00,20.4225,32.1750
2025-04-22 10:18:00,20.4225,32.1750
2025-04-22 10:33:00,20.4225,32.1750
2025-04-22 10:48:00,20.4225,32.1750
2025-04-22 11:03:00,20.4225,32.1750
2025-04-22 11:18:00,20.4225,32.1750
2025-04-22 11:33:00,20.4225,32.1750
2025-04-22 11:48:00,20.4225,32.1750
2025-04-22 12:03:00,20.4225,32.1750
2025-04-22 12:18:00,20.4225,32.1750
2025-04-22 12:33:00,20.4225,32.1750
2025-04-22 12:48:00,20.4225,32.1750
2025-04-22 13:03:00,20.4225,32.1750
2025-04-22 13:18:00,20.4225,32.1750
2025-04-22 13:33:00,20.4225,32.1750
2025-04-22 13:48:00,20.4225,32.1750
2025-04-22 14:03:00,20.4225,32.1750
2025-04-22 14:18:00,20.4225,32.1750
2025-04-22 14:33:00,20.4225,32.1750
2025-04-22 14:48:00,20.4225,32.1750
2025-04-22 15:03:00,20.4225,32.1750
2025-04-22 15:18:00,20.4225,32.1750
2025-04-22 15:33:00,20.4225,32.1750
2025-04-22 15:48:00,20.4225,32.1750
2025-04-22 16:03:00,20.4225,32.1750
2025-04-22 16:18:00,20.4225,32.1750
2025-04-22 16:33:00,20.4225,32.1750
2025-04-22 16:48:00,20.4225,32.1750
2025-04-22 17:03:00,20.4225,32.1750
2025-04-22 17:18:00,20.4225,32.1750
2025-04-22 17:33:00,20.4225,32.1750
2025-04-22 17:48:00,20.4225,32.1750
2025-04-22 18:03:00,20.4225,32.1750
2025-04-22 18:18:00,20.4225,32.1750
2025-04-22 18:33:00,20.4225,32.1750
2025-04-22 18:48:00,20.4225,32.1750
2025-04-22 19:03:00,20.4225,32.1750
2025-04-22 19:18:00,20.4225,32.1750
2025-04-22 19:33:00,20.4225,32.1750
2025-04-22 19:48:00,20.4225,32.1750
2025-04-22 20:03:00,20.4225,32.1750
2025-04-22 20:18:00,20.4225,32.1750
2025-04-22 20:33:00,20.4225,32.1750
2025-04-22 20:48:00,20.4225,32.1750
2025-04-22 21:03:00,20.4225,32.1750
2025-04-22 21:18:00,20.4225,32.1750
2025-04-22 21:33:00,20.4225,32.1750
2025-04-22 21:48:00,20.4225,32.1750
2025-04-22 22:03:00,20.4225,32.1750
2025-04-22 22:18:00,20.4225,32.1750
2025-04-22 22:33:00,20.4225,32.1750
2025-04-22 22:48:00,20.4225,32.1750
2025-04-22 23:03:00,20.4225,32.1750
2025-04-22 23:18:00,20.4225,32.1750
2025-04-22 23:33:00,20.4225,32.1750
2025-04-22 23:48:00,20.4225,32.1750
2025-04-23 00:03:00,20.4225,32.1750
2025-04-23 00:18:00,20.4225,32.1750
2025-04-23 00:33:00,20.4225,32.1750
2025-04-23 00:48:00,20.4225,32.1750
2025-04-23 01:03:00,20.4225,32.1750
2025-04-23 01:18:00,20.4225,32.1750
2025-04-23 01:33:00,20.4225,32.1750
2025-04-23 01:48:00,20.4225,32.1750
2025-04-23 02:03:00,20.4225,32.1750
2025-04-23 02:18:00,20.4225,32.1750
2025-04-23 02:33:00,20.4225,32.1750
2025-04-23 02:48:00,20.4225,32.1750
2025-04-23 03:03:00,20.4225,32.1750
2025-04-23 03:18:00,20.4225,32.1750
2025-04-23 03:33:00,20.4225,32.1750
2025-04-23 03:48:00,20.4225,32.1750
2025-04-23 04:03:00,20.4225,32.1750
2025-04-23 04:18:00,20.4225,32.1750
2025-04-23 04:33:00,20.4225,32.1750
2025-04-23 04:48:00,20.4225,32.1750
2025-04-23 05:03:00,20.4225,32.1750
2025-04-23 05:18:00,20.4225,32.1750
2025-04-23 05:33:00,20.4225,32.1750
2025-04-23 05:48:00,20.4225,32.1750
2025-04-23 06:03:00,20.4225,32.1750
2025-04-23 06:18:00,20.4225,32.1750
2025-04-23 06:33:00,20.4225,32.1750
2025-04-23 06:48:00,20.4225,32.1750
2025-04-23 07:03:00,20.4225,32.1750
2025-04-23 07:18:00,20.4225,32.1750
2025-04-23 07:33:00,20.4225,32.1750
2025-04-23 07:48:00,20.4225,32.1750
2025-04-23 08:03:00,20.4225,32.1750
2025-04-23 08:18:00,20.4225,32.1750
2025-04-23 08:33:00,20.4225,32.1750
2025-04-23 08:48:00,20.4225,32.1750
2025-04-23 09:03:00,20.4225,32.1750
2025-04-23 09:18:00,20.4225,32.1750
2025-04-23 09:33:00,20.4225,32.1750
2025-04-23 09:48:00,20.4225,32.1750
2025-04-23 10:03:00,20.4225,32.1750
2025-04-23 10:18:00,20.4225,32.1750
2025-04-23 10:33:00,20.4225,32.1750
2025-04-23 10:48:00,20.4225,32.1750
2025-04-23 11:03:00,20.4225,32.1750
2025-04-23 11:18:00,20.4225,32.1750
2025-04-23 11:33:00,20.4225,32.1750
2025-04-23 11:48:00,20.4225,32.1750
2025-04-23 12:03:00,20.4225,32.1750
2025-04-23 12:18:00,20.4225,32.1750
2025-04-23 12:33:00,20.4225,32.1750
2025-04-23 12:48:00,20.4225,32.1750
2025-04-23 13:03:00,20.4225,32.1750
2025-04-23 13:18:00,20.4225,32.1750
2025-04-23 13:33:00,20.4225,32.1750
2025-04-23 13:48:00,20.4225,32.1750
2025-04-23 14:03:00,20.4225,32.1750
2025-04-23 14:18:00,20.4225,32.1750
2025-04-23 14:33:00,20.4225,32.1750
2025-04-23 14:48:00,20.4225,32.1750
2025-04-23 15:03:00,20.4225,32.1750
2025-04-23 15:18:00,20.4225,32.1750
2025-04-23 15:33:00,20.4225,32.1750
2025-04-23 15:48:00,20.4225,32.1750
2025-04-23 16:03:00,20.4225,32.1750
2025-04-23 16:18:00,20.4225,32.1750
2025-04-23 16:33:00,20.4225,32.1750
2025-04-23 16:48:00,20.4225,32.1750
2025-04-23 17:03:00,20.4225,32.1750
2025-04-23 17:18:00,20.4225,32.1750
2025-04-23 17:33:00,20.4225,32.1750
2025-04-23 17:48:00,20.4225,32.1750
2025-04-23 18:03:00,20.4225,32.1750
2025-04-23 18:18:00,20.4225,32.1750
2025-04-23 18:33:00,20.4225,32.1750
2025-04-23 18:48:00,20.4225,32.1750
2025-04-23 19:03:00,20.4225,32.1750
2025-04-23 19:18:00,20.4225,32.1750
2025-04-23 19:33:00,20.4225,32.1750
2025-04-23 19:48:00,20.4225,32.1750
2025-04-23 20:03:00,20.4225,32.1750
2025-04-23 20:18:00,20.4225,32.1750
2025-04-23 20:33:00,20.4225,32.1750
2025-04-23 20:48:00,20.4225,32.1750
2025-04-23 21:03:00,20.4225,32.1750
2025-04-23 21:18:00,20.4225,32.1750
2025-04-23 21:33:00,20.4225,32.1750
2025-04-23 21:48:00,20.4225,32.1750
2025-04-23 22:03:00,20.4225,32.1750
2025-04-23 22:18:00,20.4225,32.1750
2025-04-23 22:33:00,20.4225,32.1750
2025-04-23 22:48:00,20.4225,32.1750
2025-04-23 23:03:00,20.4225,32.1750
2025-04-23 23:18:00,20.4225,32.1750
2025-04-23 23:33:00,20.4225,32.1750
2025-04-23 23:48:00,20.4225,32.1750
2025-04-24 00:03:00,20.4225,32.1750
2025-04-24 00:18:00,20.4225,32.1750
2025-04-24 00:33:00,20.4225,32.1750
2025-04-24 00:48:00,20.4225,32.1750
2025-04-24 01:03:00,20.4225,32.1750
2025-04-24 01:18:00,20.4225,32.1750
2025-04-24 01:33:00,20.4225,32.1750
2025-04-24 01:48:00,20.4225,32.1750
2025-04-24 02:03:00,20.4225,32.1750
2025-04-24 02:18:00,20.4225,32.1750
2025-04-24 02:33:00,20.4225,32.1750
2025-04-24 02:48:00,20.4225,32.1750
2025-04-24 03:03:00,20.4225,32.1750
2025-04-24 03:18:00,20.4225,32.1750
2025-04-24 03:33:00,20.4225,32.1750
2025-04-24 03:48:00,20.4225,32.1750
2025-04-24 04:03:00,20.4225,32.1750
2025-04-24 04:18:00,20.4225,32.1750
2025-04-24 04:33:00,20.4225,32.1750
2025-04-24 04:48:00,20.4225,32.1750
2025-04-24 05:03:00,20.4225,32.1750
2025-04-24 05:18:00,20.4225,32.1750
2025-04-24 05:33:00,20.4225,32.1750
2025-04-24 05:48:00,20.4225,32.1750
2025-04-24 06:03:00,20.4225,32.1750
2025-04-24 06:18:00,20.4225,32.1750
2025-04-24 06:33:00,20.4225,32.1750
2025-04-24 06:48:00,20.4225,32.1750
2025-04-24 07:03:00,20.4225,32.1750
2025-04-24 07:18:00,20.4225,32.1750
2025-04-24 07:33:00,20.4225,32.1750
2025-04-24 07:48:00,20.4225,32.1750
2025-04-24 08:03:00,20.4225,32.1750
2025-04-24 08:18:00,20.4225,32.1750
2025-04-24 08:33:00,20.4225,32.1750
2025-04-24 08:48:00,20.4225,32.1750
2025-04-24 09:03:00,20.4225,32.1750
2025-04-24 09:18:00,20.4225,32.1750
2025-04-24 09:33:00,20.4225,32.1750
2025-04-24 09:48:00,20.4225,32.1750
2025-04-24 10:03:00,20.4225,32.1750
2025-04-24 10:18:00,20.4225,32.1750
2025-04-24 10:33:00,20.4225,32.1750
2025-04-24 10:48:00,20.4225,32.1750
2025-04-24 11:03:00,20.4225,32.1750
2025-04-24 11:18:00,20.4225,32.1750
2025-04-24 11:33:00,20.4225,32.1750
2025-04-24 11:48:00,20.4225,32.1750
2025-04-24 12:03:00,20.4225,32.1750
2025-04-24 12:18:00,20.4225,32.1750
2025-04-24 12:33:00,20.4225,32.1750
2025-04-24 12:48:00,20.4225,32.1750
2025-04-24 13:03:00,20.4225,32.1750
2025-04-24 13:18:00,20.4225,32.1750
2025-04-24 13:33:00,20.4225,32.1750
2025-04-24 13:48:00,20.4225,32.1750
2025-04-24 14:03:00,20.4225,32.1750
2025-04-24 14:18:00,20.4225,32.1750
2025-04-24 14:33:00,20.4225,32.1750
2025-04-24 14:48:00,20.4225,32.1750
2025-04-24 15:03:00,20.4225,32.1750
2025-04-24 15:18:00,20.4225,32.1750
2025-04-24 15:33:00,20.4225,32.1750
2025-04-24 15:48:00,20.4225,32.1750
2025-04-24 16:03:00,20.4225,32.1750
2025-04-24 16:18:00,20.4225,32.1750
2025-04-24 16:33:00,20.4225,32.1750
2025-04-24 16:48:00,20.4225,32.1750
2025-04-24 17:03:00,20.4225,32.1750
2025-04-24 17:18:00,20.4225,32.1750
2025-04-24 17:33:00,20.4225,32.1750
2025-04-24 17:48:00,20.4225,32.1750
2025-04-24 18:03:00,20.4225,32.1750
2025-04-24 18:18:00,20.4225,32.1750
2025-04-24 18:33:00,20.4225,32.1750
2025-04-24 18:48:00,20.4225,32.1750
2025-04-24 19:03:00,20.4225,32.1750
2025-04-24 19:18:00,20.4225,32.1750
2025-04-24 19:33:00,20.4225,32.1750
2025-04-24 19:48:00,20.4225,32.1750
2025-04-24 20:03:00,20.4225,32.1750
2025-04-24 20:18:00,20.4225,32.1750
2025-04-24 20:33:00,20.4225,32.1750
2025-04-24 20:48:00,20.4225,32.1750
2025-04-24 21:03:00,20.4225,32.1750
2025-04-24 21:18:00,20.4225,32.1750
2025-04-24 21:33:00,20.4225,32.1750
2025-04-24 21:48:00,20.4225,32.1750
2025-04-24 22:03:00,20.4225,32.1750
2025-04-24 22:18:00,20.4225,32.1750
2025-04-24 22:33:00,20.4225,32.1750
2025-04-24 22:48:00,20.4225,32.1750
2025-04-24 23:03:00,20.4225,32.1750
2025-04-24 23:18:00,20.4225,32.1750
2025-04-24 23:33:00,20.4225,32.1750
2025-04-24 23:48:00,20.4225,32.1750
2025-04-25 00:03:00,20.4225,32.1750
2025-04-25 00:18:00,20.4225,32.1750
2025-04-25 00:33:00,20.4225,32.1750
2025-04-25 00:48:00,20.4225,32.1750
2025-04-25 01:03:00,20.4225,32.1750
2025-04-25 01:18:00,20.4225,32.1750
2025-04-25 01:33:00,20.4225,32.1750
2025-04-25 01:48:00,20.4225,32.1750
2025-04-25 02:03:00,20.4225,32.1750
2025-04-25 02:18:00,20.4225,32.1750
2025-04-25 02:33:00,20.4225,32.1750
2025-04-25 02:48:00,20.4225,32.1750
2025-04-25 03:03:00,20.4225,32.1750
2025-04-25 03:18:00,20.4225,32.1750
2025-04-25 03:33:00,20.4225,32.1750
2025-04-25 03:48:00,20.4225,32.1750
2025-04-25 04:03:00,20.4225,32.1750
2025-04-25 04:18:00,20.4225,32.1750
2025-04-25 04:33:00,20.4225,32.1750
2025-04-25 04:48:00,20.4225,32.1750
2025-04-25 05:03:00,20.4225,32.1750
2025-04-25 05:18:00,20.4225,32.1750
2025-04-25 05:33:00,20.4225,32.1750
2025-04-25 05:48:00,20.4225,32.1750
2025-04-25 06:03:00,20.4225,32.1750
2025-04-25 06:18:00,20.4225,32.1750
2025-04-25 06:33:00,20.4225,32.1750
2025-04-25 06:48:00,20.4225,32.1750
2025-04-25 07:03:00,20.4225,32.1750
2025-04-25 07:18:00,20.4225,32.1750
2025-04-25 07:33:00,20.4225,32.1750
2025-04-25 07:48:00,20.4225,32.1750
2025-04-25 08:03:00,20.4225,32.1750
2025-04-25 08:18:00,20.4225,32.1750
2025-04-25 08:33:00,20.4225,32.1750
2025-04-25 08:48:00,20.4225,32.1750
2025-04-25 09:03:00,20.4225,32.1750
2025-04-25 09:18:00,20.4225,32.1750
2025-04-25 09:33:00,20.4225,32.1750
2025-04-25 09:48:00,20.4225,32.1750
2025-04-25 10:03:00,20.4225,32.1750
2025-04-25 10:18:00,20.4225,32.1750
2025-04-25 10:33:00,20.4225,32.1750
2025-04-25 10:48:00,20.4225,32.1750
2025-04-25 11:03:00,20.4225,32.1750
2025-04-25 11:18:00,20.4225,32.1750
2025-04-25 11:33:00,20.4225,32.1750
2025-04-25 11:48:00,20.4225,32.1750
2025-04-25 12:03:00,20.4225,32.1750
2025-04-25 12:18:00,20.4225,32.1750
2025-04-25 12:33:00,20.4225,32.1750
2025-04-25 12:48:00,20.4225,32.1750
2025-04-25 13:03:00,20.4225,32.1750
2025-04-25 13:18:00,20.4225,32.1750
2025-04-25 13:33:00,20.4225,32.1750
2025-04-25 13:48:00,20.4225,32.1750
2025-04-25 14:03:00,20.4225,32.1750
2025-04-25 14:18:00,20.4225,32.1750
2025-04-25 14:33:00,20.4225,32.1750
2025-04-25 14:48:00,20.4225,32.1750
2025-04-25 15:03:00,20.4225,32.1750
2025-04-25 15:18:00,20.4225,32.1750
2025-04-25 15:33:00,20.4225,32.1750
2025-04-25 15:48:00,20.4225,32.1750
2025-04-25 16:03:00,20.4225,32.1750
2025-04-25 16:18:00,20.4225,32.1750
2025-04-25 16:33:00,20.4225,32.1750
2025-04-25 16:48:00,20.4225,32.1750
2025-04-25 17:03:00,20.4225,32.1750
2025-04-25 17:18:00,20.4225,32.1750
2025-04-25 17:33:00,20.4225,32.1750
2025-04-25 17:48:00,20.4225,32.1750
2025-04-25 18:03:00,20.4225,32.1750
2025-04-25 18:18:00,20.4225,32.1750
2025-04-25 18:33:00,20.4225,32.1750
2025-04-25 18:48:00,20.4225,32.1750
2025-04-25 19:03:00,20.4225,32.1750
2025-04-25 19:18:00,20.4225,32.1750
2025-04-25 19:33:00,20.4225,32.1750
2025-04-25 19:48:00,20.4225,32.1750
2025-04-25 20:03:00,20.4225,32.1750
2025-04-25 20:18:00,20.4225,32.1750
2025-04-25 20:33:00,20.4225,32.1750
2025-04-25 20:48:00,20.4225,32.1750
2025-04-25 21:03:00,20.4225,32.1750
2025-04-25 21:18:00,20.4225,32.1750
2025-04-25 21:33:00,20.4225,32.1750
2025-04-25 21:48:00,20.4225,32.1750
2025-04-25 22:03:00,20.4225,32.1750
2025-04-25 22:18:00,20.4225,32.1750
2025-04-25 22:33:00,20.4225,32.1750
2025-04-25 22:48:00,20.4225,32.1750
2025-04-25 23:03:00,20.4225,32.1750
2025-04-25 23:18:00,20.4225,32.1750
2025-04-25 23:33:00,20.4225,32.1750
2025-04-25 23:48:00,20.4225,32.1750
2025-04-26 00:03:00,20.4225,32.1750
2025-04-26 00:18:00,20.4225,32.1750
2025-04-26 00:33:00,20.4225,32.1750
2025-04-26 00:48:00,20.4225,32.1750
2025-04-26 01:03:00,20.4225,32.1750
2025-04-26 01:18:00,20.4225,32.1750
2025-04-26 01:33:00,20.4225,32.1750
2025-04-26 01:48:00,20.4225,32.1750
2025-04-26 02:03:00,20.4225,32.1750
2025-04-26 02:18:00,20.4225,32.1750
2025-04-26 02:33:00,20.4225,32.1750
2025-04-26 02:48:00,20.4225,32.1750
2025-04-26 03:03:00,20.4225,32.1750
2025-04-26 03:18:00,20.4225,32.1750
2025-04-26 03:33:00,20.4225,32.1750
2025-04-26 03:48:00,20.4225,32.1750
2025-04-26 04:03:00,20.4225,32.1750
2025-04-26 04:18:00,20.4225,32.1750
2025-04-26 04:33:00,20.4225,32.1750
2025-04-26 04:48:00,20.4225,32.1750
2025-04-26 05:03:00,20.4225,32.1750
2025-04-26 05:18:00,20.4225,32.1750
2025-04-26 05:33:00,20.4225,32.1750
2025-04-26 05:48:00,20.4225,32.1750
2025-04-26 06:03:00,20.4225,32.1750
2025-04-26 06:18:00,20.4225,32.1750
2025-04-26 06:33:00,20.4225,32.1750
2025-04-26 06:48:00,20.4225,32.1750
2025-04-26 07:03:00,20.4225,32.1750
2025-04-26 07:18:00,20.4225,32.1750
2025-04-26 07:33:00,20.4225,32.1750
2025-04-26 07:48:00,20.4225,32.1750
2025-04-26 08:03:00,20.4225,32.1750
2025-04-26 08:18:00,20.4225,32.1750
2025-04-26 08:33:00,20.4225,32.1750
2025-04-26 08:48:00,20.4225,32.1750
2025-04-26 09:03:00,20.4225,32.1750
2025-04-26 09:18:00,20.4225,32.1750
2025-04-26 09:33:00,20.4225,32.1750
2025-04-26 09:48:00,20.4225,32.1750
2025-04-26 10:03:00,20.4225,32.1750
2025-04-26 10:18:00,20.4225,32.1750
2025-04-26 10:33:00,20.4225,32.1750
2025-04-26 10:48:00,20.4225,32.1750
2025-04-26 11:03:00,20.4225,32.1750
2025-04-26 11:18:00,20.4225,32.1750
2025-04-26 11:33:00,20.4225,32.1750
2025-04-26 11:48:00,20.4225,32.1750
2025-04-26 12:03:00,20.4225,32.1750
2025-04-26 12:18:00,20.4225,32.1750
2025-04-26 12:33:00,20.4225,32.1750
2025-04-26 12:48:00,20.4225,32.1750
2025-04-26 13:03:00,20.4225,32.1750
2025-04-26 13:18:00,20.4225,32.1750
2025-04-26 13:33:00,20.4225,32.1750
2025-04-26 13:48:00,20.4225,32.1750
2025-04-26 14:03:00,20.4225,32.1750
2025-04-26 14:18:00,20.4225,32.1750
2025-04-26 14:33:00,20.4225,32.1750
2025-04-26 14:48:00,20.4225,32.1750
2025-04-26 15:03:00,20.4225,32.1750
2025-04-26 15:18:00,20.4225,32.1750
2025-04-26 15:33:00,20.4225,32.1750
2025-04-26 15:48:00,20.4225,32.1750
2025-04-26 16:03:00,20.4225,32.1750
2025-04-26 16:18:00,20.4225,32.1750
2025-04-26 16:33:00,20.4225,32.1750
2025-04-26 16:48:00,20.4225,32.1750
2025-04-26 17:03:00,20.4225,32.1750
2025-04-26 17:18:00,20.4225,32.1750
2025-04-26 17:33:00,20.4225,32.1750
2025-04-26 17:48:00,20.4225,32.1750
2025-04-26 18:03:00,20.4225,32.1750
2025-04-26 18:18:00,20.4225,32.1750
2025-04-26 18:33:00,20.4225,32.1750
2025-04-26 18:48:00,20.4225,32.1750
2025-04-26 19:03:00,20.4225,32.1750
2025-04-26 19:18:00,20.4225,32.1750
2025-04-26 19:33:00,20.4225,32.1750
2025-04-26 19:48:00,20.4225,32.1750
2025-04-26 20:03:00,20.4225,32.1750
2025-04-26 20:18:00,20.4225,32.1750
2025-04-26 20:33:00,20.4225,32.1750
2025-04-26 20:48:00,20.4225,32.1750
2025-04-26 21:03:00,20.4225,32.1750
2025-04-26 21:18:00,20.4225,32.1750
2025-04-26 21:33:00,20.4225,32.1750
2025-04-26 21:48:00,20.4225,32.1750
2025-04-26 22:03:00,20.4225,32.1750
2025-04-26 22:18:00,20.4225,32.1750
2025-04-26 22:33:00,20.4225,32.1750
2025-04-26 22:48:00,20.4225,32.1750
2025-04-26 23:03:00,20.4225,32.1750
2025-04-26 23:18:00,20.4225,32.1750
2025-04-26 23:33:00,20.4225,32.1750
2025-04-26 23:48:00,20.4225,32.1750
2025-04-27 00:03:00,20.4225,32.1750
2025-04-27 00:18:00,20.4225,32.1750
2025-04-27 00:33:00,20.4225,32.1750
2025-04-27 00:48:00,20.4225,32.1750
2025-04-27 01:03:00,20.4225,32.1750
2025-04-27 01:18:00,20.4225,32.1750
2025-04-27 01:33:00,20.4225,32.1750
2025-04-27 01:48:00,20.4225,32.1750
2025-04-27 02:03:00,20.4225,32.1750
2025-04-27 02:18:00,20.4225,32.1750
2025-04-27 02:33:00,20.4225,32.1750
2025-04-27 02:48:00,20.4225,32.1750
2025-04-27 03:03:00,20.4225,32.1750
2025-04-27 03:18:00,20.4225,32.1750
2025-04-27 03:33:00,20.4225,32.1750
2025-04-27 03:48:00,20.4225,32.1750
2025-04-27 04:03:00,20.4225,32.1750
2025-04-27 04:18:00,20.4225,32.1750
2025-04-27 04:33:00,20.4225,32.1750
2025-04-27 04:48:00,20.4225,32.1750
2025-04-27 05:03:00,20.4225,32.1750
2025-04-27 05:18:00,20.4225,32.1750
2025-04-27 05:33:00,20.4225,32.1750
2025-04-27 05:48:00,20.4225,32.1750
2025-04-27 06:03:00,20.4225,32.1750
2025-04-27 06:18:00,20.4225,32.1750
2025-04-27 06:33:00,20.4225,32.1750
2025-04-27 06:48:00,20.4225,32.1750
2025-04-27 07:03:00,20.4225,32.1750
2025-04-27 07:18:00,20.4225,32.1750
2025-04-27 07:33:00,20.4225,32.1750
2025-04-27 07:48:00,20.4225,32.1750
2025-04-27 08:03:00,20.4225,32.1750
2025-04-27 08:18:00,20.4225,32.1750
2025-04-27 08:33:00,20.4225,32.1750
2025-04-27 08:48:00,20.4225,32.1750
2025-04-27 09:03:00,20.4225,32.1750
2025-04-27 09:18:00,20.4225,32.1750
2025-04-27 09:33:00,20.4225,32.1750
2025-04-27 09:48:00,20.4225,32.1750
2025-04-27 10:03:00,20.4225,32.1750
2025-04-27 10:18:00,20.4225,32.1750
2025-04-27 10:33:00,20.4225,32.1750
2025-04-27 10:48:00,20.4225,32.1750
2025-04-27 11:03:00,20.4225,32.1750
2025-04-27 11:18:00,20.4225,32.1750
2025-04-27 11:33:00,20.4225,32.1750
2025-04-27 11:48:00,20.4225,32.1750
2025-04-27 12:03:00,20.4225,32.1750
2025-04-27 12:18:00,20.4225,32.1750
2025-04-27 12:33:00,20.4225,32.1750
2025-04-27 12:48:00,20.4225,32.1750
2025-04-27 13:03:00,20.4225,32.1750
2025-04-27 13:18:00,20.4225,32.1750
2025-04-27 13:33:00,20.4225,32.1750
2025-04-27 13:48:00,20.4225,32.1750
2025-04-27 14:03:00,20.4225,32.1750
2025-04-27 14:18:00,20.4225,32.1750
2025-04-27 14:33:00,20.4225,32.1750
2025-04-27 14:48:00,20.4225,32.1750
2025-04-27 15:03:00,20.4225,32.1750
2025-04-27 15:18:00,20.4225,32.1750
2025-04-27 15:33:00,20.4225,32.1750
2025-04-27 15:48:00,20.4225,32.1750
2025-04-27 16:03:00,20.4225,32.1750
2025-04-27 16:18:00,20.4225,32.1750
2025-04-27 16:33:00,20.4225,32.1750
2025-04-27 16:48:00,20.4225,32.1750
2025-04-27 17:03:00,20.4225,32.1750
2025-04-27 17:18:00,20.4225,32.1750
2025-04-27 17:33:00,20.4225,32.1750
2025-04-27 17:48:00,20.4225,32.1750
2025-04-27 18:03:00,20.4225,32.1750
2025-04-27 18:18:00,20.4225,32.1750
2025-04-27 18:33:00,20.4225,32.1750
2025-04-27 18:48:00,20.4225,32.1750
2025-04-27 19:03:00,20.4225,32.1750
2025-04-27 19:18:00,20.4225,32.1750
2025-04-27 19:33:00,20.4225,32.1750
2025-04-27 19:48:00,20.4225,32.1750
2025-04-27 20:03:00,20.4225,32.1750
2025-04-27 20:18:00,20.4225,32.1750
2025-04-27 20:33:00,20.4225,32.1750
2025-04-27 20:48:00,20.4225,32.1750
2025-04-27 21:03:00,20.4225,32.1750
2025-04-27 21:18:00,20.4225,32.1750
2025-04-27 21:33:00,20.4225,32.1750
2025-04-27 21:48:00,20.4225,32.1750
2025-04-27 22:03:00,20.4225,32.1750
2025-04-27 22:18:00,20.4225,32.1750
2025-04-27 22:33:00,20.4225,32.1750
2025-04-27 22:48:00,20.4225,32.1750
2025-04-27 23:03:00,20.4225,32.1750
2025-04-27 23:18:00,20.4225,32.1750
2025-04-27 23:33:00,20.4225,32.1750
2025-04-27 23:48:00,20.4225,32.1750
2025-04-28 00:03:00,20.4225,32.1750
2025-04-28 00:18:00,20.4225,32.1750
2025-04-28 00:33:00,20.4225,32.1750
2025-04-28 00:48:00,20.4225,32.1750
2025-04-28 01:03:00,20.4225,32.1750
2025-04-28 01:18:00,20.4225,32.1750
2025-04-28 01:33:00,20.4225,32.1750
2025-04-28 01:48:00,20.4225,32.1750
2025-04-28 02:03:00,20.4225,32.1750
2025-04-28 02:18:00,20.4225,32.1750
2025-04-28 02:33:00,20.4225,32.1750
2025-04-28 02:48:00,20.4225,32.1750
2025-04-28 03:03:00,20.4225,32.1750
2025-04-28 03:18:00,20.4225,32.1750
2025-04-28 03:33:00,20.4225,32.1750
2025-04-28 03:48:00,20.4225,32.1750
2025-04-28 04:03:00,20.4225,32.1750
2025-04-28 04:18:00,20.4225,32.1750
2025-04-28 04:33:00,20.4225,32.1750
2025-04-28 04:48:00,20.4225,32.1750
2025-04-28 05:03:00,20.4225,32.1750
2025-04-28 05:18:00,20.4225,32.1750
2025-04-28 05:33:00,20.4225,32.1750
2025-04-28 05:48:00,20.4225,32.1750
2025-04-28 06:03:00,20.4225,32.1750
2025-04-28 06:18:00,20.4225,32.1750
2025-04-28 06:33:00,20.4225,32.1750
2025-04-28 06:48:00,20.4225,32.1750
2025-04-28 07:03:00,20.4225,32.1750
2025-04-28 07:18:00,20.4225,32.1750
2025-04-28 07:33:00,20.4225,32.1750
2025-04-28 07:48:00,20.4225,32.1750
2025-04-28 08:03:00,20.4225,32.1750
2025-04-28 08:18:00,20.4225,32.1750
2025-04-28 08:33:00,20.4225,32.1750
2025-04-28 08:48:00,20.4225,32.1750
2025-04-28 09:03:00,20.4225,32.1750
2025-04-28 09:18:00,20.4225,32.1750
2025-04-28 09:33:00,20.4225,32.1750
2025-04-28 09:48:00,20.4225,32.1750
2025-04-28 10:03:00,20.4225,32.1750
2025-04-28 10:18:00,20.4225,32.1750
2025-04-28 10:33:00,20.4225,32.1750
2025-04-28 10:48:00,20.4225,32.1750
2025-04-28 11:03:00,20.4225,32.1750
2025-04-28 11:18:00,20.4225,32.1750
2025-04-28 11:33:00,20.4225,32.1750
2025-04-28 11:48:00,20.4225,32.1750
2025-04-28 12:03:00,20.4225,32.1750
2025-04-28 12:18:00,20.4225,32.1750
2025-04-28 12:33:00,20.4225,32.1750
2025-04-28 12:48:00,20.4225,32.1750
2025-04-28 13:03:00,20.4225,32.1750
2025-04-28 13:18:00,20.4225,32.1750
2025-04-28 13:33:00,20.4225,32.1750
2025-04-28 13:48:00,20.4225,32.1750
2025-04-28 14:03:00,20.4225,32.1750
2025-04-28 14:18:00,20.4225,32.1750
2025-04-28 14:33:00,20.4225,32.1750
2025-04-28 14:48:00,20.4225,32.1750
2025-04-28 15:03:00,20.4225,32.1750
2025-04-28 15:18:00,20.4225,32.1750
2025-04-28 15:33:00,20.4225,32.1750
2025-04-28 15:48:00,20.4225,32.1750
2025-04-28 16:03:00,20.4225,32.1750
2025-04-28 16:18:00,20.4225,32.1750
2025-04-28 16:33:00,20.4225,32.1750
2025-04-28 16:48:00,20.4225,32.1750
2025-04-28 17:03:00,20.4225,32.1750
2025-04-28 17:18:00,20.4225,32.1750
2025-04-28 17:33:00,20.4225,32.1750
2025-04-28 17:48:00,20.4225,32.1750
2025-04-28 18:03:00,20.4225,32.1750
2025-04-28 18:18:00,20.4225,32.1750
2025-04-28 18:33:00,20.4225,32.1750
2025-04-28 18:48:00,20.4225,32.1750
2025-04-28 19:03:00,20.4225,32.1750
2025-04-28 19:18:00,20.4225,32.1750
2025-04-28 19:33:00,20.4225,32.1750
2025-04-28 19:48:00,20.4225,32.1750
2025-04-28 20:03:00,20.4225,32.1750
2025-04-28 20:18:00,20.4225,32.1750
2025-04-28 20:33:00,20.4225,32.1750
2025-04-28 20:48:00,20.4225,32.1750
2025-04-28 21:03:00,20.4225,32.1750
2025-04-28 21:18:00,20.4225,32.1750
2025-04-28 21:33:00,20.4225,32.1750
2025-04-28 21:48:00,20.4225,32.1750
2025-04-28 22:03:00,20.4225,32.1750
2025-04-28 22:18:00,20.4225,32.1750
2025-04-28 22:33:00,20.4225,32.1750
2025-04-28 22:48:00,20.4225,32.1750
2025-04-28 23:03:00,20.4225,32.1750
2025-04-28 23:18:00,20.4225,32.1750
2025-04-28 23:33:00,20.4225,32.1750
2025-04-28 23:48:00,20.4225,32.1750
2025-04-29 00:03:00,20.4225,32.1750
2025-04-29 00:18:00,20.4225,32.1750
2025-04-29 00:33:00,20.4225,32.1750
2025-04-29 00:48:00,20.4225,32.1750
2025-04-29 01:03:00,20.4225,32.1750
2025-04-29 01:18:00,20.4225,32.1750
2025-04-29 01:33:00,20.4225,32.1750
2025-04-29 01:48:00,20.4225,32.1750
2025-04-29 02:03:00,20.4225,32.1750
2025-04-29 02:18:00,20.4225,32.1750
2025-04-29 02:33:00,20.4225,32.1750
2025-04-29 02:48:00,20.4225,32.1750
2025-04-29 03:03:00,20.4225,32.1750
2025-04-29 03:18:00,20.4225,32.1750
2025-04-29 03:33:00,20.4225,32.1750
2025-04-29 03:48:00,20.4225,32.1750
2025-04-29 04:03:00,20.4225,32.1750
2025-04-29 04:18:00,20.4225,32.1750
2025-04-29 04:33:00,20.4225,32.1750
2025-04-29 04:48:00,20.4225,32.1750
2025-04-29 05:03:00,20.4225,32.1750
2025-04-29 05:18:00,20.4225,32.1750
2025-04-29 05:33:00,20.4225,32.1750
2025-04-29 05:48:00,20.4225,32.1750
2025-04-29 06:03:00,20.4225,32.1750
2025-04-29 06:18:00,20.4225,32.1750
2025-04-29 06:33:00,20.4225,32.1750
2025-04-29 06:48:00,20.4225,32.1750
2025-04-29 07:03:00,20.4225,32.1750
2025-04-29 07:18:00,20.4225,32.1750
2025-04-29 07:33:00,20.4225,32.1750
2025-04-29 07:48:00,20.4225,32.1750
2025-04-29 08:03:00,20.4225,32.1750
2025-04-29 08:18:00,20.4225,32.1750
2025-04-29 08:33:00,20.4225,32.1750
2025-04-29 08:48:00,20.4225,32.1750
2025-04-29 09:03:00,20.4225,32.1750
2025-04-29 09:18:00,20.4225,32.1750
2025-04-29 09:33:00,20.4225,32.1750
2025-04-29 09:48:00,20.4225,32.1750
2025-04-29 10:03:00,20.4225,32.1750
2025-04-29 10:18:00,20.4225,32.1750
2025-04-29 10:33:00,20.4225,32.1750
2025-04-29 10:48:00,20.4225,32.1750
2025-04-29 11:03:00,20.4225,32.1750
2025-04-29 11:18:00,20.4225,32.1750
2025-04-29 11:33:00,20.4225,32.1750
2025-04-29 11:48:00,20.4225,32.1750
2025-04-29 12:03:00,20.4225,32.1750
2025-04-29 12:18:00,20.4225,32.1750
2025-04-29 12:33:00,20.4225,32.1750
2025-04-29 12:48:00,20.4225,32.1750
2025-04-29 13:03:00,20.4225,32.1750
2025-04-29 13:18:00,20.4225,32.1750
2025-04-29 13:33:00,20.4225,32.1750
2025-04-29 13:48:00,20.4225,32.1750
2025-04-29 14:03:00,20.4225,32.1750
2025-04-29 14:18:00,20.4225,32.1750
2025-04-29 14:33:00,20.4225,32.1750
2025-04-29 14:48:00,20.4225,32.1750
2025-04-29 15:03:00,20.4225,32.1750
2025-04-29 15:18:00,20.4225,32.1750
2025-04-29 15:33:00,20.4225,32.1750
2025-04-29 15:48:00,20.4225,32.1750
2025-04-29 16:03:00,20.4225,32.1750
2025-04-29 16:18:00,20.4225,32.1750
2025-04-29 16:33:00,20.4225,32.1750
2025-04-29 16:48:00,20.4225,32.1750
2025-04-29 17:03:00,20.4225,32.1750
2025-04-29 17:18:00,20.4225,32.1750
2025-04-29 17:33:00,20.4225,32.1750
2025-04-29 17:48:00,20.4225,32.1750
2025-04-29 18:03:00,20.4225,32.1750
2025-04-29 18:18:00,20.4225,32.1750
2025-04-29 18:33:00,20.4225,32.1750
2025-04-29 18:48:00,20.4225,32.1750
2025-04-29 19:03:00,20.4225,32.1750
2025-04-29 19:18:00,20.4225,32.1750
2025-04-29 19:33:00,20.4225,32.1750
2025-04-29 19:48:00,20.4225,32.1750
2025-04-29 20:03:00,20.4225,32.1750
2025-04-29 20:18:00,20.4225,32.1750
2025-04-29 20:33:00,20.4225,32.1750
2025-04-29 20:48:00,20.4225,32.1750
2025-04-29 21:03:00,20.4225,32.1750
2025-04-29 21:18:00,20.4225,32.1750
2025-04-29 21:33:00,20.4225,32.1750
2025-04-29 21:48:00,20.4225,32.1750
2025-04-29 22:03:00,20.4225,32.1750
2025-04-29 22:18:00,20.4225,32.1750
2025-04-29 22:33:00,20.4225,32.1750
2025-04-29 22:48:00,20.4225,32.1750
2025-04-29 23:03:00,20.4225,32.1750
2025-04-29 23:18:00,20.4225,32.1750
2025-04-29 23:33:00,20.4225,32.1750
2025-04-29 23:48:00,20.4225,32.1750
2025-04-30 00:03:00,20.4225,32.1750
2025-04-30 00:18:00,20.4225,32.1750
2025-04-30 00:33:00,20.4225,32.1750
2025-04-30 00:48:00,20.4225,32.1750
2025-04-30 01:03:00,20.4225,32.1750
2025-04-30 01:18:00,20.4225,32.1750
2025-04-30 01:33:00,20.4225,32.1750
2025-04-30 01:48:00,20.4225,32.1750
2025-04-30 02:03:00,20.4225,32.1750
2025-04-30 02:18:00,20.4225,32.1750
2025-04-30 02:33:00,20.4225,32.1750
2025-04-30 02:48:00,20.4225,32.1750
2025-04-30 03:03:00,20.4225,32.1750
2025-04-30 03:18:00,20.4225,32.1750
2025-04-30 03:33:00,20.4225,32.1750
2025-04-30 03:48:00,20.4225,32.1750
2025-04-30 04:03:00,20.4225,32.1750
2025-04-30 04:18:00,20.4225,32.1750
2025-04-30 04:33:00,20.4225,32.1750
2025-04-30 04:48:00,20.4225,32.1750
2025-04-30 05:03:00,20.4225,32.1750
2025-04-30 05:18:00,20.4225,32.1750
2025-04-30 05:33:00,20.4225,32.1750
2025-04-30 05:48:00,20.4225,32.1750
2025-04-30 06:03:00,20.4225,32.1750
2025-04-30 06:18:00,20.4225,32.1750
2025-04-30 06:33:00,20.4225,32.1750
2025-04-30 06:48:00,20.4225,32.1750
2025-04-30 07:03:00,20.4225,32.1750
2025-04-30 07:18:00,20.4225,32.1750
2025-04-30 07:33:00,20.4225,32.1750
2025-04-30 07:48:00,20.4225,32.1750
2025-04-30 08:03:00,20.4225,32.1750
2025-04-30 08:18:00,20.4225,32.1750
2025-04-30 08:33:00,20.4225,32.1750
2025-04-30 08:48:00,20.4225,32.1750
2025-04-30 09:03:00,20.4225,32.1750
2025-04-30 09:18:00,20.4225,32.1750
2025-04-30 09:33:00,20.4225,32.1750
2025-04-30 09:48:00,20.4225,32.1750
2025-04-30 10:03:00,20.4225,32.1750
2025-04-30 10:18:00,20.4225,32.1750
2025-04-30 10:33:00,20.4225,32.1750
2025-04-30 10:48:00,20.4225,32.1750
2025-04-30 11:03:00,20.4225,32.1750
2025-04-30 11:18:00,20.4225,32.1750
2025-04-30 11:33:00,20.4225,32.1750
2025-04-30 11:48:00,20.4225,32.1750
2025-04-30 12:03:00,20.4225,32.1750
2025-04-30 12:18:00,20.4225,32.1750
2025-04-30 12:33:00,20.4225,32.1750
2025-04-30 12:48:00,20.4225,32.1750
2025-04-30 13:03:00,20.4225,32.1750
2025-04-30 13:18:00,20.4225,32.1750
2025-04-30 13:33:00,20.4225,32.1750
2025-04-30 13:48:00,20.4225,32.1750
2025-04-30 14:03:00,20.4225,32.1750
2025-04-30 14:18:00,20.4225,32.1750
2025-04-30 14:33:00,20.4225,32.1750
2025-04-30 14:48:00,20.4225,32.1750
2025-04-30 15:03:00,20.4225,32.1750
2025-04-30 15:18:00,20.4225,32.1750
2025-04-30 15:33:00,20.4225,32.1750
2025-04-30 15:48:00,20.4225,32.1750
2025-04-30 16:03:00,20.4225,32.1750
2025-04-30 16:18:00,20.4225,32.1750
2025-04-30 16:33:00,20.4225,32.1750
2025-04-30 16:48:00,20.4225,32.1750
2025-04-30 17:03:00,20.4225,32.1750
2025-04-30 17:18:00,20.4225,32.1750
2025-04-30 17:33:00,20.4225,32.1750
2025-04-30 17:48:00,20.4225,32.1750
2025-04-30 18:03:00,20.4225,32.1750
2025-04-30 18:18:00,20.4225,32.1750
2025-04-30 18:33:00,20.4225,32.1750
2025-04-30 18:48:00,20.4225,32.1750
2025-04-30 19:03:00,20.4225,32.1750
2025-04-30 19:18:00,20.4225,32.1750
2025-04-30 19:33:00,20.4225,32.1750
2025-04-30 19:48:00,20.4225,32.1750
2025-04-30 20:03:00,20.4225,32.1750
2025-04-30 20:18:00,20.4225,32.1750
2025-04-30 20:33:00,20.4225,32.1750
2025-04-30 20:48:00,20.4225,32.1750
2025-04-30 21:03:00,20.4225,32.1750
2025-04-30 21:18:00,20.4225,32.1750
2025-04-30 21:33:00,20.4225,32.1750
2025-04-30 21:48:00,20.4225,32.1750
2025-04-30 22:03:00,20.4225,32.1750
2025-04-30 22:18:00,20.4225,32.1750
2025-04-30 22:33:00,20.4225,32.1750
2025-04-30 22:48:00,20.4225,32.1750
2025-04-30 23:03:00,20.4225,32.1750
2025-04-30 23:18:00,20.4225,32.1750
2025-04-30 23:33:00,20.4225,32.1750
2025-04-30 23:48:00,20.4225,32.1750
2025-05-01 00:03:00,20.4225,32.1750
2025-05-01 00:18:00,20.4225,32.1750
2025-05-01 00:33:00,20.4225,32.1750
2025-05-01 00:48:00,20.4225,32.1750
2025-05-01 01:03:00,20.4225,32.1750
2025-05-01 01:18:00,20.4225,32.1750
2025-05-01 01:33:00,20.4225,32.1750
2025-05-01 01:48:00,20.4225,32.1750
2025-05-01 02:03:00,20.4225,32.1750
2025-05-01 02:18:00,20.4225,32.1750
2025-05-01 02:33:00,20.4225,32.1750
2025-05-01 02:48:00,20.4225,32.1750
2025-05-01 03:03:00,20.4225,32.1750
2025-05-01 03:18:00,20.4225,32.1750
2025-05-01 03:33:00,20.4225,32.1750
2025-05-01 03:48:00,20.4225,32.1750
2025-05-01 04:03:00,20.4225,32.1750
2025-05-01 04:18:00,20.4225,32.1750
2025-05-01 04:33:00,20.4225,32.1750
2025-05-01 04:48:00,20.4225,32.1750
2025-05-01 05:03:00,20.4225,32.1750
2025-05-01 05:18:00,20.4225,32.1750
2025-05-01 05:33:00,20.4225,32.1750
2025-05-01 05:48:00,20.4225,32.1750
2025-05-01 06:03:00,20.4225,32.1750
2025-05-01 06:18:00,20.4225,32.1750
2025-05-01 06:33:00,20.4225,32.1750
2025-05-01 06:48:00,20.4225,32.1750
2025-05-01 07:03:00,20.4225,32.1750
2025-05-01 07:18:00,20.4225,32.1750
2025-05-01 07:33:00,20.4225,32.1750
2025-05-01 07:48:00,20.4225,32.1750
2025-05-01 08:03:00,20.4225,32.1750
2025-05-01 08:18:00,20.4225,32.1750
2025-05-01 08:33:00,20.4225,32.1750
2025-05-01 08:48:00,20.4225,32.1750
2025-05-01 09:03:00,20.4225,32.1750
2025-05-01 09:18:00,20.4225,32.1750
2025-05-01 09:33:00,20.4225,32.1750
2025-05-01 09:48:00,20.4225,32.1750
2025-05-01 10:03:00,20.4225,32.1750
2025-05-01 10:18:00,20.4225,32.1750
2025-05-01 10:33:00,20.4225,32.1750
2025-05-01 10:48:00,20.4225,32.1750
2025-05-01 11:03:00,20.4225,32.1750
2025-05-01 11:18:00,20.4225,32.1750
2025-05-01 11:33:00,20.4225,32.1750
2025-05-01 11:48:00,20.4225,32.1750
2025-05-01 12:03:00,20.4225,32.1750
2025-05-01 12:18:00,20.4225,32.1750
2025-05-01 12:33:00,20.4225,32.1750
2025-05-01 12:48:00,20.4225,32.1750
2025-05-01 13:03:00,20.4225,32.1750
2025-05-01 13:18:00,20.4225,32.1750
2025-05-01 13:33:00,20.4225,32.1750
2025-05-01 13:48:00,20.4225,32.1750
2025-05-01 14:03:00,20.4225,32.1750
2025-05-01 14:18:00,20.4225,32.1750
2025-05-01 14:33:00,20.4225,32.1750
2025-05-01 14:48:00,20.4225,32.1750
2025-05-01 15:03:00,20.4225,32.1750
2025-05-01 15:18:00,20.4225,32.1750
2025-05-01 15:33:00,20.4225,32.1750
2025-05-01 15:48:00,20.4225,32.1750
2025-05-01 16:03:00,20.4225,32.1750
2025-05-01 16:18:00,20.4225,32.1750
2025-05-01 16:33:00,20.4225,32.1750
2025-05-01 16:48:00,20.4225,32.1750
2025-05-01 17:03:00,20.4225,32.1750
2025-05-01 17:18:00,20.4225,32.1750
2025-05-01 17:33:00,20.4225,32.1750
2025-05-01 17:48:00,20.4225,32.1750
2025-05-01 18:03:00,20.4225,32.1750
2025-05-01 18:18:00,20.4225,32.1750
2025-05-01 18:33:00,20.4225,32.1750
2025-05-01 18:48:00,20.4225,32.1750
2025-05-01 19:03:00,20.4225,32.1750
2025-05-01 19:18:00,20.4225,32.1750
2025-05-01 19:33:00,20.4225,32.1750
2025-05-01 19:48:00,20.4225,32.1750
2025-05-01 20:03:00,20.4225,32.1750
2025-05-01 20:18:00,20.4225,32.1750
2025-05-01 20:33:00,20.4225,32.1750
2025-05-01 20:48:00,20.4225,32.1750
2025-05-01 21:03:00,20.4225,32.1750
2025-05-01 21:18:00,20.4225,32.1750
2025-05-01 21:33:00,20.4225,32.1750
2025-05-01 21:48:00,20.4225,32.1750
2025-05-01 22:03:00,20.4225,32.1750
2025-05-01 22:18:00,20.4225,32.1750
2025-05-01 22:33:00,20.4225,32.1750
2025-05-01 22:48:00,20.4225,32.1750
2025-05-01 23:03:00,20.4225,32.1750
2025-05-01 23:18:00,20.4225,32.1750
2025-05-01 23:33:00,20.4225,32.1750
2025-05-01 23:48:00,20.4225,32.1750
2025-05-02 00:03:00,20.4225,32.1750
2025-05-02 00:18:00,20.4225,32.1750
2025-05-02 00:33:00,20.4225,32.1750
2025-05-02 00:48:00,20.4225,32.1750
2025-05-02 01:03:00,20.4225,32.1750
2025-05-02 01:18:00,20.4225,32.1750
2025-05-02 01:33:00,20.4225,32.1750
2025-05-02 01:48:00,20.4225,32.1750
2025-05-02 02:03:00,20.4225,32.1750
2025-05-02 02:18:00,20.4225,32.1750
2025-05-02 02:33:00,20.4225,32.1750
2025-05-02 02:48:00,20.4225,32.1750
2025-05-02 03:03:00,20.4225,32.1750
2025-05-02 03:18:00,20.4225,32.1750
2025-05-02 03:33:00,20.4225,32.1750
2025-05-02 03:48:00,20.4225,32.1750
2025-05-02 04:03:00,20.4225,32.1750
2025-05-02 04:18:00,20.4225,32.1750
2025-05-02 04:33:00,20.4225,32.1750
2025-05-02 04:48:00,20.4225,32.1750
2025-05-02 05:03:00,20.4225,32.1750
2025-05-02 05:18:00,20.4225,32.1750
2025-05-02 05:33:00,20.4225,32.1750
2025-05-02 05:48:00,20.4225,32.1750
2025-05-02 06:03:00,20.4225,32.1750
2025-05-02 06:18:00,20.4225,32.1750
2025-05-02 06:33:00,20.4225,32.1750
2025-05-02 06:48:00,20.4225,32.1750
2025-05-02 07:03:00,20.4225,32.1750
2025-05-02 07:18:00,20.4225,32.1750
2025-05-02 07:33:00,20.4225,32.1750
2025-05-02 07:48:00,20.4225,32.1750
2025-05-02 08:03:00,20.4225,32.1750
2025-05-02 08:18:00,20.4225,32.1750
2025-05-02 08:33:00,20.4225,32.1750
2025-05-02 08:48:00,20.4225,32.1750
2025-05-02 09:03:00,20.4225,32.1750
2025-05-02 09:18:00,20.4225,32.1750
2025-05-02 09:33:00,20.4225,32.1750
2025-05-02 09:48:00,20.4225,32.1750
2025-05-02 10:03:00,20.4225,32.1750
2025-05-02 10:18:00,20.4225,32.1750
2025-05-02 10:33:00,20.4225,32.1750
2025-05-02 10:48:00,20.4225,32.1750
2025-05-02 11:03:00,20.4225,32.1750
2025-05-02 11:18:00,20.4225,32.1750
2025-05-02 11:33:00,20.4225,32.1750
2025-05-02 11:48:00,20.4225,32.1750
2025-05-02 12:03:00,20.4225,32.1750
2025-05-02 12:18:00,20.4225,32.1750
2025-05-02 12:33:00,20.4225,32.1750
2025-05-02 12:48:00,20.4225,32.1750
2025-05-02 13:03:00,20.4225,32.1750
2025-05-02 13:18:00,20.4225,32.1750
2025-05-02 13:33:00,20.4225,32.1750
2025-05-02 13:48:00,20.4225,32.1750
2025-05-02 14:03:00,20.4225,32.1750
2025-05-02 14:18:00,20.4225,32.1750
2025-05-02 14:33:00,20.4225,32.1750
2025-05-02 14:48:00,20.4225,32.1750
2025-05-02 15:03:00,20.4225,32.1750
2025-05-02 15:18:00,20.4225,32.1750
2025-05-02 15:33:00,20.4225,32.1750
2025-05-02 15:48:00,20.4225,32.1750
2025-05-02 16:03:00,20.4225,32.1750
2025-05-02 16:18:00,20.4225,32.1750
2025-05-02 16:33:00,20.4225,32.1750
2025-05-02 16:48:00,20.4225,32.1750
2025-05-02 17:03:00,20.4225,32.1750
2025-05-02 17:18:00,20.4225,32.1750
2025-05-02 17:33:00,20.4225,32.1750
2025-05-02 17:48:00,20.4225,32.1750
2025-05-02 18:03:00,20.4225,32.1750
2025-05-02 18:18:00,20.4225,32.1750
2025-05-02 18:33:00,20.4225,32.1750
2025-05-02 18:48:00,20.4225,32.1750
2025-05-02 19:03:00,20.4225,32.1750
2025-05-02 19:18:00,20.4225,32.1750
2025-05-02 19:33:00,20.4225,32.1750
2025-05-02 19:48:00,20.4225,32.1750
2025-05-02 20:03:00,20.4225,32.1750
2025-05-02 20:18:00,20.4225,32.1750
2025-05-02 20:33:00,20.4225,32.1750
2025-05-02 20:48:00,20.4225,32.1750
2025-05-02 21:03:00,20.4225,32.1750
2025-05-02 21:18:00,20.4225,32.1750
2025-05-02 21:33:00,20.4225,32.1750
2025-05-02 21:48:00,20.4225,32.1750
2025-05-02 22:03:00,20.4225,32.1750
2025-05-02 22:18:00,20.4225,32.1750
2025-05-02 22:33:00,20.4225,32.1750
2025-05-02 22:48:00,20.4225,32.1750
2025-05-02 23:03:00,20.4225,32.1750
2025-05-02 23:18:00,20.4225,32.1750
2025-05-02 23:33:00,20.4225,32.1750
2025-05-02 23:48:00,20.4225,32.1750
2025-05-03 00:03:00,20.4225,32.1750
2025-05-03 00:18:00,20.4225,32.1750
2025-05-03 00:33:00,20.4225,32.1750
2025-05-03 00:48:00,20.4225,32.1750
2025-05-03 01:03:00,20.4225,32.1750
2025-05-03 01:18:00,20.4225,32.1750
2025-05-03 01:33:00,20.4225,32.1750
2025-05-03 01:48:00,20.4225,32.1750
2025-05-03 02:03:00,20.4225,32.1750
2025-05-03 02:18:00,20.4225,32.1750
2025-05-03 02:33:00,20.4225,32.1750
2025-05-03 02:48:00,20.4225,32.1750
2025-05-03 03:03:00,20.4225,32.1750
2025-05-03 03:18:00,20.4225,32.1750
2025-05-03 03:33:00,20.4225,32.1750
2025-05-03 03:48:00,20.4225,32.1750
2025-05-03 04:03:00,20.4225,32.1750
2025-05-03 04:18:00,20.4225,32.1750
2025-05-03 04:33:00,20.4225,32.1750
2025-05-03 04:48:00,20.4225,32.1750
2025-05-03 05:03:00,20.4225,32.1750
2025-05-03 05:18:00,20.4225,32.1750
2025-05-03 05:33:00,20.4225,32.1750
2025-05-03 05:48:00,20.4225,32.1750
2025-05-03 06:03:00,20.4225,32.1750
2025-05-03 06:18:00,20.4225,32.1750
2025-05-03 06:33:00,20.4225,32.1750
2025-05-03 06:48:00,20.4225,32.1750
2025-05-03 07:03:00,20.4225,32.1750
2025-05-03 07:18:00,20.4225,32.1750
2025-05-03 07:33:00,20.4225,32.1750
2025-05-03 07:48:00,20.4225,32.1750
2025-05-03 08:03:00,20.4225,32.1750
2025-05-03 08:18:00,20.4225,32.1750
2025-05-03 08:33:00,20.4225,32.1750
2025-05-03 08:48:00,20.4225,32.1750
2025-05-03 09:03:00,20.4225,32.1750
2025-05-03 09:18:00,20.4225,32.1750
2025-05-03 09:33:00,20.4225,32.1750
2025-05-03 09:48:00,20.4225,32.1750
2025-05-03 10:03:00,20.4225,32.1750
2025-05-03 10:18:00,20.4225,32.1750
2025-05-03 10:33:00,20.4225,32.1750
2025-05-03 10:48:00,20.4225,32.1750
2025-05-03 11:03:00,20.4225,32.1750
2025-05-03 11:18:00,20.4225,32.1750
2025-05-03 11:33:00,20.4225,32.1750
2025-05-03 11:48:00,20.4225,32.1750
2025-05-03 12:03:00,20.4225,32.1750
2025-05-03 12:18:00,20.4225,32.1750
2025-05-03 12:33:00,20.4225,32.1750
2025-05-03 12:48:00,20.4225,32.1750
2025-05-03 13:03:00,20.4225,32.1750
2025-05-03 13:18:00,20.4225,32.1750
2025-05-03 13:33:00,20.4225,32.1750
2025-05-03 13:48:00,20.4225,32.1750
2025-05-03 14:03:00,20.4225,32.1750
2025-05-03 14:18:00,20.4225,32.1750
2025-05-03 14:33:00,20.4225,32.1750
2025-05-03 14:48:00,20.4225,32.1750
2025-05-03 15:03:00,20.4225,32.1750
2025-05-03 15:18:00,20.4225,32.1750
2025-05-03 15:33:00,20.4225,32.1750
2025-05-03 15:48:00,20.4225,32.1750
2025-05-03 16:03:00,20.4225,32.1750
2025-05-03 16:18:00,20.4225,32.1750
2025-05-03 16:33:00,20.4225,32.1750
2025-05-03 16:48:00,20.4225,32.1750
2025-05-03 17:03:00,20.4225,32.1750
2025-05-03 17:18:00,20.4225,32.1750
2025-05-03 17:33:00,20.4225,32.1750
2025-05-03 17:48:00,20.4225,32.1750
2025-05-03 18:03:00,20.4225,32.1750
2025-05-03 18:18:00,20.4225,32.1750
2025-05-03 18:33:00,20.4225,32.1750
2025-05-03 18:48:00,20.4225,32.1750
2025-05-03 19:03:00,20.4225,32.1750
2025-05-03 19:18:00,20.4225,32.1750
2025-05-03 19:33:00,20.4225,32.1750
2025-05-03 19:48:00,20.4225,32.1750
2025-05-03 20:03:00,20.4225,32.1750
2025-05-03 20:18:00,20.4225,32.1750
2025-05-03 20:33:00,20.4225,32.1750
2025-05-03 20:48:00,20.4225,32.1750
2025-05-03 21:03:00,20.4225,32.1750
2025-05-03 21:18:00,20.4225,32.1750
2025-05-03 21:33:00,20.4225,32.1750
2025-05-03 21:48:00,20.4225,32.1750
2025-05-03 22:03:00,20.4225,32.1750
2025-05-03 22:18:00,20.4225,32.1750
2025-05-03 22:33:00,20.4225,32.1750
2025-05-03 22:48:00,20.4225,32.1750
2025-05-03 23:03:00,20.4225,32.1750
2025-05-03 23:18:00,20.4225,32.1750
2025-05-03 23:33:00,20.4225,32.1750
2025-05-03 23:48:00,20.4225,32.1750
2025-05-04 00:03:00,20.4225,32.1750
2025-05-04 00:18:00,20.4225,32.1750
2025-05-04 00:33:00,20.4225,32.1750
2025-05-04 00:48:00,20.4225,32.1750
2025-05-04 01:03:00,20.4225,32.1750
2025-05-04 01:18:00,20.4225,32.1750
2025-05-04 01:33:00,20.4225,32.1750
2025-05-04 01:48:00,20.4225,32.1750
2025-05-04 02:03:00,20.4225,32.1750
2025-05-04 02:18:00,20.4225,32.1750
2025-05-04 02:33:00,20.4225,32.1750
2025-05-04 02:48:00,20.4225,32.1750
2025-05-04 03:03:00,20.4225,32.1750
2025-05-04 03:18:00,20.4225,32.1750
2025-05-04 03:33:00,20.4225,32.1750
2025-05-04 03:48:00,20.4225,32.1750
2025-05-04 04:03:00,20.4225,32.1750
2025-05-04 04:18:00,20.4225,32.1750
2025-05-04 04:33:00,20.4225,32.1750
2025-05-04 04:48:00,20.4225,32.1750
2025-05-04 05:03:00,20.4225,32.1750
2025-05-04 05:18:00,20.4225,32.1750
2025-05-04 05:33:00,20.4225,32.1750
2025-05-04 05:48:00,20.4225,32.1750
2025-05-04 06:03:00,20.4225,32.1750
2025-05-04 06:18:00,20.4225,32.1750
2025-05-04 06:33:00,20.4225,32.1750
2025-05-04 06:48:00,20.4225,32.1750
2025-05-04 07:03:00,20.4225,32.1750
2025-05-04 07:18:00,20.4225,32.1750
2025-05-04 07:33:00,20.4225,32.1750
2025-05-04 07:48:00,20.4225,32.1750
2025-05-04 08:03:00,20.4225,32.1750
2025-05-04 08:18:00,20.4225,32.1750
2025-05-04 08:33:00,20.4225,32.1750
2025-05-04 08:48:00,20.4225,32.1750
2025-05-04 09:03:00,20.4225,32.1750
2025-05-04 09:18:00,20.4225,32.1750
2025-05-04 09:33:00,20.4225,32.1750
2025-05-04 09:48:00,20.4225,32.1750
2025-05-04 10:03:00,20.4225,32.1750
2025-05-04 10:18:00,20.4225,32.1750
2025-05-04 10:33:00,20.4225,32.1750
2025-05-04 10:48:00,20.4225,32.1750
2025-05-04 11:03:00,20.4225,32.1750
2025-05-04 11:18:00,20.4225,32.1750
2025-05-04 11:33:00,20.4225,32.1750
2025-05-04 11:48:00,20.4225,32.1750
2025-05-04 12:03:00,20.4225,32.1750
2025-05-04 12:18:00,20.4225,32.1750
2025-05-04 12:33:00,20.4225,32.1750
2025-05-04 12:48:00,20.4225,32.1750
2025-05-04 13:03:00,20.4225,32.1750
2025-05-04 13:18:00,20.4225,32.1750
2025-05-04 13:33:00,20.4225,32.1750
2025-05-04 13:48:00,20.4225,32.1750
2025-05-04 14:03:00,20.4225,32.1750
2025-05-04 14:18:00,20.4225,32.1750
2025-05-04 14:33:00,20.4225,32.1750
2025-05-04 14:48:00,20.4225,32.1750
2025-05-04 15:03:00,20.4225,32.1750
2025-05-04 15:18:00,20.4225,32.1750
2025-05-04 15:33:00,20.4225,32.1750
2025-05-04 15:48:00,20.4225,32.1750
2025-05-04 16:03:00,20.4225,32.1750
2025-05-04 16:18:00,20.4225,32.1750
2025-05-04 16:33:00,20.4225,32.1750
2025-05-04 16:48:00,20.4225,32.1750
2025-05-04 17:03:00,20.4225,32.1750
2025-05-04 17:18:00,20.4225,32.1750
2025-05-04 17:33:00,20.4225,32.1750
2025-05-04 17:48:00,20.4225,32.1750
2025-05-04 18:03:00,20.4225,32.1750
2025-05-04 18:18:00,20.4225,32.1750
2025-05-04 18:33:00,20.4225,32.1750
2025-05-04 18:48:00,20.4225,32.1750
2025-05-04 19:03:00,20.4225,32.1750
2025-05-04 19:18:00,20.4225,32.1750
2025-05-04 19:33:00,20.4225,32.1750
2025-05-04 19:48:00,20.4225,32.1750
2025-05-04 20:03:00,20.4225,32.1750
2025-05-04 20:18:00,20.4225,32.1750
2025-05-04 20:33:00,20.4225,32.1750
2025-05-04 20:48:00,20.4225,32.1750
2025-05-04 21:03:00,20.4225,32.1750
2025-05-04 21:18:00,20.4225,32.1750
2025-05-04 21:33:00,20.4225,32.1750
2025-05-04 21:48:00,20.4225,32.1750
2025-05-04 22:03:00,20.4225,32.1750
2025-05-04 22:18:00,20.4225,32.1750
2025-05-04 22:33:00,20.4225,32.1750
2025-05-04 22:48:00,20.4225,32.1750
2025-05-04 23:03:00,20.4225,32.1750
2025-05-04 23:18:00,20.4225,32.1750
2025-05-04 23:33:00,20.4225,32.1750
2025-05-04 23:48:00,20.4225,32.1750
2025-05-05 00:03:00,20.4225,32.1750
2025-05-05 00:18:00,20.4225,32.1750
2025-05-05 00:33:00,20.4225,32.1750
2025-05-05 00:48:00,20.4225,32.1750
2025-05-05 01:03:00,20.4225,32.1750
2025-05-05 01:18:00,20.4225,32.1750
2025-05-05 01:33:00,20.4225,32.1750
2025-05-05 01:48:00,20.4225,32.1750
2025-05-05 02:03:00,20.4225,32.1750
2025-05-05 02:18:00,20.4225,32.1750
2025-05-05 02:33:00,20.4225,32.1750
2025-05-05 02:48:00,20.4225,32.1750
2025-05-05 03:03:00,20.4225,32.1750
2025-05-05 03:18:00,20.4225,32.1750
2025-05-05 03:33:00,20.4225,32.1750
2025-05-05 03:48:00,20.4225,32.1750
2025-05-05 04:03:00,20.4225,32.1750
2025-05-05 04:18:00,20.4225,32.1750
2025-05-05 04:33:00,20.4225,32.1750
2025-05-05 04:48:00,20.4225,32.1750
2025-05-05 05:03:00,20.4225,32.1750
2025-05-05 05:18:00,20.4225,32.1750
2025-05-05 05:33:00,20.4225,32.1750
2025-05-05 05:48:00,20.4225,32.1750
2025-05-05 06:03:00,20.4225,32.1750
2025-05-05 06:18:00,20.4225,32.1750
2025-05-05 06:33:00,20.4225,32.1750
2025-05-05 06:48:00,20.4225,32.1750
2025-05-05 07:03:00,20.4225,32.1750
2025-05-05 07:18:00,20.4225,32.1750
2025-05-05 07:33:00,20.4225,32.1750
2025-05-05 07:48:00,20.4225,32.1750
2025-05-05 08:03:00,20.4225,32.1750
2025-05-05 08:18:00,20.4225,32.1750
2025-05-05 08:33:00,20.4225,32.1750
2025-05-05 08:48:00,20.4225,32.1750
2025-05-05 09:03:00,20.4225,32.1750
2025-05-05 09:18:00,20.4225,32.1750
2025-05-05 09:33:00,20.4225,32.1750
2025-05-05 09:48:00,20.4225,32.1750
2025-05-05 10:03:00,20.4225,32.1750
2025-05-05 10:18:00,20.4225,32.1750
2025-05-05 10:33:00,20.4225,32.1750
2025-05-05 10:48:00,20.4225,32.1750
2025-05-05 11:03:00,20.4225,32.1750
2025-05-05 11:18:00,20.4225,32.1750
2025-05-05 11:33:00,20.4225,32.1750
2025-05-05 11:48:00,20.4225,32.1750
2025-05-05 12:03:00,20.4225,32.1750
2025-05-05 12:18:00,20.4225,32.1750
2025-05-05 12:33:00,20.4225,32.1750
2025-05-05 12:48:00,20.4225,32.1750
2025-05-05 13:03:00,20.4225,32.1750
2025-05-05 13:18:00,20.4225,32.1750
2025-05-05 13:33:00,20.4225,32.1750
2025-05-05 13:48:00,20.4225,32.1750
2025-05-05 14:03:00,20.4225,32.1750
2025-05-05 14:18:00,20.4225,32.1750
2025-05-05 14:33:00,20.4225,32.1750
2025-05-05 14:48:00,20.4225,32.1750
2025-05-05 15:03:00,20.4225,32.1750
2025-05-05 15:18:00,20.4225,32.1750
2025-05-05 15:33:00,20.4225,32.1750
2025-05-05 15:48:00,20.4225,32.1750
2025-05-05 16:03:00,20.4225,32.1750
2025-05-05 16:18:00,20.4225,32.1750
2025-05-05 16:33:00,20.4225,32.1750
2025-05-05 16:48:00,20.4225,32.1750
2025-05-05 17:03:00,20.4225,32.1750
2025-05-05 17:18:00,20.4225,32.1750
2025-05-05 17:33:00,20.4225,32.1750
2025-05-05 17:48:00,20.4225,32.1750
2025-05-05 18:03:00,20.4225,32.1750
2025-05-05 18:18:00,20.4225,32.1750
2025-05-05 18:33:00,20.4225,32.1750
2025-05-05 18:48:00,20.4225,32.1750
2025-05-05 19:03:00,20.4225,32.1750
2025-05-05 19:18:00,20.4225,32.1750
2025-05-05 19:33:00,20.4225,32.1750
2025-05-05 19:48:00,20.4225,32.1750
2025-05-05 20:03:00,20.4225,32.1750
2025-05-05 20:18:00,20.4225,32.1750
2025-05-05 20:33:00,20.4225,32.1750
2025-05-05 20:48:00,20.4225,32.1750
2025-05-05 21:03:00,20.4225,32.1750
2025-05-05 21:18:00,20.4225,32.1750
2025-05-05 21:33:00,20.4225,32.1750
2025-05-05 21:48:00,20.4225,32.1750
2025-05-05 22:03:00,20.4225,32.1750
2025-05-05 22:18:00,20.4225,32.1750
2025-05-05 22:33:00,20.4225,32.1750
2025-05-05 22:48:00,20.4225,32.1750
2025-05-05 23:03:00,20.4225,32.1750
2025-05-05 23:18:00,20.4225,32.1750
2025-05-05 23:33:00,20.4225,32.1750
2025-05-05 23:48:00,20.4225,32.1750
2025-05-06 00:03:00,20.4225,32.1750
2025-05-06 00:18:00,20.4225,32.1750
2025-05-06 00:33:00,20.4225,32.1750
2025-05-06 00:48:00,20.4225,32.1750
2025-05-06 01:03:00,20.4225,32.1750
2025-05-06 01:18:00,20.4225,32.1750
2025-05-06 01:33:00,20.4225,32.1750
2025-05-06 01:48:00,20.4225,32.1750
2025-05-06 02:03:00,20.4225,32.1750
2025-05-06 02:18:00,20.4225,32.1750
2025-05-06 02:33:00,20.4225,32.1750
2025-05-06 02:48:00,20.4225,32.1750
2025-05-06 03:03:00,20.4225,32.1750
2025-05-06 03:18:00,20.4225,32.1750
2025-05-06 03:33:00,20.4225,32.1750
2025-05-06 03:48:00,20.4225,32.1750
2025-05-06 04:03:00,20.4225,32.1750
2025-05-06 04:18:00,20.4225,32.1750
2025-05-06 04:33:00,20.4225,32.1750
2025-05-06 04:48:00,20.4225,32.1750
2025-05-06 05:03:00,20.4225,32.1750
2025-05-06 05:18:00,20.4225,32.1750
2025-05-06 05:33:00,20.4225,32.1750
2025-05-06 05:48:00,20.4225,32.1750
2025-05-06 06:03:00,20.4225,32.1750
2025-05-06 06:18:00,20.4225,32.1750
2025-05-06 06:33:00,20.4225,32.1750
2025-05-06 06:48:00,20.4225,32.1750
2025-05-06 07:03:00,20.4225,32.1750
2025-05-06 07:18:00,20.4225,32.1750
2025-05-06 07:33:00,20.4225,32.1750
2025-05-06 07:48:00,20.4225,32.1750
2025-05-06 08:03:00,20.4225,32.1750
2025-05-06 08:18:00,20.4225,32.1750
2025-05-06 08:33:00,20.4225,32.1750
2025-05-06 08:48:00,20.4225,32.1750
2025-05-06 09:03:00,20.4225,32.1750
2025-05-06 09:18:00,20.4225,32.1750
2025-05-06 09:33:00,20.4225,32.1750
2025-05-06 09:48:00,20.4225,32.1750
2025-05-06 10:03:00,20.4225,32.1750
2025-05-06 10:18:00,20.4225,32.1750
2025-05-06 10:33:00,20.4225,32.1750
2025-05-06 10:48:00,20.4225,32.1750
2025-05-06 11:03:00,20.4225,32.1750
2025-05-06 11:18:00,20.4225,32.1750
2025-05-06 11:33:00,20.4225,32.1750
2025-05-06 11:48:00,20.4225,32.1750
2025-05-06 12:03:00,20.4225,32.1750
2025-05-06 12:18:00,20.4225,32.1750
2025-05-06 12:33:00,20.4225,32.1750
2025-05-06 12:48:00,20.4225,32.1750
2025-05-06 13:03:00,20.4225,32.1750
2025-05-06 13:18:00,20.4225,32.1750
2025-05-06 13:33:00,20.4225,32.1750
2025-05-06 13:48:00,20.4225,32.1750
2025-05-06 14:03:00,20.4225,32.1750
2025-05-06 14:18:00,20.4225,32.1750
2025-05-06 14:33:00,20.4225,32.1750
2025-05-06 14:48:00,20.4225,32.1750
2025-05-06 15:03:00,20.4225,32.1750
2025-05-06 15:18:00,20.4225,32.1750
2025-05-06 15:33:00,20.4225,32.1750
2025-05-06 15:48:00,20.4225,32.1750
2025-05-06 16:03:00,20.4225,32.1750
2025-05-06 16:18:00,20.4225,32.1750
2025-05-06 16:33:00,20.4225,32.1750
2025-05-06 16:48:00,20.4225,32.1750
2025-05-06 17:03:00,20.4225,32.1750
2025-05-06 17:18:00,20.4225,32.1750
2025-05-06 17:33:00,20.4225,32.1750
2025-05-06 17:48:00,20.4225,32.1750
2025-05-06 18:03:00,20.4225,32.1750
2025-05-06 18:18:00,20.4225,32.1750
2025-05-06 18:33:00,20.4225,32.1750
2025-05-06 18:48:00,20.4225,32.1750
2025-05-06 19:03:00,20.4225,32.1750
2025-05-06 19:18:00,20.4225,32.1750
2025-05-06 19:33:00,20.4225,32.1750
2025-05-06 19:48:00,20.4225,32.1750
2025-05-06 20:03:00,20.4225,32.1750
2025-05-06 20:18:00,20.4225,32.1750
2025-05-06 20:33:00,20.4225,32.1750
2025-05-06 20:48:00,20.4225,32.1750
2025-05-06 21:03:00,20.4225,32.1750
2025-05-06 21:18:00,20.4225,32.1750
2025-05-06 21:33:00,20.4225,32.1750
2025-05-06 21:48:00,20.4225,32.1750
2025-05-06 22:03:00,20.4225,32.1750
2025-05-06 22:18:00,20.4225,32.1750
2025-05-06 22:33:00,20.4225,32.1750
2025-05-06 22:48:00,20.4225,32.1750
2025-05-06 23:03:00,20.4225,32.1750
2025-05-06 23:18:00,20.4225,32.1750
2025-05-06 23:33:00,20.4225,32.1750
2025-05-06 23:48:00,20.4225,32.1750
2025-05-07 00:03:00,20.4225,32.1750
2025-05-07 00:18:00,20.4225,32.1750
2025-05-07 00:33:00,20.4225,32.1750
2025-05-07 00:48:00,20.4225,32.1750
2025-05-07 01:03:00,20.4225,32.1750
2025-05-07 01:18:00,20.4225,32.1750
2025-05-07 01:33:00,20.4225,32.1750
2025-05-07 01:48:00,20.4225,32.1750
2025-05-07 02:03:00,20.4225,32.1750
2025-05-07 02:18:00,20.4225,32.1750
2025-05-07 02:33:00,20.4225,32.1750
2025-05-07 02:48:00,20.4225,32.1750
2025-05-07 03:03:00,20.4225,32.1750
2025-05-07 03:18:00,20.4225,32.1750
2025-05-07 03:33:00,20.4225,32.1750
2025-05-07 03:48:00,20.4225,32.1750
2025-05-07 04:03:00,20.4225,32.1750
2025-05-07 04:18:00,20.4225,32.1750
2025-05-07 04:33:00,20.4225,32.1750
2025-05-07 04:48:00,20.4225,32.1750
2025-05-07 05:03:00,20.4225,32.1750
2025-05-07 05:18:00,20.4225,32.1750
2025-05-07 05:33:00,20.4225,32.1750
2025-05-07 05:48:00,20.4225,32.1750
2025-05-07 06:03:00,20.4225,32.1750
2025-05-07 06:18:00,20.4225,32.1750
2025-05-07 06:33:00,20.4225,32.1750
2025-05-07 06:48:00,20.4225,32.1750
2025-05-07 07:03:00,20.4225,32.1750
2025-05-07 07:18:00,20.4225,32.1750
2025-05-07 07:33:00,20.4225,32.1750
2025-05-07 07:48:00,20.4225,32.1750
2025-05-07 08:03:00,20.4225,32.1750
2025-05-07 08:18:00,20.4225,32.1750
2025-05-07 08:33:00,20.4225,32.1750
2025-05-07 08:48:00,20.4225,32.1750
2025-05-07 09:03:00,20.4225,32.1750
2025-05-07 09:18:00,20.4225,32.1750
2025-05-07 09:33:00,20.4225,32.1750
2025-05-07 09:48:00,20.4225,32.1750
2025-05-07 10:03:00,20.4225,32.1750
2025-05-07 10:18:00,20.4225,32.1750
2025-05-07 10:33:00,20.4225,32.1750
2025-05-07 10:48:00,20.4225,32.1750
2025-05-07 11:03:00,20.4225,32.1750
2025-05-07 11:18:00,20.4225,32.1750
2025-05-07 11:33:00,20.4225,32.1750
2025-05-07 11:48:00,20.4225,32.1750
2025-05-07 12:03:00,20.4225,32.1750
2025-05-07 12:18:00,20.4225,32.1750
2025-05-07 12:33:00,20.4225,32.1750
2025-05-07 12:48:00,20.4225,32.1750
2025-05-07 13:03:00,20.4225,32.1750
2025-05-07 13:18:00,20.4225,32.1750
2025-05-07 13:33:00,20.4225,32.1750
2025-05-07 13:48:00,20.4225,32.1750
2025-05-07 14:03:00,20.4225,32.1750
2025-05-07 14:18:00,20.4225,32.1750
2025-05-07 14:33:00,20.4225,32.1750
2025-05-07 14:48:00,20.4225,32.1750
2025-05-07 15:03:00,20.4225,32.1750
2025-05-07 15:18:00,20.4225,32.1750
2025-05-07 15:33:00,20.4225,32.1750
2025-05-07 15:48:00,20.4225,32.1750
2025-05-07 16:03:00,20.4225,32.1750
2025-05-07 16:18:00,20.4225,32.1750
2025-05-07 16:33:00,20.4225,32.1750
2025-05-07 16:48:00,20.4225,32.1750
2025-05-07 17:03:00,20.4225,32.1750
2025-05-07 17:18:00,20.4225,32.1750
2025-05-07 17:33:00,20.4225,32.1750
2025-05-07 17:48:00,20.4225,32.1750
2025-05-07 18:03:00,20.4225,32.1750
2025-05-07 18:18:00,20.4225,32.1750
2025-05-07 18:33:00,20.4225,32.1750
2025-05-07 18:48:00,20.4225,32.1750
2025-05-07 19:03:00,20.4225,32.1750
2025-05-07 19:18:00,20.4225,32.1750
2025-05-07 19:33:00,20.4225,32.1750
2025-05-07 19:48:00,20.4225,32.1750
2025-05-07 20:03:00,20.4225,32.1750
2025-05-07 20:18:00,20.4225,32.1750
2025-05-07 20:33:00,20.4225,32.1750
2025-05-07 20:48:00,20.4225,32.1750
2025-05-07 21:03:00,20.4225,32.1750
2025-05-07 21:18:00,20.4225,32.1750
2025-05-07 21:33:00,20.4225,32.1750
2025-05-07 21:48:00,20.4225,32.1750
2025-05-07 22:03:00,20.4225,32.1750
2025-05-07 22:18:00,20.4225,32.1750
2025-05-07 22:33:00,20.4225,32.1750
2025-05-07 22:48:00,20.4225,32.1750
2025-05-07 23:03:00,20.4225,32.1750
2025-05-07 23:18:00,20.4225,32.1750
2025-05-07 23:33:00,20.4225,32.1750
2025-05-07 23:48:00,20.4225,32.1750
2025-05-08 00:03:00,20.4225,32.1750
2025-05-08 00:18:00,20.4225,32.1750
2025-05-08 00:33:00,20.4225,32.1750
2025-05-08 00:48:00,20.4225,32.1750
2025-05-08 01:03:00,20.4225,32.1750
2025-05-08 01:18:00,20.4225,32.1750
2025-05-08 01:33:00,20.4225,32.1750
2025-05-08 01:48:00,20.4225,32.1750
2025-05-08 02:03:00,20.4225,32.1750
2025-05-08 02:18:00,20.4225,32.1750
2025-05-08 02:33:00,20.4225,32.1750
2025-05-08 02:48:00,20.4225,32.1750
2025-05-08 03:03:00,20.4225,32.1750
2025-05-08 03:18:00,20.4225,32.1750
2025-05-08 03:33:00,20.4225,32.1750
2025-05-08 03:48:00,20.4225,32.1750
2025-05-08 04:03:00,20.4225,32.1750
2025-05-08 04:18:00,20.4225,32.1750
2025-05-08 04:33:00,20.4225,32.1750
2025-05-08 04:48:00,20.4225,32.1750
2025-05-08 05:03:00,20.4225,32.1750
2025-05-08 05:18:00,20.4225,32.1750
2025-05-08 05:33:00,20.4225,32.1750
2025-05-08 05:48:00,20.4225,32.1750
2025-05-08 06:03:00,20.4225,32.1750
2025-05-08 06:18:00,20.4225,32.1750
2025-05-08 06:33:00,20.4225,32.1750
2025-05-08 06:48:00,20.4225,32.1750
2025-05-08 07:03:00,20.4225,32.1750
2025-05-08 07:18:00,20.4225,32.1750
2025-05-08 07:33:00,20.4225,32.1750
2025-05-08 07:48:00,20.4225,32.1750
2025-05-08 08:03:00,20.4225,32.1750
2025-05-08 08:18:00,20.4225,32.1750
2025-05-08 08:33:00,20.4225,32.1750
2025-05-08 08:48:00,20.4225,32.1750
2025-05-08 09:03:00,20.4225,32.1750
2025-05-08 09:18:00,20.4225,32.1750
2025-05-08 09:33:00,20.4225,32.1750
2025-05-08 09:48:00,20.4225,32.1750
2025-05-08 10:03:00,20.4225,32.1750
2025-05-08 10:18:00,20.4225,32.1750
2025-05-08 10:33:00,20.4225,32.1750
2025-05-08 10:48:00,20.4225,32.1750
2025-05-08 11:03:00,20.4225,32.1750
2025-05-08 11:18:00,20.4225,32.1750
2025-05-08 11:33:00,20.4225,32.1750
2025-05-08 11:48:00,20.4225,32.1750
2025-05-08 12:03:00,20.4225,32.1750
2025-05-08 12:18:00,20.4225,32.1750
2025-05-08 12:33:00,20.4225,32.1750
2025-05-08 12:48:00,20.4225,32.1750
2025-05-08 13:03:00,20.4225,32.1750
2025-05-08 13:18:00,20.4225,32.1750
2025-05-08 13:33:00,20.4225,32.1750
2025-05-08 13:48:00,20.4225,32.1750
2025-05-08 14:03:00,20.4225,32.1750
2025-05-08 14:18:00,20.4225,32.1750
2025-05-08 14:33:00,20.4225,32.1750
2025-05-08 14:48:00,20.4225,32.1750
2025-05-08 15:03:00,20.4225,32.1750
2025-05-08 15:18:00,20.4225,32.1750
2025-05-08 15:33:00,20.4225,32.1750
2025-05-08 15:48:00,20.4225,32.1750
2025-05-08 16:03:00,20.4225,32.1750
2025-05-08 16:18:00,20.4225,32.1750
2025-05-08 16:33:00,20.4225,32.1750
2025-05-08 16:48:00,20.4225,32.1750
2025-05-08 17:03:00,20.4225,32.1750
2025-05-08 17:18:00,20.4225,32.1750
2025-05-08 17:33:00,20.4225,32.1750
2025-05-08 17:48:00,20.4225,32.1750
2025-05-08 18:03:00,20.4225,32.1750
2025-05-08 18:18:00,20.4225,32.1750
2025-05-08 18:33:00,20.4225,32.1750
2025-05-08 18:48:00,20.4225,32.1750
2025-05-08 19:03:00,20.4225,32.1750
2025-05-08 19:18:00,20.4225,32.1750
2025-05-08 19:33:00,20.4225,32.1750
2025-05-08 19:48:00,20.4225,32.1750
2025-05-08 20:03:00,20.4225,32.1750
2025-05-08 20:18:00,20.4225,32.1750
2025-05-08 20:33:00,20.4225,32.1750
2025-05-08 20:48:00,20.4225,32.1750
2025-05-08 21:03:00,20.4225,32.1750
2025-05-08 21:18:00,20.4225,32.1750
2025-05-08 21:33:00,20.4225,32.1750
2025-05-08 21:48:00,20.4225,32.1750
2025-05-08 22:03:00,20.4225,32.1750
2025-05-08 22:18:00,20.4225,32.1750
2025-05-08 22:33:00,20.4225,32.1750
2025-05-08 22:48:00,20.4225,32.1750
2025-05-08 23:03:00,20.4225,32.1750
2025-05-08 23:18:00,20.4225,32.1750
2025-05-08 23:33:00,20.4225,32.1750
2025-05-08 23:48:00,20.4225,32.1750
2025-05-09 00:03:00,20.4225,32.1750
2025-05-09 00:18:00,20.4225,32.1750
2025-05-09 00:33:00,20.4225,32.1750
2025-05-09 00:48:00,20.4225,32.1750
2025-05-09 01:03:00,20.4225,32.1750
2025-05-09 01:18:00,20.4225,32.1750
2025-05-09 01:33:00,20.4225,32.1750
2025-05-09 01:48:00,20.4225,32.1750
2025-05-09 02:03:00,20.4225,32.1750
2025-05-09 02:18:00,20.4225,32.1750
2025-05-09 02:33:00,20.4225,32.1750
2025-05-09 02:48:00,20.4225,32.1750
2025-05-09 03:03:00,20.4225,32.1750
2025-05-09 03:18:00,20.4225,32.1750
2025-05-09 03:33:00,20.4225,32.1750
2025-05-09 03:48:00,20.4225,32.1750
2025-05-09 04:03:00,20.4225,32.1750
2025-05-09 04:18:00,20.4225,32.1750
2025-05-09 04:33:00,20.4225,32.1750
2025-05-09 04:48:00,20.4225,32.1750
2025-05-09 05:03:00,20.4225,32.1750
2025-05-09 05:18:00,20.4225,32.1750
2025-05-09 05:33:00,20.4225,32.1750
2025-05-09 05:48:00,20.4225,32.1750
2025-05-09 06:03:00,20.4225,32.1750
2025-05-09 06:18:00,20.4225,32.1750
2025-05-09 06:33:00,20.4225,32.1750
2025-05-09 06:48:00,20.4225,32.1750
2025-05-09 07:03:00,20.4225,32.1750
2025-05-09 07:18:00,20.4225,32.1750
2025-05-09 07:33:00,20.4225,32.1750
2025-05-09 07:48:00,20.4225,32.1750
2025-05-09 08:03:00,20.4225,32.1750
2025-05-09 08:18:00,20.4225,32.1750
2025-05-09 08:33:00,20.4225,32.1750
2025-05-09 08:48:00,20.4225,32.1750
2025-05-09 09:03:00,20.4225,32.1750
2025-05-09 09:18:00,20.4225,32.1750
2025-05-09 09:33:00,20.4225,32.1750
2025-05-09 09:48:00,20.4225,32.1750
2025-05-09 10:03:00,20.4225,32.1750
2025-05-09 10:18:00,20.4225,32.1750
2025-05-09 10:33:00,20.4225,32.1750
2025-05-09 10:48:00,20.4225,32.1750
2025-05-09 11:03:00,20.4225,32.1750
2025-05-09 11:18:00,20.4225,32.1750
2025-05-09 11:33:00,20.4225,32.1750
2025-05-09 11:48:00,20.4225,32.1750
2025-05-09 12:03:00,20.4225,32.1750
2025-05-09 12:18:00,20.4225,32.1750
2025-05-09 12:33:00,20.4225,32.1750
2025-05-09 12:48:00,20.4225,32.1750
2025-05-09 13:03:00,20.4225,32.1750
2025-05-09 13:18:00,20.4225,32.1750
2025-05-09 13:33:00,20.4225,32.1750
2025-05-09 13:48:00,20.4225,32.1750
2025-05-09 14:03:00,20.4225,32.1750
2025-05-09 14:18:00,20.4225,32.1750
2025-05-09 14:33:00,20.4225,32.1750
2025-05-09 14:48:00,20.4225,32.1750
2025-05-09 15:03:00,20.4225,32.1750
2025-05-09 15:18:00,20.4225,32.1750
2025-05-09 15:33:00,20.4225,32.1750
2025-05-09 15:48:00,20.4225,32.1750
2025-05-09 16:03:00,20.4225,32.1750
2025-05-09 16:18:00,20.4225,32.1750
2025-05-09 16:33:00,20.4225,32.1750
2025-05-09 16:48:00,20.4225,32.1750
2025-05-09 17:03:00,20.4225,32.1750
2025-05-09 17:18:00,20.4225,32.1750
2025-05-09 17:33:00,20.4225,32.1750
2025-05-09 17:48:00,20.4225,32.1750
2025-05-09 18:03:00,20.4225,32.1750
2025-05-09 18:18:00,20.4225,32.1750
2025-05-09 18:33:00,20.4225,32.1750
2025-05-09 18:48:00,20.4225,32.1750
2025-05-09 19:03:00,20.4225,32.1750
2025-05-09 19:18:00,20.4225,32.1750
2025-05-09 19:33:00,20.4225,32.1750
2025-05-09 19:48:00,20.4225,32.1750
2025-05-09 20:03:00,20.4225,32.1750
2025-05-09 20:18:00,20.4225,32.1750
2025-05-09 20:33:00,20.4225,32.1750
2025-05-09 20:48:00,20.4225,32.1750
2025-05-09 21:03:00,20.4225,32.1750
2025-05-09 21:18:00,20.4225,32.1750
2025-05-09 21:33:00,20.4225,32.1750
2025-05-09 21:48:00,20.4225,32.1750
2025-05-09 22:03:00,20.4225,32.1750
2025-05-09 22:18:00,20.4225,32.1750
2025-05-09 22:33:00,20.4225,32.1750
2025-05-09 22:48:00,20.4225,32.1750
2025-05-09 23:03:00,20.4225,32.1750
2025-05-09 23:18:00,20.4225,32.1750
2025-05-09 23:33:00,20.4225,32.1750
2025-05-09 23:48:00,20.4225,32.1750
2025-05-10 00:03:00,20.4225,32.1750
2025-05-10 00:18:00,20.4225,32.1750
2025-05-10 00:33:00,20.4225,32.1750
2025-05-10 00:48:00,20.4225,32.1750
2025-05-10 01:03:00,20.4225,32.1750
2025-05-10 01:18:00,20.4225,32.1750
2025-05-10 01:33:00,20.4225,32.1750
2025-05-10 01:48:00,20.4225,32.1750
2025-05-10 02:03:00,20.4225,32.1750
2025-05-10 02:18:00,20.4225,32.1750
2025-05-10 02:33:00,20.4225,32.1750
2025-05-10 02:48:00,20.4225,32.1750
2025-05-10 03:03:00,20.4225,32.1750
2025-05-10 03:18:00,20.4225,32.1750
2025-05-10 03:33:00,20.4225,32.1750
2025-05-10 03:48:00,20.4225,32.1750
2025-05-10 04:03:00,20.4225,32.1750
2025-05-10 04:18:00,20.4225,32.1750
2025-05-10 04:33:00,20.4225,32.1750
2025-05-10 04:48:00,20.4225,32.1750
2025-05-10 05:03:00,20.4225,32.1750
2025-05-10 05:18:00,20.4225,32.1750
2025-05-10 05:33:00,20.4225,32.1750
2025-05-10 05:48:00,20.4225,32.1750
2025-05-10 06:03:00,20.4225,32.1750
2025-05-10 06:18:00,20.4225,32.1750
2025-05-10 06:33:00,20.4225,32.1750
2025-05-10 06:48:00,20.4225,32.1750
2025-05-10 07:03:00,20.4225,32.1750
2025-05-10 07:18:00,20.4225,32.1750
2025-05-10 07:33:00,20.4225,32.1750
2025-05-10 07:48:00,20.4225,32.1750
2025-05-10 08:03:00,20.4225,32.1750
2025-05-10 08:18:00,20.4225,32.1750
2025-05-10 08:33:00,20.4225,32.1750
2025-05-10 08:48:00,20.4225,32.1750
2025-05-10 09:03:00,20.4225,32.1750
2025-05-10 09:18:00,20.4225,32.1750
2025-05-10 09:33:00,20.4225,32.1750
2025-05-10 09:48:00,20.4225,32.1750
2025-05-10 10:03:00,20.4225,32.1750
2025-05-10 10:18:00,20.4225,32.1750
2025-05-10 10:33:00,20.4225,32.1750
2025-05-10 10:48:00,20.4225,32.1750
2025-05-10 11:03:00,20.4225,32.1750
2025-05-10 11:18:00,20.4225,32.1750
2025-05-10 11:33:00,20.4225,32.1750
2025-05-10 11:48:00,20.4225,32.1750
2025-05-10 12:03:00,20.4225,32.1750
2025-05-10 12:18:00,20.4225,32.1750
2025-05-10 12:33:00,20.4225,32.1750
2025-05-10 12:48:00,20.4225,32.1750
2025-05-10 13:03:00,20.4225,32.1750
2025-05-10 13:18:00,20.4225,32.1750
2025-05-10 13:33:00,20.4225,32.1750
2025-05-10 13:48:00,20.4225,32.1750
2025-05-10 14:03:00,20.4225,32.1750
2025-05-10 14:18:00,20.4225,32.1750
2025-05-10 14:33:00,20.4225,32.1750
2025-05-10 14:48:00,20.4225,32.1750
2025-05-10 15:03:00,20.4225,32.1750
2025-05-10 15:18:00,20.4225,32.1750
2025-05-10 15:33:00,20.4225,32.1750
2025-05-10 15:48:00,20.4225,32.1750
2025-05-10 16:03:00,20.4225,32.1750
2025-05-10 16:18:00,20.4225,32.1750
2025-05-10 16:33:00,20.4225,32.1750
2025-05-10 16:48:00,20.4225,32.1750
2025-05-10 17:03:00,20.4225,32.1750
2025-05-10 17:18:00,20.4225,32.1750
2025-05-10 17:33:00,20.4225,32.1750
2025-05-10 17:48:00,20.4225,32.1750
2025-05-10 18:03:00,20.4225,32.1750
2025-05-10 18:18:00,20.4225,32.1750
2025-05-10 18:33:00,20.4225,32.1750
2025-05-10 18:48:00,20.4225,32.1750
2025-05-10 19:03:00,20.4225,32.1750
2025-05-10 19:18:00,20.4225,32.1750
2025-05-10 19:33:00,20.4225,32.1750
2025-05-10 19:48:00,20.4225,32.1750
2025-05-10 20:03:00,20.4225,32.1750
2025-05-10 20:18:00,20.4225,32.1750
2025-05-10 20:33:00,20.4225,32.1750
2025-05-10 20:48:00,20.4225,32.1750
2025-05-10 21:03:00,20.4225,32.1750
2025-05-10 21:18:00,20.4225,32.1750
2025-05-10 21:33:00,20.4225,32.1750
2025-05-10 21:48:00,20.4225,32.1750
2025-05-10 22:03:00,20.4225,32.1750
2025-05-10 22:18:00,20.4225,32.1750
2025-05-10 22:33:00,20.4225,32.1750
2025-05-10 22:48:00,20.4225,32.1750
2025-05-10 23:03:00,20.4225,32.1750
2025-05-10 23:18:00,20.4225,32.1750
2025-05-10 23:33:00,20.4225,32.1750
2025-05-10 23:48:00,20.4225,32.1750
2025-05-11 00:03:00,20.4225,32.1750
2025-05-11 00:18:00,20.4225,32.1750
2025-05-11 00:33:00,20.4225,32.1750
2025-05-11 00:48:00,20.4225,32.1750
2025-05-11 01:03:00,20.4225,32.1750
2025-05-11 01:18:00,20.4225,32.1750
2025-05-11 01:33:00,20.4225,32.1750
2025-05-11 01:48:00,20.4225,32.1750
2025-05-11 02:03:00,20.4225,32.1750
2025-05-11 02:18:00,20.4225,32.1750
2025-05-11 02:33:00,20.4225,32.1750
2025-05-11 02:48:00,20.4225,32.1750
2025-05-11 03:03:00,20.4225,32.1750
2025-05-11 03:18:00,20.4225,32.1750
2025-05-11 03:33:00,20.4225,32.1750
2025-05-11 03:48:00,20.4225,32.1750
2025-05-11 04:03:00,20.4225,32.1750
2025-05-11 04:18:00,20.4225,32.1750
2025-05-11 04:33:00,20.4225,32.1750
2025-05-11 04:48:00,20.4225,32.1750
2025-05-11 05:03:00,20.4225,32.1750
2025-05-11 05:18:00,20.4225,32.1750
2025-05-11 05:33:00,20.4225,32.1750
2025-05-11 05:48:00,20.4225,32.1750
2025-05-11 06:03:00,20.4225,32.1750
2025-05-11 06:18:00,20.4225,32.1750
2025-05-11 06:33:00,20.4225,32.1750
2025-05-11 06:48:00,20.4225,32.1750
2025-05-11 07:03:00,20.4225,32.1750
2025-05-11 07:18:00,20.4225,32.1750
2025-05-11 07:33:00,20.4225,32.1750
2025-05-11 07:48:00,20.4225,32.1750
2025-05-11 08:03:00,20.4225,32.1750
2025-05-11 08:18:00,20.4225,32.1750
2025-05-11 08:33:00,20.4225,32.1750
2025-05-11 08:48:00,20.4225,32.1750
2025-05-11 09:03:00,20.4225,32.1750
2025-05-11 09:18:00,20.4225,32.1750
2025-05-11 09:33:00,20.4225,32.1750
2025-05-11 09:48:00,20.4225,32.1750
2025-05-11 10:03:00,20.4225,32.1750
2025-05-11 10:18:00,20.4225,32.1750
2025-05-11 10:33:00,20.4225,32.1750
2025-05-11 10:48:00,20.4225,32.1750
2025-05-11 11:03:00,20.4225,32.1750
2025-05-11 11:18:00,20.4225,32.1750
2025-05-11 11:33:00,20.4225,32.1750
2025-05-11 11:48:00,20.4225,32.1750
2025-05-11 12:03:00,20.4225,32.1750
2025-05-11 12:18:00,20.4225,32.1750
2025-05-11 12:33:00,20.4225,32.1750
2025-05-11 12:48:00,20.4225,32.1750
2025-05-11 13:03:00,20.4225,32.1750
2025-05-11 13:18:00,20.4225,32.1750
2025-05-11 13:33:00,20.4225,32.1750
2025-05-11 13:48:00,20.4225,32.1750
2025-05-11 14:03:00,20.4225,32.1750
2025-05-11 14:18:00,20.4225,32.1750
2025-05-11 14:33:00,20.4225,32.1750
2025-05-11 14:48:00,20.4225,32.1750
2025-05-11 15:03:00,20.4225,32.1750
2025-05-11 15:18:00,20.4225,32.1750
2025-05-11 15:33:00,20.4225,32.1750
2025-05-11 15:48:00,20.4225,32.1750
2025-05-11 16:03:00,20.4225,32.1750
2025-05-11 16:18:00,20.4225,32.1750
2025-05-11 16:33:00,20.4225,32.1750
2025-05-11 16:48:00,20.4225,32.1750
2025-05-11 17:03:00,20.4225,32.1750
2025-05-11 17:18:00,20.4225,32.1750
2025-05-11 17:33:00,20.4225,32.1750
2025-05-11 17:48:00,20.4225,32.1750
2025-05-11 18:03:00,20.4225,32.1750
2025-05-11 18:18:00,20.4225,32.1750
2025-05-11 18:33:00,20.4225,32.1750
2025-05-11 18:48:00,20.4225,32.1750
2025-05-11 19:03:00,20.4225,32.1750
2025-05-11 19:18:00,20.4225,32.1750
2025-05-11 19:33:00,20.4225,32.1750
2025-05-11 19:48:00,20.4225,32.1750
2025-05-11 20:03:00,20.4225,32.1750
2025-05-11 20:18:00,20.4225,32.1750
2025-05-11 20:33:00,20.4225,32.1750
2025-05-11 20:48:00,20.4225,32.1750
2025-05-11 21:03:00,20.4225,32.1750
2025-05-11 21:18:00,20.4225,32.1750
2025-05-11 21:33:00,20.4225,32.1750
2025-05-11 21:48:00,20.4225,32.1750
2025-05-11 22:03:00,20.4225,32.1750
2025-05-11 22:18:00,20.4225,32.1750
2025-05-11 22:33:00,20.4225,32.1750
2025-05-11 22:48:00,20.4225,32.1750
2025-05-11 23:03:00,20.4225,32.1750
2025-05-11 23:18:00,20.4225,32.1750
2025-05-11 23:33:00,20.4225,32.1750
2025-05-11 23:48:00,20.4225,32.1750
2025-05-12 00:03:00,20.4225,32.1750
2025-05-12 00:18:00,20.4225,32.1750
2025-05-12 00:33:00,20.4225,32.1750
2025-05-12 00:48:00,20.4225,32.1750
2025-05-12 01:03:00,20.4225,32.1750
2025-05-12 01:18:00,20.4225,32.1750
2025-05-12 01:33:00,20.4225,32.1750
2025-05-12 01:48:00,20.4225,32.1750
2025-05-12 02:03:00,20.4225,32.1750
2025-05-12 02:18:00,20.4225,32.1750
2025-05-12 02:33:00,20.4225,32.1750
2025-05-12 02:48:00,20.4225,32.1750
2025-05-12 03:03:00,20.4225,32.1750
2025-05-12 03:18:00,20.4225,32.1750
2025-05-12 03:33:00,20.4225,32.1750
2025-05-12 03:48:00,20.4225,32.1750
2025-05-12 04:03:00,20.4225,32.1750
2025-05-12 04:18:00,20.4225,32.1750
2025-05-12 04:33:00,20.4225,32.1750
2025-05-12 04:48:00,20.4225,32.1750
2025-05-12 05:03:00,20.4225,32.1750
2025-05-12 05:18:00,20.4225,32.1750
2025-05-12 05:33:00,20.4225,32.1750
2025-05-12 05:48:00,20.4225,32.1750
2025-05-12 06:03:00,20.4225,32.1750
2025-05-12 06:18:00,20.4225,32.1750
2025-05-12 06:33:00,20.4225,32.1750
2025-05-12 06:48:00,20.4225,32.1750
2025-05-12 07:03:00,20.4225,32.1750
2025-05-12 07:18:00,20.4225,32.1750
2025-05-12 07:33:00,20.4225,32.1750
2025-05-12 07:48:00,20.4225,32.1750
2025-05-12 08:03:00,20.4225,32.1750
2025-05-12 08:18:00,20.4225,32.1750
2025-05-12 08:33:00,20.4225,32.1750
2025-05-12 08:48:00,20.4225,32.1750
2025-05-12 09:03:00,20.4225,32.1750
2025-05-12 09:18:00,20.4225,32.1750
2025-05-12 09:33:00,20.4225,32.1750
2025-05-12 09:48:00,20.4225,32.1750
2025-05-12 10:03:00,20.4225,32.1750
2025-05-12 10:18:00,20.4225,32.1750
2025-05-12 10:33:00,20.4225,32.1750
2025-05-12 10:48:00,20.4225,32.1750
2025-05-12 11:03:00,20.4225,32.1750
2025-05-12 11:18:00,20.4225,32.1750
2025-05-12 11:33:00,20.4225,32.1750
2025-05-12 11:48:00,20.4225,32.1750
2025-05-12 12:03:00,20.4225,32.1750
2025-05-12 12:18:00,20.4225,32.1750
2025-05-12 12:33:00,20.4225,32.1750
2025-05-12 12:48:00,20.4225,32.1750
2025-05-12 13:03:00,20.4225,32.1750
2025-05-12 13:18:00,20.4225,32.1750
2025-05-12 13:33:00,20.4225,32.1750
2025-05-12 13:48:00,20.4225,32.1750
2025-05-12 14:03:00,20.4225,32.1750
2025-05-12 14:18:00,20.4225,32.1750
2025-05-12 14:33:00,20.4225,32.1750
2025-05-12 14:48:00,20.4225,32.1750
2025-05-12 15:03:00,20.4225,32.1750
2025-05-12 15:18:00,20.4225,32.1750
2025-05-12 15:33:00,20.4225,32.1750
2025-05-12 15:48:00,20.4225,32.1750
2025-05-12 16:03:00,20.4225,32.1750
2025-05-12 16:18:00,20.4225,32.1750
2025-05-12 16:33:00,20.4225,32.1750
2025-05-12 16:48:00,20.4225,32.1750
2025-05-12 17:03:00,20.4225,32.1750
2025-05-12 17:18:00,20.4225,32.1750
2025-05-12 17:33:00,20.4225,32.1750
2025-05-12 17:48:00,20.4225,32.1750
2025-05-12 18:03:00,20.4225,32.1750
2025-05-12 18:18:00,20.4225,32.1750
2025-05-12 18:33:00,20.4225,32.1750
2025-05-12 18:48:00,20.4225,32.1750
2025-05-12 19:03:00,20.4225,32.1750
2025-05-12 19:18:00,20.4225,32.1750
2025-05-12 19:33:00,20.4225,32.1750
2025-05-12 19:48:00,20.4225,32.1750
2025-05-12 20:03:00,20.4225,32.1750
2025-05-12 20:18:00,20.4225,32.1750
2025-05-12 20:33:00,20.4225,32.1750
2025-05-12 20:48:00,20.4225,32.1750
2025-05-12 21:03:00,20.4225,32.1750
2025-05-12 21:18:00,20.4225,32.1750
2025-05-12 21:33:00,20.4225,32.1750
2025-05-12 21:48:00,20.4225,32.1750
2025-05-12 22:03:00,20.4225,32.1750
2025-05-12 22:18:00,20.4225,32.1750
2025-05-12 22:33:00,20.4225,32.1750
2025-05-12 22:48:00,20.4225,32.1750
2025-05-12 23:03:00,20.4225,32.1750
2025-05-12 23:18:00,20.4225,32.1750
2025-05-12 23:33:00,20.4225,32.1750
2025-05-12 23:48:00,20.4225,32.1750
2025-05-13 00:03:00,20.4225,32.1750
2025-05-13 00:18:00,20.4225,32.1750
2025-05-13 00:33:00,20.4225,32.1750
2025-05-13 00:48:00,20.4225,32.1750
2025-05-13 01:03:00,20.4225,32.1750
2025-05-13 01:18:00,20.4225,32.1750
2025-05-13 01:33:00,20.4225,32.1750
2025-05-13 01:48:00,20.4225,32.1750
2025-05-13 02:03:00,20.4225,32.1750
2025-05-13 02:18:00,20.4225,32.1750
2025-05-13 02:33:00,20.4225,32.1750
2025-05-13 02:48:00,20.4225,32.1750
2025-05-13 03:03:00,20.4225,32.1750
2025-05-13 03:18:00,20.4225,32.1750
2025-05-13 03:33:00,20.4225,32.1750
2025-05-13 03:48:00,20.4225,32.1750
2025-05-13 04:03:00,20.4225,32.1750
2025-05-13 04:18:00,20.4225,32.1750
2025-05-13 04:33:00,20.4225,32.1750
2025-05-13 04:48:00,20.4225,32.1750
2025-05-13 05:03:00,20.4225,32.1750
2025-05-13 05:18:00,20.4225,32.1750
2025-05-13 05:33:00,20.4225,32.1750
2025-05-13 05:48:00,20.4225,32.1750
2025-05-13 06:03:00,20.4225,32.1750
2025-05-13 06:18:00,20.4225,32.1750
2025-05-13 06:33:00,20.4225,32.1750
2025-05-13 06:48:00,20.4225,32.1750
2025-05-13 07:03:00,20.4225,32.1750
2025-05-13 07:18:00,20.4225,32.1750
2025-05-13 07:33:00,20.4225,32.1750
2025-05-13 07:48:00,20.4225,32.1750
2025-05-13 08:03:00,20.4225,32.1750
2025-05-13 08:18:00,20.4225,32.1750
2025-05-13 08:33:00,20.4225,32.1750
2025-05-13 08:48:00,20.4225,32.1750
2025-05-13 09:03:00,20.4225,32.1750
2025-05-13 09:18:00,20.4225,32.1750
2025-05-13 09:33:00,20.4225,32.1750
2025-05-13 09:48:00,20.4225,32.1750
2025-05-13 10:03:00,20.4225,32.1750
2025-05-13 10:18:00,20.4225,32.1750
2025-05-13 10:33:00,20.4225,32.1750
2025-05-13 10:48:00,20.4225,32.1750
2025-05-13 11:03:00,20.4225,32.1750
2025-05-13 11:18:00,20.4225,32.1750
2025-05-13 11:33:00,20.4225,32.1750
2025-05-13 11:48:00,20.4225,32.1750
2025-05-13 12:03:00,20.4225,32.1750
2025-05-13 12:18:00,20.4225,32.1750
2025-05-13 12:33:00,20.4225,32.1750
2025-05-13 12:48:00,20.4225,32.1750
2025-05-13 13:03:00,20.4225,32.1750
2025-05-13 13:18:00,20.4225,32.1750
2025-05-13 13:33:00,20.4225,32.1750
2025-05-13 13:48:00,20.4225,32.1750
2025-05-13 14:03:00,20.4225,32.1750
2025-05-13 14:18:00,20.4225,32.1750
2025-05-13 14:33:00,20.4225,32.1750
2025-05-13 14:48:00,20.4225,32.1750
2025-05-13 15:03:00,20.4225,32.1750
2025-05-13 15:18:00,20.4225,32.1750
2025-05-13 15:33:00,20.4225,32.1750
2025-05-13 15:48:00,20.4225,32.1750
2025-05-13 16:03:00,20.4225,32.1750
2025-05-13 16:18:00,20.4225,32.1750
2025-05-13 16:33:00,20.4225,32.1750
2025-05-13 16:48:00,20.4225,32.1750
2025-05-13 17:03:00,20.4225,32.1750
2025-05-13 17:18:00,20.4225,32.1750
2025-05-13 17:33:00,20.4225,32.1750
2025-05-13 17:48:00,20.4225,32.1750
2025-05-13 18:03:00,20.4225,32.1750
2025-05-13 18:18:00,20.4225,32.1750
2025-05-13 18:33:00,20.4225,32.1750
2025-05-13 18:48:00,20.4225,32.1750
2025-05-13 19:03:00,20.4225,32.1750
2025-05-13 19:18:00,20.4225,32.1750
2025-05-13 19:33:00,20.4225,32.1750
2025-05-13 19:48:00,20.4225,32.1750
2025-05-13 20:03:00,20.4225,32.1750
2025-05-13 20:18:00,20.4225,32.1750
2025-05-13 20:33:00,20.4225,32.1750
2025-05-13 20:48:00,20.4225,32.1750
2025-05-13 21:03:00,20.4225,32.1750
2025-05-13 21:18:00,20.4225,32.1750
2025-05-13 21:33:00,20.4225,32.1750
2025-05-13 21:48:00,20.4225,32.1750
2025-05-13 22:03:00,20.4225,32.1750
2025-05-13 22:18:00,20.4225,32.1750
2025-05-13 22:33:00,20.4225,32.1750
2025-05-13 22:48:00,20.4225,32.1750
2025-05-13 23:03:00,20.4225,32.1750
2025-05-13 23:18:00,20.4225,32.1750
2025-05-13 23:33:00,20.4225,32.1750
2025-05-13 23:48:00,20.4225,32.1750
2025-05-14 00:03:00,20.4225,32.1750
2025-05-14 00:18:00,20.4225,32.1750
2025-05-14 00:33:00,20.4225,32.1750
2025-05-14 00:48:00,20.4225,32.1750
2025-05-14 01:03:00,20.4225,32.1750
2025-05-14 01:18:00,20.4225,32.1750
2025-05-14 01:33:00,20.4225,32.1750
2025-05-14 01:48:00,20.4225,32.1750
2025-05-14 02:03:00,20.4225,32.1750
2025-05-14 02:18:00,20.4225,32.1750
2025-05-14 02:33:00,20.4225,32.1750
2025-05-14 02:48:00,20.4225,32.1750
2025-05-14 03:03:00,20.4225,32.1750
2025-05-14 03:18:00,20.4225,32.1750
2025-05-14 03:33:00,20.4225,32.1750
2025-05-14 03:48:00,20.4225,32.1750
2025-05-14 04:03:00,20.4225,32.1750
2025-05-14 04:18:00,20.4225,32.1750
2025-05-14 04:33:00,20.4225,32.1750
2025-05-14 04:48:00,20.4225,32.1750
2025-05-14 05:03:00,20.4225,32.1750
2025-05-14 05:18:00,20.4225,32.1750
2025-05-14 05:33:00,20.4225,32.1750
2025-05-14 05:48:00,20.4225,32.1750
2025-05-14 06:03:00,20.4225,32.1750
2025-05-14 06:18:00,20.4225,32.1750
2025-05-14 06:33:00,20.4225,32.1750
2025-05-14 06:48:00,20.4225,32.1750
2025-05-14 07:03:00,20.4225,32.1750
2025-05-14 07:18:00,20.4225,32.1750
2025-05-14 07:33:00,20.4225,32.1750
2025-05-14 07:48:00,20.4225,32.1750
2025-05-14 08:03:00,20.4225,32.1750
2025-05-14 08:18:00,20.4225,32.1750
2025-05-14 08:33:00,20.4225,32.1750
2025-05-14 08:48:00,20.4225,32.1750
2025-05-14 09:03:00,20.4225,32.1750
2025-05-14 09:18:00,20.4225,32.1750
2025-05-14 09:33:00,20.4225,32.1750
2025-05-14 09:48:00,20.4225,32.1750
2025-05-14 10:03:00,20.4225,32.1750
2025-05-14 10:18:00,20.4225,32.1750
2025-05-14 10:33:00,20.4225,32.1750
2025-05-14 10:48:00,20.4225,32.1750
2025-05-14 11:03:00,20.4225,32.1750
2025-05-14 11:18:00,20.4225,32.1750
2025-05-14 11:33:00,20.4225,32.1750
2025-05-14 11:48:00,20.4225,32.1750
2025-05-14 12:03:00,20.4225,32.1750
2025-05-14 12:18:00,20.4225,32.1750
2025-05-14 12:33:00,20.4225,32.1750
2025-05-14 12:48:00,20.4225,32.1750
2025-05-14 13:03:00,20.4225,32.1750
2025-05-14 13:18:00,20.4225,32.1750
2025-05-14 13:33:00,20.4225,32.1750
2025-05-14 13:48:00,20.4225,32.1750
2025-05-14 14:03:00,20.4225,32.1750
2025-05-14 14:18:00,20.4225,32.1750
2025-05-14 14:33:00,20.4225,32.1750
2025-05-14 14:48:00,20.4225,32.1750
2025-05-14 15:03:00,20.4225,32.1750
2025-05-14 15:18:00,20.4225,32.1750
2025-05-14 15:33:00,20.4225,32.1750
2025-05-14 15:48:00,20.4225,32.1750
2025-05-14 16:03:00,20.4225,32.1750
2025-05-14 16:18:00,20.4225,32.1750
2025-05-14 16:33:00,20.4225,32.1750
2025-05-14 16:48:00,20.4225,32.1750
2025-05-14 17:03:00,20.4225,32.1750
2025-05-14 17:18:00,20.4225,32.1750
2025-05-14 17:33:00,20.4225,32.1750
2025-05-14 17:48:00,20.4225,32.1750
2025-05-14 18:03:00,20.4225,32.1750
2025-05-14 18:18:00,20.4225,32.1750
2025-05-14 18:33:00,20.4225,32.1750
2025-05-14 18:48:00,20.4225,32.1750
2025-05-14 19:03:00,20.4225,32.1750
2025-05-14 19:18:00,20.4225,32.1750
2025-05-14 19:33:00,20.4225,32.1750
2025-05-14 19:48:00,20.4225,32.1750
2025-05-14 20:03:00,20.4225,32.1750
2025-05-14 20:18:00,20.4225,32.1750
2025-05-14 20:33:00,20.4225,32.1750
2025-05-14 20:48:00,20.4225,32.1750
2025-05-14 21:03:00,20.4225,32.1750
2025-05-14 21:18:00,20.4225,32.1750
2025-05-14 21:33:00,20.4225,32.1750
2025-05-14 21:48:00,20.4225,32.1750
2025-05-14 22:03:00,20.4225,32.1750
2025-05-14 22:18:00,20.4225,32.1750
2025-05-14 22:33:00,20.4225,32.1750
2025-05-14 22:48:00,20.4225,32.1750
2025-05-14 23:03:00,20.4225,32.1750
2025-05-14 23:18:00,20.4225,32.1750
2025-05-14 23:33:00,20.4225,32.1750
2025-05-14 23:48:00,20.4225,32.1750
2025-05-15 00:03:00,20.4225,32.1750
2025-05-15 00:18:00,20.4225,32.1750
2025-05-15 00:33:00,20.4225,32.1750
2025-05-15 00:48:00,20.4225,32.1750
2025-05-15 01:03:00,20.4225,32.1750
2025-05-15 01:18:00,20.4225,32.1750
2025-05-15 01:33:00,20.4225,32.1750
2025-05-15 01:48:00,20.4225,32.1750
2025-05-15 02:03:00,20.4225,32.1750
2025-05-15 02:18:00,20.4225,32.1750
2025-05-15 02:33:00,20.4225,32.1750
2025-05-15 02:48:00,20.4225,32.1750
2025-05-15 03:03:00,20.4225,32.1750
2025-05-15 03:18:00,20.4225,32.1750
2025-05-15 03:33:00,20.4225,32.1750
2025-05-15 03:48:00,20.4225,32.1750
2025-05-15 04:03:00,20.4225,32.1750
2025-05-15 04:18:00,20.4225,32.1750
2025-05-15 04:33:00,20.4225,32.1750
2025-05-15 04:48:00,20.4225,32.1750
2025-05-15 05:03:00,20.4225,32.1750
2025-05-15 05:18:00,20.4225,32.1750
2025-05-15 05:33:00,20.4225,32.1750
2025-05-15 05:48:00,20.4225,32.1750
2025-05-15 06:03:00,20.4225,32.1750
2025-05-15 06:18:00,20.4225,32.1750
2025-05-15 06:33:00,20.4225,32.1750
2025-05-15 06:48:00,20.4225,32.1750
2025-05-15 07:03:00,20.4225,32.1750
2025-05-15 07:18:00,20.4225,32.1750
2025-05-15 07:33:00,20.4225,32.1750
2025-05-15 07:48:00,20.4225,32.1750
2025-05-15 08:03:00,20.4225,32.1750
2025-05-15 08:18:00,20.4225,32.1750
2025-05-15 08:33:00,20.4225,32.1750
2025-05-15 08:48:00,20.4225,32.1750
2025-05-15 09:03:00,20.4225,32.1750
2025-05-15 09:18:00,20.4225,32.1750
2025-05-15 09:33:00,20.4225,32.1750
2025-05-15 09:48:00,20.4225,32.1750
2025-05-15 10:03:00,20.4225,32.1750
2025-05-15 10:18:00,20.4225,32.1750
2025-05-15 10:33:00,20.4225,32.1750
2025-05-15 10:48:00,20.4225,32.1750
2025-05-15 11:03:00,20.4225,32.1750
2025-05-15 11:18:00,20.4225,32.1750
2025-05-15 11:33:00,20.4225,32.1750
2025-05-15 11:48:00,20.4225,32.1750
2025-05-15 12:03:00,20.4225,32.1750
2025-05-15 12:18:00,20.4225,32.1750
2025-05-15 12:33:00,20.4225,32.1750
2025-05-15 12:48:00,20.4225,32.1750
2025-05-15 13:03:00,20.4225,32.1750
2025-05-15 13:18:00,20.4225,32.1750
2025-05-15 13:33:00,20.4225,32.1750
2025-05-15 13:48:00,20.4225,32.1750
2025-05-15 14:03:00,20.4225,32.1750
2025-05-15 14:18:00,20.4225,32.1750
2025-05-15 14:33:00,20.4225,32.1750
2025-05-15 14:48:00,20.4225,32.1750
2025-05-15 15:03:00,20.4225,32.1750
2025-05-15 15:18:00,20.4225,32.1750
2025-05-15 15:33:00,20.4225,32.1750
2025-05-15 15:48:00,20.4225,32.1750
2025-05-15 16:03:00,20.4225,32.1750
2025-05-15 16:18:00,20.4225,32.1750
2025-05-15 16:33:00,20.4225,32.1750
2025-05-15 16:48:00,20.4225,32.1750
2025-05-15 17:03:00,20.4225,32.1750
2025-05-15 17:18:00,20.4225,32.1750
2025-05-15 17:33:00,20.4225,32.1750
2025-05-15 17:48:00,20.4225,32.1750
2025-05-15 18:03:00,20.4225,32.1750
2025-05-15 18:18:00,20.4225,32.1750
2025-05-15 18:33:00,23.5150,40.9600
2025-05-15 18:48:00,22.5550,41.7850
2025-05-15 19:03:00,21.9475,43.4250
2025-05-15 19:18:00,21.5300,44.0275
2025-05-15 19:33:00,21.3000,43.9925
2025-05-15 19:48:00,20.6525,47.1850
2025-05-15 20:03:00,19.4375,50.2400
2025-05-15 20:18:00,18.6000,50.3425
2025-05-15 20:33:00,18.1525,49.2525
2025-05-15 20:48:00,17.8225,47.2375
2025-05-15 21:03:00,17.3500,48.6025
2025-05-15 21:18:00,16.7725,48.8775
2025-05-15 21:33:00,16.6525,49.4300
2025-05-15 21:48:00,16.4175,50.3525
2025-05-15 22:03:00,16.1525,51.1675
2025-05-15 22:18:00,16.0400,51.5875
2025-05-15 22:33:00,15.8675,53.2500
2025-05-15 22:48:00,14.8250,59.7450
2025-05-15 23:03:00,14.4325,60.7700
2025-05-15 23:18:00,13.8625,62.6150
2025-05-15 23:33:00,13.6775,63.5250
2025-05-15 23:48:00,13.6250,63.6850
2025-05-16 00:03:00,13.3450,66.1800
2025-05-16 00:18:00,13.0025,67.8025
2025-05-16 00:33:00,12.9025,68.4025
2025-05-16 00:48:00,12.8400,71.5925
2025-05-16 01:03:00,12.7400,71.2800
2025-05-16 01:18:00,12.4425,71.3575
2025-05-16 01:33:00,12.3050,71.6200
2025-05-16 01:48:00,12.0225,71.1150
2025-05-16 02:03:00,11.7200,70.9225
2025-05-16 02:18:00,11.8100,71.7750
2025-05-16 02:33:00,12.0375,70.9200
2025-05-16 02:48:00,12.2350,71.9750
2025-05-16 03:03:00,12.7825,72.7350
2025-05-16 03:18:00,12.7675,72.4825
2025-05-16 03:33:00,12.7050,72.2300
2025-05-16 03:48:00,12.4450,72.1650
2025-05-16 04:03:00,12.6175,72.8725
2025-05-16 04:18:00,12.6700,73.2450
2025-05-16 04:33:00,12.5025,75.5075
2025-05-16 04:48:00,12.2675,76.4125
2025-05-16 05:03:00,12.0525,77.0300
2025-05-16 05:18:00,11.5875,78.7150
2025-05-16 05:33:00,11.3650,79.5800
2025-05-16 05:48:00,11.3750,79.6500
2025-05-16 06:03:00,11.3100,80.1400
2025-05-16 06:18:00,11.2175,79.7725
2025-05-16 06:33:00,11.1150,79.7975
2025-05-16 06:48:00,11.4775,79.0475
2025-05-16 07:03:00,11.8600,78.8250
2025-05-16 07:18:00,12.3125,77.4700
2025-05-16 07:33:00,12.7050,75.2075
2025-05-16 07:48:00,13.1700,74.0950
2025-05-16 08:03:00,13.5725,72.6775
2025-05-16 08:18:00,14.1600,70.6225
2025-05-16 08:33:00,14.5050,69.7550
2025-05-16 08:48:00,15.2950,66.8875
2025-05-16 09:03:00,15.7000,66.0900
2025-05-16 09:18:00,16.5325,64.5150
2025-05-16 09:33:00,17.5450,60.4425
2025-05-16 09:48:00,17.9125,57.5925
2025-05-16 10:03:00,18.6800,55.2800
2025-05-16 10:18:00,19.0275,53.3900
2025-05-16 10:33:00,19.4775,52.5725
2025-05-16 10:48:00,19.9900,49.8775
2025-05-16 11:03:00,20.5800,50.9400
2025-05-16 11:18:00,21.1800,48.7750
2025-05-16 11:33:00,21.6575,46.7475
2025-05-16 11:48:00,21.9825,46.4450
2025-05-16 12:03:00,22.7050,43.9050
2025-05-16 12:18:00,23.2300,43.4225
2025-05-16 12:33:00,23.5800,42.7675
2025-05-16 12:48:00,23.7500,43.6975
2025-05-16 13:03:00,24.1475,41.7450
2025-05-16 13:18:00,24.5750,39.6750
2025-05-16 13:33:00,25.3050,39.9700
2025-05-16 13:48:00,25.1825,42.8625
2025-05-16 14:03:00,25.6600,41.3075
2025-05-16 14:18:00,25.6050,41.3000
2025-05-16 14:33:00,25.9500,40.9375
2025-05-16 14:48:00,25.8175,41.8350
2025-05-16 15:03:00,25.8475,42.1800
2025-05-16 15:18:00,25.7550,42.6775
2025-05-16 15:33:00,25.6150,43.1650
2025-05-16 15:48:00,25.1275,43.4500
2025-05-16 16:03:00,25.1000,43.4150
2025-05-16 16:18:00,25.1725,43.8900
2025-05-16 16:33:00,24.2625,45.0900
2025-05-16 16:48:00,23.9650,45.0750
2025-05-16 17:03:00,22.6750,47.2925
2025-05-16 17:18:00,22.3800,48.3500
2025-05-16 17:33:00,22.4200,47.8150
2025-05-16 17:48:00,20.9775,48.8825
2025-05-16 18:03:00,20.1525,52.5625
2025-05-16 18:18:00,19.3525,54.8000
2025-05-16 18:33:00,18.8525,55.8875
2025-05-16 18:48:00,18.5800,55.7675
2025-05-16 19:03:00,18.4825,55.4725
2025-05-16 19:18:00,17.9425,56.0000
2025-05-16 19:33:00,17.1975,57.6500
2025-05-16 19:48:00,16.2525,59.5250
2025-05-16 20:03:00,15.6500,62.7775
2025-05-16 20:18:00,14.9775,65.9100
2025-05-16 20:33:00,14.7200,67.3225
2025-05-16 20:48:00,13.8275,71.8675
2025-05-16 21:03:00,13.5850,70.5600
2025-05-16 21:18:00,13.0875,71.9950
2025-05-16 21:33:00,12.8500,72.7400
2025-05-16 21:48:00,12.7425,73.4650
2025-05-16 22:03:00,12.9650,74.4025
2025-05-16 22:18:00,12.6325,76.0850
2025-05-16 22:33:00,12.4650,76.2850
2025-05-16 22:48:00,12.1450,77.9450
2025-05-16 23:03:00,12.0575,78.0725
2025-05-16 23:18:00,12.1150,78.3975
2025-05-16 23:33:00,12.1350,78.5475
2025-05-16 23:48:00,12.1725,78.8750
2025-05-17 00:03:00,11.8650,80.3375
2025-05-17 00:18:00,11.7100,80.6575
2025-05-17 00:33:00,11.7125,80.6075
2025-05-17 00:48:00,11.6275,80.8300
2025-05-17 01:03:00,11.6350,81.0825
2025-05-17 01:18:00,11.5700,81.5975
2025-05-17 01:33:00,11.5150,82.3600
2025-05-17 01:48:00,11.7225,81.7075
2025-05-17 02:03:00,11.7000,81.9500
2025-05-17 02:18:00,11.8000,81.4025
2025-05-17 02:33:00,11.7600,81.6775
2025-05-17 02:48:00,11.9750,81.1700
2025-05-17 03:03:00,12.1200,80.9350
2025-05-17 03:18:00,11.8050,82.4275
2025-05-17 03:33:00,11.5850,83.9450
2025-05-17 03:48:00,11.5350,84.2150
2025-05-17 04:03:00,11.6450,83.5300
2025-05-17 04:18:00,11.6450,83.6475
2025-05-17 04:33:00,11.6275,83.5275
2025-05-17 04:48:00,11.6275,83.2450
2025-05-17 05:03:00,11.6200,83.7525
2025-05-17 05:18:00,11.7300,83.6525
2025-05-17 05:33:00,11.7925,83.4900
2025-05-17 05:48:00,11.8525,83.7600
2025-05-17 06:03:00,11.8850,83.6575
2025-05-17 06:18:00,11.8425,82.2400
2025-05-17 06:33:00,11.8675,82.2000
2025-05-17 06:48:00,12.0325,82.2325
2025-05-17 07:03:00,12.1150,82.2350
2025-05-17 07:18:00,12.1800,82.2325
2025-05-17 07:33:00,12.1225,83.3200
2025-05-17 07:48:00,12.2200,82.7625
2025-05-17 08:03:00,12.3075,82.6950
2025-05-17 08:18:00,12.8950,80.4750
2025-05-17 08:33:00,13.2300,79.5350
2025-05-17 08:48:00,13.8700,76.5025
2025-05-17 09:03:00,14.5350,74.1900
2025-05-17 09:18:00,15.0900,70.7350
2025-05-17 09:33:00,15.0675,71.4325
2025-05-17 09:48:00,15.4925,70.1425
2025-05-17 10:03:00,16.0200,67.9675
2025-05-17 10:18:00,16.9425,65.7150
2025-05-17 10:33:00,17.3625,63.8550
2025-05-17 10:48:00,17.3675,64.5925
2025-05-17 11:03:00,17.8900,62.5475
2025-05-17 11:18:00,18.0600,60.6400
2025-05-17 11:33:00,18.4675,60.6350
2025-05-17 11:48:00,18.8750,59.2000
2025-05-17 12:03:00,18.8350,57.8075
2025-05-17 12:18:00,19.6300,55.6050
2025-05-17 12:33:00,19.4500,56.0100
2025-05-17 12:48:00,19.5850,55.1075
2025-05-17 13:03:00,19.6775,54.8800
2025-05-17 13:18:00,20.2700,52.8875
2025-05-17 13:33:00,20.0450,54.6900
2025-05-17 13:48:00,19.6125,55.6400
2025-05-17 14:03:00,19.3250,54.8075
2025-05-17 14:18:00,19.5450,56.3225
2025-05-17 14:33:00,19.5100,53.1225
2025-05-17 14:48:00,18.8475,54.8475
2025-05-17 15:03:00,19.4475,54.3025
2025-05-17 15:18:00,19.1825,54.1825
2025-05-17 15:33:00,19.0925,54.8750
2025-05-17 15:48:00,18.6075,56.4725
2025-05-17 16:03:00,18.2425,56.0825
2025-05-17 16:18:00,18.0000,55.9400
2025-05-17 16:33:00,18.1850,56.5650
2025-05-17 16:48:00,17.9350,57.8300
2025-05-17 17:03:00,17.9625,58.1825
2025-05-17 17:18:00,17.2700,61.7800
2025-05-17 17:33:00,16.3225,64.6100
2025-05-17 17:48:00,16.1175,64.3675
2025-05-17 18:03:00,15.9350,65.0825
2025-05-17 18:18:00,15.6675,66.2600
2025-05-17 18:33:00,15.2050,67.4000
2025-05-17 18:48:00,14.7450,68.1100
2025-05-17 19:03:00,14.4275,69.3825
2025-05-17 19:18:00,14.3225,68.9275
2025-05-17 19:33:00,14.1375,68.7475
2025-05-17 19:48:00,13.8750,68.9775
2025-05-17 20:03:00,13.4925,70.1700
2025-05-17 20:18:00,13.1850,72.2125
2025-05-17 20:33:00,13.0625,72.8125
2025-05-17 20:48:00,12.7600,74.8700
2025-05-17 21:03:00,12.4850,76.2775
2025-05-17 21:18:00,12.3925,76.3825
2025-05-17 21:33:00,12.3000,76.8025
2025-05-17 21:48:00,12.1600,77.6375
2025-05-17 22:03:00,12.0950,77.5150
2025-05-17 22:18:00,12.1950,76.8575
2025-05-17 22:33:00,12.1725,76.4975
2025-05-17 22:48:00,12.0650,77.1075
2025-05-17 23:03:00,12.0250,77.1800
2025-05-17 23:18:00,11.9400,77.2725
2025-05-17 23:33:00,11.9375,76.8725
2025-05-17 23:48:00,11.9575,76.8150
2025-05-18 00:03:00,11.8000,77.4275
2025-05-18 00:18:00,11.7475,77.8225
2025-05-18 00:33:00,11.6175,78.5550
2025-05-18 00:48:00,11.3975,79.3375
2025-05-18 01:03:00,11.2675,79.7250
2025-05-18 01:18:00,11.1375,80.3775
2025-05-18 01:33:00,11.2900,79.7050
2025-05-18 01:48:00,11.1200,79.4300
2025-05-18 02:03:00,10.7175,80.6525
2025-05-18 02:18:00,10.2025,80.5500
2025-05-18 02:33:00,9.5925,81.6900
2025-05-18 02:48:00,9.3525,82.8025
2025-05-18 03:03:00,9.3125,83.0175
2025-05-18 03:18:00,9.6000,84.6750
2025-05-18 03:33:00,9.9500,84.7575
2025-05-18 03:48:00,9.1425,83.2725
2025-05-18 04:03:00,8.6125,83.9575
2025-05-18 04:18:00,8.5100,85.0700
2025-05-18 04:33:00,8.4450,85.4625
2025-05-18 04:48:00,8.2350,85.5225
2025-05-18 05:03:00,8.2175,85.4675
2025-05-18 05:18:00,8.1700,85.3250
2025-05-18 05:33:00,8.1025,85.4675
2025-05-18 05:48:00,8.0375,85.4825
2025-05-18 06:03:00,7.9275,85.5225
2025-05-18 06:18:00,7.7200,85.4900
2025-05-18 06:33:00,7.9150,85.8350
2025-05-18 06:48:00,8.5400,85.2150
2025-05-18 07:03:00,9.2475,83.8600
2025-05-18 07:18:00,10.0500,82.2775
2025-05-18 07:33:00,10.9225,80.7225
2025-05-18 07:48:00,11.7075,79.7275
2025-05-18 08:03:00,12.1950,78.1900
2025-05-18 08:18:00,12.6175,76.7275
2025-05-18 08:33:00,13.4850,74.0100
2025-05-18 08:48:00,14.2875,71.4650
2025-05-18 09:03:00,15.1175,69.3525
2025-05-18 09:18:00,15.4600,67.0500
2025-05-18 09:33:00,15.8950,64.4475
2025-05-18 09:48:00,16.8600,62.3600
2025-05-18 10:03:00,17.2900,59.5275
2025-05-18 10:18:00,17.8825,57.4850
2025-05-18 10:33:00,18.1900,54.0775
2025-05-18 10:48:00,18.8250,52.3275
2025-05-18 11:03:00,19.3425,51.6350
2025-05-18 11:18:00,19.7700,50.5100
2025-05-18 11:33:00,20.7500,48.5025
2025-05-18 11:48:00,21.0275,46.9625
2025-05-18 12:03:00,21.5750,45.0875
2025-05-18 12:18:00,22.2100,42.2975
2025-05-18 12:33:00,23.2275,37.5350
2025-05-18 12:48:00,23.5425,35.2875
2025-05-18 13:03:00,24.5800,28.7025
2025-05-18 13:18:00,24.6975,25.9800
2025-05-18 13:33:00,25.0000,24.6725
2025-05-18 13:48:00,25.1925,31.9425
2025-05-18 14:03:00,24.9275,32.4150
2025-05-18 14:18:00,24.8650,32.8125
2025-05-18 14:33:00,24.7075,35.2100
2025-05-18 14:48:00,24.7375,34.4425
2025-05-18 15:03:00,24.6875,35.6500
2025-05-18 15:18:00,24.4675,36.7225
2025-05-18 15:33:00,24.7700,35.9950
2025-05-18 15:48:00,24.6200,38.5775
2025-05-18 16:03:00,24.4950,37.6075
2025-05-18 16:18:00,24.1950,37.3475
2025-05-18 16:33:00,23.7975,35.6125
2025-05-18 16:48:00,23.9850,35.7525
2025-05-18 17:03:00,23.8700,35.9550
2025-05-18 17:18:00,23.9125,34.7725
2025-05-18 17:33:00,23.6500,35.5975
2025-05-18 17:48:00,22.7725,42.2175
2025-05-18 18:03:00,22.7700,41.0375
2025-05-18 18:18:00,22.3975,41.5950
2025-05-18 18:33:00,22.0525,41.0700
2025-05-18 18:48:00,21.7375,41.7375
2025-05-18 19:03:00,21.3450,42.0000
2025-05-18 19:18:00,20.7900,44.1325
2025-05-18 19:33:00,19.8100,47.2450
2025-05-18 19:48:00,18.9650,49.9975
2025-05-18 20:03:00,18.0975,52.8875
2025-05-18 20:18:00,17.5900,54.1550
2025-05-18 20:33:00,17.4475,53.4050
2025-05-18 20:48:00,17.2675,54.0000
2025-05-18 21:03:00,17.0550,54.5800
2025-05-18 21:18:00,16.8250,55.2650
2025-05-18 21:33:00,16.4700,56.8950
2025-05-18 21:48:00,16.1125,58.8800
2025-05-18 22:03:00,15.9550,60.0175
2025-05-18 22:18:00,15.9875,60.0375
2025-05-18 22:33:00,16.0750,59.3950
2025-05-18 22:48:00,16.0225,59.2925
2025-05-18 23:03:00,15.8550,60.1650
2025-05-18 23:18:00,15.5600,61.7275
2025-05-18 23:33:00,15.1200,64.0900
2025-05-18 23:48:00,14.7575,65.2900
2025-05-19 00:03:00,14.4825,66.9475
2025-05-19 00:18:00,14.2475,68.9000
2025-05-19 00:33:00,14.0350,69.6525
2025-05-19 00:48:00,13.8750,70.5400
2025-05-19 01:03:00,13.8625,70.1025
2025-05-19 01:18:00,13.7400,70.4925
2025-05-19 01:33:00,13.7625,69.9425
2025-05-19 01:48:00,13.8125,69.3975
2025-05-19 02:03:00,13.6800,69.6600
2025-05-19 02:18:00,13.4450,69.9675
2025-05-19 02:33:00,13.1975,71.2600
2025-05-19 02:48:00,13.2300,70.8375
2025-05-19 03:03:00,13.0825,71.4100
2025-05-19 03:18:00,12.8100,72.0125
2025-05-19 03:33:00,12.4125,72.3325
2025-05-19 03:48:00,12.0425,73.4775
2025-05-19 04:03:00,11.9400,75.1100
2025-05-19 04:18:00,11.9775,75.2175
2025-05-19 04:33:00,11.8525,75.8800
2025-05-19 04:48:00,11.5300,76.1975
2025-05-19 05:03:00,11.3200,75.7150
2025-05-19 05:18:00,10.8875,75.3600
2025-05-19 05:33:00,10.3550,74.3850
2025-05-19 05:48:00,10.2975,74.5800
2025-05-19 06:03:00,10.3525,74.5950
2025-05-19 06:18:00,10.6375,74.7250
2025-05-19 06:33:00,11.0025,73.6225
2025-05-19 06:48:00,11.6800,72.7175
2025-05-19 07:03:00,12.4150,72.6875
2025-05-19 07:18:00,13.1850,71.1675
2025-05-19 07:33:00,13.9400,69.7025
2025-05-19 07:48:00,14.7150,67.4125
2025-05-19 08:03:00,15.6675,63.7325
2025-05-19 08:18:00,16.2550,61.7150
2025-05-19 08:33:00,16.6575,60.2200
2025-05-19 08:48:00,17.1225,59.6625
2025-05-19 09:03:00,17.7125,56.8275
2025-05-19 09:18:00,18.3475,55.0925
2025-05-19 09:33:00,18.6775,53.2200
2025-05-19 09:48:00,19.5250,52.4350
2025-05-19 10:03:00,20.0150,51.0950
2025-05-19 10:18:00,20.4300,50.5525
2025-05-19 10:33:00,21.2500,48.9050
2025-05-19 10:48:00,22.2075,45.8625
2025-05-19 11:03:00,22.6375,44.9125
2025-05-19 11:18:00,23.5075,43.7175
2025-05-19 11:33:00,23.7500,43.6350
2025-05-19 11:48:00,24.9350,42.0725
2025-05-19 12:03:00,25.5900,39.6725
2025-05-19 12:18:00,26.3225,39.5500
2025-05-19 12:33:00,26.2125,38.6025
2025-05-19 12:48:00,26.7475,38.4100
2025-05-19 13:03:00,27.2025,37.6900
2025-05-19 13:18:00,27.6725,36.9900
2025-05-19 13:33:00,27.4675,38.8150
2025-05-19 13:48:00,27.5850,37.6550
2025-05-19 14:03:00,28.3075,35.5900
2025-05-19 14:18:00,27.9125,36.6850
2025-05-19 14:33:00,27.9950,36.1600
2025-05-19 14:48:00,28.3050,35.9850
2025-05-19 15:03:00,28.1600,37.4550
2025-05-19 15:18:00,27.9300,39.3775
2025-05-19 15:33:00,27.7175,37.2100
2025-05-19 15:48:00,27.3650,37.5825
2025-05-19 16:03:00,27.1175,37.6925
2025-05-19 16:18:00,27.3100,36.6500
2025-05-19 16:33:00,26.9025,37.8700
2025-05-19 16:48:00,26.6975,38.5150
2025-05-19 17:03:00,26.0875,39.9575
2025-05-19 17:18:00,25.0350,43.1850
2025-05-19 17:33:00,23.9100,46.0025
2025-05-19 17:48:00,22.9750,49.9100
2025-05-19 18:03:00,22.4400,50.5100
2025-05-19 18:18:00,22.0750,52.3000
2025-05-19 18:33:00,21.4700,53.9350
2025-05-19 18:48:00,20.4650,56.5750
2025-05-19 19:03:00,19.5925,59.4925
2025-05-19 19:18:00,18.6200,61.7850
2025-05-19 19:33:00,18.2225,62.3275
2025-05-19 19:48:00,17.9775,62.5975
2025-05-19 20:03:00,17.5475,62.8000
2025-05-19 20:18:00,16.9975,64.3625
2025-05-19 20:33:00,16.7175,65.2875
2025-05-19 20:48:00,16.2900,67.4725
2025-05-19 21:03:00,16.2450,66.8925
2025-05-19 21:18:00,16.0725,66.9925
2025-05-19 21:33:00,15.6550,68.6900
2025-05-19 21:48:00,15.3025,69.7825
2025-05-19 22:03:00,15.0950,71.0875
2025-05-19 22:18:00,14.9400,71.3925
2025-05-19 22:33:00,14.5425,73.2725
2025-05-19 22:48:00,14.4800,73.4625
2025-05-19 23:03:00,14.0000,77.0925
2025-05-19 23:18:00,13.6750,78.2300
2025-05-19 23:33:00,13.4475,79.3375
2025-05-19 23:48:00,13.3250,79.6475
2025-05-20 00:03:00,13.2100,80.2025
2025-05-20 00:18:00,13.0450,81.1975
2025-05-20 00:33:00,12.8275,82.0075
2025-05-20 00:48:00,12.7050,82.7200
2025-05-20 01:03:00,12.6700,83.9075
2025-05-20 01:18:00,12.5700,83.9375
2025-05-20 01:33:00,12.4975,84.4925
2025-05-20 01:48:00,12.4500,84.4600
2025-05-20 02:03:00,12.2275,85.3075
2025-05-20 02:18:00,12.0150,86.3925
2025-05-20 02:33:00,11.9000,86.8625
2025-05-20 02:48:00,11.9100,87.6650
2025-05-20 03:03:00,11.8750,87.0525
2025-05-20 03:18:00,11.9225,88.5975
2025-05-20 03:33:00,11.7125,87.1000
2025-05-20 03:48:00,11.5675,87.1600
2025-05-20 04:03:00,11.1650,86.0725
2025-05-20 04:18:00,10.6150,85.9175
2025-05-20 04:33:00,10.5100,86.5700
2025-05-20 04:48:00,10.3350,86.3450
2025-05-20 05:03:00,10.0800,86.1475
2025-05-20 05:18:00,9.8350,86.3400
2025-05-20 05:33:00,9.7950,86.1250
2025-05-20 05:48:00,9.7475,85.7825
2025-05-20 06:03:00,9.5625,85.7975
2025-05-20 06:18:00,9.6975,86.2225
2025-05-20 06:33:00,9.9875,85.6025
2025-05-20 06:48:00,10.4250,84.5425
2025-05-20 07:03:00,11.2175,83.6600
2025-05-20 07:18:00,12.2275,83.6000
2025-05-20 07:33:00,12.9250,81.6175
2025-05-20 07:48:00,13.4225,79.9400
2025-05-20 08:03:00,14.2725,78.2975
2025-05-20 08:18:00,15.0000,75.5450
2025-05-20 08:33:00,15.5800,73.6050
2025-05-20 08:48:00,16.5450,68.6325
2025-05-20 09:03:00,17.4200,63.7925
2025-05-20 09:18:00,18.3000,56.7150
2025-05-20 09:33:00,18.5800,54.6225
2025-05-20 09:48:00,19.3275,47.8075
2025-05-20 10:03:00,19.3475,47.0125
2025-05-20 10:18:00,19.9075,48.5800
2025-05-20 10:33:00,20.7225,50.2300
2025-05-20 10:48:00,21.5075,48.0900
2025-05-20 11:03:00,22.4925,46.0075
2025-05-20 11:18:00,22.7125,43.6100
2025-05-20 11:33:00,24.0750,37.7650
2025-05-20 11:48:00,24.3550,39.7325
2025-05-20 12:03:00,24.8375,34.5850
2025-05-20 12:18:00,25.4725,31.3475
2025-05-20 12:33:00,25.5225,31.3950
2025-05-20 12:48:00,26.3400,31.2975
2025-05-20 13:03:00,26.2200,30.9875
2025-05-20 13:18:00,26.8600,31.2450
2025-05-20 13:33:00,26.9125,32.1200
2025-05-20 13:48:00,26.7575,29.7300
2025-05-20 14:03:00,27.1825,29.5525
2025-05-20 14:18:00,27.4425,30.8250
2025-05-20 14:33:00,27.2700,32.6575
2025-05-20 14:48:00,27.3075,32.2400
2025-05-20 15:03:00,27.5725,32.8400
2025-05-20 15:18:00,27.1700,32.6425
2025-05-20 15:33:00,27.1425,32.8950
2025-05-20 15:48:00,27.0625,32.3825
2025-05-20 16:03:00,27.3300,32.1925
2025-05-20 16:18:00,27.2250,32.8475
2025-05-20 16:33:00,27.1525,31.7525
2025-05-20 16:48:00,26.6675,32.8425
2025-05-20 17:03:00,26.1550,34.1125
2025-05-20 17:18:00,25.5050,34.5600
2025-05-20 17:33:00,24.7875,35.8325
2025-05-20 17:48:00,23.6375,38.3225
2025-05-20 18:03:00,23.1325,38.8525
2025-05-20 18:18:00,22.6575,40.6000
2025-05-20 18:33:00,22.1600,42.0500
2025-05-20 18:48:00,21.5925,43.1450
2025-05-20 19:03:00,20.3500,46.6050
2025-05-20 19:18:00,18.8600,50.0800
2025-05-20 19:33:00,18.0100,51.2625
2025-05-20 19:48:00,17.9400,48.1275
2025-05-20 20:03:00,16.6025,54.6700
2025-05-20 20:18:00,15.7250,57.7475
2025-05-20 20:33:00,15.0975,59.8250
2025-05-20 20:48:00,14.7525,60.5975
2025-05-20 21:03:00,14.6675,60.1900
2025-05-20 21:18:00,14.6100,59.9800
2025-05-20 21:33:00,14.2325,61.4425
2025-05-20 21:48:00,14.0400,63.3325
2025-05-20 22:03:00,13.5000,64.6775
2025-05-20 22:18:00,13.3550,64.1100
2025-05-20 22:33:00,13.1000,65.2000
2025-05-20 22:48:00,13.1875,64.9500
2025-05-20 23:03:00,13.2475,64.7325
2025-05-20 23:18:00,12.6925,65.5275
2025-05-20 23:33:00,12.3425,67.6200
2025-05-20 23:48:00,11.9475,66.7600
2025-05-21 00:03:00,11.4800,67.2900
2025-05-21 00:18:00,11.3250,66.7150
2025-05-21 00:33:00,10.9225,66.1875
2025-05-21 00:48:00,10.7200,65.3575
2025-05-21 01:03:00,10.6625,65.5925
2025-05-21 01:18:00,10.5025,66.0675
2025-05-21 01:33:00,10.2225,66.3325
2025-05-21 01:48:00,9.8600,66.1950
2025-05-21 02:03:00,9.6850,66.8550
2025-05-21 02:18:00,9.5525,64.7525
2025-05-21 02:33:00,9.5975,63.3225
2025-05-21 02:48:00,9.8325,62.5500
2025-05-21 03:03:00,9.8200,63.8175
2025-05-21 03:18:00,9.6975,64.0675
2025-05-21 03:33:00,9.6350,65.6825
2025-05-21 03:48:00,9.4375,66.3150
2025-05-21 04:03:00,9.1350,67.6275
2025-05-21 04:18:00,9.1775,69.2525
2025-05-21 04:33:00,9.2725,69.0350
2025-05-21 04:48:00,9.2450,68.4850
2025-05-21 05:03:00,8.8050,66.9675
2025-05-21 05:18:00,8.6275,67.9400
2025-05-21 05:33:00,8.4450,67.2175
2025-05-21 05:48:00,8.5400,67.6250
2025-05-21 06:03:00,8.7200,67.6725
2025-05-21 06:18:00,9.0175,67.5200
2025-05-21 06:33:00,9.2300,64.6450
2025-05-21 06:48:00,9.3050,66.3400
2025-05-21 07:03:00,10.3275,64.5250
2025-05-21 07:18:00,11.5600,63.1925
2025-05-21 07:33:00,12.7975,61.0700
2025-05-21 07:48:00,13.7950,56.7725
2025-05-21 08:03:00,14.5025,54.7800
2025-05-21 08:18:00,15.3900,52.5350
2025-05-21 08:33:00,16.1600,51.4400
2025-05-21 08:48:00,17.1325,48.4125
2025-05-21 09:03:00,17.8775,46.7825
2025-05-21 09:18:00,18.7975,46.0700
2025-05-21 09:33:00,19.8725,43.5200
2025-05-21 09:48:00,20.5450,41.5350
2025-05-21 10:03:00,22.0125,40.9150
2025-05-21 10:18:00,22.9675,37.4475
2025-05-21 10:33:00,24.1625,35.9500
2025-05-21 10:48:00,25.3525,32.9075
2025-05-21 11:03:00,26.3325,31.1650
2025-05-21 11:18:00,26.7000,29.1225
2025-05-21 11:33:00,27.1000,30.1600
2025-05-21 11:48:00,27.0300,29.1175
2025-05-21 12:03:00,27.9825,30.2875
2025-05-21 12:18:00,28.2400,29.5275
2025-05-21 12:33:00,28.1400,26.2400
2025-05-21 12:48:00,28.8550,24.9425
2025-05-21 13:03:00,29.2325,23.5075
2025-05-21 13:18:00,29.5800,22.9375
2025-05-21 13:33:00,29.9825,22.0625
2025-05-21 13:48:00,30.2075,20.4050
2025-05-21 14:03:00,30.7650,20.6000
2025-05-21 14:18:00,30.7450,21.7225
2025-05-21 14:33:00,30.9600,21.3525
2025-05-21 14:48:00,30.5425,26.1000
2025-05-21 15:03:00,30.3425,24.8450
2025-05-21 15:18:00,30.2950,24.7400
2025-05-21 15:33:00,30.0725,24.1450
2025-05-21 15:48:00,29.6725,24.3300
2025-05-21 16:03:00,29.6800,24.9250
2025-05-21 16:18:00,28.8100,25.4975
2025-05-21 16:33:00,28.3650,27.3625
2025-05-21 16:48:00,28.2850,27.2525
2025-05-21 17:03:00,28.4000,27.8800
2025-05-21 17:18:00,28.3300,28.8625
2025-05-21 17:33:00,28.3850,27.0375
2025-05-21 17:48:00,28.2575,25.1425
2025-05-21 18:03:00,27.9725,28.4725
2025-05-21 18:18:00,27.2450,27.4875
2025-05-21 18:33:00,26.5050,28.8875
2025-05-21 18:48:00,25.3250,31.0900
2025-05-21 19:03:00,24.0425,31.1825
2025-05-21 19:18:00,22.7425,31.4200
2025-05-21 19:33:00,21.6950,32.1425
2025-05-21 19:48:00,21.3800,32.2975
2025-05-21 20:03:00,20.4000,37.3325
2025-05-21 20:18:00,19.9875,38.5175
2025-05-21 20:33:00,18.2225,48.9675
2025-05-21 20:48:00,16.7750,54.3125
2025-05-21 21:03:00,16.0250,57.4100
2025-05-21 21:18:00,16.1700,56.3550
2025-05-21 21:33:00,15.9250,56.8825
2025-05-21 21:48:00,15.4450,59.4400
2025-05-21 22:03:00,15.0750,61.1575
2025-05-21 22:18:00,14.9900,59.2825
2025-05-21 22:33:00,14.9600,58.1100
2025-05-21 22:48:00,14.9375,55.6550
2025-05-21 23:03:00,14.8450,54.1725
2025-05-21 23:18:00,14.5675,55.9650
2025-05-21 23:33:00,14.1950,57.3600
2025-05-21 23:48:00,13.9775,57.4575
2025-05-22 00:03:00,13.9425,57.4075
2025-05-22 00:18:00,13.8300,58.2850
2025-05-22 00:33:00,13.7900,58.3575
2025-05-22 00:48:00,13.7150,58.7950
2025-05-22 01:03:00,13.7650,60.7625
2025-05-22 01:18:00,13.5375,64.4850
2025-05-22 01:33:00,13.2975,66.7900
2025-05-22 01:48:00,13.5175,62.7600
2025-05-22 02:03:00,13.3975,60.4050
2025-05-22 02:18:00,13.0600,62.9750
2025-05-22 02:33:00,12.7425,66.0650
2025-05-22 02:48:00,12.5775,66.3325
2025-05-22 03:03:00,12.2750,66.9425
2025-05-22 03:18:00,12.1100,68.7425
2025-05-22 03:33:00,11.9375,69.8925
2025-05-22 03:48:00,11.6275,73.2925
2025-05-22 04:03:00,11.4425,75.2925
2025-05-22 04:18:00,11.5075,74.0325
2025-05-22 04:33:00,11.4300,73.4125
2025-05-22 04:48:00,11.3075,74.9100
2025-05-22 05:03:00,11.2025,76.0775
2025-05-22 05:18:00,10.8925,77.1000
2025-05-22 05:33:00,10.7625,77.7850
2025-05-22 05:48:00,10.8425,76.9950
2025-05-22 06:03:00,10.9300,75.5125
2025-05-22 06:18:00,10.9900,75.2825
2025-05-22 06:33:00,11.2275,74.2825
2025-05-22 06:48:00,11.6750,73.1350
2025-05-22 07:03:00,12.1050,71.6875
2025-05-22 07:18:00,12.5275,70.2875
2025-05-22 07:33:00,13.0800,65.8000
2025-05-22 07:48:00,13.7625,62.9450
2025-05-22 08:03:00,14.1075,62.8100
2025-05-22 08:18:00,14.6750,61.5750
2025-05-22 08:33:00,15.7925,57.7950
2025-05-22 08:48:00,16.5250,54.3375
2025-05-22 09:03:00,17.3825,50.1925
2025-05-22 09:18:00,18.3000,47.2025
2025-05-22 09:33:00,18.8475,45.2350
2025-05-22 09:48:00,19.5425,43.1675
2025-05-22 10:03:00,20.2075,42.5550
2025-05-22 10:18:00,20.6025,42.1925
2025-05-22 10:33:00,21.0150,42.3800
2025-05-22 10:48:00,21.3050,43.4100
2025-05-22 11:03:00,21.8250,41.4450
2025-05-22 11:18:00,22.2675,41.3700
2025-05-22 11:33:00,22.3400,40.7700
2025-05-22 11:48:00,22.6650,41.7700
2025-05-22 12:03:00,23.1925,41.2500
2025-05-22 12:18:00,23.3800,41.0100
2025-05-22 12:33:00,23.3125,40.1625
2025-05-22 12:48:00,23.8250,40.0625
2025-05-22 13:03:00,23.9125,39.1225
2025-05-22 13:18:00,24.3450,39.2650
2025-05-22 13:33:00,23.7775,39.4850
2025-05-22 13:48:00,24.3600,39.1475
2025-05-22 14:03:00,25.0675,37.8825
2025-05-22 14:18:00,24.3450,37.5750
2025-05-22 14:33:00,24.5625,37.1725
2025-05-22 14:48:00,24.0225,36.2300
2025-05-22 15:03:00,23.7050,36.8450
2025-05-22 15:18:00,23.3250,37.6925
2025-05-22 15:33:00,23.4150,36.2950
2025-05-22 15:48:00,22.8050,35.5800
2025-05-22 16:03:00,22.3425,38.5975
2025-05-22 16:18:00,22.7000,38.3625
2025-05-22 16:33:00,22.3350,37.4175
2025-05-22 16:48:00,22.0475,36.5425
2025-05-22 17:03:00,21.6425,37.8525
2025-05-22 17:18:00,21.5425,39.0400
2025-05-22 17:33:00,20.0700,41.9150
2025-05-22 17:48:00,19.5750,44.1775
2025-05-22 18:03:00,19.0650,45.7250
2025-05-22 18:18:00,19.1275,46.0750
2025-05-22 18:33:00,18.4625,45.5550
2025-05-22 18:48:00,17.8050,50.5300
2025-05-22 19:03:00,16.6075,54.8750
2025-05-22 19:18:00,15.7475,57.0475
2025-05-22 19:33:00,14.9275,59.5900
2025-05-22 19:48:00,14.3550,61.7550
2025-05-22 20:03:00,13.7025,65.2375
2025-05-22 20:18:00,13.1725,68.1300
2025-05-22 20:33:00,12.8275,69.0800
2025-05-22 20:48:00,12.5725,70.3000
2025-05-22 21:03:00,12.3250,71.5125
2025-05-22 21:18:00,12.1100,72.0075
2025-05-22 21:33:00,12.0375,71.6325
2025-05-22 21:48:00,11.9375,72.2850
2025-05-22 22:03:00,11.8700,73.5700
2025-05-22 22:18:00,11.6825,74.4575
2025-05-22 22:33:00,11.5725,74.7500
2025-05-22 22:48:00,11.4550,75.4200
2025-05-22 23:03:00,11.4375,75.4900
2025-05-22 23:18:00,11.3100,76.4525
2025-05-22 23:33:00,11.3325,75.4300
2025-05-22 23:48:00,11.2425,76.0000
2025-05-23 00:03:00,11.2125,76.4000
2025-05-23 00:18:00,11.1175,76.9300
2025-05-23 00:33:00,11.0550,77.3675
2025-05-23 00:48:00,10.9425,78.1925
2025-05-23 01:03:00,10.9025,78.7800
2025-05-23 01:18:00,10.8825,79.0250
2025-05-23 01:33:00,10.8900,79.0275
2025-05-23 01:48:00,10.8800,81.2450
2025-05-23 02:03:00,10.7650,80.7425
2025-05-23 02:18:00,10.7650,81.0250
2025-05-23 02:33:00,10.8100,81.3950
2025-05-23 02:48:00,10.8900,80.8550
2025-05-23 03:03:00,10.8025,81.0575
2025-05-23 03:18:00,10.6900,81.1300
2025-05-23 03:33:00,10.6125,81.5175
2025-05-23 03:48:00,10.5150,81.7275
2025-05-23 04:03:00,10.4750,81.5325
2025-05-23 04:18:00,10.4500,81.6850
2025-05-23 04:33:00,10.4050,82.1400
2025-05-23 04:48:00,10.3450,81.9475
2025-05-23 05:03:00,10.3525,81.2675
2025-05-23 05:18:00,10.3275,81.8550
2025-05-23 05:33:00,10.2875,81.8800
2025-05-23 05:48:00,10.2500,82.2725
2025-05-23 06:03:00,10.2525,82.5600
2025-05-23 06:18:00,10.1775,82.7075
2025-05-23 06:33:00,10.3250,82.3500
2025-05-23 06:48:00,10.8100,81.2800
2025-05-23 07:03:00,11.1750,79.3075
2025-05-23 07:18:00,11.2175,78.1325
2025-05-23 07:33:00,11.5575,77.1450
2025-05-23 07:48:00,12.1175,75.7800
2025-05-23 08:03:00,12.1950,75.8950
2025-05-23 08:18:00,12.7450,73.8825
2025-05-23 08:33:00,12.8650,73.3225
2025-05-23 08:48:00,13.0425,73.1950
2025-05-23 09:03:00,13.6475,71.6525
2025-05-23 09:18:00,13.7925,70.8375
2025-05-23 09:33:00,14.1800,69.0525
2025-05-23 09:48:00,15.2150,65.7250
2025-05-23 10:03:00,15.3625,64.1850
2025-05-23 10:18:00,15.8125,63.2750
2025-05-23 10:33:00,16.0125,61.2475
2025-05-23 10:48:00,16.1075,60.2825
2025-05-23 11:03:00,16.1375,59.8425
2025-05-23 11:18:00,16.8525,57.5300
2025-05-23 11:33:00,17.2300,56.7425
2025-05-23 11:48:00,17.4850,56.1800
2025-05-23 12:03:00,18.0750,54.1075
2025-05-23 12:18:00,17.6225,56.1900
2025-05-23 12:33:00,18.2600,53.6425
2025-05-23 12:48:00,18.7400,51.7525
2025-05-23 13:03:00,18.8125,50.5950
2025-05-23 13:18:00,19.1600,51.3625
2025-05-23 13:33:00,19.5100,48.3075
2025-05-23 13:48:00,19.6800,47.9225
2025-05-23 14:03:00,19.8875,47.3500
2025-05-23 14:18:00,19.9825,45.7525
2025-05-23 14:33:00,20.0925,46.2625
2025-05-23 14:48:00,20.2850,46.8150
2025-05-23 15:03:00,20.0300,46.6075
2025-05-23 15:18:00,19.8325,45.9575
2025-05-23 15:33:00,19.8525,44.4300
2025-05-23 15:48:00,20.0700,45.4100
2025-05-23 16:03:00,20.1850,45.1625
2025-05-23 16:18:00,20.0900,43.9200
2025-05-23 16:33:00,19.7075,44.5775
2025-05-23 16:48:00,19.8400,46.3325
2025-05-23 17:03:00,19.4425,50.5750
2025-05-23 17:18:00,18.7125,52.5100
2025-05-23 17:33:00,19.0975,51.8800
2025-05-23 17:48:00,18.7350,51.9850
2025-05-23 18:03:00,18.2425,50.1975
2025-05-23 18:18:00,17.9575,51.5900
2025-05-23 18:33:00,17.4700,54.0625
2025-05-23 18:48:00,17.0425,54.0275
2025-05-23 19:03:00,16.3250,55.3375
2025-05-23 19:18:00,15.8650,57.1125
2025-05-23 19:33:00,15.5900,58.8125
2025-05-23 19:48:00,15.3500,59.8300
2025-05-23 20:03:00,14.2050,65.1250
2025-05-23 20:18:00,13.2475,69.8575
2025-05-23 20:33:00,12.7700,72.3350
2025-05-23 20:48:00,12.2625,75.0150
2025-05-23 21:03:00,12.0025,76.4800
2025-05-23 21:18:00,11.8275,77.7350
2025-05-23 21:33:00,11.5675,78.7700
2025-05-23 21:48:00,11.3600,79.7850
2025-05-23 22:03:00,11.3100,80.4125
2025-05-23 22:18:00,11.2550,80.0675
2025-05-23 22:33:00,11.3325,80.2075
2025-05-23 22:48:00,11.2425,80.4425
2025-05-23 23:03:00,11.0375,81.4750
2025-05-23 23:18:00,10.9025,82.3025
2025-05-23 23:33:00,10.7500,82.3650
2025-05-23 23:48:00,10.6700,82.6575
2025-05-24 00:03:00,10.7475,82.4825
2025-05-24 00:18:00,10.8500,82.2700
2025-05-24 00:33:00,10.7400,82.8525
2025-05-24 00:48:00,10.5600,83.9175
2025-05-24 01:03:00,10.4650,84.0950
2025-05-24 01:18:00,10.4225,84.8225
2025-05-24 01:33:00,10.3400,85.2900
2025-05-24 01:48:00,10.3450,86.4575
2025-05-24 02:03:00,10.1500,85.9350
2025-05-24 02:18:00,10.0750,86.6825
2025-05-24 02:33:00,10.0100,86.7500
2025-05-24 02:48:00,9.9550,87.3325
2025-05-24 03:03:00,9.8875,87.4475
2025-05-24 03:18:00,9.8725,87.4300
2025-05-24 03:33:00,9.7425,87.5600
2025-05-24 03:48:00,9.7375,87.4975
2025-05-24 04:03:00,9.7550,87.4375
2025-05-24 04:18:00,9.7600,87.4150
2025-05-24 04:33:00,9.7000,87.8050
2025-05-24 04:48:00,9.6350,87.9475
2025-05-24 05:03:00,9.5350,87.8225
2025-05-24 05:18:00,9.4300,88.5250
2025-05-24 05:33:00,9.5550,88.8000
2025-05-24 05:48:00,9.7475,88.8700
2025-05-24 06:03:00,10.0225,87.9900
2025-05-24 06:18:00,10.4025,87.1800
2025-05-24 06:33:00,10.6700,86.6900
2025-05-24 06:48:00,10.8575,86.0900
2025-05-24 07:03:00,11.0850,85.6225
2025-05-24 07:18:00,11.1650,85.1075
2025-05-24 07:33:00,11.2100,84.9150
2025-05-24 07:48:00,11.4825,84.6075
2025-05-24 08:03:00,11.6200,83.7525
2025-05-24 08:18:00,12.0625,82.2075
2025-05-24 08:33:00,12.2300,81.1225
2025-05-24 08:48:00,12.7100,79.1175
2025-05-24 09:03:00,13.4025,77.5100
2025-05-24 09:18:00,14.0175,75.1175
2025-05-24 09:33:00,14.2175,73.9450
2025-05-24 09:48:00,14.8100,70.9400
2025-05-24 10:03:00,15.2625,70.7675
2025-05-24 10:18:00,15.9825,68.6925
2025-05-24 10:33:00,15.9100,67.3875
2025-05-24 10:48:00,16.7800,64.1675
2025-05-24 11:03:00,17.5050,63.1425
2025-05-24 11:18:00,17.5250,61.2400
2025-05-24 11:33:00,17.9825,60.2550
2025-05-24 11:48:00,18.8000,57.8675
2025-05-24 12:03:00,19.3625,56.8175
2025-05-24 12:18:00,20.0575,54.4550
2025-05-24 12:33:00,20.4400,52.9700
2025-05-24 12:48:00,21.0325,51.0800
2025-05-24 13:03:00,21.3700,50.7125
2025-05-24 13:18:00,21.5200,53.0350
2025-05-24 13:33:00,20.9300,55.0200
2025-05-24 13:48:00,21.0750,54.1825
2025-05-24 14:03:00,21.0825,54.1350
2025-05-24 14:18:00,21.1525,54.5550
2025-05-24 14:33:00,21.2500,52.5850
2025-05-24 14:48:00,20.9150,53.5625
2025-05-24 15:03:00,21.1300,53.7975
2025-05-24 15:18:00,20.4950,54.1700
2025-05-24 15:33:00,21.0375,52.8100
2025-05-24 15:48:00,20.0700,54.5700
2025-05-24 16:03:00,20.2175,53.6800
2025-05-24 16:18:00,19.8600,54.9025
2025-05-24 16:33:00,19.6000,54.3475
2025-05-24 16:48:00,19.5300,54.4300
2025-05-24 17:03:00,19.3250,54.6325
2025-05-24 17:18:00,19.3525,53.7425
2025-05-24 17:33:00,18.9225,54.0550
2025-05-24 17:48:00,18.1000,55.0525
2025-05-24 18:03:00,17.5750,56.4450
2025-05-24 18:18:00,16.8100,58.7450
2025-05-24 18:33:00,16.0800,61.8625
2025-05-24 18:48:00,15.8350,63.2850
2025-05-24 19:03:00,15.2350,65.3125
2025-05-24 19:18:00,14.2200,68.9450
2025-05-24 19:33:00,13.7625,70.2000
2025-05-24 19:48:00,13.3200,72.5200
2025-05-24 20:03:00,12.9375,73.9350
2025-05-24 20:18:00,12.7500,75.2250
2025-05-24 20:33:00,12.7175,75.2875
2025-05-24 20:48:00,12.4275,76.8100
2025-05-24 21:03:00,12.2650,77.4375
2025-05-24 21:18:00,12.1000,77.9275
2025-05-24 21:33:00,12.0275,78.1850
2025-05-24 21:48:00,11.7075,78.9000
2025-05-24 22:03:00,11.5125,79.1400
2025-05-24 22:18:00,11.4700,79.9475
2025-05-24 22:33:00,11.5050,79.6675
2025-05-24 22:48:00,11.4925,79.7500
2025-05-24 23:03:00,11.4800,79.9250
2025-05-24 23:18:00,11.3950,80.1875
2025-05-24 23:33:00,11.3825,80.2525
2025-05-24 23:48:00,11.3825,80.4225
2025-05-25 00:03:00,11.3200,80.7525
2025-05-25 00:18:00,11.3300,80.8525
2025-05-25 00:33:00,11.2425,80.7950
2025-05-25 00:48:00,11.1775,81.5350
2025-05-25 01:03:00,11.1325,81.7900
2025-05-25 01:18:00,11.1925,81.7100
2025-05-25 01:33:00,11.2050,81.5100
2025-05-25 01:48:00,11.2150,81.2175
2025-05-25 02:03:00,11.0525,81.6525
2025-05-25 02:18:00,11.1075,81.6200
2025-05-25 02:33:00,11.0600,81.9400
2025-05-25 02:48:00,11.0875,82.0400
2025-05-25 03:03:00,11.0900,81.6750
2025-05-25 03:18:00,10.9725,82.1150
2025-05-25 03:33:00,10.9475,82.0475
2025-05-25 03:48:00,10.9550,81.9750
2025-05-25 04:03:00,10.9025,81.9075
2025-05-25 04:18:00,10.8650,82.3025
2025-05-25 04:33:00,10.8375,82.0600
2025-05-25 04:48:00,10.7500,81.8975
2025-05-25 05:03:00,10.6150,82.0250
2025-05-25 05:18:00,10.5775,82.3300
2025-05-25 05:33:00,10.5850,82.0050
2025-05-25 05:48:00,10.6025,81.9650
2025-05-25 06:03:00,10.7175,81.7425
2025-05-25 06:18:00,10.8025,81.6550
2025-05-25 06:33:00,10.9000,81.8150
2025-05-25 06:48:00,11.0225,81.8175
2025-05-25 07:03:00,11.1700,81.1175
2025-05-25 07:18:00,11.3575,80.5275
2025-05-25 07:33:00,11.5300,79.9150
2025-05-25 07:48:00,11.7600,79.4725
2025-05-25 08:03:00,11.9125,79.0550
2025-05-25 08:18:00,12.1275,79.2400
2025-05-25 08:33:00,12.1775,79.0200
2025-05-25 08:48:00,12.7100,77.6550
2025-05-25 09:03:00,12.4850,78.5825
2025-05-25 09:18:00,12.6600,77.2400
2025-05-25 09:33:00,12.8650,77.0250
2025-05-25 09:48:00,13.8925,73.8650
2025-05-25 10:03:00,14.2100,71.3150
2025-05-25 10:18:00,14.7850,69.5600
2025-05-25 10:33:00,15.5800,66.7250
2025-05-25 10:48:00,15.6850,64.7800
2025-05-25 11:03:00,16.0100,64.0825
2025-05-25 11:18:00,16.6775,61.4375
2025-05-25 11:33:00,16.9525,59.5975
2025-05-25 11:48:00,17.4050,58.2225
2025-05-25 12:03:00,17.5750,58.4775
2025-05-25 12:18:00,17.7400,57.5775
2025-05-25 12:33:00,17.6575,56.6200
2025-05-25 12:48:00,18.5750,54.8700
2025-05-25 13:03:00,18.4400,54.6275
2025-05-25 13:18:00,18.4450,53.0600
2025-05-25 13:33:00,19.1250,51.8650
2025-05-25 13:48:00,19.0025,49.9125
2025-05-25 14:03:00,18.8875,50.1275
2025-05-25 14:18:00,19.4375,48.5825
2025-05-25 14:33:00,18.8525,50.5200
2025-05-25 14:48:00,19.0925,50.7150
2025-05-25 15:03:00,19.1500,50.0675
2025-05-25 15:18:00,18.9775,51.0125
2025-05-25 15:33:00,18.8375,51.0275
2025-05-25 15:48:00,19.0675,50.5450
2025-05-25 16:03:00,18.8725,51.6850
2025-05-25 16:18:00,18.9350,51.8525
2025-05-25 16:33:00,18.6175,53.4425
2025-05-25 16:48:00,18.8325,51.8000
2025-05-25 17:03:00,18.4825,52.9925
2025-05-25 17:18:00,18.2625,53.9700
2025-05-25 17:33:00,18.0350,54.6325
2025-05-25 17:48:00,17.9775,55.4375
2025-05-25 18:03:00,17.2800,56.9475
2025-05-25 18:18:00,16.7875,58.4400
2025-05-25 18:33:00,16.3425,60.4525
2025-05-25 18:48:00,16.0875,60.7225
2025-05-25 19:03:00,15.6575,62.1175
2025-05-25 19:18:00,15.2975,63.2475
2025-05-25 19:33:00,15.0400,64.6250
2025-05-25 19:48:00,14.6175,66.6525
2025-05-25 20:03:00,14.2950,67.7300
2025-05-25 20:18:00,13.9200,69.4125
2025-05-25 20:33:00,13.6625,71.0775
2025-05-25 20:48:00,13.4650,72.5200
2025-05-25 21:03:00,13.2375,73.7450
2025-05-25 21:18:00,13.0975,75.2050
2025-05-25 21:33:00,12.9525,76.4225
2025-05-25 21:48:00,12.8875,76.9300
2025-05-25 22:03:00,12.8575,77.5375
2025-05-25 22:18:00,12.8750,77.5875
2025-05-25 22:33:00,12.9250,77.6175
2025-05-25 22:48:00,12.9575,78.0175
2025-05-25 23:03:00,12.9375,78.4625
2025-05-25 23:18:00,12.9750,78.6150
2025-05-25 23:33:00,13.0200,78.5425
2025-05-25 23:48:00,12.9950,78.7225
2025-05-26 00:03:00,12.9700,78.8200
2025-05-26 00:18:00,12.7875,79.6300
2025-05-26 00:33:00,12.6900,80.4325
2025-05-26 00:48:00,12.5825,80.8975
2025-05-26 01:03:00,12.6275,80.8800
2025-05-26 01:18:00,12.6275,81.2900
2025-05-26 01:33:00,12.5500,81.5850
2025-05-26 01:48:00,12.5250,81.5475
2025-05-26 02:03:00,12.5750,81.6225
2025-05-26 02:18:00,12.6175,81.6375
2025-05-26 02:33:00,12.5625,82.1300
2025-05-26 02:48:00,12.4275,82.8100
2025-05-26 03:03:00,12.3075,83.2450
2025-05-26 03:18:00,12.2875,82.8225
2025-05-26 03:33:00,12.2400,83.1400
2025-05-26 03:48:00,12.1825,83.3425
2025-05-26 04:03:00,12.2275,83.9825
2025-05-26 04:18:00,12.2275,83.8825
2025-05-26 04:33:00,12.1450,84.6675
2025-05-26 04:48:00,12.1500,84.8950
2025-05-26 05:03:00,12.1150,84.9300
2025-05-26 05:18:00,12.1100,84.7675
2025-05-26 05:33:00,12.2900,84.4700
2025-05-26 05:48:00,12.2675,85.0150
2025-05-26 06:03:00,12.3925,84.7175
2025-05-26 06:18:00,12.5375,84.5275
2025-05-26 06:33:00,12.7425,83.2200
2025-05-26 06:48:00,12.8350,82.8900
2025-05-26 07:03:00,12.9650,82.2750
2025-05-26 07:18:00,13.2000,82.0125
2025-05-26 07:33:00,13.4600,81.3675
2025-05-26 07:48:00,13.5775,81.1425
2025-05-26 08:03:00,13.7125,81.4925
2025-05-26 08:18:00,13.4550,83.7825
2025-05-26 08:33:00,13.7425,83.0550
2025-05-26 08:48:00,14.2975,81.6825
2025-05-26 09:03:00,15.0325,77.1075
2025-05-26 09:18:00,15.7250,72.4275
2025-05-26 09:33:00,15.8950,73.3625
2025-05-26 09:48:00,15.3375,75.7400
2025-05-26 10:03:00,16.4300,69.7925
2025-05-26 10:18:00,16.3400,69.3800
2025-05-26 10:33:00,17.2550,65.6125
2025-05-26 10:48:00,16.9100,68.7225
2025-05-26 11:03:00,17.2950,66.1025
2025-05-26 11:18:00,17.8100,65.5400
2025-05-26 11:33:00,18.0150,63.0825
2025-05-26 11:48:00,18.6450,61.1525
2025-05-26 12:03:00,19.0750,60.3875
2025-05-26 12:18:00,19.3625,58.1325
2025-05-26 12:33:00,19.6000,56.9025
2025-05-26 12:48:00,20.2300,54.5825
2025-05-26 13:03:00,20.3075,53.9350
2025-05-26 13:18:00,20.8625,53.1675
2025-05-26 13:33:00,20.8975,52.1075
2025-05-26 13:48:00,21.0000,51.5875
2025-05-26 14:03:00,21.2000,52.0325
2025-05-26 14:18:00,21.1050,51.9650
2025-05-26 14:33:00,20.6475,53.9300
2025-05-26 14:48:00,20.3600,52.4575
2025-05-26 15:03:00,20.8000,52.9450
2025-05-26 15:18:00,20.6975,51.3825
2025-05-26 15:33:00,20.8350,49.8625
2025-05-26 15:48:00,21.3800,50.0125
2025-05-26 16:03:00,21.1800,50.0200
2025-05-26 16:18:00,20.8900,53.1300
2025-05-26 16:33:00,20.9300,53.2200
2025-05-26 16:48:00,20.5950,54.6350
2025-05-26 17:03:00,20.6650,55.6275
2025-05-26 17:18:00,19.8175,53.8475
2025-05-26 17:33:00,19.4875,55.4750
2025-05-26 17:48:00,19.4400,55.1200
2025-05-26 18:03:00,18.9575,60.2550
2025-05-26 18:18:00,18.2050,63.4850
2025-05-26 18:33:00,17.6250,65.4150
2025-05-26 18:48:00,16.9625,68.2150
2025-05-26 19:03:00,15.9975,71.6275
2025-05-26 19:18:00,15.5075,73.9775
2025-05-26 19:33:00,14.8575,76.2500
2025-05-26 19:48:00,14.2450,78.5850
2025-05-26 20:03:00,13.7875,80.0025
2025-05-26 20:18:00,13.3075,81.6200
2025-05-26 20:33:00,13.1175,82.0225
2025-05-26 20:48:00,12.9025,82.4850
2025-05-26 21:03:00,12.6175,83.6975
2025-05-26 21:18:00,12.4900,83.8675
2025-05-26 21:33:00,12.4550,83.4700
2025-05-26 21:48:00,12.2100,84.0275
2025-05-26 22:03:00,12.0100,84.9200
2025-05-26 22:18:00,12.0025,84.6600
2025-05-26 22:33:00,11.9200,85.0450
2025-05-26 22:48:00,11.8350,85.2650
2025-05-26 23:03:00,11.5450,86.0825
2025-05-26 23:18:00,11.5550,86.8650
2025-05-26 23:33:00,11.4125,87.2525
2025-05-26 23:48:00,11.2475,88.0150
2025-05-27 00:03:00,11.2025,88.1825
2025-05-27 00:18:00,11.1750,88.1700
2025-05-27 00:33:00,11.0600,88.4425
2025-05-27 00:48:00,11.0825,88.2625
2025-05-27 01:03:00,11.0800,88.4750
2025-05-27 01:18:00,11.1425,88.4675
2025-05-27 01:33:00,10.1700,86.3925
2025-05-27 01:48:00,9.6075,86.2575
2025-05-27 02:03:00,9.2650,87.1175
2025-05-27 02:18:00,9.2425,86.7225
2025-05-27 02:33:00,9.0700,86.0575
2025-05-27 02:48:00,8.8400,86.2800
2025-05-27 03:03:00,8.5750,86.4325
2025-05-27 03:18:00,8.4625,87.1475
2025-05-27 03:33:00,8.1550,87.2525
2025-05-27 03:48:00,7.9525,86.4700
2025-05-27 04:03:00,7.8900,85.0525
2025-05-27 04:18:00,7.9450,84.2775
2025-05-27 04:33:00,8.0050,84.3425
2025-05-27 04:48:00,8.0050,84.3900
2025-05-27 05:03:00,7.9975,84.5150
2025-05-27 05:18:00,8.1575,85.4850
2025-05-27 05:33:00,8.1175,85.1175
2025-05-27 05:48:00,7.8500,85.4425
2025-05-27 06:03:00,7.8175,85.8250
2025-05-27 06:18:00,8.0525,85.8050
2025-05-27 06:33:00,8.6525,86.1900
2025-05-27 06:48:00,9.6250,86.2550
2025-05-27 07:03:00,10.0700,85.0800
2025-05-27 07:18:00,10.8025,85.0800
2025-05-27 07:33:00,11.3075,85.1050
2025-05-27 07:48:00,11.8875,84.2525
2025-05-27 08:03:00,12.4250,83.2275
2025-05-27 08:18:00,13.0725,82.5425
2025-05-27 08:33:00,13.8600,79.4800
2025-05-27 08:48:00,14.3450,79.1375
2025-05-27 09:03:00,15.0100,75.7550
2025-05-27 09:18:00,15.9550,73.1200
2025-05-27 09:33:00,16.8550,70.4500
2025-05-27 09:48:00,17.4325,68.0200
2025-05-27 10:03:00,18.2200,66.3500
2025-05-27 10:18:00,19.0000,63.6450
2025-05-27 10:33:00,19.8675,61.3875
2025-05-27 10:48:00,20.6675,59.4425
2025-05-27 11:03:00,21.3825,57.1700
2025-05-27 11:18:00,22.2050,54.8375
2025-05-27 11:33:00,22.7725,52.9425
2025-05-27 11:48:00,23.7975,49.1925
2025-05-27 12:03:00,24.5125,48.4450
2025-05-27 12:18:00,24.4050,49.3550
2025-05-27 12:33:00,25.3575,43.3950
2025-05-27 12:48:00,25.7950,44.3575
2025-05-27 13:03:00,26.7125,38.0875
2025-05-27 13:18:00,26.8775,39.6850
2025-05-27 13:33:00,27.7875,40.9150
2025-05-27 13:48:00,27.7075,40.8975
2025-05-27 14:03:00,27.5600,43.1100
2025-05-27 14:18:00,27.6525,42.1275
2025-05-27 14:33:00,27.7725,41.3000
2025-05-27 14:48:00,27.7400,37.9275
2025-05-27 15:03:00,28.4200,35.3750
2025-05-27 15:18:00,28.2175,33.8375
2025-05-27 15:33:00,28.4075,35.2175
2025-05-27 15:48:00,28.4825,32.4375
2025-05-27 16:03:00,28.5500,31.2900
2025-05-27 16:18:00,28.8650,30.7750
2025-05-27 16:33:00,28.7875,28.3950
2025-05-27 16:48:00,28.8500,27.7275
2025-05-27 17:03:00,28.9375,29.8100
2025-05-27 17:18:00,28.4950,32.2775
2025-05-27 17:33:00,28.1400,35.5675
2025-05-27 17:48:00,27.5100,37.7600
2025-05-27 18:03:00,26.6425,40.0625
2025-05-27 18:18:00,26.0975,40.1275
2025-05-27 18:33:00,25.3050,41.0700
2025-05-27 18:48:00,24.4400,43.3825
2025-05-27 19:03:00,23.8500,44.0475
2025-05-27 19:18:00,23.0575,47.1900
2025-05-27 19:33:00,21.6775,48.9425
2025-05-27 19:48:00,21.3575,50.1100
2025-05-27 20:03:00,20.7775,50.9425
2025-05-27 20:18:00,20.1275,53.1975
2025-05-27 20:33:00,19.8150,54.6400
2025-05-27 20:48:00,19.5750,54.7075
2025-05-27 21:03:00,19.0275,54.9225
2025-05-27 21:18:00,18.5500,55.5875
2025-05-27 21:33:00,17.8750,58.0700
2025-05-27 21:48:00,17.3525,59.8150
2025-05-27 22:03:00,16.9600,61.2250
2025-05-27 22:18:00,16.2875,64.5475
2025-05-27 22:33:00,15.6425,67.2725
2025-05-27 22:48:00,14.6650,71.5625
2025-05-27 23:03:00,14.0875,73.5975
2025-05-27 23:18:00,13.6800,75.6350
2025-05-27 23:33:00,13.2825,77.1875
2025-05-27 23:48:00,13.0425,78.5350
2025-05-28 00:03:00,12.8850,79.7175
2025-05-28 00:18:00,12.5800,81.2275
2025-05-28 00:33:00,12.5125,82.0025
2025-05-28 00:48:00,12.4650,82.3400
2025-05-28 01:03:00,12.4900,82.8175
2025-05-28 01:18:00,12.3125,83.2375
2025-05-28 01:33:00,12.2100,83.4400
2025-05-28 01:48:00,11.9000,84.9350
2025-05-28 02:03:00,11.9875,84.7750
2025-05-28 02:18:00,12.0300,84.2675
2025-05-28 02:33:00,11.9250,85.0550
2025-05-28 02:48:00,11.9625,85.1350
2025-05-28 03:03:00,11.9925,85.4600
2025-05-28 03:18:00,12.1900,85.9500
2025-05-28 03:33:00,12.2150,85.5900
2025-05-28 03:48:00,12.1350,86.1750
2025-05-28 04:03:00,12.0350,86.5650
2025-05-28 04:18:00,11.9875,86.7700
2025-05-28 04:33:00,11.9375,87.2450
2025-05-28 04:48:00,11.8725,87.4775
2025-05-28 05:03:00,11.7375,87.3650
2025-05-28 05:18:00,11.7150,86.7950
2025-05-28 05:33:00,11.7825,86.5725
2025-05-28 05:48:00,11.7875,86.5325
2025-05-28 06:03:00,11.7475,87.6825
2025-05-28 06:18:00,11.7850,87.2300
2025-05-28 06:33:00,11.7175,87.1500
2025-05-28 06:48:00,11.7775,87.2250
2025-05-28 07:03:00,11.8275,86.7375
2025-05-28 07:18:00,11.8225,86.9725
2025-05-28 07:33:00,11.9850,86.8600
2025-05-28 07:48:00,12.0050,86.5525
2025-05-28 08:03:00,11.9925,86.3125
2025-05-28 08:18:00,12.3400,85.1850
2025-05-28 08:33:00,12.5625,83.9850
2025-05-28 08:48:00,12.6900,83.1375
2025-05-28 09:03:00,12.9650,82.4725
2025-05-28 09:18:00,13.9800,80.0425
2025-05-28 09:33:00,14.4000,78.2575
2025-05-28 09:48:00,15.0400,76.4450
2025-05-28 10:03:00,15.3525,74.0375
2025-05-28 10:18:00,16.4475,71.2375
2025-05-28 10:33:00,16.5350,69.8325
2025-05-28 10:48:00,17.2625,68.4000
2025-05-28 11:03:00,17.3275,68.2875
2025-05-28 11:18:00,17.6375,68.0450
2025-05-28 11:33:00,17.4425,67.2350
2025-05-28 11:48:00,17.4700,67.3625
2025-05-28 12:03:00,17.5375,67.0800
2025-05-28 12:18:00,17.5000,67.7125
2025-05-28 12:33:00,17.3575,67.7750
2025-05-28 12:48:00,17.7475,66.6425
2025-05-28 13:03:00,17.9050,64.4150
2025-05-28 13:18:00,18.1300,64.1825
2025-05-28 13:33:00,18.0200,64.0150
2025-05-28 13:48:00,18.3550,63.3075
2025-05-28 14:03:00,18.8075,62.1625
2025-05-28 14:18:00,18.4925,62.4650
2025-05-28 14:33:00,18.6550,62.1075
2025-05-28 14:48:00,18.4675,61.5400
2025-05-28 15:03:00,18.6475,60.2175
2025-05-28 15:18:00,18.8350,59.1550
2025-05-28 15:33:00,19.1575,57.9950
2025-05-28 15:48:00,19.1350,56.7325
2025-05-28 16:03:00,19.6675,55.8325
2025-05-28 16:18:00,19.5700,54.2625
2025-05-28 16:33:00,19.8100,54.6800
2025-05-28 16:48:00,19.7550,53.1525
2025-05-28 17:03:00,19.4475,53.8125
2025-05-28 17:18:00,19.0575,54.4600
2025-05-28 17:33:00,18.4525,54.6400
2025-05-28 17:48:00,17.8175,56.2100
2025-05-28 18:03:00,17.1850,59.2550
2025-05-28 18:18:00,16.7025,63.2475
2025-05-28 18:33:00,16.2850,62.8300
2025-05-28 18:48:00,15.9800,64.3400
2025-05-28 19:03:00,15.3575,66.3475
2025-05-28 19:18:00,15.0750,68.1325
2025-05-28 19:33:00,14.8200,68.6625
2025-05-28 19:48:00,14.2125,71.1850
2025-05-28 20:03:00,13.7775,73.3475
2025-05-28 20:18:00,13.3275,75.4400
2025-05-28 20:33:00,13.0425,76.1250
2025-05-28 20:48:00,12.9575,76.5675
2025-05-28 21:03:00,12.7025,78.1825
2025-05-28 21:18:00,12.5100,79.5000
2025-05-28 21:33:00,12.4650,79.5850
2025-05-28 21:48:00,12.4875,80.4075
2025-05-28 22:03:00,12.5225,80.7775
2025-05-28 22:18:00,12.4625,81.3375
2025-05-28 22:33:00,12.3950,81.3125
2025-05-28 22:48:00,12.3900,81.4600
2025-05-28 23:03:00,12.3300,81.6700
2025-05-28 23:18:00,12.3125,81.4950
2025-05-28 23:33:00,12.2300,81.4550
2025-05-28 23:48:00,12.2150,81.5325
2025-05-29 00:03:00,12.1850,81.7850
2025-05-29 00:18:00,12.1900,81.5075
2025-05-29 00:33:00,12.1725,81.4350
2025-05-29 00:48:00,12.1500,81.7975
2025-05-29 01:03:00,12.1050,82.1850
2025-05-29 01:18:00,12.0725,82.6400
2025-05-29 01:33:00,11.9625,82.8825
2025-05-29 01:48:00,11.9750,83.1900
2025-05-29 02:03:00,11.8750,83.6875
2025-05-29 02:18:00,11.7475,84.0825
2025-05-29 02:33:00,11.6975,84.0500
2025-05-29 02:48:00,11.6100,83.7000
2025-05-29 03:03:00,11.5925,83.5350
2025-05-29 03:18:00,11.4950,84.7475
2025-05-29 03:33:00,11.4550,85.0225
2025-05-29 03:48:00,11.3550,85.5200
2025-05-29 04:03:00,11.3300,85.8225
2025-05-29 04:18:00,11.4475,85.4175
2025-05-29 04:33:00,11.4775,84.9125
2025-05-29 04:48:00,11.5575,84.2675
2025-05-29 05:03:00,11.5400,84.6225
2025-05-29 05:18:00,11.5500,84.3800
2025-05-29 05:33:00,11.6100,84.5825
2025-05-29 05:48:00,11.5525,84.9450
2025-05-29 06:03:00,11.5775,84.8450
2025-05-29 06:18:00,11.8175,83.9500
2025-05-29 06:33:00,12.0800,83.4800
2025-05-29 06:48:00,12.2525,84.2625
2025-05-29 07:03:00,12.4150,84.2700
2025-05-29 07:18:00,12.7300,83.1825
2025-05-29 07:33:00,13.0950,81.6950
2025-05-29 07:48:00,13.4950,80.5525
2025-05-29 08:03:00,13.7125,80.5425
2025-05-29 08:18:00,14.3275,77.6725
2025-05-29 08:33:00,14.8325,74.5125
2025-05-29 08:48:00,15.8200,71.5350
2025-05-29 09:03:00,16.1575,68.6900
2025-05-29 09:18:00,16.8525,66.5700
2025-05-29 09:33:00,17.5025,62.4150
2025-05-29 09:48:00,18.2175,58.3575
2025-05-29 10:03:00,18.7750,55.4250
2025-05-29 10:18:00,19.1600,55.9025
2025-05-29 10:33:00,20.1825,51.8850
2025-05-29 10:48:00,20.1450,53.1550
2025-05-29 11:03:00,20.9175,52.0000
2025-05-29 11:18:00,21.4400,51.3925
2025-05-29 11:33:00,22.1900,50.1800
2025-05-29 11:48:00,22.7525,48.6625
2025-05-29 12:03:00,23.6200,47.6575
2025-05-29 12:18:00,23.7575,46.5975
2025-05-29 12:33:00,23.8900,45.3875
2025-05-29 12:48:00,24.5575,45.3300
2025-05-29 13:03:00,25.1350,45.1225
2025-05-29 13:18:00,25.5200,44.1550
2025-05-29 13:33:00,26.0300,42.5075
2025-05-29 13:48:00,26.3950,42.2250
2025-05-29 14:03:00,27.2075,41.1550
2025-05-29 14:18:00,27.2025,40.7625
2025-05-29 14:33:00,27.6375,40.0575
2025-05-29 14:48:00,27.5750,39.9125
2025-05-29 15:03:00,27.9875,38.5900
2025-05-29 15:18:00,28.4625,39.9325
2025-05-29 15:33:00,28.8400,37.1825
2025-05-29 15:48:00,28.9475,38.0575
2025-05-29 16:03:00,29.1050,37.5525
2025-05-29 16:18:00,29.0025,37.8950
2025-05-29 16:33:00,28.8675,39.0000
2025-05-29 16:48:00,29.0525,39.0250
2025-05-29 17:03:00,28.5550,38.5925
2025-05-29 17:18:00,28.5225,38.3475
2025-05-29 17:33:00,28.0075,39.5675
2025-05-29 17:48:00,27.5700,39.9375
2025-05-29 18:03:00,27.0850,41.2925
2025-05-29 18:18:00,26.5450,43.0225
2025-05-29 18:33:00,25.8125,43.8800
2025-05-29 18:48:00,24.9525,46.2325
2025-05-29 19:03:00,24.4100,47.1950
2025-05-29 19:18:00,23.8500,48.0100
2025-05-29 19:33:00,23.6700,48.7675
2025-05-29 19:48:00,23.0975,49.5400
2025-05-29 20:03:00,22.2675,50.3600
2025-05-29 20:18:00,21.5900,52.7475
2025-05-29 20:33:00,20.6750,57.7275
2025-05-29 20:48:00,19.3975,62.6050
2025-05-29 21:03:00,18.6375,65.3475
2025-05-29 21:18:00,18.3900,66.7125
2025-05-29 21:33:00,18.1425,67.7075
2025-05-29 21:48:00,17.8375,69.5150
2025-05-29 22:03:00,17.4825,71.7400
2025-05-29 22:18:00,17.2325,71.6750
2025-05-29 22:33:00,16.8550,72.9125
2025-05-29 22:48:00,16.3700,74.4725
2025-05-29 23:03:00,16.2125,74.3575
2025-05-29 23:18:00,16.3350,73.7875
2025-05-29 23:33:00,16.3325,73.4525
2025-05-29 23:48:00,16.2950,73.1550
2025-05-30 00:03:00,16.2500,72.8700
2025-05-30 00:18:00,16.2125,72.9300
2025-05-30 00:33:00,16.2625,74.0825
2025-05-30 00:48:00,16.1075,74.6275
2025-05-30 01:03:00,15.7900,75.7375
2025-05-30 01:18:00,15.5400,76.3800
2025-05-30 01:33:00,15.1625,77.2200
2025-05-30 01:48:00,14.9925,77.5250
2025-05-30 02:03:00,14.3375,76.9850
2025-05-30 02:18:00,14.1175,77.4725
2025-05-30 02:33:00,13.9125,76.9825
2025-05-30 02:48:00,13.4425,77.1100
2025-05-30 03:03:00,13.2000,77.8750
2025-05-30 03:18:00,12.9600,78.9775
2025-05-30 03:33:00,12.8450,79.3775
2025-05-30 03:48:00,12.7750,79.2300
2025-05-30 04:03:00,12.6825,79.8450
2025-05-30 04:18:00,12.7150,80.2875
2025-05-30 04:33:00,12.6300,79.8850
2025-05-30 04:48:00,12.3475,79.9600
2025-05-30 05:03:00,12.1850,80.8975
2025-05-30 05:18:00,12.1950,81.1025
2025-05-30 05:33:00,12.2775,81.0925
2025-05-30 05:48:00,12.3650,81.7975
2025-05-30 06:03:00,12.4900,81.6850
2025-05-30 06:18:00,12.5275,80.7200
2025-05-30 06:33:00,12.5725,80.7325
2025-05-30 06:48:00,13.1075,80.1200
2025-05-30 07:03:00,14.0375,79.2650
2025-05-30 07:18:00,14.9900,78.2825
2025-05-30 07:33:00,15.9475,76.0250
2025-05-30 07:48:00,16.6625,73.3725
2025-05-30 08:03:00,17.3400,70.9175
2025-05-30 08:18:00,18.1025,69.2350
2025-05-30 08:33:00,18.6925,67.0900
2025-05-30 08:48:00,19.5675,63.8625
2025-05-30 09:03:00,20.5850,61.9000
2025-05-30 09:18:00,21.4200,58.4550
2025-05-30 09:33:00,22.7950,55.3650
2025-05-30 09:48:00,23.4075,53.5475
2025-05-30 10:03:00,24.3450,51.3850
2025-05-30 10:18:00,25.7350,47.5900
2025-05-30 10:33:00,26.4050,48.1550
2025-05-30 10:48:00,27.6375,45.3850
2025-05-30 11:03:00,28.4200,43.1800
2025-05-30 11:18:00,29.4625,42.0150
2025-05-30 11:33:00,30.5600,40.2500
2025-05-30 11:48:00,31.7175,38.2925
2025-05-30 12:03:00,32.6775,36.1950
2025-05-30 12:18:00,33.3925,34.3250
2025-05-30 12:33:00,34.1275,31.5575
2025-05-30 12:48:00,35.0350,29.8250
2025-05-30 13:03:00,35.3950,29.3075
2025-05-30 13:18:00,35.1600,30.0200
2025-05-30 13:33:00,35.2750,30.4725
2025-05-30 13:48:00,35.7075,31.1300
2025-05-30 14:03:00,35.8700,29.1250
2025-05-30 14:18:00,36.0250,29.6725
2025-05-30 14:33:00,36.4450,29.1675
2025-05-30 14:48:00,36.6425,29.4375
2025-05-30 15:03:00,36.7525,29.8200
2025-05-30 15:18:00,36.4950,29.7400
2025-05-30 15:33:00,36.4600,30.5625
2025-05-30 15:48:00,36.5775,29.7850
2025-05-30 16:03:00,36.4475,29.3675
2025-05-30 16:18:00,36.4700,29.0950
2025-05-30 16:33:00,36.4925,28.9925
2025-05-30 16:48:00,36.6050,28.7675
2025-05-30 17:03:00,36.4150,29.2400
2025-05-30 17:18:00,36.1175,28.5925
2025-05-30 17:33:00,35.7775,28.8850
2025-05-30 17:48:00,35.3550,28.3775
2025-05-30 18:03:00,34.9250,28.4900
2025-05-30 18:18:00,34.7125,28.2200
2025-05-30 18:33:00,33.9675,28.0650
2025-05-30 18:48:00,33.3100,29.0000
2025-05-30 19:03:00,32.7625,29.7900
2025-05-30 19:18:00,32.1700,30.8075
2025-05-30 19:33:00,31.6275,31.6700
2025-05-30 19:48:00,30.9075,33.2900
2025-05-30 20:03:00,30.1825,34.1050
2025-05-30 20:18:00,29.4625,35.2625
2025-05-30 20:33:00,28.7125,36.5300
2025-05-30 20:48:00,28.0925,37.5525
2025-05-30 21:03:00,27.5875,38.5900
2025-05-30 21:18:00,27.0600,39.7100
2025-05-30 21:33:00,26.8200,39.9200
2025-05-30 21:48:00,26.3025,40.9475
2025-05-30 22:03:00,25.8850,41.2600
2025-05-30 22:18:00,25.4875,41.4650
2025-05-30 22:33:00,25.2775,41.3425
2025-05-30 22:48:00,24.7175,42.3950
2025-05-30 23:03:00,24.6075,41.9975
2025-05-30 23:18:00,24.4750,41.6625
2025-05-30 23:33:00,24.6700,41.1175
2025-05-30 23:48:00,24.4075,41.6250
2025-05-31 00:03:00,24.2650,41.4150
2025-05-31 00:18:00,23.9450,41.8825
2025-05-31 00:33:00,23.7025,42.7425
2025-05-31 00:48:00,23.6925,42.9225
2025-05-31 01:03:00,22.9400,45.5975
2025-05-31 01:18:00,21.0775,47.9750
2025-05-31 01:33:00,20.1500,49.4425
2025-05-31 01:48:00,19.4300,50.0875
2025-05-31 02:03:00,19.3050,50.2550
2025-05-31 02:18:00,18.9525,50.7200
2025-05-31 02:33:00,18.6775,51.9025
2025-05-31 02:48:00,18.1900,52.8925
2025-05-31 03:03:00,17.9050,54.3125
2025-05-31 03:18:00,17.3825,55.5825
2025-05-31 03:33:00,17.1750,55.5700
2025-05-31 03:48:00,17.1275,56.5175
2025-05-31 04:03:00,16.9700,56.0975
2025-05-31 04:18:00,16.6650,56.6500
2025-05-31 04:33:00,16.2575,57.8250
2025-05-31 04:48:00,16.1825,59.1925
2025-05-31 05:03:00,15.9725,58.7325
2025-05-31 05:18:00,15.7375,58.6650
2025-05-31 05:33:00,15.5475,59.3550
2025-05-31 05:48:00,15.4825,60.2875
2025-05-31 06:03:00,15.2500,60.9150
2025-05-31 06:18:00,15.3525,58.0825
2025-05-31 06:33:00,15.8575,59.0125
2025-05-31 06:48:00,16.7550,57.8125
2025-05-31 07:03:00,17.7025,56.1000
2025-05-31 07:18:00,18.6800,53.1450
2025-05-31 07:33:00,19.8150,50.0425
2025-05-31 07:48:00,20.7600,45.9825
2025-05-31 08:03:00,21.6050,45.2600
2025-05-31 08:18:00,22.4025,43.4400
2025-05-31 08:33:00,23.5250,42.1525
2025-05-31 08:48:00,24.2525,42.6425
2025-05-31 09:03:00,25.2175,41.4875
2025-05-31 09:18:00,26.1625,40.9525
2025-05-31 09:33:00,26.8850,41.0675
2025-05-31 09:48:00,27.7925,40.0475
2025-05-31 10:03:00,28.6225,39.5900
2025-05-31 10:18:00,29.6175,37.2900
2025-05-31 10:33:00,30.6450,34.0175
2025-05-31 10:48:00,31.7775,31.3875
2025-05-31 11:03:00,32.2600,31.4250
2025-05-31 11:18:00,32.7525,30.9675
2025-05-31 11:33:00,33.3625,26.0625
2025-05-31 11:48:00,34.0425,22.7775
2025-05-31 12:03:00,34.4025,26.9050
2025-05-31 12:18:00,34.2325,24.7700
2025-05-31 12:33:00,34.6925,23.2225
2025-05-31 12:48:00,35.6075,17.9025
2025-05-31 13:03:00,35.6300,23.3500
2025-05-31 13:18:00,35.9250,21.1600
2025-05-31 13:33:00,36.1400,21.9725
2025-05-31 13:48:00,36.4725,21.0425
2025-05-31 14:03:00,36.6875,20.0700
2025-05-31 14:18:00,36.4525,22.6900
2025-05-31 14:33:00,36.4125,21.9775
2025-05-31 14:48:00,36.2325,19.8925
2025-05-31 15:03:00,36.5125,18.4250
2025-05-31 15:18:00,36.7050,19.3500
2025-05-31 15:33:00,36.2250,21.2875
2025-05-31 15:48:00,36.1250,20.3800
2025-05-31 16:03:00,36.0150,21.8600
2025-05-31 16:18:00,35.8975,19.4000
2025-05-31 16:33:00,35.7550,20.7975
2025-05-31 16:48:00,35.0300,21.6025
2025-05-31 17:03:00,34.4725,23.2600
2025-05-31 17:18:00,34.2200,23.3725
2025-05-31 17:33:00,33.7150,23.0475
2025-05-31 17:48:00,32.4175,22.3925
2025-05-31 18:03:00,31.8450,23.7775
2025-05-31 18:18:00,31.3525,25.8850
2025-05-31 18:33:00,30.8650,27.3775
2025-05-31 18:48:00,30.1900,28.7925
2025-05-31 19:03:00,29.4825,30.6075
2025-05-31 19:18:00,29.2325,31.2075
2025-05-31 19:33:00,28.5625,32.6750
2025-05-31 19:48:00,27.5700,34.2000
2025-05-31 20:03:00,26.4225,35.8600
2025-05-31 20:18:00,25.7350,37.0000
2025-05-31 20:33:00,24.9425,38.4200
2025-05-31 20:48:00,24.1400,40.2225
2025-05-31 21:03:00,23.3675,42.4800
2025-05-31 21:18:00,23.1550,43.0625
2025-05-31 21:33:00,22.9000,42.2725
2025-05-31 21:48:00,22.5375,42.7125
2025-05-31 22:03:00,22.1925,43.0925
2025-05-31 22:18:00,22.0925,42.0825
2025-05-31 22:33:00,21.7475,42.6025
2025-05-31 22:48:00,21.6400,42.3925
2025-05-31 23:03:00,21.5850,43.2325
2025-05-31 23:18:00,21.4200,43.5850
2025-05-31 23:33:00,20.4600,46.7075
2025-05-31 23:48:00,19.8150,48.5250
2025-06-01 00:03:00,20.1700,48.3375
2025-06-01 00:18:00,19.6575,49.3700
2025-06-01 00:33:00,19.1900,52.1550
2025-06-01 00:48:00,18.6975,53.6825
2025-06-01 01:03:00,18.5300,53.8000
2025-06-01 01:18:00,18.2900,56.0700
2025-06-01 01:33:00,18.0475,57.0925
2025-06-01 01:48:00,17.8925,58.9025
2025-06-01 02:03:00,17.6100,60.3800
2025-06-01 02:18:00,17.4875,61.0625
2025-06-01 02:33:00,17.2075,62.5175
2025-06-01 02:48:00,16.9525,63.6300
2025-06-01 03:03:00,16.7675,64.7225
2025-06-01 03:18:00,16.7400,64.6375
2025-06-01 03:33:00,16.6750,64.7875
2025-06-01 03:48:00,16.4550,65.7225
2025-06-01 04:03:00,16.3675,66.8725
2025-06-01 04:18:00,16.1200,67.9700
2025-06-01 04:33:00,15.9700,68.7000
2025-06-01 04:48:00,15.7875,69.2700
2025-06-01 05:03:00,15.7150,70.4850
2025-06-01 05:18:00,15.4000,71.1050
2025-06-01 05:33:00,15.1250,72.2800
2025-06-01 05:48:00,14.7950,73.5175
2025-06-01 06:03:00,14.7700,73.9200
2025-06-01 06:18:00,14.7100,74.2775
2025-06-01 06:33:00,14.5425,75.0350
2025-06-01 06:48:00,14.4675,75.2550
2025-06-01 07:03:00,14.8175,74.6950
2025-06-01 07:18:00,15.4150,73.4375
2025-06-01 07:33:00,15.5250,72.6550
2025-06-01 07:48:00,15.8900,72.4625
2025-06-01 08:03:00,16.3075,71.1650
2025-06-01 08:18:00,17.0300,68.9450
2025-06-01 08:33:00,17.6825,66.8000
2025-06-01 08:48:00,17.9875,66.1250
2025-06-01 09:03:00,17.6225,66.8150
2025-06-01 09:18:00,17.7400,66.6225
2025-06-01 09:33:00,18.6350,62.3575
2025-06-01 09:48:00,20.0325,55.5800
2025-06-01 10:03:00,20.8525,53.2200
2025-06-01 10:18:00,21.1800,51.5650
2025-06-01 10:33:00,21.6075,50.7400
2025-06-01 10:48:00,22.8625,48.8500
2025-06-01 11:03:00,22.9900,47.7575
2025-06-01 11:18:00,24.1000,44.7625
2025-06-01 11:33:00,24.4400,42.3100
2025-06-01 11:48:00,25.0800,41.1125
2025-06-01 12:03:00,25.5750,39.9750
2025-06-01 12:18:00,25.6700,39.4800
2025-06-01 12:33:00,25.9250,38.3950
2025-06-01 12:48:00,26.2325,37.2775
2025-06-01 13:03:00,26.5450,36.8275
2025-06-01 13:18:00,25.9750,37.2850
2025-06-01 13:33:00,26.4475,36.1675
2025-06-01 13:48:00,26.9125,35.6500
2025-06-01 14:03:00,26.7800,36.7875
2025-06-01 14:18:00,26.6250,36.5325
2025-06-01 14:33:00,26.7300,37.6675
2025-06-01 14:48:00,26.8100,38.2200
2025-06-01 15:03:00,26.5350,40.5800
2025-06-01 15:18:00,26.7275,40.7825
2025-06-01 15:33:00,24.9675,45.0150
2025-06-01 15:48:00,24.4175,45.2775
2025-06-01 16:03:00,24.5425,44.9100
2025-06-01 16:18:00,24.4575,46.2175
2025-06-01 16:33:00,24.1500,45.7350
2025-06-01 16:48:00,23.5800,47.1425
2025-06-01 17:03:00,23.2200,47.2725
2025-06-01 17:18:00,23.0000,47.0525
2025-06-01 17:33:00,22.1225,49.1050
2025-06-01 17:48:00,21.9600,48.6675
2025-06-01 18:03:00,21.2800,50.4925
2025-06-01 18:18:00,19.9925,52.3000
2025-06-01 18:33:00,19.2375,54.1725
2025-06-01 18:48:00,18.8100,55.0675
2025-06-01 19:03:00,17.8625,56.4475
2025-06-01 19:18:00,17.4200,57.7325
2025-06-01 19:33:00,16.8975,58.6825
2025-06-01 19:48:00,16.3950,59.8175
2025-06-01 20:03:00,16.1375,60.7650
2025-06-01 20:18:00,15.3625,63.1600
2025-06-01 20:33:00,14.7625,65.1925
2025-06-01 20:48:00,14.3025,67.4200
2025-06-01 21:03:00,13.9800,70.3900
2025-06-01 21:18:00,13.7875,71.0475
2025-06-01 21:33:00,13.4600,71.5700
2025-06-01 21:48:00,13.2075,72.3075
2025-06-01 22:03:00,12.9600,73.4475
2025-06-01 22:18:00,12.8950,73.7350
2025-06-01 22:33:00,12.9200,74.1450
2025-06-01 22:48:00,12.6475,75.4600
2025-06-01 23:03:00,12.5425,75.9100
2025-06-01 23:18:00,12.4150,76.7200
2025-06-01 23:33:00,12.2625,77.1400
2025-06-01 23:48:00,12.1225,77.6725
2025-06-02 00:03:00,11.9600,78.7675
2025-06-02 00:18:00,11.8600,79.1275
2025-06-02 00:33:00,11.8825,79.0700
2025-06-02 00:48:00,11.5575,78.1050
2025-06-02 01:03:00,11.2125,77.3325
2025-06-02 01:18:00,10.8025,78.9600
2025-06-02 01:33:00,10.7875,79.0225
2025-06-02 01:48:00,10.1750,79.3125
2025-06-02 02:03:00,9.9850,79.9950
2025-06-02 02:18:00,10.0325,81.0825
2025-06-02 02:33:00,9.9500,80.9475
2025-06-02 02:48:00,10.0725,82.0475
2025-06-02 03:03:00,10.4075,84.6200
2025-06-02 03:18:00,10.7425,85.0000
2025-06-02 03:33:00,11.0650,84.6225
2025-06-02 03:48:00,11.0725,84.2600
2025-06-02 04:03:00,10.9775,84.7300
2025-06-02 04:18:00,10.9075,85.1475
2025-06-02 04:33:00,10.9550,85.8750
2025-06-02 04:48:00,10.6975,85.6950
2025-06-02 05:03:00,10.7100,84.7850
2025-06-02 05:18:00,10.6475,84.3025
2025-06-02 05:33:00,10.6325,83.9975
2025-06-02 05:48:00,10.5375,83.9300
2025-06-02 06:03:00,10.3650,84.6875
2025-06-02 06:18:00,10.4025,85.2175
2025-06-02 06:33:00,10.6175,85.1450
2025-06-02 06:48:00,10.8625,84.9525
2025-06-02 07:03:00,10.9725,85.1250
2025-06-02 07:18:00,11.4700,84.2350
2025-06-02 07:33:00,11.7825,83.1700
2025-06-02 07:48:00,12.0700,82.1500
2025-06-02 08:03:00,12.3825,80.1000
2025-06-02 08:18:00,13.2000,78.6600
2025-06-02 08:33:00,13.9550,75.1650
2025-06-02 08:48:00,14.4525,72.7225
2025-06-02 09:03:00,15.3475,68.6975
2025-06-02 09:18:00,15.8600,68.0175
2025-06-02 09:33:00,16.7425,64.9825
2025-06-02 09:48:00,17.1375,64.7825
2025-06-02 10:03:00,17.9800,60.9125
2025-06-02 10:18:00,18.8225,56.1375
2025-06-02 10:33:00,19.7500,55.0125
2025-06-02 10:48:00,20.1350,51.9150
2025-06-02 11:03:00,20.9500,51.2100
2025-06-02 11:18:00,21.5675,48.0925
2025-06-02 11:33:00,22.1800,47.1425
2025-06-02 11:48:00,22.9700,45.8975
2025-06-02 12:03:00,23.5550,45.4475
2025-06-02 12:18:00,24.0150,44.2100
2025-06-02 12:33:00,24.8400,41.3800
2025-06-02 12:48:00,24.9675,41.0175
2025-06-02 13:03:00,25.5950,39.7800
2025-06-02 13:18:00,26.0025,39.6975
2025-06-02 13:33:00,26.8050,38.1550
2025-06-02 13:48:00,27.1625,38.9525
2025-06-02 14:03:00,26.8250,39.5975
2025-06-02 14:18:00,27.0150,40.9400
2025-06-02 14:33:00,26.5550,42.0725
2025-06-02 14:48:00,26.7725,41.5350
2025-06-02 15:03:00,26.4875,41.3500
2025-06-02 15:18:00,26.4825,40.9425
2025-06-02 15:33:00,26.3675,40.2200
2025-06-02 15:48:00,25.9675,41.0025
2025-06-02 16:03:00,25.2325,42.0050
2025-06-02 16:18:00,24.8800,42.1375
2025-06-02 16:33:00,24.9050,43.6700
2025-06-02 16:48:00,24.5900,43.3850
2025-06-02 17:03:00,23.8800,43.0625
2025-06-02 17:18:00,23.4800,44.2650
2025-06-02 17:33:00,23.3975,44.9650
2025-06-02 17:48:00,22.6925,46.2075
2025-06-02 18:03:00,22.4225,45.9275
2025-06-02 18:18:00,21.9750,47.1100
2025-06-02 18:33:00,21.9500,48.7425
2025-06-02 18:48:00,21.1025,50.3025
2025-06-02 19:03:00,20.0725,53.7175
2025-06-02 19:18:00,19.4100,55.9775
2025-06-02 19:33:00,18.8800,57.7800
2025-06-02 19:48:00,18.3675,58.8425
2025-06-02 20:03:00,17.7500,60.2975
2025-06-02 20:18:00,17.2800,62.7825
2025-06-02 20:33:00,16.8550,64.6675
2025-06-02 20:48:00,16.4875,66.2775
2025-06-02 21:03:00,16.3625,67.0250
2025-06-02 21:18:00,15.8800,68.1200
2025-06-02 21:33:00,15.5900,69.2950
2025-06-02 21:48:00,15.3975,70.9425
2025-06-02 22:03:00,15.3100,71.3525
2025-06-02 22:18:00,14.9200,73.3150
2025-06-02 22:33:00,14.7250,74.2425
2025-06-02 22:48:00,14.3300,76.4625
2025-06-02 23:03:00,14.1775,76.9325
2025-06-02 23:18:00,14.1925,76.1950
2025-06-02 23:33:00,14.2275,75.9650
2025-06-02 23:48:00,13.9725,77.6325
2025-06-03 00:03:00,13.8950,78.0725
2025-06-03 00:18:00,13.5900,79.6150
2025-06-03 00:33:00,13.4850,80.6000
2025-06-03 00:48:00,13.3300,81.8875
2025-06-03 01:03:00,13.1300,82.1025
2025-06-03 01:18:00,13.0775,82.5600
2025-06-03 01:33:00,12.8925,83.1000
2025-06-03 01:48:00,12.8825,83.0275
2025-06-03 02:03:00,12.9500,83.2475
2025-06-03 02:18:00,12.9500,83.1975
2025-06-03 02:33:00,13.0050,83.9850
2025-06-03 02:48:00,12.9300,84.8350
2025-06-03 03:03:00,12.8475,84.6750
2025-06-03 03:18:00,12.8750,85.8025
2025-06-03 03:33:00,12.9300,85.4350
2025-06-03 03:48:00,12.8875,85.5225
2025-06-03 04:03:00,12.8950,85.5150
2025-06-03 04:18:00,12.6400,84.6950
2025-06-03 04:33:00,12.2475,85.7575
2025-06-03 04:48:00,12.3275,85.9175
2025-06-03 05:03:00,12.4625,86.1300
2025-06-03 05:18:00,12.4575,86.0300
2025-06-03 05:33:00,12.4550,86.0900
2025-06-03 05:48:00,12.5925,86.2475
2025-06-03 06:03:00,12.7400,86.2575
2025-06-03 06:18:00,12.9275,86.1550
2025-06-03 06:33:00,12.9825,85.6100
2025-06-03 06:48:00,13.1700,85.4100
2025-06-03 07:03:00,13.4075,84.8000
2025-06-03 07:18:00,13.8400,83.6650
2025-06-03 07:33:00,14.0475,83.4625
2025-06-03 07:48:00,14.2075,83.0175
2025-06-03 08:03:00,14.7325,81.8525
2025-06-03 08:18:00,15.3475,80.2275
2025-06-03 08:33:00,15.5725,78.7200
2025-06-03 08:48:00,16.2850,77.4125
2025-06-03 09:03:00,16.6700,75.6375
2025-06-03 09:18:00,17.0175,75.1000
2025-06-03 09:33:00,17.4800,73.3775
2025-06-03 09:48:00,18.3025,70.1025
2025-06-03 10:03:00,18.9675,67.9225
2025-06-03 10:18:00,19.6775,65.6700
2025-06-03 10:33:00,20.5350,62.7225
2025-06-03 10:48:00,21.0900,61.1650
2025-06-03 11:03:00,22.0375,57.0575
2025-06-03 11:18:00,22.6575,52.2600
2025-06-03 11:33:00,23.2850,48.7525
2025-06-03 11:48:00,23.6425,47.4175
2025-06-03 12:03:00,24.3950,44.5675
2025-06-03 12:18:00,25.0500,42.8300
2025-06-03 12:33:00,25.4800,41.3325
2025-06-03 12:48:00,25.9175,41.4275
2025-06-03 13:03:00,26.8075,41.4825
2025-06-03 13:18:00,26.6000,41.4375
2025-06-03 13:33:00,26.9600,39.9400
2025-06-03 13:48:00,27.4450,41.5975
2025-06-03 14:03:00,27.1650,40.3550
2025-06-03 14:18:00,27.5125,39.4725
2025-06-03 14:33:00,27.4450,39.6375
2025-06-03 14:48:00,27.7550,39.7800
2025-06-03 15:03:00,27.6475,40.4325
2025-06-03 15:18:00,27.3475,40.7925
2025-06-03 15:33:00,27.6550,39.8950
2025-06-03 15:48:00,27.9650,38.3625
2025-06-03 16:03:00,28.1475,38.5150
2025-06-03 16:18:00,28.1800,36.9725
2025-06-03 16:33:00,28.4175,37.1100
2025-06-03 16:48:00,28.2800,38.6475
2025-06-03 17:03:00,28.0725,39.8525
2025-06-03 17:18:00,28.0150,40.0850
2025-06-03 17:33:00,27.0825,41.2225
2025-06-03 17:48:00,26.9550,40.4400
2025-06-03 18:03:00,26.7600,41.0400
2025-06-03 18:18:00,26.2050,41.5475
2025-06-03 18:33:00,25.7200,42.0475
2025-06-03 18:48:00,25.4550,39.3175
2025-06-03 19:03:00,25.1050,38.8500
2025-06-03 19:18:00,24.5600,40.8550
2025-06-03 19:33:00,23.8475,39.7550
2025-06-03 19:48:00,23.5050,42.1875
2025-06-03 20:03:00,23.1700,39.6750
2025-06-03 20:18:00,22.4550,41.6450
2025-06-03 20:33:00,21.7050,48.7500
2025-06-03 20:48:00,20.9625,48.7950
2025-06-03 21:03:00,20.0100,51.4150
2025-06-03 21:18:00,19.3525,53.7125
2025-06-03 21:33:00,18.8575,55.3100
2025-06-03 21:48:00,18.3200,56.4025
2025-06-03 22:03:00,18.0125,56.8725
2025-06-03 22:18:00,17.1950,64.4500
2025-06-03 22:33:00,16.8550,65.5275
2025-06-03 22:48:00,16.7425,66.3900
2025-06-03 23:03:00,16.7950,66.1800
2025-06-03 23:18:00,16.8700,66.3175
2025-06-03 23:33:00,16.9025,65.6875
2025-06-03 23:48:00,16.8400,65.8225
2025-06-04 00:03:00,16.5325,65.7525
2025-06-04 00:18:00,16.4250,64.7000
2025-06-04 00:33:00,16.3375,64.1275
2025-06-04 00:48:00,16.0750,66.8975
2025-06-04 01:03:00,15.5225,70.6125
2025-06-04 01:18:00,15.1600,72.5675
2025-06-04 01:33:00,15.0300,73.2575
2025-06-04 01:48:00,14.8575,73.9250
2025-06-04 02:03:00,14.6150,75.0875
2025-06-04 02:18:00,14.4975,75.8525
2025-06-04 02:33:00,14.3250,76.8775
2025-06-04 02:48:00,14.2825,77.0125
2025-06-04 03:03:00,13.9525,77.6050
2025-06-04 03:18:00,13.8025,78.1975
2025-06-04 03:33:00,13.7250,78.4625
2025-06-04 03:48:00,13.6075,79.2425
2025-06-04 04:03:00,13.5525,79.7975
2025-06-04 04:18:00,13.4925,80.1000
2025-06-04 04:33:00,13.4750,80.2075
2025-06-04 04:48:00,13.3725,80.7050
2025-06-04 05:03:00,13.3500,80.6825
2025-06-04 05:18:00,13.3550,81.4000
2025-06-04 05:33:00,13.3725,81.5075
2025-06-04 05:48:00,13.3200,81.7450
2025-06-04 06:03:00,13.2050,82.1550
2025-06-04 06:18:00,13.1850,82.4675
2025-06-04 06:33:00,13.3850,82.8275
2025-06-04 06:48:00,13.7625,82.4650
2025-06-04 07:03:00,14.2625,80.5950
2025-06-04 07:18:00,14.4075,80.1475
2025-06-04 07:33:00,14.7725,78.8650
2025-06-04 07:48:00,15.4125,77.3975
2025-06-04 08:03:00,15.9125,75.6325
2025-06-04 08:18:00,16.5325,72.3400
2025-06-04 08:33:00,17.1000,70.4450
2025-06-04 08:48:00,17.7475,68.8825
2025-06-04 09:03:00,18.7600,65.9900
2025-06-04 09:18:00,19.4175,63.7975
2025-06-04 09:33:00,20.5825,59.0925
2025-06-04 09:48:00,21.6775,55.7225
2025-06-04 10:03:00,22.3050,54.3200
2025-06-04 10:18:00,22.8875,51.0950
2025-06-04 10:33:00,23.3700,48.1775
2025-06-04 10:48:00,24.2000,44.9300
2025-06-04 11:03:00,25.1800,44.0200
2025-06-04 11:18:00,25.9900,40.8925
2025-06-04 11:33:00,26.9275,39.1300
2025-06-04 11:48:00,26.8475,40.2200
2025-06-04 12:03:00,27.2575,38.0325
2025-06-04 12:18:00,28.0050,37.9950
2025-06-04 12:33:00,28.1775,37.1450
2025-06-04 12:48:00,28.8025,35.3700
2025-06-04 13:03:00,29.0625,34.0825
2025-06-04 13:18:00,29.0550,36.5700
2025-06-04 13:33:00,29.1400,36.4350
2025-06-04 13:48:00,29.3100,35.7000
2025-06-04 14:03:00,29.6325,35.0075
2025-06-04 14:18:00,29.6375,35.2100
2025-06-04 14:33:00,29.6575,35.1825
2025-06-04 14:48:00,29.1075,35.7000
2025-06-04 15:03:00,29.1950,37.1525
2025-06-04 15:18:00,28.7250,36.7950
2025-06-04 15:33:00,27.9750,38.1850
2025-06-04 15:48:00,28.1500,38.1825
2025-06-04 16:03:00,28.1975,36.4700
2025-06-04 16:18:00,28.1225,35.7875
2025-06-04 16:33:00,28.0225,35.9025
2025-06-04 16:48:00,27.7450,36.1175
2025-06-04 17:03:00,28.2600,35.3250
2025-06-04 17:18:00,28.2450,34.8100
2025-06-04 17:33:00,27.9950,36.9200
2025-06-04 17:48:00,27.1425,37.8125
2025-06-04 18:03:00,26.1825,37.0475
2025-06-04 18:18:00,25.6600,37.9900
2025-06-04 18:33:00,25.1075,37.9125
2025-06-04 18:48:00,24.5300,39.6450
2025-06-04 19:03:00,23.8125,40.7800
2025-06-04 19:18:00,23.8000,41.5775
2025-06-04 19:33:00,22.7950,43.3850
2025-06-04 19:48:00,22.2650,44.8000
2025-06-04 20:03:00,21.4025,47.6600
2025-06-04 20:18:00,21.0725,48.9375
2025-06-04 20:33:00,20.7650,50.2625
2025-06-04 20:48:00,19.8525,53.6725
2025-06-04 21:03:00,19.1550,55.7250
2025-06-04 21:18:00,18.5200,58.6375
2025-06-04 21:33:00,17.8225,61.6675
2025-06-04 21:48:00,17.1275,64.4950
2025-06-04 22:03:00,16.6125,67.0650
2025-06-04 22:18:00,16.1850,68.8750
2025-06-04 22:33:00,15.4025,71.3950
2025-06-04 22:48:00,14.8325,73.5525
2025-06-04 23:03:00,14.7000,74.7175
2025-06-04 23:18:00,14.7700,75.0550
2025-06-04 23:33:00,14.3825,76.1000
2025-06-04 23:48:00,14.4675,77.9525
2025-06-05 00:03:00,14.2675,77.2700
2025-06-05 00:18:00,13.9700,78.0025
2025-06-05 00:33:00,13.7425,79.1075
2025-06-05 00:48:00,13.5825,80.1700
2025-06-05 01:03:00,13.4925,80.7900
2025-06-05 01:18:00,13.3175,81.9275
2025-06-05 01:33:00,13.2025,83.0000
2025-06-05 01:48:00,13.2250,82.9050
2025-06-05 02:03:00,12.9925,82.4100
2025-06-05 02:18:00,12.8325,82.9925
2025-06-05 02:33:00,12.7650,84.0575
2025-06-05 02:48:00,12.7925,84.9600
2025-06-05 03:03:00,12.8750,85.9425
2025-06-05 03:18:00,12.9600,86.6575
2025-06-05 03:33:00,12.7650,85.0825
2025-06-05 03:48:00,12.6250,85.7025
2025-06-05 04:03:00,12.4950,85.9575
2025-06-05 04:18:00,12.4525,86.3900
2025-06-05 04:33:00,12.6300,86.4925
2025-06-05 04:48:00,12.7975,85.7950
2025-06-05 05:03:00,12.7725,85.8775
2025-06-05 05:18:00,12.7450,85.8000
2025-06-05 05:33:00,12.7050,86.1150
2025-06-05 05:48:00,12.5025,86.2800
2025-06-05 06:03:00,12.6125,85.9325
2025-06-05 06:18:00,12.5475,85.1450
2025-06-05 06:33:00,12.3800,85.4550
2025-06-05 06:48:00,12.5875,85.0400
2025-06-05 07:03:00,12.5050,85.3100
2025-06-05 07:18:00,13.0725,83.9350
2025-06-05 07:33:00,13.4000,82.2650
2025-06-05 07:48:00,13.7375,80.6975
2025-06-05 08:03:00,14.2350,79.4550
2025-06-05 08:18:00,14.7000,78.9200
2025-06-05 08:33:00,15.6000,74.5350
2025-06-05 08:48:00,16.1825,71.3425
2025-06-05 09:03:00,16.5175,71.4600
2025-06-05 09:18:00,17.0550,70.1450
2025-06-05 09:33:00,17.7675,67.7075
2025-06-05 09:48:00,18.3925,65.5000
2025-06-05 10:03:00,18.7975,63.1175
2025-06-05 10:18:00,18.9900,60.7450
2025-06-05 10:33:00,19.2475,59.5250
2025-06-05 10:48:00,20.1675,59.0575
2025-06-05 11:03:00,20.8275,56.6525
2025-06-05 11:18:00,21.7650,53.2875
2025-06-05 11:33:00,21.9725,51.6850
2025-06-05 11:48:00,22.8425,50.4575
2025-06-05 12:03:00,23.4175,49.3625
2025-06-05 12:18:00,23.6675,51.6400
2025-06-05 12:33:00,23.6800,49.6650
2025-06-05 12:48:00,24.6150,47.2625
2025-06-05 13:03:00,24.8475,48.2150
2025-06-05 13:18:00,25.0500,48.7375
2025-06-05 13:33:00,24.9150,49.1350
2025-06-05 13:48:00,25.1825,48.7000
2025-06-05 14:03:00,25.2375,48.0350
2025-06-05 14:18:00,25.3825,46.9325
2025-06-05 14:33:00,25.6675,47.3550
2025-06-05 14:48:00,25.9500,46.0875
2025-06-05 15:03:00,26.1300,45.5000
2025-06-05 15:18:00,25.6875,47.3450
2025-06-05 15:33:00,25.7200,47.2250
2025-06-05 15:48:00,25.4050,48.2400
2025-06-05 16:03:00,25.4400,48.5925
2025-06-05 16:18:00,25.2100,47.9875
2025-06-05 16:33:00,24.8925,49.1875
2025-06-05 16:48:00,24.4775,50.4025
2025-06-05 17:03:00,24.6125,49.2000
2025-06-05 17:18:00,24.0525,50.2650
2025-06-05 17:33:00,23.6375,51.5450
2025-06-05 17:48:00,23.2850,52.6725
2025-06-05 18:03:00,23.0900,52.7725
2025-06-05 18:18:00,22.3700,54.2600
2025-06-05 18:33:00,22.1000,54.8725
2025-06-05 18:48:00,21.4850,55.9425
2025-06-05 19:03:00,20.7725,58.0300
2025-06-05 19:18:00,20.2650,59.6775
2025-06-05 19:33:00,19.8525,60.6700
2025-06-05 19:48:00,19.5475,61.3350
2025-06-05 20:03:00,18.6200,63.5075
2025-06-05 20:18:00,17.9900,65.3375
2025-06-05 20:33:00,17.2825,67.1175
2025-06-05 20:48:00,16.7375,68.8350
2025-06-05 21:03:00,16.3300,70.5475
2025-06-05 21:18:00,15.8325,72.4175
2025-06-05 21:33:00,15.4450,73.8650
2025-06-05 21:48:00,15.3225,74.7725
2025-06-05 22:03:00,15.1650,75.4725
2025-06-05 22:18:00,14.9775,76.0925
2025-06-05 22:33:00,14.7300,77.3550
2025-06-05 22:48:00,14.4900,78.4675
2025-06-05 23:03:00,14.3100,79.2625
2025-06-05 23:18:00,14.2300,79.8575
2025-06-05 23:33:00,14.0775,80.4400
2025-06-05 23:48:00,13.9500,80.9500
2025-06-06 00:03:00,13.7025,82.1850
2025-06-06 00:18:00,13.5525,82.7800
2025-06-06 00:33:00,13.5125,82.9950
2025-06-06 00:48:00,13.3725,83.4575
2025-06-06 01:03:00,13.3025,83.7550
2025-06-06 01:18:00,13.2425,84.0575
2025-06-06 01:33:00,13.2825,84.1125
2025-06-06 01:48:00,13.1650,84.4875
2025-06-06 02:03:00,13.2375,84.5450
2025-06-06 02:18:00,13.1575,85.0000
2025-06-06 02:33:00,13.1550,85.3950
2025-06-06 02:48:00,13.0750,85.6750
2025-06-06 03:03:00,13.0450,84.0475
2025-06-06 03:18:00,13.0450,84.9150
2025-06-06 03:33:00,13.0800,84.9025
2025-06-06 03:48:00,13.2975,85.0475
2025-06-06 04:03:00,13.3325,84.9925
2025-06-06 04:18:00,13.5625,84.9800
2025-06-06 04:33:00,13.6200,85.0200
2025-06-06 04:48:00,13.8700,85.0100
2025-06-06 05:03:00,13.8525,85.3300
2025-06-06 05:18:00,14.0075,85.0875
2025-06-06 05:33:00,13.9825,84.8100
2025-06-06 05:48:00,13.8475,85.2075
2025-06-06 06:03:00,14.0075,84.7475
2025-06-06 06:18:00,14.0500,84.3750
2025-06-06 06:33:00,14.0900,84.1900
2025-06-06 06:48:00,14.1375,84.0175
2025-06-06 07:03:00,13.9575,84.4750
2025-06-06 07:18:00,14.0425,84.2800
2025-06-06 07:33:00,14.2550,83.6000
2025-06-06 07:48:00,14.2175,82.9875
2025-06-06 08:03:00,14.3800,82.5175
2025-06-06 08:18:00,14.9525,81.6425
2025-06-06 08:33:00,15.1625,80.3650
2025-06-06 08:48:00,15.7925,78.2575
2025-06-06 09:03:00,16.3075,76.8075
2025-06-06 09:18:00,17.2275,73.5775
2025-06-06 09:33:00,17.7525,72.1025
2025-06-06 09:48:00,18.3125,70.9350
2025-06-06 10:03:00,18.8550,68.8400
2025-06-06 10:18:00,19.2725,67.6075
2025-06-06 10:33:00,19.9425,65.4000
2025-06-06 10:48:00,20.6675,63.1225
2025-06-06 11:03:00,21.4450,61.3825
2025-06-06 11:18:00,21.9150,59.2650
2025-06-06 11:33:00,22.3300,57.4600
2025-06-06 11:48:00,23.0025,56.0250
2025-06-06 12:03:00,23.9125,54.6375
2025-06-06 12:18:00,24.3450,52.0425
2025-06-06 12:33:00,24.6150,52.3975
2025-06-06 12:48:00,25.1075,50.1825
2025-06-06 13:03:00,25.7300,45.3950
2025-06-06 13:18:00,26.2675,44.1700
2025-06-06 13:33:00,26.5850,43.9300
2025-06-06 13:48:00,27.1625,43.2725
2025-06-06 14:03:00,27.1450,43.2700
2025-06-06 14:18:00,27.5500,42.1450
2025-06-06 14:33:00,28.0600,41.9250
2025-06-06 14:48:00,28.3175,40.9550
2025-06-06 15:03:00,28.5600,40.8650
2025-06-06 15:18:00,28.7475,39.8150
2025-06-06 15:33:00,28.7000,39.2075
2025-06-06 15:48:00,28.5575,40.3875
2025-06-06 16:03:00,28.7950,39.6450
2025-06-06 16:18:00,28.7900,39.7150
2025-06-06 16:33:00,28.3325,39.7950
2025-06-06 16:48:00,28.4275,39.1350
2025-06-06 17:03:00,28.5700,36.8025
2025-06-06 17:18:00,28.5125,36.5600
2025-06-06 17:33:00,28.4275,35.4475
2025-06-06 17:48:00,27.8050,37.2550
2025-06-06 18:03:00,27.1700,40.1325
2025-06-06 18:18:00,26.6375,39.0975
2025-06-06 18:33:00,25.9875,40.6175
2025-06-06 18:48:00,24.9100,43.1200
2025-06-06 19:03:00,24.1750,45.8950
2025-06-06 19:18:00,23.8125,47.7600
2025-06-06 19:33:00,22.9450,49.6200
2025-06-06 19:48:00,22.2400,51.3650
2025-06-06 20:03:00,21.3975,52.4175
2025-06-06 20:18:00,21.2000,53.9075
2025-06-06 20:33:00,20.5950,56.1375
2025-06-06 20:48:00,19.7025,57.9525
2025-06-06 21:03:00,19.3625,60.2300
2025-06-06 21:18:00,18.6100,63.1575
2025-06-06 21:33:00,18.1375,65.3425
2025-06-06 21:48:00,17.8125,66.7200
2025-06-06 22:03:00,17.4350,66.4600
2025-06-06 22:18:00,17.2425,67.5950
2025-06-06 22:33:00,16.8125,68.8800
2025-06-06 22:48:00,16.5400,69.6150
2025-06-06 23:03:00,16.3500,70.3550
2025-06-06 23:18:00,15.9725,71.6200
2025-06-06 23:33:00,15.7175,72.3400
2025-06-06 23:48:00,15.7125,72.2875
2025-06-07 00:03:00,15.7325,73.9750
2025-06-07 00:18:00,15.5025,75.2475
2025-06-07 00:33:00,15.1475,74.9450
2025-06-07 00:48:00,15.0025,75.5375
2025-06-07 01:03:00,14.9300,77.5850
2025-06-07 01:18:00,14.6850,78.5000
2025-06-07 01:33:00,14.5850,78.9825
2025-06-07 01:48:00,14.4475,79.3525
2025-06-07 02:03:00,14.1450,81.2850
2025-06-07 02:18:00,13.9575,80.5875
2025-06-07 02:33:00,13.7150,81.6025
2025-06-07 02:48:00,13.5925,82.6125
2025-06-07 03:03:00,13.6275,83.4050
2025-06-07 03:18:00,13.6750,83.5750
2025-06-07 03:33:00,13.6125,83.2150
2025-06-07 03:48:00,13.5025,83.5850
2025-06-07 04:03:00,13.4125,83.5475
2025-06-07 04:18:00,13.2750,84.7100
2025-06-07 04:33:00,13.2300,86.6325
2025-06-07 04:48:00,13.3475,86.3325
2025-06-07 05:03:00,13.5475,85.3425
2025-06-07 05:18:00,13.4925,85.6825
2025-06-07 05:33:00,13.5925,86.6525
2025-06-07 05:48:00,13.5775,87.9350
2025-06-07 06:03:00,13.5150,88.4550
2025-06-07 06:18:00,13.4875,88.4150
2025-06-07 06:33:00,13.4850,88.4875
2025-06-07 06:48:00,13.5550,88.4150
2025-06-07 07:03:00,13.7550,87.8375
2025-06-07 07:18:00,13.8075,87.2725
2025-06-07 07:33:00,14.2175,85.9925
2025-06-07 07:48:00,14.3450,85.7000
2025-06-07 08:03:00,14.3800,85.5975
2025-06-07 08:18:00,14.2475,85.5675
2025-06-07 08:33:00,14.5525,84.9025
2025-06-07 08:48:00,15.0125,82.9450
2025-06-07 09:03:00,15.2725,82.4325
2025-06-07 09:18:00,16.1575,79.5150
2025-06-07 09:33:00,17.0150,77.3025
2025-06-07 09:48:00,17.5500,74.4025
2025-06-07 10:03:00,18.0925,72.6575
2025-06-07 10:18:00,19.0950,69.6975
2025-06-07 10:33:00,19.3400,67.7475
2025-06-07 10:48:00,19.5750,67.9200
2025-06-07 11:03:00,20.4675,64.8525
2025-06-07 11:18:00,20.9875,63.7950
2025-06-07 11:33:00,21.5400,63.0825
2025-06-07 11:48:00,22.3450,59.7675
2025-06-07 12:03:00,22.8225,59.2550
2025-06-07 12:18:00,22.9625,57.9000
2025-06-07 12:33:00,23.5325,56.3350
2025-06-07 12:48:00,24.3275,54.9225
2025-06-07 13:03:00,24.7625,54.6775
2025-06-07 13:18:00,25.1425,52.3300
2025-06-07 13:33:00,25.3475,51.4500
2025-06-07 13:48:00,26.0425,49.7625
2025-06-07 14:03:00,26.5400,48.0075
2025-06-07 14:18:00,27.3200,46.7400
2025-06-07 14:33:00,27.0675,45.7975
2025-06-07 14:48:00,28.0175,45.3625
2025-06-07 15:03:00,27.5600,45.6625
2025-06-07 15:18:00,27.5650,44.2050
2025-06-07 15:33:00,27.8350,43.6500
2025-06-07 15:48:00,27.4825,43.4950
2025-06-07 16:03:00,27.4225,44.9000
2025-06-07 16:18:00,27.0375,43.7925
2025-06-07 16:33:00,27.2100,43.0975
2025-06-07 16:48:00,26.9025,43.6975
2025-06-07 17:03:00,27.1125,43.5675
2025-06-07 17:18:00,25.9750,45.8675
2025-06-07 17:33:00,25.1975,46.4650
2025-06-07 17:48:00,25.4550,46.1075
2025-06-07 18:03:00,25.5525,45.1025
2025-06-07 18:18:00,25.2850,45.8075
2025-06-07 18:33:00,24.6575,47.9400
2025-06-07 18:48:00,23.5625,50.2600
2025-06-07 19:03:00,22.3800,52.6025
2025-06-07 19:18:00,21.5750,54.8175
2025-06-07 19:33:00,20.6375,57.2575
2025-06-07 19:48:00,19.9325,59.1050
2025-06-07 20:03:00,18.8350,62.3500
2025-06-07 20:18:00,18.1925,64.1950
2025-06-07 20:33:00,17.1975,66.8800
2025-06-07 20:48:00,16.5025,68.5700
2025-06-07 21:03:00,16.0400,70.3650
2025-06-07 21:18:00,15.3675,72.8500
2025-06-07 21:33:00,15.2425,73.2050
2025-06-07 21:48:00,14.8000,74.0975
2025-06-07 22:03:00,14.5575,74.6925
2025-06-07 22:18:00,14.3575,76.1725
2025-06-07 22:33:00,14.2450,75.5800
2025-06-07 22:48:00,14.0675,76.1975
2025-06-07 23:03:00,13.9150,76.8450
2025-06-07 23:18:00,14.0000,76.9625
2025-06-07 23:33:00,13.6200,77.7000
2025-06-07 23:48:00,13.5600,79.1100
2025-06-08 00:03:00,13.5625,78.7550
2025-06-08 00:18:00,13.2900,79.9325
2025-06-08 00:33:00,13.1975,80.4525
2025-06-08 00:48:00,13.1650,81.1050
2025-06-08 01:03:00,13.2650,81.0350
2025-06-08 01:18:00,13.0500,81.4425
2025-06-08 01:33:00,12.8550,82.3675
2025-06-08 01:48:00,12.8125,83.2225
2025-06-08 02:03:00,12.8800,83.3575
2025-06-08 02:18:00,12.8200,83.4800
2025-06-08 02:33:00,12.7850,83.7925
2025-06-08 02:48:00,12.7275,83.9525
2025-06-08 03:03:00,12.8525,84.0775
2025-06-08 03:18:00,12.8375,84.2875
2025-06-08 03:33:00,12.8350,84.3350
2025-06-08 03:48:00,12.9200,84.6125
2025-06-08 04:03:00,13.0300,84.6875
2025-06-08 04:18:00,13.0025,84.8075
2025-06-08 04:33:00,13.0050,85.2150
2025-06-08 04:48:00,13.0525,85.2400
2025-06-08 05:03:00,13.0125,85.2250
2025-06-08 05:18:00,13.0075,85.5075
2025-06-08 05:33:00,12.8650,85.7675
2025-06-08 05:48:00,12.8775,86.3675
2025-06-08 06:03:00,12.8750,86.5800
2025-06-08 06:18:00,12.9275,86.6950
2025-06-08 06:33:00,13.0325,86.2725
2025-06-08 06:48:00,13.1175,85.5350
2025-06-08 07:03:00,13.5050,84.9025
2025-06-08 07:18:00,13.6375,84.0225
2025-06-08 07:33:00,13.9450,83.0675
2025-06-08 07:48:00,14.3075,81.7175
2025-06-08 08:03:00,14.3575,81.5475
2025-06-08 08:18:00,14.7925,79.4150
2025-06-08 08:33:00,15.3225,77.5400
2025-06-08 08:48:00,15.9325,74.7000
2025-06-08 09:03:00,16.1650,74.0250
2025-06-08 09:18:00,16.8950,72.2050
2025-06-08 09:33:00,16.9575,70.4875
2025-06-08 09:48:00,17.7200,68.7000
2025-06-08 10:03:00,18.1350,66.8825
2025-06-08 10:18:00,18.7425,64.7875
2025-06-08 10:33:00,18.8750,65.5050
2025-06-08 10:48:00,19.3600,64.2975
2025-06-08 11:03:00,19.8425,62.5225
2025-06-08 11:18:00,20.2750,61.5025
2025-06-08 11:33:00,20.7225,61.1525
2025-06-08 11:48:00,21.3900,58.5275
2025-06-08 12:03:00,22.0125,58.0225
2025-06-08 12:18:00,22.4400,56.2000
2025-06-08 12:33:00,22.9225,54.3425
2025-06-08 12:48:00,23.2100,53.7575
2025-06-08 13:03:00,23.6300,53.1200
2025-06-08 13:18:00,23.8975,52.2350
2025-06-08 13:33:00,24.1450,52.0750
2025-06-08 13:48:00,24.2300,49.7525
2025-06-08 14:03:00,24.4900,48.9125
2025-06-08 14:18:00,24.8650,48.4100
2025-06-08 14:33:00,25.0275,47.8400
2025-06-08 14:48:00,25.1225,48.6025
2025-06-08 15:03:00,25.3225,47.2875
2025-06-08 15:18:00,25.4450,46.2325
2025-06-08 15:33:00,25.4325,48.3500
2025-06-08 15:48:00,25.9125,47.4800
2025-06-08 16:03:00,25.4725,47.3575
2025-06-08 16:18:00,25.7825,47.6400
2025-06-08 16:33:00,25.5925,46.5675
2025-06-08 16:48:00,25.7950,46.7225
2025-06-08 17:03:00,25.7450,45.7100
2025-06-08 17:18:00,25.9375,46.1350
2025-06-08 17:33:00,25.7625,47.0775
2025-06-08 17:48:00,25.8225,46.3450
2025-06-08 18:03:00,25.6800,47.2475
2025-06-08 18:18:00,25.4625,47.4725
2025-06-08 18:33:00,24.7175,48.6550
2025-06-08 18:48:00,23.5425,50.7400
2025-06-08 19:03:00,22.5025,53.1825
2025-06-08 19:18:00,21.4200,53.9000
2025-06-08 19:33:00,20.8775,54.9800
2025-06-08 19:48:00,19.9050,57.2975
2025-06-08 20:03:00,19.0575,59.4550
2025-06-08 20:18:00,18.1025,61.6475
2025-06-08 20:33:00,17.6150,62.7425
2025-06-08 20:48:00,17.1275,64.4200
2025-06-08 21:03:00,16.9225,65.0450
2025-06-08 21:18:00,16.5425,66.6150
2025-06-08 21:33:00,16.1500,67.9950
2025-06-08 21:48:00,15.7550,69.6025
2025-06-08 22:03:00,15.4650,71.2800
2025-06-08 22:18:00,15.1550,72.4525
2025-06-08 22:33:00,14.7075,75.1500
2025-06-08 22:48:00,14.5050,76.0275
2025-06-08 23:03:00,14.2850,77.0425
2025-06-08 23:18:00,13.9525,78.1700
2025-06-08 23:33:00,13.9450,78.7150
2025-06-08 23:48:00,13.7750,79.6825
2025-06-09 00:03:00,13.6425,80.7350
2025-06-09 00:18:00,13.4075,81.8200
2025-06-09 00:33:00,13.3100,82.4525
2025-06-09 00:48:00,13.2350,83.3450
2025-06-09 01:03:00,13.3175,82.7225
2025-06-09 01:18:00,13.1200,83.6525
2025-06-09 01:33:00,13.0150,83.9325
2025-06-09 01:48:00,12.8725,84.7500
2025-06-09 02:03:00,12.8325,85.6100
2025-06-09 02:18:00,12.8050,85.7250
2025-06-09 02:33:00,12.7925,85.6675
2025-06-09 02:48:00,12.8550,85.7025
2025-06-09 03:03:00,12.8425,86.5300
2025-06-09 03:18:00,13.0875,86.0625
2025-06-09 03:33:00,13.1550,86.0775
2025-06-09 03:48:00,13.1225,85.6500
2025-06-09 04:03:00,12.9175,86.7450
2025-06-09 04:18:00,12.8750,86.9775
2025-06-09 04:33:00,12.8600,86.9425
2025-06-09 04:48:00,12.7750,87.3925
2025-06-09 05:03:00,12.7825,87.3750
2025-06-09 05:18:00,12.7825,87.4375
2025-06-09 05:33:00,12.8225,87.5750
2025-06-09 05:48:00,12.7225,87.6150
2025-06-09 06:03:00,12.7200,87.4925
2025-06-09 06:18:00,12.4675,88.6125
2025-06-09 06:33:00,12.5250,88.1525
2025-06-09 06:48:00,12.5300,88.5575
2025-06-09 07:03:00,12.7075,87.9325
2025-06-09 07:18:00,12.8325,87.5425
2025-06-09 07:33:00,12.9675,87.1650
2025-06-09 07:48:00,13.5225,85.9500
2025-06-09 08:03:00,14.3750,83.0450
2025-06-09 08:18:00,14.7750,81.6125
2025-06-09 08:33:00,15.1050,79.8575
2025-06-09 08:48:00,15.7875,78.7400
2025-06-09 09:03:00,16.6450,75.3275
2025-06-09 09:18:00,17.0300,73.8075
2025-06-09 09:33:00,17.4050,72.8300
2025-06-09 09:48:00,18.0850,71.6000
2025-06-09 10:03:00,18.5625,69.7575
2025-06-09 10:18:00,19.0700,68.3175
2025-06-09 10:33:00,19.6000,66.8725
2025-06-09 10:48:00,19.9800,65.8325
2025-06-09 11:03:00,20.3400,65.3850
2025-06-09 11:18:00,20.5375,64.1400
2025-06-09 11:33:00,20.8550,63.4875
2025-06-09 11:48:00,21.3950,62.1375
2025-06-09 12:03:00,21.8675,59.1325
2025-06-09 12:18:00,22.2725,58.3900
2025-06-09 12:33:00,22.1425,58.5025
2025-06-09 12:48:00,23.3500,55.6725
2025-06-09 13:03:00,24.0350,53.6250
2025-06-09 13:18:00,24.6500,51.7300
2025-06-09 13:33:00,25.2450,49.6775
2025-06-09 13:48:00,25.8875,47.4900
2025-06-09 14:03:00,26.1500,47.0300
2025-06-09 14:18:00,26.9250,46.2325
2025-06-09 14:33:00,26.5800,46.3150
2025-06-09 14:48:00,26.5650,47.2400
2025-06-09 15:03:00,26.8025,47.1450
2025-06-09 15:18:00,26.1075,48.5850
2025-06-09 15:33:00,26.4325,47.5350
2025-06-09 15:48:00,26.1750,48.2600
2025-06-09 16:03:00,26.2300,48.0150
2025-06-09 16:18:00,25.3125,49.9950
2025-06-09 16:33:00,24.9250,50.8600
2025-06-09 16:48:00,24.9525,51.0050
2025-06-09 17:03:00,25.1250,50.7000
2025-06-09 17:18:00,24.7475,51.7800
2025-06-09 17:33:00,23.9750,53.1775
2025-06-09 17:48:00,23.8250,51.8400
2025-06-09 18:03:00,23.1925,53.5475
2025-06-09 18:18:00,21.9200,56.6875
2025-06-09 18:33:00,21.1750,58.9325
2025-06-09 18:48:00,20.1775,61.6850
2025-06-09 19:03:00,18.8300,65.1250
2025-06-09 19:18:00,18.0800,67.4625
2025-06-09 19:33:00,17.1650,70.1675
2025-06-09 19:48:00,16.7600,72.1125
2025-06-09 20:03:00,16.1100,74.5025
2025-06-09 20:18:00,15.4050,77.5550
2025-06-09 20:33:00,15.2850,78.3500
2025-06-09 20:48:00,15.0125,78.9225
2025-06-09 21:03:00,14.9450,79.7375
2025-06-09 21:18:00,14.9150,80.0100
2025-06-09 21:33:00,14.9500,80.0550
2025-06-09 21:48:00,14.6075,80.0900
2025-06-09 22:03:00,14.5500,81.1250
2025-06-09 22:18:00,14.5400,82.9075
2025-06-09 22:33:00,14.2650,82.4375
2025-06-09 22:48:00,14.2225,82.7275
2025-06-09 23:03:00,14.2775,82.9350
2025-06-09 23:18:00,14.1725,83.0225
2025-06-09 23:33:00,14.0025,83.3900
2025-06-09 23:48:00,13.8425,83.2950
2025-06-10 00:03:00,13.9525,84.2375
2025-06-10 00:18:00,13.8675,83.4225
2025-06-10 00:33:00,13.7425,84.1300
2025-06-10 00:48:00,13.6875,84.6825
2025-06-10 01:03:00,13.6550,84.7400
2025-06-10 01:18:00,13.5725,85.1325
2025-06-10 01:33:00,13.4425,85.7475
2025-06-10 01:48:00,13.4325,86.1600
2025-06-10 02:03:00,13.1775,87.0250
2025-06-10 02:18:00,13.3175,87.0750
2025-06-10 02:33:00,13.2875,87.0125
2025-06-10 02:48:00,13.1925,87.1325
2025-06-10 03:03:00,13.0450,87.2700
2025-06-10 03:18:00,12.9050,87.6450
2025-06-10 03:33:00,13.0525,88.3150
2025-06-10 03:48:00,13.0050,88.4100
2025-06-10 04:03:00,12.9425,88.2400
2025-06-10 04:18:00,12.8325,88.2175
2025-06-10 04:33:00,12.8450,88.5150
2025-06-10 04:48:00,12.7600,88.5500
2025-06-10 05:03:00,12.7075,88.2475
2025-06-10 05:18:00,12.7200,88.1225
2025-06-10 05:33:00,12.8350,87.6275
2025-06-10 05:48:00,12.7175,88.5575
2025-06-10 06:03:00,12.7500,88.4050
2025-06-10 06:18:00,12.7725,88.7500
2025-06-10 06:33:00,12.6800,88.7900
2025-06-10 06:48:00,12.8350,88.3900
2025-06-10 07:03:00,12.9600,88.0575
2025-06-10 07:18:00,13.0225,88.6925
2025-06-10 07:33:00,13.2775,87.4300
2025-06-10 07:48:00,13.5450,86.9175
2025-06-10 08:03:00,13.6275,86.4775
2025-06-10 08:18:00,13.8675,86.0375
2025-06-10 08:33:00,14.3025,85.0300
2025-06-10 08:48:00,14.7200,83.3275
2025-06-10 09:03:00,15.5450,81.1225
2025-06-10 09:18:00,15.8000,79.9700
2025-06-10 09:33:00,16.2950,78.2825
2025-06-10 09:48:00,17.2825,75.4650
2025-06-10 10:03:00,17.1900,76.3675
2025-06-10 10:18:00,17.9150,73.7300
2025-06-10 10:33:00,17.9225,73.7450
2025-06-10 10:48:00,18.1750,72.2925
2025-06-10 11:03:00,18.4075,71.7300
2025-06-10 11:18:00,18.7375,70.0025
2025-06-10 11:33:00,19.0250,69.6450
2025-06-10 11:48:00,19.6125,67.8400
2025-06-10 12:03:00,20.6500,65.0300
2025-06-10 12:18:00,21.1050,63.2050
2025-06-10 12:33:00,21.4800,61.5825
2025-06-10 12:48:00,21.5925,61.0025
2025-06-10 13:03:00,21.8025,60.3125
2025-06-10 13:18:00,22.0650,60.2075
2025-06-10 13:33:00,22.6925,58.9150
2025-06-10 13:48:00,23.3775,56.5950
2025-06-10 14:03:00,23.5975,56.6750
2025-06-10 14:18:00,24.4250,53.1200
2025-06-10 14:33:00,24.9525,52.4475
2025-06-10 14:48:00,25.0750,48.9800
2025-06-10 15:03:00,25.2425,48.8900
2025-06-10 15:18:00,25.5425,48.2925
2025-06-10 15:33:00,25.3575,48.2175
2025-06-10 15:48:00,25.4550,48.3300
2025-06-10 16:03:00,25.0300,48.8750
2025-06-10 16:18:00,25.3125,47.8100
2025-06-10 16:33:00,24.9525,49.1850
2025-06-10 16:48:00,25.1400,48.3325
2025-06-10 17:03:00,25.0875,48.6575
2025-06-10 17:18:00,24.1425,50.2650
2025-06-10 17:33:00,23.1425,52.3325
2025-06-10 17:48:00,22.4425,53.9375
2025-06-10 18:03:00,21.6425,55.7625
2025-06-10 18:18:00,21.2900,56.4850
2025-06-10 18:33:00,21.1125,57.1850
2025-06-10 18:48:00,20.5250,58.0175
2025-06-10 19:03:00,19.2775,60.9025
2025-06-10 19:18:00,18.1925,64.4975
2025-06-10 19:33:00,17.1075,68.3850
2025-06-10 19:48:00,16.3100,71.3825
2025-06-10 20:03:00,15.6675,74.0475
2025-06-10 20:18:00,15.0325,75.2075
2025-06-10 20:33:00,14.3300,77.6900
2025-06-10 20:48:00,14.0300,76.0150
2025-06-10 21:03:00,13.9425,76.1175
2025-06-10 21:18:00,13.7775,76.2700
2025-06-10 21:33:00,13.4950,79.1675
2025-06-10 21:48:00,13.2775,79.8800
2025-06-10 22:03:00,13.3075,80.1325
2025-06-10 22:18:00,13.1775,80.0350
2025-06-10 22:33:00,13.1225,79.5550
2025-06-10 22:48:00,12.7975,79.0150
2025-06-10 23:03:00,12.4475,80.3175
2025-06-10 23:18:00,12.2500,80.6875
2025-06-10 23:33:00,12.0225,81.6525
2025-06-10 23:48:00,11.9800,81.6925
2025-06-11 00:03:00,12.0775,81.6400
2025-06-11 00:18:00,12.1100,81.2775
2025-06-11 00:33:00,11.9475,81.1825
2025-06-11 00:48:00,11.6525,82.2975
2025-06-11 01:03:00,11.5275,82.3050
2025-06-11 01:18:00,11.2300,83.1425
2025-06-11 01:33:00,11.3225,84.0775
2025-06-11 01:48:00,11.2750,83.5600
2025-06-11 02:03:00,11.1875,83.5450
2025-06-11 02:18:00,11.1550,83.8550
2025-06-11 02:33:00,10.9650,84.1350
2025-06-11 02:48:00,10.8300,84.5325
2025-06-11 03:03:00,10.7550,85.2450
2025-06-11 03:18:00,10.7275,85.4525
2025-06-11 03:33:00,10.6500,85.9425
2025-06-11 03:48:00,10.8950,86.3350
2025-06-11 04:03:00,10.9525,86.4125
2025-06-11 04:18:00,10.9675,85.5450
2025-06-11 04:33:00,10.9650,85.4975
2025-06-11 04:48:00,10.9125,85.8600
2025-06-11 05:03:00,10.8825,86.2725
2025-06-11 05:18:00,10.7850,86.2250
2025-06-11 05:33:00,10.7500,86.2875
2025-06-11 05:48:00,10.7950,85.9525
2025-06-11 06:03:00,10.7975,85.8900
2025-06-11 06:18:00,10.9300,85.4400
2025-06-11 06:33:00,11.2000,84.7675
2025-06-11 06:48:00,11.2700,84.9300
2025-06-11 07:03:00,11.5325,83.9300
2025-06-11 07:18:00,11.8000,83.4025
2025-06-11 07:33:00,11.9750,82.6800
2025-06-11 07:48:00,12.2525,81.9000
2025-06-11 08:03:00,12.7450,80.2100
2025-06-11 08:18:00,13.2475,78.5800
2025-06-11 08:33:00,13.3850,78.8350
2025-06-11 08:48:00,13.3775,78.3125
2025-06-11 09:03:00,13.9950,76.7150
2025-06-11 09:18:00,14.6625,74.1125
2025-06-11 09:33:00,15.1050,72.0225
2025-06-11 09:48:00,14.9750,72.2950
2025-06-11 10:03:00,15.5275,70.4925
2025-06-11 10:18:00,15.6875,70.3025
2025-06-11 10:33:00,15.7075,69.4625
2025-06-11 10:48:00,16.5400,67.8125
2025-06-11 11:03:00,17.3125,66.2525
2025-06-11 11:18:00,17.6375,62.6150
2025-06-11 11:33:00,17.8375,61.4525
2025-06-11 11:48:00,18.2650,59.1750
2025-06-11 12:03:00,18.9575,58.0525
2025-06-11 12:18:00,19.1175,57.4725
2025-06-11 12:33:00,19.8775,55.1000
2025-06-11 12:48:00,19.6325,54.5925
2025-06-11 13:03:00,20.4250,53.3175
2025-06-11 13:18:00,20.9325,49.4375
2025-06-11 13:33:00,21.3850,47.5950
2025-06-11 13:48:00,22.5850,46.1300
2025-06-11 14:03:00,22.9400,43.5125
2025-06-11 14:18:00,23.1125,42.8450
2025-06-11 14:33:00,23.0825,41.6475
2025-06-11 14:48:00,23.2650,40.9550
2025-06-11 15:03:00,23.4975,41.9450
2025-06-11 15:18:00,23.2575,46.0075
2025-06-11 15:33:00,22.7825,47.3225
2025-06-11 15:48:00,22.4000,46.9425
2025-06-11 16:03:00,21.9850,48.2650
2025-06-11 16:18:00,21.5900,49.2800
2025-06-11 16:33:00,21.7625,48.5450
2025-06-11 16:48:00,21.6950,49.3800
2025-06-11 17:03:00,21.3125,48.6225
2025-06-11 17:18:00,20.6125,50.3575
2025-06-11 17:33:00,19.9425,52.1625
2025-06-11 17:48:00,19.4075,53.7975
2025-06-11 18:03:00,19.1550,54.1850
2025-06-11 18:18:00,18.7325,55.8100
2025-06-11 18:33:00,18.6775,56.8825
2025-06-11 18:48:00,18.4850,52.3425
2025-06-11 19:03:00,18.1025,58.6550
2025-06-11 19:18:00,17.2425,61.8425
2025-06-11 19:33:00,16.8125,63.0225
2025-06-11 19:48:00,16.1550,63.5700
2025-06-11 20:03:00,15.8125,58.4150
2025-06-11 20:18:00,14.7925,64.6425
2025-06-11 20:33:00,14.2500,66.1325
2025-06-11 20:48:00,14.1700,66.5000
2025-06-11 21:03:00,13.6975,68.8125
2025-06-11 21:18:00,12.9550,72.8575
2025-06-11 21:33:00,12.5575,74.8375
2025-06-11 21:48:00,12.2850,76.2675
2025-06-11 22:03:00,12.1050,77.1400
2025-06-11 22:18:00,12.2275,77.9900
2025-06-11 22:33:00,12.1175,77.3575
2025-06-11 22:48:00,11.9200,78.3375
2025-06-11 23:03:00,11.7750,79.3250
2025-06-11 23:18:00,11.4525,80.5925
2025-06-11 23:33:00,11.3600,81.1350
2025-06-11 23:48:00,11.3225,81.5525
2025-06-12 00:03:00,11.2550,82.2525
2025-06-12 00:18:00,11.3100,81.2950
2025-06-12 00:33:00,11.2750,81.5200
2025-06-12 00:48:00,11.2275,81.3725
2025-06-12 01:03:00,11.2875,81.4425
2025-06-12 01:18:00,11.2775,81.9875
2025-06-12 01:33:00,11.2950,81.9825
2025-06-12 01:48:00,11.3650,81.8550
2025-06-12 02:03:00,11.0100,83.2825
2025-06-12 02:18:00,10.9575,83.8650
2025-06-12 02:33:00,10.8100,84.8775
2025-06-12 02:48:00,10.7775,85.1725
2025-06-12 03:03:00,10.8450,86.0625
2025-06-12 03:18:00,10.7050,85.4600
2025-06-12 03:33:00,10.6975,86.1500
2025-06-12 03:48:00,10.6650,86.0050
2025-06-12 04:03:00,10.6475,86.1350
2025-06-12 04:18:00,10.5825,86.6825
2025-06-12 04:33:00,10.5525,86.9325
2025-06-12 04:48:00,10.4725,87.0200
2025-06-12 05:03:00,10.6050,86.7875
2025-06-12 05:18:00,10.6525,86.6475
2025-06-12 05:33:00,10.6600,86.7225
2025-06-12 05:48:00,10.5750,87.0225
2025-06-12 06:03:00,10.5675,86.8800
2025-06-12 06:18:00,10.6575,86.7150
2025-06-12 06:33:00,10.7400,86.7350
2025-06-12 06:48:00,11.0975,85.8700
2025-06-12 07:03:00,11.4375,85.3275
2025-06-12 07:18:00,11.8275,83.9925
2025-06-12 07:33:00,12.3575,82.0800
2025-06-12 07:48:00,12.6750,80.9550
2025-06-12 08:03:00,13.1775,79.0875
2025-06-12 08:18:00,13.9900,76.2550
2025-06-12 08:33:00,13.9975,74.8050
2025-06-12 08:48:00,14.2125,74.1675
2025-06-12 09:03:00,14.9350,70.5700
2025-06-12 09:18:00,15.4275,69.1150
2025-06-12 09:33:00,15.7025,68.7100
2025-06-12 09:48:00,16.2775,66.4025
2025-06-12 10:03:00,17.1675,62.1375
2025-06-12 10:18:00,17.6475,61.4975
2025-06-12 10:33:00,18.0900,61.5175
2025-06-12 10:48:00,18.8475,56.7500
2025-06-12 11:03:00,18.9775,59.2025
2025-06-12 11:18:00,19.6300,56.8725
2025-06-12 11:33:00,20.2050,55.9200
2025-06-12 11:48:00,20.4075,56.3000
2025-06-12 12:03:00,20.8700,54.2700
2025-06-12 12:18:00,21.2050,53.9350
2025-06-12 12:33:00,21.6200,52.2800
2025-06-12 12:48:00,21.7575,51.3350
2025-06-12 13:03:00,22.3225,51.1750
2025-06-12 13:18:00,22.4400,50.3075
2025-06-12 13:33:00,22.6975,50.4125
2025-06-12 13:48:00,23.2375,48.6250
2025-06-12 14:03:00,23.1275,48.3000
2025-06-12 14:18:00,23.9175,46.4250
2025-06-12 14:33:00,23.9850,45.9350
2025-06-12 14:48:00,24.4075,44.9200
2025-06-12 15:03:00,24.6725,43.5450
2025-06-12 15:18:00,25.3450,41.1000
2025-06-12 15:33:00,24.6325,43.6925
2025-06-12 15:48:00,25.1925,42.9025
2025-06-12 16:03:00,24.7250,44.2125
2025-06-12 16:18:00,25.1900,42.4975
2025-06-12 16:33:00,24.7975,42.0325
2025-06-12 16:48:00,24.4275,42.4325
2025-06-12 17:03:00,24.2550,41.4750
2025-06-12 17:18:00,24.1525,41.8350
2025-06-12 17:33:00,23.5150,42.5300
2025-06-12 17:48:00,22.9125,43.1950
2025-06-12 18:03:00,22.1875,41.9275
2025-06-12 18:18:00,21.6425,42.8675
2025-06-12 18:33:00,21.1700,45.5175
2025-06-12 18:48:00,19.9375,50.0925
2025-06-12 19:03:00,19.3000,51.2250
2025-06-12 19:18:00,19.1825,50.3025
2025-06-12 19:33:00,18.6350,52.5450
2025-06-12 19:48:00,17.3425,56.5800
2025-06-12 20:03:00,16.5175,59.5425
2025-06-12 20:18:00,16.0025,59.4700
2025-06-12 20:33:00,15.6325,58.4475
2025-06-12 20:48:00,15.3175,60.8950
2025-06-12 21:03:00,15.0100,64.0025
2025-06-12 21:18:00,15.0575,59.8300
2025-06-12 21:33:00,14.6600,61.7550
2025-06-12 21:48:00,14.0825,64.9900
2025-06-12 22:03:00,14.0800,64.7575
2025-06-12 22:18:00,14.0750,64.6275
2025-06-12 22:33:00,13.8125,66.2050
2025-06-12 22:48:00,13.6075,67.2100
2025-06-12 23:03:00,13.1575,74.4925
2025-06-12 23:18:00,12.8625,75.6300
2025-06-12 23:33:00,12.7175,75.9800
2025-06-12 23:48:00,12.6900,71.6450
2025-06-13 00:03:00,12.4850,73.7625
2025-06-13 00:18:00,12.4150,73.3225
2025-06-13 00:33:00,12.2250,73.6500
2025-06-13 00:48:00,12.2350,74.3750
2025-06-13 01:03:00,12.1700,75.5725
2025-06-13 01:18:00,11.7475,78.0225
2025-06-13 01:33:00,11.5525,79.6650
2025-06-13 01:48:00,11.4025,80.4850
2025-06-13 02:03:00,11.2975,80.5575
2025-06-13 02:18:00,11.2400,81.3125
2025-06-13 02:33:00,10.9975,82.8750
2025-06-13 02:48:00,10.9650,82.9425
2025-06-13 03:03:00,10.8875,83.2900
2025-06-13 03:18:00,10.7975,83.5250
2025-06-13 03:33:00,10.7875,83.5900
2025-06-13 03:48:00,10.6550,84.3000
2025-06-13 04:03:00,10.6150,84.1100
2025-06-13 04:18:00,10.5625,83.6350
2025-06-13 04:33:00,10.4725,84.2225
2025-06-13 04:48:00,10.4525,84.4325
2025-06-13 05:03:00,10.4075,84.2650
2025-06-13 05:18:00,10.3375,83.9050
2025-06-13 05:33:00,10.3675,84.3125
2025-06-13 05:48:00,10.3500,84.9200
2025-06-13 06:03:00,10.1775,85.2225
2025-06-13 06:18:00,10.1500,85.9650
2025-06-13 06:33:00,10.3075,86.1350
2025-06-13 06:48:00,10.7575,85.0250
2025-06-13 07:03:00,11.1800,83.0925
2025-06-13 07:18:00,11.7200,81.4825
2025-06-13 07:33:00,12.0175,80.0675
2025-06-13 07:48:00,12.3275,79.0900
2025-06-13 08:03:00,13.0350,78.0100
2025-06-13 08:18:00,13.2850,77.8525
2025-06-13 08:33:00,13.8750,75.8525
2025-06-13 08:48:00,14.4150,73.4275
2025-06-13 09:03:00,14.8825,72.4475
2025-06-13 09:18:00,15.3200,69.8075
2025-06-13 09:33:00,15.7925,68.1925
2025-06-13 09:48:00,16.1725,67.9600
2025-06-13 10:03:00,16.8700,64.7575
2025-06-13 10:18:00,17.4725,62.3725
2025-06-13 10:33:00,18.0250,59.3250
2025-06-13 10:48:00,19.2750,57.7075
2025-06-13 11:03:00,19.4000,59.7400
2025-06-13 11:18:00,20.2975,53.7800
2025-06-13 11:33:00,20.6525,52.3475
2025-06-13 11:48:00,21.2400,52.7775
2025-06-13 12:03:00,21.9375,51.3000
2025-06-13 12:18:00,21.8625,50.4575
2025-06-13 12:33:00,22.9175,47.5725
2025-06-13 12:48:00,23.0350,45.2500
2025-06-13 13:03:00,23.8000,44.3950
2025-06-13 13:18:00,24.4050,43.4450
2025-06-13 13:33:00,24.4400,44.2650
2025-06-13 13:48:00,24.7325,44.8550
2025-06-13 14:03:00,25.3650,42.7725
2025-06-13 14:18:00,25.7075,41.4850
2025-06-13 14:33:00,25.5025,41.0975
2025-06-13 14:48:00,25.8075,39.7000
2025-06-13 15:03:00,25.4350,37.4800
2025-06-13 15:18:00,25.8400,36.9875
2025-06-13 15:33:00,25.9025,35.5075
2025-06-13 15:48:00,25.4175,37.7525
2025-06-13 16:03:00,25.0250,40.0825
2025-06-13 16:18:00,25.2275,40.1925
2025-06-13 16:33:00,24.9725,40.6325
2025-06-13 16:48:00,24.0600,42.2500
2025-06-13 17:03:00,23.5450,44.0050
2025-06-13 17:18:00,24.2175,42.2750
2025-06-13 17:33:00,23.2275,43.2850
2025-06-13 17:48:00,22.1050,46.7850
2025-06-13 18:03:00,21.9575,47.4400
2025-06-13 18:18:00,22.4875,45.4300
2025-06-13 18:33:00,22.2650,45.5425
2025-06-13 18:48:00,21.8075,45.1425
2025-06-13 19:03:00,20.9500,47.1975
2025-06-13 19:18:00,20.2325,48.6325
2025-06-13 19:33:00,19.5750,49.8225
2025-06-13 19:48:00,18.7025,52.2325
2025-06-13 20:03:00,17.9750,53.3225
2025-06-13 20:18:00,17.3325,53.6100
2025-06-13 20:33:00,16.7700,53.4900
2025-06-13 20:48:00,16.5025,54.6900
2025-06-13 21:03:00,16.1150,55.7900
2025-06-13 21:18:00,15.5450,58.0300
2025-06-13 21:33:00,15.0025,59.9050
2025-06-13 21:48:00,14.6550,61.5875
2025-06-13 22:03:00,14.5725,62.7500
2025-06-13 22:18:00,14.2050,63.7725
2025-06-13 22:33:00,14.1050,64.7250
2025-06-13 22:48:00,13.6775,67.5325
2025-06-13 23:03:00,13.7550,66.7100
2025-06-13 23:18:00,13.5725,66.9400
2025-06-13 23:33:00,13.4475,66.8825
2025-06-13 23:48:00,13.0850,72.5000
2025-06-14 00:03:00,12.8050,73.3500
2025-06-14 00:18:00,12.5150,74.5150
2025-06-14 00:33:00,12.4875,74.3550
2025-06-14 00:48:00,12.4025,74.7200
2025-06-14 01:03:00,12.2550,74.9750
2025-06-14 01:18:00,11.9925,76.1975
2025-06-14 01:33:00,12.1025,76.1375
2025-06-14 01:48:00,11.9850,76.0675
2025-06-14 02:03:00,11.3675,75.4825
2025-06-14 02:18:00,10.5775,74.2425
2025-06-14 02:33:00,10.2600,74.7450
2025-06-14 02:48:00,9.7750,75.1425
2025-06-14 03:03:00,9.4300,75.9175
2025-06-14 03:18:00,9.4725,75.8050
2025-06-14 03:33:00,9.1700,75.4100
2025-06-14 03:48:00,9.0325,75.2475
2025-06-14 04:03:00,8.8625,75.8025
2025-06-14 04:18:00,8.9050,76.5350
2025-06-14 04:33:00,8.5875,76.5525
2025-06-14 04:48:00,8.4875,77.1450
2025-06-14 05:03:00,8.3825,77.5325
2025-06-14 05:18:00,8.3675,77.3675
2025-06-14 05:33:00,8.3800,77.8025
2025-06-14 05:48:00,8.2725,77.8550
2025-06-14 06:03:00,8.3350,78.4275
2025-06-14 06:18:00,8.9600,81.4450
2025-06-14 06:33:00,9.9225,81.3525
2025-06-14 06:48:00,10.7400,81.3025
2025-06-14 07:03:00,11.3150,79.7825
2025-06-14 07:18:00,11.7100,79.3525
2025-06-14 07:33:00,12.2400,77.5875
2025-06-14 07:48:00,12.7800,76.3975
2025-06-14 08:03:00,13.2650,75.1100
2025-06-14 08:18:00,13.9200,73.7275
2025-06-14 08:33:00,14.6275,71.0900
2025-06-14 08:48:00,15.6425,67.6850
2025-06-14 09:03:00,16.6275,63.3875
2025-06-14 09:18:00,17.7025,58.7050
2025-06-14 09:33:00,18.5175,52.2600
2025-06-14 09:48:00,18.6600,48.4100
2025-06-14 10:03:00,19.1925,47.5775
2025-06-14 10:18:00,20.0050,48.4525
2025-06-14 10:33:00,20.4825,48.1075
2025-06-14 10:48:00,20.6150,48.4525
2025-06-14 11:03:00,20.9375,46.9725
2025-06-14 11:18:00,21.6275,45.9900
2025-06-14 11:33:00,22.1375,46.3875
2025-06-14 11:48:00,22.4100,43.5525
2025-06-14 12:03:00,22.7175,42.5725
2025-06-14 12:18:00,22.7500,41.0100
2025-06-14 12:33:00,23.4300,39.3675
2025-06-14 12:48:00,23.6925,40.7400
2025-06-14 13:03:00,24.0200,39.4200
2025-06-14 13:18:00,23.8700,38.2175
2025-06-14 13:33:00,24.3175,36.1100
2025-06-14 13:48:00,24.4125,36.3375
2025-06-14 14:03:00,25.1425,34.7025
2025-06-14 14:18:00,25.1950,33.6400
2025-06-14 14:33:00,25.5350,32.1475
2025-06-14 14:48:00,25.8375,33.0825
2025-06-14 15:03:00,26.1025,32.1650
2025-06-14 15:18:00,26.1775,30.5625
2025-06-14 15:33:00,26.3200,31.0300
2025-06-14 15:48:00,26.2550,30.8725
2025-06-14 16:03:00,26.4075,29.5700
2025-06-14 16:18:00,26.2050,28.9725
2025-06-14 16:33:00,26.3400,28.4475
2025-06-14 16:48:00,26.2975,28.8775
2025-06-14 17:03:00,25.7350,29.5775
2025-06-14 17:18:00,25.8150,30.8975
2025-06-14 17:33:00,24.9425,32.7700
2025-06-14 17:48:00,24.2800,34.5050
2025-06-14 18:03:00,24.1325,34.4375
2025-06-14 18:18:00,23.4425,35.9825
2025-06-14 18:33:00,22.6975,35.8450
2025-06-14 18:48:00,22.0725,37.9950
2025-06-14 19:03:00,21.8625,37.6825
2025-06-14 19:18:00,21.6800,38.6125
2025-06-14 19:33:00,21.0275,41.0850
2025-06-14 19:48:00,20.6625,42.2575
2025-06-14 20:03:00,19.9675,43.4425
2025-06-14 20:18:00,19.4000,45.2500
2025-06-14 20:33:00,18.9225,46.9050
2025-06-14 20:48:00,18.5175,48.7875
2025-06-14 21:03:00,17.8250,49.7725
2025-06-14 21:18:00,17.3450,51.2725
2025-06-14 21:33:00,16.7475,53.6525
2025-06-14 21:48:00,16.2625,55.7075
2025-06-14 22:03:00,15.9450,56.5525
2025-06-14 22:18:00,15.6500,57.8950
2025-06-14 22:33:00,15.4300,57.4725
2025-06-14 22:48:00,15.2700,58.0375
2025-06-14 23:03:00,15.1000,58.4400
2025-06-14 23:18:00,14.8125,63.9025
2025-06-14 23:33:00,14.3125,66.4850
2025-06-14 23:48:00,14.2550,67.6950
2025-06-15 00:03:00,13.8725,67.9475
2025-06-15 00:18:00,13.6225,68.8425
2025-06-15 00:33:00,13.3950,69.7775
2025-06-15 00:48:00,13.2300,70.4275
2025-06-15 01:03:00,12.9325,71.2750
2025-06-15 01:18:00,12.5750,72.5100
2025-06-15 01:33:00,12.3275,73.3275
2025-06-15 01:48:00,12.1175,73.7050
2025-06-15 02:03:00,12.1375,74.4400
2025-06-15 02:18:00,12.1475,74.6350
2025-06-15 02:33:00,12.0600,74.6175
2025-06-15 02:48:00,11.9850,74.5975
2025-06-15 03:03:00,11.7625,74.2275
2025-06-15 03:18:00,11.4700,76.1575
2025-06-15 03:33:00,11.3825,76.1550
2025-06-15 03:48:00,10.9125,77.0350
2025-06-15 04:03:00,10.4875,76.5150
2025-06-15 04:18:00,10.1775,76.9400
2025-06-15 04:33:00,9.3675,76.6800
2025-06-15 04:48:00,9.1425,76.8100
2025-06-15 05:03:00,8.7875,75.0350
2025-06-15 05:18:00,8.4675,74.5950
2025-06-15 05:33:00,8.4450,75.2250
2025-06-15 05:48:00,8.4925,75.3775
2025-06-15 06:03:00,8.5600,75.1825
2025-06-15 06:18:00,8.7125,76.3250
2025-06-15 06:33:00,9.1800,76.2000
2025-06-15 06:48:00,9.9825,76.2775
2025-06-15 07:03:00,11.0250,75.9700
2025-06-15 07:18:00,11.8700,75.5850
2025-06-15 07:33:00,12.3375,76.6150
2025-06-15 07:48:00,12.7800,76.3650
2025-06-15 08:03:00,13.3925,75.4250
2025-06-15 08:18:00,14.1400,73.6025
2025-06-15 08:33:00,14.7725,71.8700
2025-06-15 08:48:00,15.1850,70.2025
2025-06-15 09:03:00,16.0775,67.2250
2025-06-15 09:18:00,16.9225,64.7650
2025-06-15 09:33:00,17.4700,63.0375
2025-06-15 09:48:00,18.3625,61.3425
2025-06-15 10:03:00,19.1375,59.8300
2025-06-15 10:18:00,20.2600,54.8925
2025-06-15 10:33:00,21.1500,49.9275
2025-06-15 10:48:00,22.0475,46.8975
2025-06-15 11:03:00,22.7050,43.1800
2025-06-15 11:18:00,23.3800,41.8000
2025-06-15 11:33:00,24.5400,39.3275
2025-06-15 11:48:00,25.1025,35.8400
2025-06-15 12:03:00,25.3500,36.9125
2025-06-15 12:18:00,25.8950,35.9725
2025-06-15 12:33:00,26.5425,35.0850
2025-06-15 12:48:00,27.1950,33.6600
2025-06-15 13:03:00,27.4600,33.9850
2025-06-15 13:18:00,28.0250,31.7675
2025-06-15 13:33:00,28.4825,26.7775
2025-06-15 13:48:00,28.8250,27.8850
2025-06-15 14:03:00,29.2975,24.3400
2025-06-15 14:18:00,29.1425,27.2750
2025-06-15 14:33:00,29.9675,17.3150
2025-06-15 14:48:00,30.1475,15.7125
2025-06-15 15:03:00,30.4600,16.3425
2025-06-15 15:18:00,30.8675,17.6550
2025-06-15 15:33:00,30.4850,16.4950
2025-06-15 15:48:00,30.2450,18.0825
2025-06-15 16:03:00,30.3050,17.8200
2025-06-15 16:18:00,30.0875,15.8875
2025-06-15 16:33:00,29.6950,24.3125
2025-06-15 16:48:00,29.5500,26.8700
2025-06-15 17:03:00,28.7400,28.5275
2025-06-15 17:18:00,28.2775,29.7125
2025-06-15 17:33:00,27.9750,31.9825
2025-06-15 17:48:00,27.4725,31.1025
2025-06-15 18:03:00,27.1075,32.4675
2025-06-15 18:18:00,26.3225,34.5550
2025-06-15 18:33:00,25.9775,34.5525
2025-06-15 18:48:00,25.6300,34.3550
2025-06-15 19:03:00,25.0775,35.7700
2025-06-15 19:18:00,24.6500,36.8050
2025-06-15 19:33:00,22.7575,39.5950
2025-06-15 19:48:00,21.5500,43.3375
2025-06-15 20:03:00,20.9275,45.0100
2025-06-15 20:18:00,19.8975,45.7500
2025-06-15 20:33:00,19.3225,45.1850
2025-06-15 20:48:00,19.0450,42.0725
2025-06-15 21:03:00,18.4325,41.7925
2025-06-15 21:18:00,17.7500,43.7500
2025-06-15 21:33:00,17.2175,45.8400
2025-06-15 21:48:00,16.9950,44.9300
2025-06-15 22:03:00,16.2275,49.2825
2025-06-15 22:18:00,15.9725,50.0075
2025-06-15 22:33:00,15.8950,48.9100
2025-06-15 22:48:00,15.7175,57.3125
2025-06-15 23:03:00,15.2025,59.9200
2025-06-15 23:18:00,14.8650,61.9350
2025-06-15 23:33:00,14.2550,65.2300
2025-06-15 23:48:00,14.0575,66.6700
2025-06-16 00:03:00,14.0175,66.5325
2025-06-16 00:18:00,13.8300,68.5625
2025-06-16 00:33:00,13.6875,69.9125
2025-06-16 00:48:00,13.4600,71.2900
2025-06-16 01:03:00,13.1675,72.9525
2025-06-16 01:18:00,12.9800,73.4775
2025-06-16 01:33:00,12.8125,74.1925
2025-06-16 01:48:00,12.6675,74.9250
2025-06-16 02:03:00,12.5475,75.4000
2025-06-16 02:18:00,12.3725,75.0625
2025-06-16 02:33:00,12.0925,76.7450
2025-06-16 02:48:00,12.0050,77.5425
2025-06-16 03:03:00,11.8000,77.0975
2025-06-16 03:18:00,11.3575,76.1850
2025-06-16 03:33:00,10.6125,75.3825
2025-06-16 03:48:00,10.1800,75.6425
2025-06-16 04:03:00,9.8575,75.6875
2025-06-16 04:18:00,10.1225,79.1425
2025-06-16 04:33:00,10.6875,79.0675
2025-06-16 04:48:00,9.9025,76.3825
2025-06-16 05:03:00,9.6150,77.4300
2025-06-16 05:18:00,9.8450,80.2775
2025-06-16 05:33:00,10.0825,81.2375
2025-06-16 05:48:00,10.2750,82.4175
2025-06-16 06:03:00,10.4375,82.8775
2025-06-16 06:18:00,10.5550,83.1575
2025-06-16 06:33:00,10.6650,83.1050
2025-06-16 06:48:00,10.9850,82.5125
2025-06-16 07:03:00,11.3200,82.2100
2025-06-16 07:18:00,11.5600,80.7325
2025-06-16 07:33:00,12.0000,79.0800
2025-06-16 07:48:00,12.3800,78.7325
2025-06-16 08:03:00,12.9225,77.5175
2025-06-16 08:18:00,13.6000,74.9575
2025-06-16 08:33:00,14.2450,72.5125
2025-06-16 08:48:00,14.6450,70.2325
2025-06-16 09:03:00,15.0525,69.3350
2025-06-16 09:18:00,15.2500,67.6675
2025-06-16 09:33:00,16.3000,65.2850
2025-06-16 09:48:00,16.1400,66.5025
2025-06-16 10:03:00,16.3625,65.3025
2025-06-16 10:18:00,16.3625,65.0150
2025-06-16 10:33:00,16.9625,62.8800
2025-06-16 10:48:00,17.5775,61.0450
2025-06-16 11:03:00,18.0650,62.4625
2025-06-16 11:18:00,18.2425,61.0175
2025-06-16 11:33:00,18.7725,58.6100
2025-06-16 11:48:00,19.6425,55.6700
2025-06-16 12:03:00,20.5225,53.7250
2025-06-16 12:18:00,20.6350,54.5825
2025-06-16 12:33:00,20.7550,53.4475
2025-06-16 12:48:00,21.1125,51.6950
2025-06-16 13:03:00,21.6475,50.5375
2025-06-16 13:18:00,21.9800,49.0200
2025-06-16 13:33:00,22.6975,46.0425
2025-06-16 13:48:00,22.5175,45.0125
2025-06-16 14:03:00,23.0375,41.5625
2025-06-16 14:18:00,23.4650,40.2300
2025-06-16 14:33:00,23.7675,39.0725
2025-06-16 14:48:00,23.7600,37.7200
2025-06-16 15:03:00,24.0950,38.2550
2025-06-16 15:18:00,23.6775,34.9575
2025-06-16 15:33:00,24.0750,35.3700
2025-06-16 15:48:00,23.9950,35.8975
2025-06-16 16:03:00,24.0300,35.9025
2025-06-16 16:18:00,23.7900,37.5675
2025-06-16 16:33:00,23.3775,37.8450
2025-06-16 16:48:00,23.7600,36.5600
2025-06-16 17:03:00,23.3950,35.7325
2025-06-16 17:18:00,22.8350,35.3475
2025-06-16 17:33:00,22.8050,36.8850
2025-06-16 17:48:00,22.7150,37.0850
2025-06-16 18:03:00,22.4175,37.6725
2025-06-16 18:18:00,21.4825,39.2975
2025-06-16 18:33:00,21.1175,40.7050
2025-06-16 18:48:00,20.1625,42.7075
2025-06-16 19:03:00,19.9025,41.9850
2025-06-16 19:18:00,20.1700,38.0050
2025-06-16 19:33:00,19.3775,40.9225
2025-06-16 19:48:00,18.2650,47.1025
2025-06-16 20:03:00,17.8250,47.0775
2025-06-16 20:18:00,17.2750,47.9550
2025-06-16 20:33:00,16.8450,49.1225
2025-06-16 20:48:00,16.1300,53.0250
2025-06-16 21:03:00,15.8700,54.9025
2025-06-16 21:18:00,15.6075,55.3650
2025-06-16 21:33:00,15.6050,54.2250
2025-06-16 21:48:00,15.4125,54.0175
2025-06-16 22:03:00,15.2300,54.6050
2025-06-16 22:18:00,14.9525,55.4200
2025-06-16 22:33:00,14.4200,56.9825
2025-06-16 22:48:00,14.0900,58.7625
2025-06-16 23:03:00,13.8025,60.5600
2025-06-16 23:18:00,13.7025,60.7075
2025-06-16 23:33:00,13.7750,60.4950
2025-06-16 23:48:00,13.5975,61.3850
2025-06-17 00:03:00,13.4075,61.4600
2025-06-17 00:18:00,13.4500,60.4750
2025-06-17 00:33:00,13.2975,60.8900
2025-06-17 00:48:00,13.3950,60.8525
2025-06-17 01:03:00,13.3075,61.5300
2025-06-17 01:18:00,13.2425,62.3400
2025-06-17 01:33:00,13.2725,62.8325
2025-06-17 01:48:00,13.1650,64.3500
2025-06-17 02:03:00,13.0825,65.4075
2025-06-17 02:18:00,12.7250,71.6950
2025-06-17 02:33:00,12.5775,73.3525
2025-06-17 02:48:00,12.4875,73.9200
2025-06-17 03:03:00,12.4425,74.5300
2025-06-17 03:18:00,12.4525,74.9800
2025-06-17 03:33:00,11.6000,72.3725
2025-06-17 03:48:00,11.5250,73.4975
2025-06-17 04:03:00,11.8700,76.3675
2025-06-17 04:18:00,11.9725,76.9325
2025-06-17 04:33:00,11.7700,77.5275
2025-06-17 04:48:00,11.6050,77.9625
2025-06-17 05:03:00,11.3200,77.2925
2025-06-17 05:18:00,11.1175,78.0975
2025-06-17 05:33:00,11.2650,79.1425
2025-06-17 05:48:00,11.3325,79.4325
2025-06-17 06:03:00,11.0750,78.4475
2025-06-17 06:18:00,11.0700,77.7350
2025-06-17 06:33:00,11.7975,78.0325
2025-06-17 06:48:00,12.2350,75.9400
2025-06-17 07:03:00,12.5800,74.5775
2025-06-17 07:18:00,13.0400,73.9825
2025-06-17 07:33:00,13.4475,72.7775
2025-06-17 07:48:00,13.9600,69.8175
2025-06-17 08:03:00,14.5625,67.2875
2025-06-17 08:18:00,15.1075,66.4100
2025-06-17 08:33:00,15.9700,63.7250
2025-06-17 08:48:00,16.9675,61.0775
2025-06-17 09:03:00,17.9475,56.8250
2025-06-17 09:18:00,18.9625,53.9100
2025-06-17 09:33:00,20.0275,45.2100
2025-06-17 09:48:00,21.0700,43.2325
2025-06-17 10:03:00,21.3825,42.4675
2025-06-17 10:18:00,22.0750,40.7700
2025-06-17 10:33:00,22.1850,39.8625
2025-06-17 10:48:00,22.5700,38.0825
2025-06-17 11:03:00,22.7325,39.2475
2025-06-17 11:18:00,23.3950,39.3025
2025-06-17 11:33:00,23.8950,38.5575
2025-06-17 11:48:00,24.1350,38.4850
2025-06-17 12:03:00,24.6550,36.2800
2025-06-17 12:18:00,24.9175,35.4175
2025-06-17 12:33:00,25.1975,37.2600
2025-06-17 12:48:00,26.1650,35.4900
2025-06-17 13:03:00,26.7000,34.7350
2025-06-17 13:18:00,27.0050,33.8400
2025-06-17 13:33:00,27.4450,33.4725
2025-06-17 13:48:00,27.3650,32.5500
2025-06-17 14:03:00,27.7650,31.9525
2025-06-17 14:18:00,27.9025,32.7625
2025-06-17 14:33:00,27.8525,32.0075
2025-06-17 14:48:00,28.1675,32.2300
2025-06-17 15:03:00,28.3200,31.0000
2025-06-17 15:18:00,28.3725,30.0975
2025-06-17 15:33:00,28.4450,29.5700
2025-06-17 15:48:00,28.4175,29.0950
2025-06-17 16:03:00,28.4000,28.6525
2025-06-17 16:18:00,28.4200,30.2900
2025-06-17 16:33:00,28.3975,30.4850
2025-06-17 16:48:00,28.4075,31.1450
2025-06-17 17:03:00,27.3200,29.6725
2025-06-17 17:18:00,26.8075,31.2025
2025-06-17 17:33:00,26.3025,32.9325
2025-06-17 17:48:00,25.9125,35.5150
2025-06-17 18:03:00,25.6650,35.2750
2025-06-17 18:18:00,25.0825,36.6100
2025-06-17 18:33:00,24.5250,38.0925
2025-06-17 18:48:00,23.5475,40.3950
2025-06-17 19:03:00,23.0525,40.5300
2025-06-17 19:18:00,23.1225,40.3450
2025-06-17 19:33:00,22.0475,41.8025
2025-06-17 19:48:00,21.3425,42.4275
2025-06-17 20:03:00,20.8625,43.0225
2025-06-17 20:18:00,20.5700,43.1475
2025-06-17 20:33:00,19.6650,45.5575
2025-06-17 20:48:00,19.0250,47.5325
2025-06-17 21:03:00,18.3425,49.8325
2025-06-17 21:18:00,17.9325,50.9200
2025-06-17 21:33:00,17.5975,52.7875
2025-06-17 21:48:00,17.3300,53.0475
2025-06-17 22:03:00,17.4200,53.1150
2025-06-17 22:18:00,17.0350,54.9325
2025-06-17 22:33:00,16.3700,58.1250
2025-06-17 22:48:00,16.0975,59.8275
2025-06-17 23:03:00,15.9975,59.6150
2025-06-17 23:18:00,15.9825,59.5075
2025-06-17 23:33:00,15.7825,60.2325
2025-06-17 23:48:00,15.8300,60.4300
2025-06-18 00:03:00,15.6200,61.5525
2025-06-18 00:18:00,15.5275,61.8150
2025-06-18 00:33:00,15.3750,61.8825
2025-06-18 00:48:00,15.3225,62.1450
2025-06-18 01:03:00,15.1800,62.7025
2025-06-18 01:18:00,14.9825,63.9200
2025-06-18 01:33:00,14.7675,65.6950
2025-06-18 01:48:00,14.4850,66.4200
2025-06-18 02:03:00,14.3275,67.8050
2025-06-18 02:18:00,14.0700,69.0650
2025-06-18 02:33:00,13.8750,70.3650
2025-06-18 02:48:00,13.8125,70.7425
2025-06-18 03:03:00,13.7225,71.1100
2025-06-18 03:18:00,13.6550,71.1825
2025-06-18 03:33:00,13.5650,71.7625
2025-06-18 03:48:00,13.4150,72.4800
2025-06-18 04:03:00,13.3125,72.7450
2025-06-18 04:18:00,13.1400,71.6300
2025-06-18 04:33:00,12.7425,73.1550
2025-06-18 04:48:00,12.6525,74.5725
2025-06-18 05:03:00,12.5425,76.8975
2025-06-18 05:18:00,12.5375,77.4125
2025-06-18 05:33:00,12.4175,77.1225
2025-06-18 05:48:00,12.1450,77.0525
2025-06-18 06:03:00,11.8425,77.4275
2025-06-18 06:18:00,11.6250,76.2550
2025-06-18 06:33:00,11.8075,75.2525
2025-06-18 06:48:00,12.6525,75.2175
2025-06-18 07:03:00,13.3875,77.5175
2025-06-18 07:18:00,13.9150,76.0825
2025-06-18 07:33:00,14.3450,75.5875
2025-06-18 07:48:00,15.0400,73.6175
2025-06-18 08:03:00,15.3350,72.3750
2025-06-18 08:18:00,16.1050,70.4425
2025-06-18 08:33:00,16.7800,67.9700
2025-06-18 08:48:00,17.5225,65.0925
2025-06-18 09:03:00,18.4550,63.7800
2025-06-18 09:18:00,19.0950,60.0600
2025-06-18 09:33:00,19.9750,58.4425
2025-06-18 09:48:00,20.8025,55.5250
2025-06-18 10:03:00,21.6850,54.3525
2025-06-18 10:18:00,22.6800,51.8875
2025-06-18 10:33:00,23.3825,49.6775
2025-06-18 10:48:00,24.6700,47.5850
2025-06-18 11:03:00,25.0925,44.5825
2025-06-18 11:18:00,26.0550,42.4100
2025-06-18 11:33:00,26.6725,41.7800
2025-06-18 11:48:00,27.3725,40.9525
2025-06-18 12:03:00,27.9825,39.9725
2025-06-18 12:18:00,28.5500,38.6775
2025-06-18 12:33:00,29.1600,38.2100
2025-06-18 12:48:00,29.9500,37.1550
2025-06-18 13:03:00,30.6100,36.7850
2025-06-18 13:18:00,30.4500,36.6575
2025-06-18 13:33:00,30.7300,35.9750
2025-06-18 13:48:00,31.2275,35.5100
2025-06-18 14:03:00,31.7650,35.0650
2025-06-18 14:18:00,32.0525,34.6875
2025-06-18 14:33:00,32.5675,33.0600
2025-06-18 14:48:00,32.3425,33.2050
2025-06-18 15:03:00,32.5875,32.3125
2025-06-18 15:18:00,32.8600,32.2375
2025-06-18 15:33:00,32.8875,31.6700
2025-06-18 15:48:00,33.0700,30.9950
2025-06-18 16:03:00,33.0450,30.2225
2025-06-18 16:18:00,32.5550,29.9025
2025-06-18 16:33:00,32.4075,29.3975
2025-06-18 16:48:00,32.3225,27.9925
2025-06-18 17:03:00,32.3625,28.7300
2025-06-18 17:18:00,32.5750,28.8450
2025-06-18 17:33:00,32.2050,29.5300
2025-06-18 17:48:00,31.8475,28.9400
2025-06-18 18:03:00,31.4800,29.4550
2025-06-18 18:18:00,30.7550,29.9300
2025-06-18 18:33:00,30.1425,30.1350
2025-06-18 18:48:00,29.5300,31.6850
2025-06-18 19:03:00,28.8150,33.2825
2025-06-18 19:18:00,28.1325,34.4525
2025-06-18 19:33:00,27.0625,34.5575
2025-06-18 19:48:00,26.0625,36.2100
2025-06-18 20:03:00,24.9125,39.3475
2025-06-18 20:18:00,23.5225,43.6275
2025-06-18 20:33:00,22.7150,45.2750
2025-06-18 20:48:00,22.2600,46.3925
2025-06-18 21:03:00,21.6600,48.1075
2025-06-18 21:18:00,20.8850,50.5750
2025-06-18 21:33:00,20.4125,49.2675
2025-06-18 21:48:00,20.1925,47.1200
2025-06-18 22:03:00,20.2450,42.9750
2025-06-18 22:18:00,19.9825,41.9350
2025-06-18 22:33:00,19.7825,42.1050
2025-06-18 22:48:00,19.5100,42.4975
2025-06-18 23:03:00,19.1750,43.5100
2025-06-18 23:18:00,18.8500,44.3125
2025-06-18 23:33:00,18.4200,46.7650
2025-06-18 23:48:00,18.3450,46.8850
2025-06-19 00:03:00,17.6600,49.9975
2025-06-19 00:18:00,16.9375,54.3500
2025-06-19 00:33:00,15.9250,59.8550
2025-06-19 00:48:00,15.6650,59.7025
2025-06-19 01:03:00,15.6075,60.2325
2025-06-19 01:18:00,15.7675,59.8675
2025-06-19 01:33:00,15.7925,59.8225
2025-06-19 01:48:00,15.5375,61.3850
2025-06-19 02:03:00,15.3050,61.3075
2025-06-19 02:18:00,15.1650,61.9700
2025-06-19 02:33:00,14.9650,65.6575
2025-06-19 02:48:00,14.8475,68.4075
2025-06-19 03:03:00,14.7850,67.9700
2025-06-19 03:18:00,14.6300,69.7875
2025-06-19 03:33:00,14.3450,68.5900
2025-06-19 03:48:00,14.1200,69.3150
2025-06-19 04:03:00,14.0075,70.2350
2025-06-19 04:18:00,14.0000,70.1875
2025-06-19 04:33:00,13.8800,70.9350
2025-06-19 04:48:00,13.6675,72.9600
2025-06-19 05:03:00,13.4825,74.7750
2025-06-19 05:18:00,13.2325,75.9250
2025-06-19 05:33:00,13.1800,76.1650
2025-06-19 05:48:00,13.0100,76.2475
2025-06-19 06:03:00,12.8750,76.8325
2025-06-19 06:18:00,13.0825,76.9900
2025-06-19 06:33:00,13.3300,76.3150
2025-06-19 06:48:00,13.5550,73.9275
2025-06-19 07:03:00,13.5425,73.2300
2025-06-19 07:18:00,14.0275,72.3925
2025-06-19 07:33:00,14.5375,70.0250
2025-06-19 07:48:00,14.7950,68.3675
2025-06-19 08:03:00,15.2075,66.8975
2025-06-19 08:18:00,15.8600,64.4675
2025-06-19 08:33:00,16.5875,61.0150
2025-06-19 08:48:00,17.7050,55.9225
2025-06-19 09:03:00,18.2475,53.2400
2025-06-19 09:18:00,18.5350,51.9550
2025-06-19 09:33:00,19.0075,51.7400
2025-06-19 09:48:00,19.3500,47.7475
2025-06-19 10:03:00,19.1225,50.2475
2025-06-19 10:18:00,18.9575,51.7625
2025-06-19 10:33:00,18.8850,47.3125
2025-06-19 10:48:00,19.9375,44.2300
2025-06-19 11:03:00,20.3925,42.7000
2025-06-19 11:18:00,20.8625,41.7225
2025-06-19 11:33:00,21.3300,42.5375
2025-06-19 11:48:00,21.4375,42.6450
2025-06-19 12:03:00,21.4625,44.1750
2025-06-19 12:18:00,21.5475,42.8300
2025-06-19 12:33:00,21.0700,43.7075
2025-06-19 12:48:00,21.4975,44.4025
2025-06-19 13:03:00,21.8950,42.2650
2025-06-19 13:18:00,21.8150,41.3825
2025-06-19 13:33:00,21.4375,41.6225
2025-06-19 13:48:00,21.2675,41.8375
2025-06-19 14:03:00,22.1075,38.2175
2025-06-19 14:18:00,21.2275,41.3900
2025-06-19 14:33:00,20.8175,43.9050
2025-06-19 14:48:00,20.3150,44.0525
2025-06-19 15:03:00,19.7475,45.0575
2025-06-19 15:18:00,19.9075,45.9000
2025-06-19 15:33:00,20.0600,46.8850
2025-06-19 15:48:00,19.7350,47.3875
2025-06-19 16:03:00,19.8425,48.2075
2025-06-19 16:18:00,20.1950,47.7700
2025-06-19 16:33:00,20.0275,47.9725
2025-06-19 16:48:00,18.9075,52.5450
2025-06-19 17:03:00,18.5675,54.8675
2025-06-19 17:18:00,18.2850,54.6700
2025-06-19 17:33:00,18.2700,55.6275
2025-06-19 17:48:00,18.2175,55.3975
2025-06-19 18:03:00,17.4625,57.1300
2025-06-19 18:18:00,17.3550,57.2975
2025-06-19 18:33:00,17.1825,58.5000
2025-06-19 18:48:00,16.6425,60.2825
2025-06-19 19:03:00,16.3550,60.7675
2025-06-19 19:18:00,16.2275,61.4775
2025-06-19 19:33:00,15.7650,62.6075
2025-06-19 19:48:00,15.4400,63.6450
2025-06-19 20:03:00,15.2875,64.1075
2025-06-19 20:18:00,15.0700,64.4325
2025-06-19 20:33:00,14.6925,65.9275
2025-06-19 20:48:00,13.8925,71.0050
2025-06-19 21:03:00,13.4725,72.9850
2025-06-19 21:18:00,13.2100,74.4025
2025-06-19 21:33:00,13.0250,74.8800
2025-06-19 21:48:00,12.7425,75.6425
2025-06-19 22:03:00,12.5700,76.7000
2025-06-19 22:18:00,12.5000,77.1025
2025-06-19 22:33:00,12.5450,77.5150
2025-06-19 22:48:00,12.4750,77.4475
2025-06-19 23:03:00,12.3875,78.0475
2025-06-19 23:18:00,12.2175,79.2550
2025-06-19 23:33:00,12.2050,79.4650
2025-06-19 23:48:00,12.2850,78.4825
2025-06-20 00:03:00,12.2175,78.4275
2025-06-20 00:18:00,12.2275,78.1550
2025-06-20 00:33:00,12.1225,78.7750
2025-06-20 00:48:00,12.0700,79.0075
2025-06-20 01:03:00,12.2175,78.0650
2025-06-20 01:18:00,12.2375,78.2525
2025-06-20 01:33:00,12.1725,78.9900
2025-06-20 01:48:00,11.9050,80.1450
2025-06-20 02:03:00,11.8550,79.8275
2025-06-20 02:18:00,11.9450,79.1750
2025-06-20 02:33:00,12.0000,78.1475
2025-06-20 02:48:00,12.1925,76.6875
2025-06-20 03:03:00,12.2450,76.9700
2025-06-20 03:18:00,12.0950,77.3325
2025-06-20 03:33:00,11.8625,77.5175
2025-06-20 03:48:00,11.7825,77.5725
2025-06-20 04:03:00,11.7200,78.2775
2025-06-20 04:18:00,11.5450,78.7925
2025-06-20 04:33:00,11.4075,79.0950
2025-06-20 04:48:00,11.3825,79.3525
2025-06-20 05:03:00,11.3475,79.7575
2025-06-20 05:18:00,11.2775,79.8050
2025-06-20 05:33:00,11.2650,79.7525
2025-06-20 05:48:00,11.1900,80.0525
2025-06-20 06:03:00,11.2175,80.0350
2025-06-20 06:18:00,11.2825,79.7550
2025-06-20 06:33:00,11.4550,79.1550
2025-06-20 06:48:00,11.6800,77.9925
2025-06-20 07:03:00,11.8100,77.3200
2025-06-20 07:18:00,11.9275,77.2475
2025-06-20 07:33:00,12.2350,76.8600
2025-06-20 07:48:00,12.2950,75.9725
2025-06-20 08:03:00,12.7450,74.7425
2025-06-20 08:18:00,13.0125,73.1675
2025-06-20 08:33:00,13.6200,70.3325
2025-06-20 08:48:00,14.0900,69.2650
2025-06-20 09:03:00,14.5250,67.3075
2025-06-20 09:18:00,14.6800,66.2275
2025-06-20 09:33:00,14.8950,65.1550
2025-06-20 09:48:00,15.5050,63.6525
2025-06-20 10:03:00,16.3250,60.5250
2025-06-20 10:18:00,16.7875,57.6200
2025-06-20 10:33:00,16.8350,57.9150
2025-06-20 10:48:00,17.5450,55.4350
2025-06-20 11:03:00,17.6475,53.9225
2025-06-20 11:18:00,17.7125,52.9650
2025-06-20 11:33:00,18.0300,48.7325
2025-06-20 11:48:00,18.1700,51.1025
2025-06-20 12:03:00,18.0375,50.9100
2025-06-20 12:18:00,18.3750,50.2725
2025-06-20 12:33:00,18.3450,48.4125
2025-06-20 12:48:00,18.3925,50.5300
2025-06-20 13:03:00,19.0000,48.7475
2025-06-20 13:18:00,19.1325,47.4375
2025-06-20 13:33:00,18.4150,48.8400
2025-06-20 13:48:00,17.9725,52.0925
2025-06-20 14:03:00,18.3325,51.9625
2025-06-20 14:18:00,18.4825,51.3100
2025-06-20 14:33:00,18.5550,52.3975
2025-06-20 14:48:00,18.6775,51.4700
2025-06-20 15:03:00,18.7275,50.7175
2025-06-20 15:18:00,18.6675,50.5375
2025-06-20 15:33:00,18.8000,50.9150
2025-06-20 15:48:00,18.5175,51.3575
2025-06-20 16:03:00,18.7050,52.4050
2025-06-20 16:18:00,18.1300,53.8125
2025-06-20 16:33:00,18.3450,54.3575
2025-06-20 16:48:00,18.0025,54.1900
2025-06-20 17:03:00,17.3500,54.6700
2025-06-20 17:18:00,17.3500,55.6700
2025-06-20 17:33:00,17.0325,56.3725
2025-06-20 17:48:00,16.6100,58.8650
2025-06-20 18:03:00,16.5900,58.9425
2025-06-20 18:18:00,16.2975,59.2350
2025-06-20 18:33:00,15.9700,61.2200
2025-06-20 18:48:00,15.4125,63.1775
2025-06-20 19:03:00,15.1925,64.5800
2025-06-20 19:18:00,14.9950,66.2900
2025-06-20 19:33:00,14.5650,68.0300
2025-06-20 19:48:00,14.2125,69.0125
2025-06-20 20:03:00,14.0650,69.2625
2025-06-20 20:18:00,13.6475,71.0225
2025-06-20 20:33:00,13.4950,71.6675
2025-06-20 20:48:00,13.3425,73.3250
2025-06-20 21:03:00,13.3025,73.0925
2025-06-20 21:18:00,13.2050,72.6175
2025-06-20 21:33:00,13.1800,72.4425
2025-06-20 21:48:00,13.0475,73.2925
2025-06-20 22:03:00,12.7950,74.2325
2025-06-20 22:18:00,12.5525,76.2200
2025-06-20 22:33:00,12.5125,76.0400
2025-06-20 22:48:00,12.5075,76.8700
2025-06-20 23:03:00,12.5425,75.2725
2025-06-20 23:18:00,12.4675,76.2350
2025-06-20 23:33:00,12.5250,75.5375
2025-06-20 23:48:00,12.4325,75.6775
2025-06-21 00:03:00,12.4250,77.5700
2025-06-21 00:18:00,12.3775,77.6775
2025-06-21 00:33:00,12.2525,77.9550
2025-06-21 00:48:00,12.1075,79.6425
2025-06-21 01:03:00,11.8975,80.3400
2025-06-21 01:18:00,11.7675,80.8100
2025-06-21 01:33:00,11.7975,80.4300
2025-06-21 01:48:00,11.7775,79.2650
2025-06-21 02:03:00,11.8275,79.3200
2025-06-21 02:18:00,11.6025,81.5150
2025-06-21 02:33:00,11.5950,82.0275
2025-06-21 02:48:00,11.4825,81.1050
2025-06-21 03:03:00,11.3200,82.0400
2025-06-21 03:18:00,11.1800,83.0125
2025-06-21 03:33:00,11.0500,83.2875
2025-06-21 03:48:00,10.9550,83.5550
2025-06-21 04:03:00,10.9575,83.6125
2025-06-21 04:18:00,10.9150,83.0225
2025-06-21 04:33:00,10.8000,82.2550
2025-06-21 04:48:00,10.6600,82.2825
2025-06-21 05:03:00,10.5675,83.1550
2025-06-21 05:18:00,10.5875,82.9700
2025-06-21 05:33:00,10.4250,83.1725
2025-06-21 05:48:00,10.3775,83.6150
2025-06-21 06:03:00,10.4125,84.0125
2025-06-21 06:18:00,10.4700,83.6100
2025-06-21 06:33:00,10.7200,83.5500
2025-06-21 06:48:00,11.1950,83.1450
2025-06-21 07:03:00,11.7625,81.7475
2025-06-21 07:18:00,12.1900,80.3325
2025-06-21 07:33:00,12.6000,78.5150
2025-06-21 07:48:00,12.9675,75.3800
2025-06-21 08:03:00,13.2850,74.0150
2025-06-21 08:18:00,13.7550,69.1975
2025-06-21 08:33:00,14.1425,66.1075
2025-06-21 08:48:00,14.6275,63.4850
2025-06-21 09:03:00,14.8725,62.9975
2025-06-21 09:18:00,15.4650,60.5225
2025-06-21 09:33:00,15.9200,58.0550
2025-06-21 09:48:00,16.2575,57.2775
2025-06-21 10:03:00,16.9800,54.1975
2025-06-21 10:18:00,17.7825,50.7300
2025-06-21 10:33:00,18.4250,49.0975
2025-06-21 10:48:00,18.9975,46.5825
2025-06-21 11:03:00,19.3675,43.0850
2025-06-21 11:18:00,19.7150,43.4725
2025-06-21 11:33:00,20.1550,40.4500
2025-06-21 11:48:00,20.7000,39.9825
2025-06-21 12:03:00,20.9000,38.4175
2025-06-21 12:18:00,21.0300,39.3525
2025-06-21 12:33:00,21.5775,36.9800
2025-06-21 12:48:00,21.8800,37.1625
2025-06-21 13:03:00,22.2525,36.2050
2025-06-21 13:18:00,22.3975,36.3175
2025-06-21 13:33:00,22.5050,36.6575
2025-06-21 13:48:00,22.7400,36.2425
2025-06-21 14:03:00,22.7550,36.4975
2025-06-21 14:18:00,23.1975,35.1900
2025-06-21 14:33:00,23.2150,36.1500
2025-06-21 14:48:00,23.2375,35.8700
2025-06-21 15:03:00,23.3525,36.2550
2025-06-21 15:18:00,23.0525,34.6550
2025-06-21 15:33:00,23.2100,36.3700
2025-06-21 15:48:00,23.7550,36.0450
2025-06-21 16:03:00,23.4325,35.1950
2025-06-21 16:18:00,23.4100,35.6600
2025-06-21 16:33:00,23.1850,36.7350
2025-06-21 16:48:00,22.9375,37.3600
2025-06-21 17:03:00,23.0325,37.8600
2025-06-21 17:18:00,23.0000,37.2550
2025-06-21 17:33:00,23.0875,38.6525
2025-06-21 17:48:00,23.1475,36.6575
2025-06-21 18:03:00,23.3150,35.3700
2025-06-21 18:18:00,23.4700,37.2475
2025-06-21 18:33:00,22.9500,37.2150
2025-06-21 18:48:00,22.5275,41.5700
2025-06-21 19:03:00,22.3325,42.1825
2025-06-21 19:18:00,21.6475,44.6000
2025-06-21 19:33:00,21.3475,44.5350
2025-06-21 19:48:00,20.9675,44.9125
2025-06-21 20:03:00,20.1150,47.7375
2025-06-21 20:18:00,19.4175,49.6850
2025-06-21 20:33:00,18.6975,51.4225
2025-06-21 20:48:00,18.0950,53.1625
2025-06-21 21:03:00,17.7650,53.9750
2025-06-21 21:18:00,17.6325,54.1500
2025-06-21 21:33:00,17.2825,54.9900
2025-06-21 21:48:00,16.9525,55.7375
2025-06-21 22:03:00,16.5000,61.8650
2025-06-21 22:18:00,16.4475,58.4475
2025-06-21 22:33:00,16.0975,57.8925
2025-06-21 22:48:00,15.8675,58.2100
2025-06-21 23:03:00,16.3025,55.8275
2025-06-21 23:18:00,16.0625,57.3700
2025-06-21 23:33:00,15.2525,58.3725
2025-06-21 23:48:00,15.0600,60.7975
2025-06-22 00:03:00,14.8650,62.7525
2025-06-22 00:18:00,13.9800,62.9450
2025-06-22 00:33:00,13.9125,60.8850
2025-06-22 00:48:00,13.6250,59.5875
2025-06-22 01:03:00,13.2150,61.0100
2025-06-22 01:18:00,12.8000,60.3775
2025-06-22 01:33:00,12.4875,61.7550
2025-06-22 01:48:00,12.2625,62.6850
2025-06-22 02:03:00,12.2550,64.2400
2025-06-22 02:18:00,11.9975,63.3600
2025-06-22 02:33:00,12.0000,65.0925
2025-06-22 02:48:00,12.2725,64.2775
2025-06-22 03:03:00,11.9925,64.5700
2025-06-22 03:18:00,11.5975,66.4450
2025-06-22 03:33:00,11.5350,67.0725
2025-06-22 03:48:00,11.4725,67.1300
2025-06-22 04:03:00,11.5600,67.2750
2025-06-22 04:18:00,11.7750,67.2075
2025-06-22 04:33:00,11.2425,68.8325
2025-06-22 04:48:00,10.9700,69.0375
2025-06-22 05:03:00,10.6100,69.3600
2025-06-22 05:18:00,10.4750,69.8750
2025-06-22 05:33:00,10.1275,70.9625
2025-06-22 05:48:00,9.9825,71.9000
2025-06-22 06:03:00,9.9250,72.8175
2025-06-22 06:18:00,10.0975,72.9800
2025-06-22 06:33:00,10.4675,71.7725
2025-06-22 06:48:00,10.9125,70.7375
2025-06-22 07:03:00,11.7750,69.1675
2025-06-22 07:18:00,12.8750,67.8775
2025-06-22 07:33:00,13.8475,67.9875
2025-06-22 07:48:00,14.4250,66.2725
2025-06-22 08:03:00,15.1000,64.9500
2025-06-22 08:18:00,15.7575,64.1175
2025-06-22 08:33:00,16.6750,60.6750
2025-06-22 08:48:00,17.0375,58.8425
2025-06-22 09:03:00,17.8900,55.3000
2025-06-22 09:18:00,19.0575,50.2075
2025-06-22 09:33:00,20.1075,46.7150
2025-06-22 09:48:00,20.8875,41.8150
2025-06-22 10:03:00,21.1150,40.9225
2025-06-22 10:18:00,21.9750,38.1850
2025-06-22 10:33:00,22.5000,36.7150
2025-06-22 10:48:00,22.8275,32.9200
2025-06-22 11:03:00,22.9100,33.2575
2025-06-22 11:18:00,22.9525,34.4700
2025-06-22 11:33:00,23.5250,33.8825
2025-06-22 11:48:00,23.6550,33.7550
2025-06-22 12:03:00,23.9500,33.2850
2025-06-22 12:18:00,23.8500,32.9650
2025-06-22 12:33:00,24.3175,32.5125
2025-06-22 12:48:00,24.5525,32.3575
2025-06-22 13:03:00,25.7925,31.1625
2025-06-22 13:18:00,25.5100,29.8350
2025-06-22 13:33:00,25.4050,30.2525
2025-06-22 13:48:00,25.4975,32.3525
2025-06-22 14:03:00,25.8150,32.7875
2025-06-22 14:18:00,26.0600,31.3475
2025-06-22 14:33:00,26.3350,31.5300
2025-06-22 14:48:00,26.1600,32.6325
2025-06-22 15:03:00,26.0125,31.7875
2025-06-22 15:18:00,26.1625,30.1475
2025-06-22 15:33:00,26.5175,29.6650
2025-06-22 15:48:00,26.6175,31.0800
2025-06-22 16:03:00,26.4075,30.7525
2025-06-22 16:18:00,26.1550,31.8875
2025-06-22 16:33:00,25.6300,33.9850
2025-06-22 16:48:00,25.3300,33.4225
2025-06-22 17:03:00,25.0550,35.8125
2025-06-22 17:18:00,24.3450,36.2600
2025-06-22 17:33:00,23.9325,35.2975
2025-06-22 17:48:00,23.4075,36.5425
2025-06-22 18:03:00,23.0900,36.7425
2025-06-22 18:18:00,23.2825,38.1225
2025-06-22 18:33:00,22.4250,39.4125
2025-06-22 18:48:00,21.8075,41.9925
2025-06-22 19:03:00,20.9375,41.7725
2025-06-22 19:18:00,19.9500,47.0525
2025-06-22 19:33:00,19.3600,46.7750
2025-06-22 19:48:00,18.6650,45.9350
2025-06-22 20:03:00,18.1675,50.2250
2025-06-22 20:18:00,17.3275,57.7525
2025-06-22 20:33:00,17.0800,57.8925
2025-06-22 20:48:00,16.5500,58.5925
2025-06-22 21:03:00,15.8225,60.0075
2025-06-22 21:18:00,15.6825,58.8300
2025-06-22 21:33:00,15.5575,58.7300
2025-06-22 21:48:00,15.5425,57.9950
2025-06-22 22:03:00,15.6025,57.9125
2025-06-22 22:18:00,15.5225,57.6025
2025-06-22 22:33:00,14.9500,59.3950
2025-06-22 22:48:00,14.6075,62.4050
2025-06-22 23:03:00,14.4175,62.8425
2025-06-22 23:18:00,14.3225,62.8975
2025-06-22 23:33:00,14.4350,61.4100
2025-06-22 23:48:00,14.4150,61.1575
2025-06-23 00:03:00,14.5250,60.5150
2025-06-23 00:18:00,14.5875,59.6950
2025-06-23 00:33:00,14.6125,59.8075
2025-06-23 00:48:00,13.8750,58.1750
2025-06-23 01:03:00,13.4250,60.3325
2025-06-23 01:18:00,13.2000,62.0300
2025-06-23 01:33:00,13.1225,62.8200
2025-06-23 01:48:00,12.8350,62.8800
2025-06-23 02:03:00,12.9650,63.9550
2025-06-23 02:18:00,12.6550,63.9000
2025-06-23 02:33:00,12.2625,64.5475
2025-06-23 02:48:00,11.6225,63.8475
2025-06-23 03:03:00,11.3250,64.1700
2025-06-23 03:18:00,11.2400,62.6325
2025-06-23 03:33:00,10.9475,62.7150
2025-06-23 03:48:00,10.7500,62.8800
2025-06-23 04:03:00,10.7550,63.4425
2025-06-23 04:18:00,10.7750,63.7100
2025-06-23 04:33:00,10.7125,64.1200
2025-06-23 04:48:00,10.3625,64.6700
2025-06-23 05:03:00,10.1600,65.6150
2025-06-23 05:18:00,10.0925,66.9975
2025-06-23 05:33:00,10.0900,67.5100
2025-06-23 05:48:00,10.1100,67.8350
2025-06-23 06:03:00,10.0650,68.7275
2025-06-23 06:18:00,10.1775,69.5225
2025-06-23 06:33:00,10.6700,69.5250
2025-06-23 06:48:00,11.2850,68.1325
2025-06-23 07:03:00,12.0100,67.0450
2025-06-23 07:18:00,13.0600,67.5950
2025-06-23 07:33:00,13.9300,65.4750
2025-06-23 07:48:00,14.7350,65.0150
2025-06-23 08:03:00,15.2975,62.8100
2025-06-23 08:18:00,16.1575,61.3200
2025-06-23 08:33:00,16.8650,60.1850
2025-06-23 08:48:00,17.4050,59.0375
2025-06-23 09:03:00,17.8625,57.8925
2025-06-23 09:18:00,18.7600,54.7425
2025-06-23 09:33:00,19.7725,53.1200
2025-06-23 09:48:00,20.3150,51.8425
2025-06-23 10:03:00,21.1725,49.0325
2025-06-23 10:18:00,21.9750,46.7150
2025-06-23 10:33:00,22.7525,43.0075
2025-06-23 10:48:00,23.6425,42.4925
2025-06-23 11:03:00,24.2650,41.1975
2025-06-23 11:18:00,24.4475,40.8750
2025-06-23 11:33:00,25.0225,39.5875
2025-06-23 11:48:00,25.4425,38.5200
2025-06-23 12:03:00,26.2525,35.9850
2025-06-23 12:18:00,26.7075,34.0550
2025-06-23 12:33:00,27.1000,36.9950
2025-06-23 12:48:00,27.5575,32.8275
2025-06-23 13:03:00,27.7900,33.8250
2025-06-23 13:18:00,28.1750,31.8375
2025-06-23 13:33:00,28.8875,31.6250
2025-06-23 13:48:00,28.5950,30.6775
2025-06-23 14:03:00,28.8000,30.8475
2025-06-23 14:18:00,29.3650,31.3075
2025-06-23 14:33:00,29.5400,30.3900
2025-06-23 14:48:00,29.8550,29.5325
2025-06-23 15:03:00,29.8525,29.9750
2025-06-23 15:18:00,30.1350,29.0825
2025-06-23 15:33:00,30.0900,28.4750
2025-06-23 15:48:00,30.2450,28.9500
2025-06-23 16:03:00,30.0075,30.0525
2025-06-23 16:18:00,29.8950,29.9550
2025-06-23 16:33:00,30.0575,28.6225
2025-06-23 16:48:00,30.0050,27.4450
2025-06-23 17:03:00,30.1950,27.6775
2025-06-23 17:18:00,30.0125,28.4525
2025-06-23 17:33:00,29.5450,28.7875
2025-06-23 17:48:00,28.9900,28.7325
2025-06-23 18:03:00,28.5975,28.9200
2025-06-23 18:18:00,27.9400,29.3425
2025-06-23 18:33:00,27.7225,29.2225
2025-06-23 18:48:00,27.3875,30.7100
2025-06-23 19:03:00,26.5025,31.6450
2025-06-23 19:18:00,25.2850,34.3925
2025-06-23 19:33:00,24.6200,34.1875
2025-06-23 19:48:00,23.7075,36.5275
2025-06-23 20:03:00,23.2025,37.7750
2025-06-23 20:18:00,22.7875,38.9900
2025-06-23 20:33:00,22.5275,40.1250
2025-06-23 20:48:00,22.0425,39.4900
2025-06-23 21:03:00,21.2900,41.7350
2025-06-23 21:18:00,20.3250,45.0525
2025-06-23 21:33:00,19.7400,46.5150
2025-06-23 21:48:00,19.5625,50.1675
2025-06-23 22:03:00,18.8975,53.0775
2025-06-23 22:18:00,17.9375,57.2800
2025-06-23 22:33:00,17.2400,60.0550
2025-06-23 22:48:00,16.9900,57.0675
2025-06-23 23:03:00,16.6700,60.0300
2025-06-23 23:18:00,15.7050,65.7400
2025-06-23 23:33:00,15.2050,66.6875
2025-06-23 23:48:00,14.3250,72.6600
2025-06-24 00:03:00,14.0800,72.7475
2025-06-24 00:18:00,13.8300,74.1800
2025-06-24 00:33:00,13.4950,76.0675
2025-06-24 00:48:00,13.1700,77.7150
2025-06-24 01:03:00,13.0500,78.6600
2025-06-24 01:18:00,13.0300,78.8800
2025-06-24 01:33:00,12.9625,80.0475
2025-06-24 01:48:00,12.7375,80.7100
2025-06-24 02:03:00,12.6925,80.2775
2025-06-24 02:18:00,12.5275,80.9525
2025-06-24 02:33:00,12.4275,81.7675
2025-06-24 02:48:00,12.2775,82.6475
2025-06-24 03:03:00,12.2450,83.4100
2025-06-24 03:18:00,12.1625,83.6450
2025-06-24 03:33:00,12.1725,83.7825
2025-06-24 03:48:00,12.2625,83.4925
2025-06-24 04:03:00,12.3300,83.9875
2025-06-24 04:18:00,12.5050,83.7600
2025-06-24 04:33:00,12.3000,85.0900
2025-06-24 04:48:00,12.3325,85.4450
2025-06-24 05:03:00,12.3250,85.5225
2025-06-24 05:18:00,12.2750,85.3450
2025-06-24 05:33:00,12.1225,85.6400
2025-06-24 05:48:00,12.0925,85.8125
2025-06-24 06:03:00,12.0025,85.8500
2025-06-24 06:18:00,12.0525,85.3625
2025-06-24 06:33:00,12.1225,85.3500
2025-06-24 06:48:00,12.2525,85.0500
2025-06-24 07:03:00,12.4950,84.3775
2025-06-24 07:18:00,12.6225,83.2300
2025-06-24 07:33:00,12.9350,82.1750
2025-06-24 07:48:00,13.1800,81.3850
2025-06-24 08:03:00,13.3375,80.9125
2025-06-24 08:18:00,13.7175,80.7275
2025-06-24 08:33:00,14.2175,78.6225
2025-06-24 08:48:00,14.4250,77.8450
2025-06-24 09:03:00,15.1000,75.7000
2025-06-24 09:18:00,15.5500,73.4475
2025-06-24 09:33:00,16.0275,72.1250
2025-06-24 09:48:00,16.4600,70.0975
2025-06-24 10:03:00,17.3125,67.5150
2025-06-24 10:18:00,17.6475,67.4125
2025-06-24 10:33:00,17.7625,67.2350
2025-06-24 10:48:00,18.1800,65.1250
2025-06-24 11:03:00,18.5625,63.9125
2025-06-24 11:18:00,18.5450,63.9450
2025-06-24 11:33:00,19.1425,61.6550
2025-06-24 11:48:00,19.8725,60.1400
2025-06-24 12:03:00,20.4200,57.5500
2025-06-24 12:18:00,20.9075,56.1050
2025-06-24 12:33:00,21.3900,55.1800
2025-06-24 12:48:00,21.4900,55.3675
2025-06-24 13:03:00,22.3800,52.6375
2025-06-24 13:18:00,23.2300,50.5950
2025-06-24 13:33:00,23.3775,50.2650
2025-06-24 13:48:00,23.2375,50.7650
2025-06-24 14:03:00,23.2400,50.3025
2025-06-24 14:18:00,23.4975,49.3600
2025-06-24 14:33:00,23.7225,48.7925
2025-06-24 14:48:00,23.2000,49.5550
2025-06-24 15:03:00,23.0325,49.9875
2025-06-24 15:18:00,23.1025,50.2275
2025-06-24 15:33:00,23.0925,49.0775
2025-06-24 15:48:00,22.9700,50.4825
2025-06-24 16:03:00,22.4925,51.2225
2025-06-24 16:18:00,22.1125,52.0400
2025-06-24 16:33:00,21.9175,52.3725
2025-06-24 16:48:00,22.2125,52.2725
2025-06-24 17:03:00,22.3850,51.3000
2025-06-24 17:18:00,21.7500,52.4750
2025-06-24 17:33:00,21.8925,52.8050
2025-06-24 17:48:00,22.0850,51.9850
2025-06-24 18:03:00,21.1575,53.7125
2025-06-24 18:18:00,20.3125,56.4750
2025-06-24 18:33:00,19.8300,58.3025
2025-06-24 18:48:00,19.1300,59.9075
2025-06-24 19:03:00,18.4650,61.3550
2025-06-24 19:18:00,17.8025,63.4250
2025-06-24 19:33:00,17.2925,64.8450
2025-06-24 19:48:00,16.8300,66.0825
2025-06-24 20:03:00,15.8700,69.4300
2025-06-24 20:18:00,15.5875,70.6575
2025-06-24 20:33:00,15.0675,73.2450
2025-06-24 20:48:00,14.6500,74.4825
2025-06-24 21:03:00,14.2900,75.9325
2025-06-24 21:18:00,14.2475,76.6225
2025-06-24 21:33:00,13.9450,78.1050
2025-06-24 21:48:00,13.6125,79.4725
2025-06-24 22:03:00,13.3600,81.2325
2025-06-24 22:18:00,13.2375,81.3300
2025-06-24 22:33:00,13.3475,81.4125
2025-06-24 22:48:00,13.3200,81.4175
2025-06-24 23:03:00,13.2750,81.9400
2025-06-24 23:18:00,13.4350,81.2600
2025-06-24 23:33:00,13.4750,81.2000
2025-06-24 23:48:00,13.4650,81.7725
2025-06-25 00:03:00,13.3700,83.1400
2025-06-25 00:18:00,13.2000,83.6375
2025-06-25 00:33:00,12.9575,84.1975
2025-06-25 00:48:00,12.9250,84.3250
2025-06-25 01:03:00,12.8150,84.8900
2025-06-25 01:18:00,12.6025,85.7150
2025-06-25 01:33:00,12.4450,85.8175
2025-06-25 01:48:00,12.4275,86.7425
2025-06-25 02:03:00,12.5475,85.6175
2025-06-25 02:18:00,12.2175,86.3225
2025-06-25 02:33:00,11.9850,87.0350
2025-06-25 02:48:00,12.0700,86.6025
2025-06-25 03:03:00,12.0950,86.0625
2025-06-25 03:18:00,11.9450,86.7425
2025-06-25 03:33:00,11.9425,86.9000
2025-06-25 03:48:00,11.7450,88.1475
2025-06-25 04:03:00,11.9400,87.6875
2025-06-25 04:18:00,11.8850,87.9600
2025-06-25 04:33:00,11.9200,88.0625
2025-06-25 04:48:00,11.7875,88.6250
2025-06-25 05:03:00,11.8325,88.5850
2025-06-25 05:18:00,11.9125,88.2550
2025-06-25 05:33:00,11.7600,88.7350
2025-06-25 05:48:00,11.7925,88.6900
2025-06-25 06:03:00,11.8225,88.2775
2025-06-25 06:18:00,11.7675,88.2775
2025-06-25 06:33:00,11.7650,88.3700
2025-06-25 06:48:00,12.0325,87.4225
2025-06-25 07:03:00,11.9400,87.3500
2025-06-25 07:18:00,12.1850,87.2900
2025-06-25 07:33:00,12.2400,86.0675
2025-06-25 07:48:00,12.4500,85.0650
2025-06-25 08:03:00,12.5800,85.0100
2025-06-25 08:18:00,12.6650,85.0700
2025-06-25 08:33:00,12.9200,84.2925
2025-06-25 08:48:00,13.2600,83.6150
2025-06-25 09:03:00,13.8725,81.2175
2025-06-25 09:18:00,14.5350,79.1825
2025-06-25 09:33:00,15.1475,77.5900
2025-06-25 09:48:00,16.1025,74.0575
2025-06-25 10:03:00,16.8375,71.4150
2025-06-25 10:18:00,17.6475,69.6675
2025-06-25 10:33:00,18.3675,67.7150
2025-06-25 10:48:00,18.9975,64.9850
2025-06-25 11:03:00,19.3950,63.8375
2025-06-25 11:18:00,19.8925,62.5350
2025-06-25 11:33:00,21.0100,59.7800
2025-06-25 11:48:00,21.5275,58.7075
2025-06-25 12:03:00,22.2675,56.3175
2025-06-25 12:18:00,23.0050,53.9825
2025-06-25 12:33:00,23.6750,50.8725
2025-06-25 12:48:00,24.7700,47.3750
2025-06-25 13:03:00,24.9650,49.7150
2025-06-25 13:18:00,25.5950,46.7350
2025-06-25 13:33:00,26.0950,45.5050
2025-06-25 13:48:00,26.3400,45.2325
2025-06-25 14:03:00,26.6250,44.7250
2025-06-25 14:18:00,26.9425,42.8775
2025-06-25 14:33:00,27.5525,40.7725
2025-06-25 14:48:00,28.1925,36.8200
2025-06-25 15:03:00,28.0000,38.9100
2025-06-25 15:18:00,28.2225,38.8000
2025-06-25 15:33:00,28.3600,39.1775
2025-06-25 15:48:00,28.5450,39.2000
2025-06-25 16:03:00,28.2350,39.1150
2025-06-25 16:18:00,27.6675,38.6075
2025-06-25 16:33:00,27.4450,38.9150
2025-06-25 16:48:00,27.0300,39.3975
2025-06-25 17:03:00,26.6750,36.8825
2025-06-25 17:18:00,25.6800,39.7850
2025-06-25 17:33:00,25.2025,39.5725
2025-06-25 17:48:00,25.3250,40.0925
2025-06-25 18:03:00,24.3675,41.5000
2025-06-25 18:18:00,23.9350,43.7300
2025-06-25 18:33:00,23.0400,45.1650
2025-06-25 18:48:00,21.5650,50.7175
2025-06-25 19:03:00,20.3500,55.3100
2025-06-25 19:18:00,20.2875,55.0350
2025-06-25 19:33:00,20.0500,55.1800
2025-06-25 19:48:00,19.4575,57.8575
2025-06-25 20:03:00,18.2675,61.8225
2025-06-25 20:18:00,17.3875,64.5125
2025-06-25 20:33:00,16.9150,66.5100
2025-06-25 20:48:00,16.6950,67.0700
2025-06-25 21:03:00,16.5975,67.0150
2025-06-25 21:18:00,16.1200,68.9975
2025-06-25 21:33:00,15.7175,70.2825
2025-06-25 21:48:00,15.3225,71.4500
2025-06-25 22:03:00,15.1700,73.2350
2025-06-25 22:18:00,14.7100,73.5175
2025-06-25 22:33:00,14.3300,74.5950
2025-06-25 22:48:00,14.2500,74.7650
2025-06-25 23:03:00,14.0875,75.3775
2025-06-25 23:18:00,13.7650,76.2525
2025-06-25 23:33:00,13.5700,76.4150
2025-06-25 23:48:00,13.5225,76.2000
2025-06-26 00:03:00,13.2700,76.4375
2025-06-26 00:18:00,13.1475,76.6800
2025-06-26 00:33:00,13.1600,76.8000
2025-06-26 00:48:00,12.9950,79.4575
2025-06-26 01:03:00,12.9600,79.0925
2025-06-26 01:18:00,12.6925,78.9475
2025-06-26 01:33:00,12.5500,79.9275
2025-06-26 01:48:00,12.7175,81.1450
2025-06-26 02:03:00,12.5850,80.3475
2025-06-26 02:18:00,12.5750,80.7275
2025-06-26 02:33:00,12.3050,81.2675
2025-06-26 02:48:00,12.1825,81.6125
2025-06-26 03:03:00,12.1900,82.4900
2025-06-26 03:18:00,11.9725,82.5175
2025-06-26 03:33:00,11.9250,83.0150
2025-06-26 03:48:00,11.8400,83.0450
2025-06-26 04:03:00,11.8100,83.7675
2025-06-26 04:18:00,11.8925,83.8050
2025-06-26 04:33:00,11.7775,84.3000
2025-06-26 04:48:00,11.6975,84.1825
2025-06-26 05:03:00,11.5875,84.7600
2025-06-26 05:18:00,11.4050,85.4075
2025-06-26 05:33:00,11.4500,85.6350
2025-06-26 05:48:00,11.4725,85.3350
2025-06-26 06:03:00,11.4375,85.7175
2025-06-26 06:18:00,11.5450,86.0475
2025-06-26 06:33:00,11.7975,86.0050
2025-06-26 06:48:00,12.1875,85.3500
2025-06-26 07:03:00,12.5050,84.6075
2025-06-26 07:18:00,12.8750,84.0575
2025-06-26 07:33:00,13.4475,82.3300
2025-06-26 07:48:00,13.7050,81.3925
2025-06-26 08:03:00,14.4275,79.2775
2025-06-26 08:18:00,14.8775,78.0900
2025-06-26 08:33:00,15.7550,75.4575
2025-06-26 08:48:00,16.0275,73.3675
2025-06-26 09:03:00,16.6925,70.8275
2025-06-26 09:18:00,17.1775,69.5200
2025-06-26 09:33:00,17.9025,67.0925
2025-06-26 09:48:00,18.5425,64.4150
2025-06-26 10:03:00,18.9300,62.5300
2025-06-26 10:18:00,19.5775,62.0175
2025-06-26 10:33:00,19.8300,60.8150
2025-06-26 10:48:00,20.4550,59.8825
2025-06-26 11:03:00,20.7100,58.9075
2025-06-26 11:18:00,21.2425,56.7350
2025-06-26 11:33:00,22.2025,53.0550
2025-06-26 11:48:00,22.6275,53.7825
2025-06-26 12:03:00,23.7375,50.0625
2025-06-26 12:18:00,23.4175,51.6025
2025-06-26 12:33:00,24.0075,49.2125
2025-06-26 12:48:00,24.5200,49.0525
2025-06-26 13:03:00,24.8150,48.6100
2025-06-26 13:18:00,25.3450,47.6400
2025-06-26 13:33:00,25.5175,45.1075
2025-06-26 13:48:00,26.2925,43.6925
2025-06-26 14:03:00,27.0050,41.7025
2025-06-26 14:18:00,27.0150,42.9350
2025-06-26 14:33:00,27.5800,40.8425
2025-06-26 14:48:00,27.7875,40.1250
2025-06-26 15:03:00,27.6900,39.4550
2025-06-26 15:18:00,27.7750,40.1475
2025-06-26 15:33:00,27.9750,39.0800
2025-06-26 15:48:00,28.1450,38.1200
2025-06-26 16:03:00,28.1175,39.1100
2025-06-26 16:18:00,27.7525,38.7500
2025-06-26 16:33:00,27.7675,38.8775
2025-06-26 16:48:00,27.6125,38.7175
2025-06-26 17:03:00,27.3200,38.3800
2025-06-26 17:18:00,27.1775,39.2250
2025-06-26 17:33:00,27.0075,39.2500
2025-06-26 17:48:00,26.6775,38.8450
2025-06-26 18:03:00,26.4925,39.5700
2025-06-26 18:18:00,25.7600,40.9250
2025-06-26 18:33:00,25.2450,42.0000
2025-06-26 18:48:00,24.7800,43.6250
2025-06-26 19:03:00,24.2175,45.8950
2025-06-26 19:18:00,23.2775,46.1975
2025-06-26 19:33:00,22.7350,47.0850
2025-06-26 19:48:00,21.8175,50.2250
2025-06-26 20:03:00,20.9175,52.7125
2025-06-26 20:18:00,19.5175,56.7150
2025-06-26 20:33:00,18.5550,60.3450
2025-06-26 20:48:00,17.7150,64.5200
2025-06-26 21:03:00,17.2575,66.6675
2025-06-26 21:18:00,17.2225,66.5200
2025-06-26 21:33:00,16.8125,67.9200
2025-06-26 21:48:00,16.2350,69.1650
2025-06-26 22:03:00,15.6625,72.1175
2025-06-26 22:18:00,15.4850,72.7975
2025-06-26 22:33:00,15.2425,73.3950
2025-06-26 22:48:00,15.0350,74.4750
2025-06-26 23:03:00,14.8500,75.3550
2025-06-26 23:18:00,14.7475,75.5825
2025-06-26 23:33:00,14.5850,75.3525
2025-06-26 23:48:00,14.2550,76.3575
2025-06-27 00:03:00,13.9900,77.3050
2025-06-27 00:18:00,13.8300,77.9975
2025-06-27 00:33:00,13.7100,78.5225
2025-06-27 00:48:00,13.5975,78.5250
2025-06-27 01:03:00,13.6000,79.3175
2025-06-27 01:18:00,13.4775,79.5375
2025-06-27 01:33:00,13.4850,79.5925
2025-06-27 01:48:00,13.4375,79.7950
2025-06-27 02:03:00,13.4350,79.6725
2025-06-27 02:18:00,13.4875,79.8050
2025-06-27 02:33:00,13.2600,78.0300
2025-06-27 02:48:00,12.7475,78.9450
2025-06-27 03:03:00,12.3925,79.2225
2025-06-27 03:18:00,12.3925,80.1475
2025-06-27 03:33:00,12.3650,80.2050
2025-06-27 03:48:00,12.0875,80.0550
2025-06-27 04:03:00,12.1325,80.6400
2025-06-27 04:18:00,12.3550,81.7425
2025-06-27 04:33:00,12.3525,80.7725
2025-06-27 04:48:00,12.0375,80.5700
2025-06-27 05:03:00,11.6875,81.2825
2025-06-27 05:18:00,11.7425,81.9500
2025-06-27 05:33:00,11.7175,82.0775
2025-06-27 05:48:00,11.7500,82.1800
2025-06-27 06:03:00,11.8800,82.3075
2025-06-27 06:18:00,11.9825,81.9250
2025-06-27 06:33:00,12.1500,81.3225
2025-06-27 06:48:00,12.6575,81.0925
2025-06-27 07:03:00,13.4400,80.7525
2025-06-27 07:18:00,14.1725,79.4050
2025-06-27 07:33:00,14.9000,77.4350
2025-06-27 07:48:00,15.6425,75.5700
2025-06-27 08:03:00,16.3350,73.1800
2025-06-27 08:18:00,16.7775,72.0825
2025-06-27 08:33:00,17.8600,69.7325
2025-06-27 08:48:00,18.4900,67.1600
2025-06-27 09:03:00,19.3425,65.5825
2025-06-27 09:18:00,20.2550,61.7300
2025-06-27 09:33:00,21.0375,59.8750
2025-06-27 09:48:00,22.0900,56.2250
2025-06-27 10:03:00,22.9625,52.5725
2025-06-27 10:18:00,23.8275,50.6275
2025-06-27 10:33:00,24.5300,48.5250
2025-06-27 10:48:00,25.3475,46.8600
2025-06-27 11:03:00,26.2625,47.2075
2025-06-27 11:18:00,26.6375,45.5175
2025-06-27 11:33:00,27.5000,43.7850
2025-06-27 11:48:00,27.9950,42.5600
2025-06-27 12:03:00,28.5875,41.5900
2025-06-27 12:18:00,29.2000,40.0650
2025-06-27 12:33:00,30.2700,38.1200
2025-06-27 12:48:00,30.7575,37.9975
2025-06-27 13:03:00,31.3375,34.9175
2025-06-27 13:18:00,31.6300,35.1650
2025-06-27 13:33:00,32.1675,34.2525
2025-06-27 13:48:00,32.5250,33.8900
2025-06-27 14:03:00,33.0725,34.6825
2025-06-27 14:18:00,33.2700,33.6050
2025-06-27 14:33:00,33.2025,33.1825
2025-06-27 14:48:00,33.0975,33.1450
2025-06-27 15:03:00,33.2750,32.6850
2025-06-27 15:18:00,33.4625,31.9850
2025-06-27 15:33:00,33.0375,32.0800
2025-06-27 15:48:00,33.1975,31.7975
2025-06-27 16:03:00,33.6325,31.6275
2025-06-27 16:18:00,33.1625,32.4500
2025-06-27 16:33:00,32.9050,33.5925
2025-06-27 16:48:00,33.0050,30.7625
2025-06-27 17:03:00,33.0675,31.3400
2025-06-27 17:18:00,32.8600,31.2550
2025-06-27 17:33:00,32.6425,31.3200
2025-06-27 17:48:00,32.2950,31.8375
2025-06-27 18:03:00,31.5875,33.8100
2025-06-27 18:18:00,30.9950,34.6700
2025-06-27 18:33:00,30.9550,35.5625
2025-06-27 18:48:00,30.4250,35.3950
2025-06-27 19:03:00,29.7350,36.4375
2025-06-27 19:18:00,28.9550,37.8275
2025-06-27 19:33:00,28.1675,38.8275
2025-06-27 19:48:00,27.7350,39.7250
2025-06-27 20:03:00,27.0525,41.4125
2025-06-27 20:18:00,25.5625,44.3050
2025-06-27 20:33:00,24.2800,46.8900
2025-06-27 20:48:00,23.8350,47.7450
2025-06-27 21:03:00,23.5550,48.4300
2025-06-27 21:18:00,23.4375,48.3725
2025-06-27 21:33:00,22.8100,49.5500
2025-06-27 21:48:00,22.5550,50.0400
2025-06-27 22:03:00,22.1400,51.7625
2025-06-27 22:18:00,21.3450,53.4650
2025-06-27 22:33:00,20.9150,54.7375
2025-06-27 22:48:00,20.6050,55.9200
2025-06-27 23:03:00,20.1800,58.3275
2025-06-27 23:18:00,19.9550,59.0825
2025-06-27 23:33:00,19.8575,59.6050
2025-06-27 23:48:00,19.8475,60.2825
2025-06-28 00:03:00,19.5825,62.0325
2025-06-28 00:18:00,19.3950,62.5675
2025-06-28 00:33:00,19.2000,63.8375
2025-06-28 00:48:00,18.9800,64.9000
2025-06-28 01:03:00,18.5950,66.3800
2025-06-28 01:18:00,18.4925,66.7025
2025-06-28 01:33:00,18.3025,67.5600
2025-06-28 01:48:00,18.0775,68.0050
2025-06-28 02:03:00,17.8825,69.6350
2025-06-28 02:18:00,17.6000,70.3975
2025-06-28 02:33:00,17.1750,72.0250
2025-06-28 02:48:00,16.7750,73.0025
2025-06-28 03:03:00,16.6550,72.3950
2025-06-28 03:18:00,16.4300,71.8975
2025-06-28 03:33:00,16.2950,70.4925
2025-06-28 03:48:00,16.2525,69.8375
2025-06-28 04:03:00,16.4250,70.5725
2025-06-28 04:18:00,16.3725,72.8225
2025-06-28 04:33:00,16.0750,71.8450
2025-06-28 04:48:00,15.8150,74.3650
2025-06-28 05:03:00,15.8600,75.5550
2025-06-28 05:18:00,15.7800,75.7400
2025-06-28 05:33:00,15.5425,77.0950
2025-06-28 05:48:00,15.5150,77.4500
2025-06-28 06:03:00,15.5325,77.7125
2025-06-28 06:18:00,15.6500,77.5125
2025-06-28 06:33:00,15.6550,75.7150
2025-06-28 06:48:00,15.7175,75.2925
2025-06-28 07:03:00,16.1375,75.0700
2025-06-28 07:18:00,16.8050,74.0425
2025-06-28 07:33:00,17.4325,71.6425
2025-06-28 07:48:00,18.0350,69.5425
2025-06-28 08:03:00,18.6625,67.9650
2025-06-28 08:18:00,19.2775,66.0650
2025-06-28 08:33:00,20.0875,64.1075
2025-06-28 08:48:00,20.9350,60.3900
2025-06-28 09:03:00,21.4825,59.2600
2025-06-28 09:18:00,21.9475,57.6075
2025-06-28 09:33:00,22.8850,56.0350
2025-06-28 09:48:00,23.8575,53.7175
2025-06-28 10:03:00,24.3300,52.2275
2025-06-28 10:18:00,25.1050,51.7725
2025-06-28 10:33:00,26.3400,49.1650
2025-06-28 10:48:00,27.1250,45.1750
2025-06-28 11:03:00,28.0050,42.9150
2025-06-28 11:18:00,28.8050,41.7725
2025-06-28 11:33:00,29.3750,39.5900
2025-06-28 11:48:00,30.6775,38.9250
2025-06-28 12:03:00,30.7375,37.5275
2025-06-28 12:18:00,31.4375,33.4425
2025-06-28 12:33:00,32.0450,31.6275
2025-06-28 12:48:00,32.0500,31.3950
2025-06-28 13:03:00,32.4375,29.6025
2025-06-28 13:18:00,32.9975,29.2275
2025-06-28 13:33:00,33.2675,31.6850
2025-06-28 13:48:00,33.4750,31.5650
2025-06-28 14:03:00,33.5425,31.1275
2025-06-28 14:18:00,33.4475,29.9525
2025-06-28 14:33:00,33.4800,29.9550
2025-06-28 14:48:00,33.9625,28.2450
2025-06-28 15:03:00,33.8200,29.3525
2025-06-28 15:18:00,33.9000,29.7250
2025-06-28 15:33:00,33.7375,29.6100
2025-06-28 15:48:00,33.7000,30.6150
2025-06-28 16:03:00,33.9000,31.4600
2025-06-28 16:18:00,34.2750,29.4550
2025-06-28 16:33:00,33.9925,30.1800
2025-06-28 16:48:00,33.6100,30.7125
2025-06-28 17:03:00,33.9000,29.5600
2025-06-28 17:18:00,33.3350,29.5600
2025-06-28 17:33:00,32.7175,29.2200
2025-06-28 17:48:00,32.8025,29.4425
2025-06-28 18:03:00,32.7150,29.4150
2025-06-28 18:18:00,32.3900,30.8650
2025-06-28 18:33:00,32.1300,31.2125
2025-06-28 18:48:00,31.7075,31.5325
2025-06-28 19:03:00,31.2150,32.1350
2025-06-28 19:18:00,30.3125,32.6175
2025-06-28 19:33:00,29.6350,32.5825
2025-06-28 19:48:00,28.9150,32.8250
2025-06-28 20:03:00,28.2700,33.1825
2025-06-28 20:18:00,27.5225,34.1400
2025-06-28 20:33:00,26.9025,35.2050
2025-06-28 20:48:00,26.1050,35.5675
2025-06-28 21:03:00,25.2325,36.5250
2025-06-28 21:18:00,24.8000,37.5275
2025-06-28 21:33:00,24.2900,38.3825
2025-06-28 21:48:00,23.7825,39.5750
2025-06-28 22:03:00,23.3150,40.1575
2025-06-28 22:18:00,22.9200,41.6500
2025-06-28 22:33:00,22.6275,42.4375
2025-06-28 22:48:00,22.4000,42.4700
2025-06-28 23:03:00,22.0750,42.7850
2025-06-28 23:18:00,21.7650,43.7625
2025-06-28 23:33:00,21.0800,47.8000
2025-06-28 23:48:00,20.4175,50.0075
2025-06-29 00:03:00,19.7800,52.0275
2025-06-29 00:18:00,19.3150,54.6650
2025-06-29 00:33:00,18.9275,57.1525
2025-06-29 00:48:00,18.6075,60.4075
2025-06-29 01:03:00,18.5075,61.4475
2025-06-29 01:18:00,18.2800,62.3050
2025-06-29 01:33:00,18.0950,63.2725
2025-06-29 01:48:00,17.7675,64.3100
2025-06-29 02:03:00,17.6225,64.7350
2025-06-29 02:18:00,17.4125,65.6450
2025-06-29 02:33:00,17.1550,66.3750
2025-06-29 02:48:00,17.1075,66.9875
2025-06-29 03:03:00,16.9650,66.6875
2025-06-29 03:18:00,16.3775,65.4475
2025-06-29 03:33:00,16.5125,67.4950
2025-06-29 03:48:00,15.9700,66.2500
2025-06-29 04:03:00,15.6075,67.7750
2025-06-29 04:18:00,15.4975,68.7900
2025-06-29 04:33:00,15.0675,66.2525
2025-06-29 04:48:00,14.9875,67.4800
2025-06-29 05:03:00,15.0150,68.2650
2025-06-29 05:18:00,14.8650,68.3875
2025-06-29 05:33:00,14.6075,69.7225
2025-06-29 05:48:00,14.8150,72.5800
2025-06-29 06:03:00,15.0475,73.3875
2025-06-29 06:18:00,15.2825,72.9075
2025-06-29 06:33:00,15.4925,71.1175
2025-06-29 06:48:00,15.9475,69.6925
2025-06-29 07:03:00,16.2500,67.3200
2025-06-29 07:18:00,17.0725,66.0175
2025-06-29 07:33:00,17.8225,66.5400
2025-06-29 07:48:00,18.6075,65.3375
2025-06-29 08:03:00,19.0650,63.7625
2025-06-29 08:18:00,19.6625,62.3100
2025-06-29 08:33:00,20.2800,61.0625
2025-06-29 08:48:00,20.8725,58.2000
2025-06-29 09:03:00,21.4025,55.9925
2025-06-29 09:18:00,22.0000,55.4600
2025-06-29 09:33:00,22.8800,52.4775
2025-06-29 09:48:00,23.8850,50.9025
2025-06-29 10:03:00,24.6125,47.9475
2025-06-29 10:18:00,25.6800,43.7925
2025-06-29 10:33:00,26.2925,42.1750
2025-06-29 10:48:00,26.6225,41.4250
2025-06-29 11:03:00,27.5125,39.5975
2025-06-29 11:18:00,28.1600,37.2975
2025-06-29 11:33:00,28.7000,34.0400
2025-06-29 11:48:00,29.6675,30.2775
2025-06-29 12:03:00,30.4025,26.7425
