Timestamp for sample frequency every 15 min,Temperature (°F),Relative Humidity (%)
2026-06-13 15:59:00,35.830000000000005,25.43
2026-06-13 16:14:00,34.53,26.835
2026-06-13 16:29:00,48.025,21.075
2026-06-13 16:44:00,28.57,41.4325
2026-06-13 16:59:00,26.5925,43.445
2026-06-13 17:14:00,26.295,44.5425
2026-06-13 17:29:00,26.482499999999998,45.0025
2026-06-13 17:44:00,26.599999999999998,45.3975
2026-06-13 17:59:00,26.730000000000004,45.75
2026-06-13 18:14:00,26.9575,45.9925
2026-06-13 18:29:00,26.737499999999997,44.0175
2026-06-13 18:44:00,26.925,44.0775
2026-06-13 18:59:00,26.842500000000005,45.1025
2026-06-13 19:14:00,27.442500000000003,45.975
2026-06-13 19:29:00,27.474999999999998,46.81
2026-06-13 19:44:00,27.507499999999997,46.865
2026-06-13 19:59:00,27.5475,47.3075
2026-06-13 20:14:00,27.2075,45.5
2026-06-13 20:29:00,27.474999999999998,45.3675
2026-06-13 20:44:00,27.160000000000004,45.2225
2026-06-13 20:59:00,26.41,46.305
2026-06-13 21:14:00,25.9225,46.3775
2026-06-13 21:29:00,25.734999999999996,46.555
2026-06-13 21:44:00,25.227499999999996,47.4675
2026-06-13 21:59:00,24.7175,48.3625
2026-06-13 22:14:00,24.782500000000002,48.5125
2026-06-13 22:29:00,24.739999999999995,48.33
2026-06-13 22:44:00,24.597499999999997,48.835
2026-06-13 22:59:00,24.807499999999997,49.3575
2026-06-13 23:14:00,24.9225,49.1
2026-06-13 23:29:00,24.9125,48.64
2026-06-13 23:44:00,24.772500000000004,48.945
2026-06-13 23:59:00,24.7175,48.9625
2026-06-14 00:14:00,24.542500000000004,49.085
2026-06-14 00:29:00,24.4575,49.29
2026-06-14 00:44:00,24.2025,49.645
2026-06-14 00:59:00,24.0925,49.905
2026-06-14 01:14:00,23.955,50.2625
2026-06-14 01:29:00,23.795,50.61
2026-06-14 01:44:00,23.630000000000003,51.0
2026-06-14 01:59:00,23.37,51.615
2026-06-14 02:14:00,23.337499999999995,51.75
2026-06-14 02:29:00,23.262500000000003,51.995
2026-06-14 02:44:00,23.175,52.38
2026-06-14 02:59:00,23.0625,52.275
2026-06-14 03:14:00,22.9775,52.715
2026-06-14 03:29:00,22.892500000000002,52.8525
2026-06-14 03:44:00,22.755000000000003,53.5
2026-06-14 03:59:00,22.585000000000004,53.52
2026-06-14 04:14:00,22.487500000000004,53.7875
2026-06-14 04:29:00,22.317499999999995,54.2675
2026-06-14 04:44:00,22.1875,54.34
2026-06-14 04:59:00,21.667499999999997,56.1375
2026-06-14 05:14:00,21.66,56.0625
2026-06-14 05:29:00,21.412500000000005,57.075
2026-06-14 05:44:00,21.242500000000003,57.5375
2026-06-14 05:59:00,21.3675,57.195
2026-06-14 06:14:00,21.530000000000005,57.07
2026-06-14 06:29:00,21.6125,57.17
2026-06-14 06:44:00,21.654999999999998,56.6525
2026-06-14 06:59:00,21.737499999999997,56.7175
2026-06-14 07:14:00,21.7925,56.215
2026-06-14 07:29:00,21.895,56.0025
2026-06-14 07:44:00,22.272500000000004,52.4875
2026-06-14 07:59:00,22.307499999999997,53.5225
2026-06-14 08:14:00,22.375000000000004,53.9
2026-06-14 08:29:00,22.4175,54.1575
2026-06-14 08:44:00,22.465,54.1875
2026-06-14 08:59:00,22.570000000000004,54.38
2026-06-14 09:14:00,22.642500000000002,54.335
2026-06-14 09:29:00,22.727499999999996,54.315
2026-06-14 09:44:00,22.839999999999996,54.385
2026-06-14 09:59:00,22.884999999999998,54.2425
2026-06-14 10:14:00,22.990000000000002,54.0925
2026-06-14 10:29:00,23.052500000000002,53.945
2026-06-14 10:44:00,23.145,53.9
2026-06-14 10:59:00,23.2325,53.96
2026-06-14 11:14:00,23.325000000000003,54.3025
2026-06-14 11:29:00,23.4475,54.6725
2026-06-14 11:44:00,23.540000000000003,54.91
2026-06-14 11:59:00,23.649999999999995,54.7625
2026-06-14 12:14:00,23.77,54.625
2026-06-14 12:29:00,23.864999999999995,54.375
2026-06-14 12:44:00,23.972499999999997,54.23
2026-06-14 12:59:00,24.060000000000002,54.0775
2026-06-14 13:14:00,24.195,53.9
2026-06-14 13:29:00,24.282500000000002,53.7175
2026-06-14 13:44:00,24.400000000000002,53.5425
2026-06-14 13:59:00,24.4825,53.3625
2026-06-14 14:14:00,24.617499999999996,53.1875
2026-06-14 14:29:00,24.709999999999997,52.99
2026-06-14 14:44:00,24.805,52.8
2026-06-14 14:59:00,24.919999999999998,52.545
2026-06-14 15:14:00,25.035,52.3375
2026-06-14 15:29:00,25.142500000000002,52.2425
2026-06-14 15:44:00,25.242499999999996,52.1475
2026-06-14 15:59:00,25.38,52.1325
2026-06-14 16:14:00,25.482499999999998,52.0975
2026-06-14 16:29:00,25.57,52.0275
2026-06-14 16:44:00,25.605,51.84
2026-06-14 16:59:00,25.61,52.355
2026-06-14 17:14:00,25.5475,51.785
2026-06-14 17:29:00,25.5475,51.435
2026-06-14 17:44:00,25.599999999999998,51.765
2026-06-14 17:59:00,25.657499999999995,51.9725
2026-06-14 18:14:00,25.792500000000004,52.8875
2026-06-14 18:29:00,25.964999999999996,53.16
2026-06-14 18:44:00,26.017500000000002,53.18
2026-06-14 18:59:00,26.080000000000002,51.6575
2026-06-14 19:14:00,26.145000000000003,51.12
2026-06-14 19:29:00,26.237500000000004,50.59
2026-06-14 19:44:00,26.2,49.4675
2026-06-14 19:59:00,26.2075,49.45
2026-06-14 20:14:00,26.224999999999998,49.33
2026-06-14 20:29:00,26.1875,49.125
2026-06-14 20:44:00,26.040000000000003,48.88
2026-06-14 20:59:00,25.897499999999997,48.5025
2026-06-14 21:14:00,25.66,48.575
2026-06-14 21:29:00,25.500000000000004,48.5975
2026-06-14 21:44:00,25.3125,48.905
2026-06-14 21:59:00,25.174999999999997,49.015
2026-06-14 22:14:00,25.05,49.4025
2026-06-14 22:29:00,24.965,49.5025
2026-06-14 22:44:00,24.95,49.545
2026-06-14 22:59:00,24.812499999999996,49.8675
2026-06-14 23:14:00,24.6725,49.7675
2026-06-14 23:29:00,24.564999999999998,49.8575
2026-06-14 23:44:00,24.4525,49.96
2026-06-14 23:59:00,24.317500000000003,50.165
2026-06-15 00:14:00,24.195,50.5625
2026-06-15 00:29:00,24.114999999999995,50.675
2026-06-15 00:44:00,23.982499999999998,50.5525
2026-06-15 00:59:00,23.7925,51.1825
2026-06-15 01:14:00,23.630000000000003,51.495
2026-06-15 01:29:00,23.48,51.69
2026-06-15 01:44:00,23.367499999999996,51.8025
2026-06-15 01:59:00,23.279999999999998,51.83
2026-06-15 02:14:00,23.1075,51.985
2026-06-15 02:29:00,23.015000000000004,52.24
2026-06-15 02:44:00,22.892500000000002,52.31
2026-06-15 02:59:00,22.740000000000002,52.5625
2026-06-15 03:14:00,22.614999999999995,52.6775
2026-06-15 03:29:00,22.492500000000003,52.9325
2026-06-15 03:44:00,22.36,53.145
2026-06-15 03:59:00,22.282500000000002,53.3
2026-06-15 04:14:00,22.150000000000002,53.435
2026-06-15 04:29:00,22.044999999999998,53.82
2026-06-15 04:44:00,21.994999999999997,54.3125
2026-06-15 04:59:00,21.977500000000003,54.53
2026-06-15 05:14:00,21.9425,54.6525
2026-06-15 05:29:00,21.900000000000002,55.1225
2026-06-15 05:44:00,21.932499999999997,55.0275
2026-06-15 05:59:00,21.9725,55.045
2026-06-15 06:14:00,21.979999999999997,54.97
2026-06-15 06:29:00,21.932499999999997,55.3325
2026-06-15 06:44:00,21.927499999999995,55.425
2026-06-15 06:59:00,22.015,55.8175
2026-06-15 07:14:00,22.130000000000003,57.2725
2026-06-15 07:29:00,22.662500000000005,58.15
2026-06-15 07:44:00,22.642500000000002,57.16
2026-06-15 07:59:00,22.575000000000003,57.18
2026-06-15 08:14:00,22.52,57.015
2026-06-15 08:29:00,22.45,56.845
2026-06-15 08:44:00,22.36,57.0475
2026-06-15 08:59:00,22.362499999999997,56.915
2026-06-15 09:14:00,22.317499999999995,57.0425
2026-06-15 09:29:00,22.322499999999998,57.24
2026-06-15 09:44:00,22.337499999999995,57.2875
2026-06-15 09:59:00,22.362499999999997,57.1625
2026-06-15 10:14:00,22.322499999999998,56.9825
2026-06-15 10:29:00,22.380000000000003,57.13
2026-06-15 10:44:00,22.459999999999997,57.0925
2026-06-15 10:59:00,22.5475,57.0025
2026-06-15 11:14:00,22.6525,56.865
2026-06-15 11:29:00,22.765,56.7525
2026-06-15 11:44:00,22.844999999999995,56.6
2026-06-15 11:59:00,22.945,56.44
2026-06-15 12:14:00,23.0425,56.3125
2026-06-15 12:29:00,23.16,56.16
2026-06-15 12:44:00,23.244999999999997,56.0
2026-06-15 12:59:00,23.345000000000002,55.81
2026-06-15 13:14:00,23.442500000000003,55.6475
2026-06-15 13:29:00,23.535,55.485
2026-06-15 13:44:00,23.6525,55.31
2026-06-15 13:59:00,23.755000000000003,55.2275
2026-06-15 14:14:00,23.854999999999997,55.12
2026-06-15 14:29:00,24.010000000000005,55.245
2026-06-15 14:44:00,24.142500000000002,55.185
2026-06-15 14:59:00,24.284999999999997,55.0425
2026-06-15 15:14:00,24.5275,54.65
2026-06-15 15:29:00,24.747500000000002,54.425
2026-06-15 15:44:00,24.945,54.1225
2026-06-15 15:59:00,25.065000000000005,53.6475
2026-06-15 16:14:00,25.114999999999995,52.9475
2026-06-15 16:29:00,25.247499999999995,52.7175
2026-06-15 16:44:00,25.387500000000003,52.2575
2026-06-15 16:59:00,25.475000000000005,51.74
2026-06-15 17:14:00,25.605,51.82
2026-06-15 17:29:00,25.754999999999995,51.9
2026-06-15 17:44:00,25.900000000000002,51.85
2026-06-15 17:59:00,26.015,51.7525
2026-06-15 18:14:00,26.145000000000003,51.795
2026-06-15 18:29:00,26.092499999999998,50.615
2026-06-15 18:44:00,26.017500000000002,50.505
2026-06-15 18:59:00,26.115000000000002,50.7175
2026-06-15 19:14:00,26.1825,50.3975
2026-06-15 19:29:00,26.237500000000004,50.0575
2026-06-15 19:44:00,26.247500000000002,49.785
2026-06-15 19:59:00,26.265,49.475
2026-06-15 20:14:00,26.075000000000003,48.5675
2026-06-15 20:29:00,25.872499999999995,48.245
2026-06-15 20:44:00,25.6875,48.075
2026-06-15 20:59:00,25.465,48.065
2026-06-15 21:14:00,25.195,47.96
2026-06-15 21:29:00,24.965,47.98
2026-06-15 21:44:00,24.772500000000004,48.195
2026-06-15 21:59:00,24.6325,48.2275
2026-06-15 22:14:00,24.5225,48.35
2026-06-15 22:29:00,24.122500000000002,48.655
2026-06-15 22:44:00,23.775000000000002,49.2825
2026-06-15 22:59:00,23.35,50.16
2026-06-15 23:14:00,22.8675,51.2625
2026-06-15 23:29:00,22.492500000000003,51.655
2026-06-15 23:44:00,22.199999999999996,52.47
2026-06-15 23:59:00,21.935000000000002,52.935
2026-06-16 00:14:00,21.745000000000005,53.4575
2026-06-16 00:29:00,21.495,53.83
2026-06-16 00:44:00,21.2975,54.4175
2026-06-16 00:59:00,21.080000000000002,54.7825
2026-06-16 01:14:00,20.969999999999995,55.045
2026-06-16 01:29:00,20.885000000000005,55.3775
2026-06-16 01:44:00,20.739999999999995,55.7425
2026-06-16 01:59:00,20.647499999999997,56.0625
2026-06-16 02:14:00,20.5175,56.425
2026-06-16 02:29:00,20.447499999999998,56.46
2026-06-16 02:44:00,20.372500000000002,56.7
2026-06-16 02:59:00,20.23,57.1225
2026-06-16 03:14:00,20.1325,57.47
2026-06-16 03:29:00,20.0625,57.6275
2026-06-16 03:44:00,19.955,58.035
2026-06-16 03:59:00,19.8525,58.3375
2026-06-16 04:14:00,19.785,58.5575
2026-06-16 04:29:00,19.714999999999996,58.9175
2026-06-16 04:44:00,19.6725,59.1725
2026-06-16 04:59:00,19.685000000000002,59.3725
2026-06-16 05:14:00,19.64,59.645
2026-06-16 05:29:00,19.592499999999998,59.7675
2026-06-16 05:44:00,19.512500000000003,60.1475
2026-06-16 05:59:00,19.4625,60.21
2026-06-16 06:14:00,19.380000000000003,60.4025
2026-06-16 06:29:00,19.282500000000002,60.8125
2026-06-16 06:44:00,19.32,60.8125
2026-06-16 06:59:00,19.355,60.685
2026-06-16 07:14:00,19.4525,60.58
2026-06-16 07:29:00,19.512500000000003,60.4775
2026-06-16 07:44:00,19.564999999999998,60.4
2026-06-16 07:59:00,19.584999999999997,60.4175
2026-06-16 08:14:00,19.6775,60.415
2026-06-16 08:29:00,19.779999999999998,60.5375
2026-06-16 08:44:00,19.8275,60.685
2026-06-16 08:59:00,19.909999999999997,60.72
2026-06-16 09:14:00,20.005000000000003,60.5625
2026-06-16 09:29:00,20.122500000000002,60.7275
2026-06-16 09:44:00,20.2925,60.565
2026-06-16 09:59:00,20.422499999999996,60.3875
2026-06-16 10:14:00,20.592500000000005,60.185
2026-06-16 10:29:00,20.734999999999996,60.0
2026-06-16 10:44:00,20.89,59.8325
2026-06-16 10:59:00,21.015,59.6775
2026-06-16 11:14:00,21.1625,59.5125
2026-06-16 11:29:00,21.307499999999997,59.38
2026-06-16 11:44:00,21.487499999999997,59.2125
2026-06-16 11:59:00,21.645,59.1725
2026-06-16 12:14:00,21.814999999999998,58.955
2026-06-16 12:29:00,21.9575,58.65
2026-06-16 12:44:00,22.037500000000005,58.465
2026-06-16 12:59:00,22.1525,58.3075
2026-06-16 13:14:00,22.252500000000005,58.12
2026-06-16 13:29:00,22.3525,58.0575
2026-06-16 13:44:00,22.45,57.9725
2026-06-16 13:59:00,22.5475,57.875
2026-06-16 14:14:00,22.642500000000002,57.82
2026-06-16 14:29:00,22.75,57.7275
2026-06-16 14:44:00,22.892500000000002,57.8125
2026-06-16 14:59:00,23.237499999999997,53.0625
2026-06-16 15:14:00,23.132499999999997,55.2275
2026-06-16 15:29:00,23.132499999999997,56.1
2026-06-16 15:44:00,23.2575,56.83
2026-06-16 15:59:00,23.322500000000005,57.4725
2026-06-16 16:14:00,23.502500000000005,57.8975
2026-06-16 16:29:00,23.6625,58.7625
2026-06-16 16:44:00,23.540000000000003,56.4675
2026-06-16 16:59:00,23.302500000000002,56.5625
2026-06-16 17:14:00,23.677500000000002,57.2525
2026-06-16 17:29:00,23.565,56.2525
2026-06-16 17:44:00,23.502500000000005,56.1825
2026-06-16 17:59:00,23.605000000000004,55.69
2026-06-16 18:14:00,23.325000000000003,55.3975
2026-06-16 18:29:00,23.715,56.38
2026-06-16 18:44:00,23.175,53.875
2026-06-16 18:59:00,23.6425,54.7275
2026-06-16 19:14:00,23.8175,54.535
2026-06-16 19:29:00,23.790000000000003,54.1275
2026-06-16 19:44:00,23.705,54.385
2026-06-16 19:59:00,23.712500000000002,54.83
2026-06-16 20:14:00,23.695,54.4825
2026-06-16 20:29:00,23.635000000000005,55.0175
2026-06-16 20:44:00,23.705,55.125
2026-06-16 20:59:00,23.717500000000005,55.2325
2026-06-16 21:14:00,23.742500000000003,55.27
2026-06-16 21:29:00,23.742500000000003,55.31
2026-06-16 21:44:00,23.705,55.385
2026-06-16 21:59:00,23.712500000000002,55.4825
2026-06-16 22:14:00,23.695,55.505
2026-06-16 22:29:00,23.695,55.5025
2026-06-16 22:44:00,23.6625,55.4925
2026-06-16 22:59:00,23.600000000000005,55.485
2026-06-16 23:14:00,23.5775,55.505
2026-06-16 23:29:00,23.565,55.41
2026-06-16 23:44:00,23.522500000000004,55.3375
2026-06-16 23:59:00,23.477500000000003,55.2675
2026-06-17 00:14:00,23.4275,55.2025
2026-06-17 00:29:00,23.375,55.16
2026-06-17 00:44:00,23.342499999999998,55.14
2026-06-17 00:59:00,23.307500000000005,55.06
2026-06-17 01:14:00,23.249999999999996,55.005
2026-06-17 01:29:00,23.2125,54.94
2026-06-17 01:44:00,23.150000000000002,54.9
2026-06-17 01:59:00,23.092500000000005,54.8625
2026-06-17 02:14:00,23.0575,54.755
2026-06-17 02:29:00,23.005000000000003,54.705
2026-06-17 02:44:00,22.935000000000002,54.6625
2026-06-17 02:59:00,22.89,54.6175
2026-06-17 03:14:00,22.855,54.61
2026-06-17 03:29:00,22.8125,54.5075
2026-06-17 03:44:00,22.760000000000005,54.4375
2026-06-17 03:59:00,22.702500000000004,54.3675
2026-06-17 04:14:00,22.662500000000005,54.2825
2026-06-17 04:29:00,22.609999999999996,54.26
2026-06-17 04:44:00,22.5875,54.265
2026-06-17 04:59:00,22.560000000000002,54.25
2026-06-17 05:14:00,22.525000000000002,54.1625
2026-06-17 05:29:00,22.45,54.1225
2026-06-17 05:44:00,22.4225,54.085
2026-06-17 05:59:00,22.3825,54.125
2026-06-17 06:14:00,22.397499999999997,54.1275
2026-06-17 06:29:00,22.337499999999995,54.065
2026-06-17 06:44:00,22.290000000000003,53.99
2026-06-17 06:59:00,22.277500000000003,53.9525
2026-06-17 07:14:00,22.235,53.965
2026-06-17 07:29:00,22.2425,54.0375
2026-06-17 07:44:00,22.247500000000002,53.99
2026-06-17 07:59:00,22.265,54.32
2026-06-17 08:14:00,22.2425,54.3625
2026-06-17 08:29:00,22.279999999999998,54.2875
2026-06-17 08:44:00,22.310000000000002,54.205
2026-06-17 08:59:00,22.357499999999998,54.12
2026-06-17 09:14:00,22.375000000000004,54.03
2026-06-17 09:29:00,22.4225,53.9175
2026-06-17 09:44:00,22.445,53.875
2026-06-17 09:59:00,22.462500000000002,53.8775
2026-06-17 10:14:00,22.515,53.87
2026-06-17 10:29:00,22.5775,53.82
2026-06-17 10:44:00,22.604999999999997,53.82
2026-06-17 10:59:00,22.622500000000002,53.7725
2026-06-17 11:14:00,22.657500000000002,53.7675
2026-06-17 11:29:00,22.695,53.7875
2026-06-17 11:44:00,22.742499999999996,53.79
2026-06-17 11:59:00,22.800000000000004,53.7875
2026-06-17 12:14:00,22.83,53.8
2026-06-17 12:29:00,22.92,53.855
2026-06-17 12:44:00,22.94,53.8875
2026-06-17 12:59:00,22.975000000000005,53.905
2026-06-17 13:14:00,23.07,53.99
2026-06-17 13:29:00,23.132499999999997,54.005
2026-06-17 13:44:00,23.220000000000002,54.05
2026-06-17 13:59:00,23.2525,54.095
2026-06-17 14:14:00,23.337499999999995,54.135
2026-06-17 14:29:00,23.405000000000005,54.175
2026-06-17 14:44:00,23.502500000000005,54.195
2026-06-17 14:59:00,23.567499999999995,54.1975
2026-06-17 15:14:00,23.635000000000005,54.255
2026-06-17 15:29:00,23.724999999999998,54.3525
2026-06-17 15:44:00,23.78,54.385
2026-06-17 15:59:00,23.884999999999998,54.425
2026-06-17 16:14:00,23.992499999999996,54.38
2026-06-17 16:29:00,24.025000000000002,54.3825
2026-06-17 16:44:00,24.105,54.4175
2026-06-17 16:59:00,24.167499999999997,54.44
2026-06-17 17:14:00,24.240000000000002,54.55
2026-06-17 17:29:00,24.32,54.5775
2026-06-17 17:44:00,24.349999999999998,54.5925
2026-06-17 17:59:00,24.39,54.575
2026-06-17 18:14:00,24.447499999999998,54.5675
2026-06-17 18:29:00,24.5225,54.685
2026-06-17 18:44:00,24.635000000000005,54.755
2026-06-17 18:59:00,24.67,54.745
2026-06-17 19:14:00,24.719999999999995,54.8175
2026-06-17 19:29:00,24.739999999999995,54.835
2026-06-17 19:44:00,24.757500000000004,54.83
2026-06-17 19:59:00,24.77,54.8025
2026-06-17 20:14:00,24.747500000000002,54.82
2026-06-17 20:29:00,24.724999999999998,54.8325
2026-06-17 20:44:00,24.682499999999997,54.8325
2026-06-17 20:59:00,24.62,54.795
2026-06-17 21:14:00,24.602499999999996,54.7875
2026-06-17 21:29:00,24.555,54.7425
2026-06-17 21:44:00,24.504999999999995,54.77
2026-06-17 21:59:00,24.450000000000003,54.74
2026-06-17 22:14:00,24.382499999999997,54.74
2026-06-17 22:29:00,24.3575,54.7625
2026-06-17 22:44:00,24.2875,54.7
2026-06-17 22:59:00,24.2475,54.6725
2026-06-17 23:14:00,24.18,54.6675
2026-06-17 23:29:00,24.147500000000004,54.6775
2026-06-17 23:44:00,24.089999999999996,54.6725
2026-06-17 23:59:00,24.0275,54.64
2026-06-18 00:14:00,23.982499999999998,54.5875
2026-06-18 00:29:00,23.907500000000002,54.615
2026-06-18 00:44:00,23.854999999999997,54.6325
2026-06-18 00:59:00,23.810000000000002,54.595
2026-06-18 01:14:00,23.775000000000002,54.56
2026-06-18 01:29:00,23.705,54.57
2026-06-18 01:44:00,23.640000000000004,54.5375
2026-06-18 01:59:00,23.612499999999997,54.515
2026-06-18 02:14:00,23.545,54.455
2026-06-18 02:29:00,23.522500000000004,54.415
2026-06-18 02:44:00,23.4375,54.36
2026-06-18 02:59:00,23.37,54.3
2026-06-18 03:14:00,23.314999999999998,54.2875
2026-06-18 03:29:00,23.2775,54.2425
2026-06-18 03:44:00,23.225000000000005,54.1875
2026-06-18 03:59:00,23.157499999999995,54.12
2026-06-18 04:14:00,23.117500000000003,54.0775
2026-06-18 04:29:00,23.075,54.0225
2026-06-18 04:44:00,23.0425,53.9825
2026-06-18 04:59:00,22.980000000000004,53.9725
2026-06-18 05:14:00,22.9525,53.915
2026-06-18 05:29:00,22.882500000000004,53.8525
2026-06-18 05:44:00,22.855,53.8275
2026-06-18 05:59:00,22.800000000000004,53.78
2026-06-18 06:14:00,22.765,53.7475
2026-06-18 06:29:00,22.732499999999998,53.715
2026-06-18 06:44:00,22.695,53.6525
2026-06-18 06:59:00,22.692500000000003,53.6675
2026-06-18 07:14:00,22.624999999999996,53.5825
2026-06-18 07:29:00,22.624999999999996,53.5225
2026-06-18 07:44:00,22.600000000000005,53.5375
2026-06-18 07:59:00,22.580000000000002,53.5225
2026-06-18 08:14:00,22.5675,53.5375
2026-06-18 08:29:00,22.5775,53.49
2026-06-18 08:44:00,22.5775,53.475
2026-06-18 08:59:00,22.622500000000002,53.4175
2026-06-18 09:14:00,22.624999999999996,53.395
2026-06-18 09:29:00,22.689999999999998,53.33
2026-06-18 09:44:00,22.689999999999998,53.315
2026-06-18 09:59:00,22.725,53.3
2026-06-18 10:14:00,22.755000000000003,53.2725
2026-06-18 10:29:00,22.780000000000005,53.26
2026-06-18 10:44:00,22.83,53.2575
2026-06-18 10:59:00,22.8625,53.205
2026-06-18 11:14:00,22.877500000000005,53.17
2026-06-18 11:29:00,22.91,53.1825
2026-06-18 11:44:00,22.947499999999998,53.18
2026-06-18 11:59:00,22.9925,53.225
2026-06-18 12:14:00,23.0425,53.2325
2026-06-18 12:29:00,23.095,53.2375
2026-06-18 12:44:00,23.150000000000002,53.2925
2026-06-18 12:59:00,23.1675,53.335
2026-06-18 13:14:00,23.225000000000005,53.3475
2026-06-18 13:29:00,23.31,53.405
2026-06-18 13:44:00,23.362499999999997,53.39
2026-06-18 13:59:00,23.397499999999997,53.415
2026-06-18 14:14:00,23.464999999999996,53.47
2026-06-18 14:29:00,23.527500000000003,53.525
2026-06-18 14:44:00,23.5975,53.5625
2026-06-18 14:59:00,23.679999999999996,53.6175
2026-06-18 15:14:00,23.747500000000002,53.6275
2026-06-18 15:29:00,23.78,53.675
2026-06-18 15:44:00,23.854999999999997,53.7075
2026-06-18 15:59:00,23.904999999999998,53.82
2026-06-18 16:14:00,24.010000000000005,53.89
2026-06-18 16:29:00,24.0625,53.9175
2026-06-18 16:44:00,24.105,53.95
2026-06-18 16:59:00,24.145,53.94
2026-06-18 17:14:00,24.207499999999996,54.005
2026-06-18 17:29:00,24.232499999999998,54.07
2026-06-18 17:44:00,24.3125,54.1025
2026-06-18 17:59:00,24.347500000000004,54.115
2026-06-18 18:14:00,24.395,54.1275
2026-06-18 18:29:00,24.4525,54.115
2026-06-18 18:44:00,24.504999999999995,54.175
2026-06-18 18:59:00,24.552500000000002,54.195
2026-06-18 19:14:00,24.607499999999998,54.1925
2026-06-18 19:29:00,24.612499999999997,54.2
2026-06-18 19:44:00,24.630000000000003,54.1675
2026-06-18 19:59:00,24.582500000000003,54.2225
2026-06-18 20:14:00,24.56,54.2
2026-06-18 20:29:00,24.555,54.175
2026-06-18 20:44:00,24.494999999999997,54.135
2026-06-18 20:59:00,24.440000000000005,54.1175
2026-06-18 21:14:00,24.395,54.13
2026-06-18 21:29:00,24.372500000000002,54.1375
2026-06-18 21:44:00,24.33,54.08
2026-06-18 21:59:00,24.262500000000003,54.11
2026-06-18 22:14:00,24.2275,54.1325
2026-06-18 22:29:00,24.147500000000004,54.1
2026-06-18 22:44:00,24.105,54.1175
2026-06-18 22:59:00,24.055000000000003,54.1025
2026-06-18 23:14:00,23.992499999999996,54.0325
2026-06-18 23:29:00,23.955,53.9925
2026-06-18 23:44:00,23.864999999999995,53.975
2026-06-18 23:59:00,23.815000000000005,53.89
2026-06-19 00:14:00,23.8125,53.8825
2026-06-19 00:29:00,23.742500000000003,53.805
2026-06-19 00:44:00,23.6675,53.78
2026-06-19 00:59:00,23.605000000000004,53.7675
2026-06-19 01:14:00,23.5775,53.6675
2026-06-19 01:29:00,23.507500000000004,53.6425
2026-06-19 01:44:00,23.455,53.625
2026-06-19 01:59:00,23.425000000000004,53.5325
2026-06-19 02:14:00,23.347499999999997,53.48
2026-06-19 02:29:00,23.292500000000004,53.4375
2026-06-19 02:44:00,23.249999999999996,53.4025
2026-06-19 02:59:00,23.195000000000004,53.3625
2026-06-19 03:14:00,23.155,53.29
2026-06-19 03:29:00,23.084999999999997,53.23
2026-06-19 03:44:00,23.0275,53.21
2026-06-19 03:59:00,22.9925,53.1825
2026-06-19 04:14:00,22.9525,53.17
2026-06-19 04:29:00,22.892500000000002,53.0725
2026-06-19 04:44:00,22.834999999999997,53.0525
2026-06-19 04:59:00,22.814999999999998,53.015
2026-06-19 05:14:00,22.755000000000003,52.9825
2026-06-19 05:29:00,22.695,52.9325
2026-06-19 05:44:00,22.68,52.8975
2026-06-19 05:59:00,22.612499999999997,52.8875
2026-06-19 06:14:00,22.572499999999998,52.86
2026-06-19 06:29:00,22.515,52.815
2026-06-19 06:44:00,22.492500000000003,52.7975
2026-06-19 06:59:00,22.4575,52.7975
2026-06-19 07:14:00,22.434999999999995,52.7225
2026-06-19 07:29:00,22.459999999999997,52.7025
2026-06-19 07:44:00,22.434999999999995,52.6725
2026-06-19 07:59:00,22.399999999999995,52.6625
2026-06-19 08:14:00,22.4125,52.6
2026-06-19 08:29:00,22.434999999999995,52.56
2026-06-19 08:44:00,22.47,52.4775
2026-06-19 08:59:00,22.5175,52.42
2026-06-19 09:14:00,22.540000000000003,52.425
2026-06-19 09:29:00,22.5825,52.42
2026-06-19 09:44:00,22.619999999999997,52.43
2026-06-19 09:59:00,22.649999999999995,52.455
2026-06-19 10:14:00,22.695,52.4625
2026-06-19 10:29:00,22.717499999999998,52.445
2026-06-19 10:44:00,22.727499999999996,52.3975
2026-06-19 10:59:00,22.740000000000002,52.44
2026-06-19 11:14:00,22.765,52.3875
2026-06-19 11:29:00,22.7925,52.385
2026-06-19 11:44:00,22.834999999999997,52.35
2026-06-19 11:59:00,22.852500000000003,52.37
2026-06-19 12:14:00,22.877500000000005,52.3675
2026-06-19 12:29:00,22.897500000000004,52.3725
2026-06-19 12:44:00,22.94,52.4275
2026-06-19 12:59:00,23.034999999999997,52.52
2026-06-19 13:14:00,23.075,52.5325
2026-06-19 13:29:00,23.09,52.4775
2026-06-19 13:44:00,23.132499999999997,52.505
2026-06-19 13:59:00,23.190000000000005,52.6075
2026-06-19 14:14:00,23.225000000000005,52.5975
2026-06-19 14:29:00,23.282500000000002,52.625
2026-06-19 14:44:00,23.375,52.655
2026-06-19 14:59:00,23.4025,52.6825
2026-06-19 15:14:00,23.464999999999996,52.78
2026-06-19 15:29:00,23.540000000000003,52.93
2026-06-19 15:44:00,23.635000000000005,52.975
2026-06-19 15:59:00,23.7025,52.9875
2026-06-19 16:14:00,23.709999999999997,52.975
2026-06-19 16:29:00,23.77,52.97
2026-06-19 16:44:00,23.822499999999998,53.06
2026-06-19 16:59:00,23.915,53.13
2026-06-19 17:14:00,23.955,53.1275
2026-06-19 17:29:00,23.982499999999998,53.1125
2026-06-19 17:44:00,24.025000000000002,53.085
2026-06-19 17:59:00,24.087500000000002,53.21
2026-06-19 18:14:00,24.152500000000003,53.3975
2026-06-19 18:29:00,24.2225,53.5225
2026-06-19 18:44:00,24.2875,53.495
2026-06-19 18:59:00,24.337500000000002,53.535
2026-06-19 19:14:00,24.387499999999996,53.44
2026-06-19 19:29:00,24.41,53.5075
2026-06-19 19:44:00,24.415000000000003,53.4975
2026-06-19 19:59:00,24.397499999999997,53.4025
2026-06-19 20:14:00,24.395,53.425
2026-06-19 20:29:00,24.362500000000004,53.4175
2026-06-19 20:44:00,24.3125,53.4175
2026-06-19 20:59:00,24.279999999999998,53.435
2026-06-19 21:14:00,24.250000000000004,53.4025
2026-06-19 21:29:00,24.2025,53.37
2026-06-19 21:44:00,24.142500000000002,53.3225
2026-06-19 21:59:00,24.060000000000002,53.2775
2026-06-19 22:14:00,24.035000000000004,53.3625
2026-06-19 22:29:00,23.982499999999998,53.3075
2026-06-19 22:44:00,23.93,53.3
2026-06-19 22:59:00,23.8675,53.26
2026-06-19 23:14:00,23.8125,53.2875
2026-06-19 23:29:00,23.77,53.28
2026-06-19 23:44:00,23.72,53.3325
2026-06-19 23:59:00,23.7025,53.33
2026-06-20 00:14:00,23.645000000000003,53.3225
2026-06-20 00:29:00,23.582499999999996,53.285
2026-06-20 00:44:00,23.540000000000003,53.235
2026-06-20 00:59:00,23.515,53.23
2026-06-20 01:14:00,23.464999999999996,53.2
2026-06-20 01:29:00,23.4275,53.185
2026-06-20 01:44:00,23.375,53.12
2026-06-20 01:59:00,23.332500000000003,53.08
2026-06-20 02:14:00,23.2775,53.025
2026-06-20 02:29:00,23.244999999999997,52.975
2026-06-20 02:44:00,23.225000000000005,52.97
2026-06-20 02:59:00,23.157499999999995,52.9225
2026-06-20 03:14:00,23.122500000000002,52.87
2026-06-20 03:29:00,23.08,52.81
2026-06-20 03:44:00,23.0475,52.775
2026-06-20 03:59:00,23.012500000000003,52.75
2026-06-20 04:14:00,22.967499999999998,52.71
2026-06-20 04:29:00,22.915000000000003,52.6575
2026-06-20 04:44:00,22.887500000000003,52.605
2026-06-20 04:59:00,22.852500000000003,52.5975
2026-06-20 05:14:00,22.817500000000003,52.54
2026-06-20 05:29:00,22.817500000000003,52.5625
2026-06-20 05:44:00,22.780000000000005,52.4925
2026-06-20 05:59:00,22.735,52.4775
2026-06-20 06:14:00,22.700000000000003,52.42
2026-06-20 06:29:00,22.6525,52.38
2026-06-20 06:44:00,22.6525,52.3525
2026-06-20 06:59:00,22.602500000000003,52.34
2026-06-20 07:14:00,22.572499999999998,52.2725
2026-06-20 07:29:00,22.552499999999995,52.2675
2026-06-20 07:44:00,22.540000000000003,52.225
2026-06-20 07:59:00,22.512499999999996,52.195
2026-06-20 08:14:00,22.502499999999998,52.175
2026-06-20 08:29:00,22.492500000000003,52.1675
2026-06-20 08:44:00,22.492500000000003,52.145
2026-06-20 08:59:00,22.512499999999996,52.1075
2026-06-20 09:14:00,22.502499999999998,52.07
2026-06-20 09:29:00,22.525000000000002,52.015
2026-06-20 09:44:00,22.5675,51.975
2026-06-20 09:59:00,22.585000000000004,51.955
2026-06-20 10:14:00,22.6325,51.905
2026-06-20 10:29:00,22.68,51.905
2026-06-20 10:44:00,22.68,51.85
2026-06-20 10:59:00,22.715,51.8775
2026-06-20 11:14:00,22.77,51.7825
2026-06-20 11:29:00,22.817500000000003,51.785
2026-06-20 11:44:00,22.855,51.795
2026-06-20 11:59:00,22.88,51.795
2026-06-20 12:14:00,22.924999999999997,51.785
2026-06-20 12:29:00,22.9725,51.8475
2026-06-20 12:44:00,23.0425,51.865
2026-06-20 12:59:00,23.067500000000003,51.85
2026-06-20 13:14:00,23.127499999999998,51.88
2026-06-20 13:29:00,23.17,51.9
2026-06-20 13:44:00,23.2125,51.915
2026-06-20 13:59:00,23.2975,51.97
2026-06-20 14:14:00,23.380000000000003,52.0075
2026-06-20 14:29:00,23.4175,52.0275
2026-06-20 14:44:00,23.4925,52.035
2026-06-20 14:59:00,23.525,52.0425
2026-06-20 15:14:00,23.6025,52.065
2026-06-20 15:29:00,23.6675,52.13
2026-06-20 15:44:00,23.742500000000003,52.105
2026-06-20 15:59:00,23.7925,52.1225
2026-06-20 16:14:00,23.850000000000005,52.18
2026-06-20 16:29:00,23.892500000000002,52.12
2026-06-20 16:44:00,23.950000000000003,52.225
2026-06-20 16:59:00,23.990000000000002,52.2225
2026-06-20 17:14:00,24.0425,52.2425
2026-06-20 17:29:00,24.0725,52.255
2026-06-20 17:44:00,24.147500000000004,52.2825
2026-06-20 17:59:00,24.167499999999997,52.2975
2026-06-20 18:14:00,24.240000000000002,52.355
2026-06-20 18:29:00,24.3125,52.3925
2026-06-20 18:44:00,24.377499999999998,52.4075
2026-06-20 18:59:00,24.427499999999995,52.37
2026-06-20 19:14:00,24.4525,52.3575
2026-06-20 19:29:00,24.504999999999995,52.3775
2026-06-20 19:44:00,24.504999999999995,52.3675
2026-06-20 19:59:00,24.4825,52.3325
2026-06-20 20:14:00,24.504999999999995,52.275
2026-06-20 20:29:00,23.287500000000005,49.785
2026-06-20 20:44:00,22.92,50.095
2026-06-20 20:59:00,23.2125,49.355
2026-06-20 21:14:00,23.327500000000004,49.975
2026-06-20 21:29:00,23.525,49.6925
2026-06-20 21:44:00,23.2975,49.395
2026-06-20 21:59:00,23.032500000000002,49.715
2026-06-20 22:14:00,22.8325,49.755
2026-06-20 22:29:00,22.622500000000002,49.9075
2026-06-20 22:44:00,22.4575,50.0225
2026-06-20 22:59:00,22.322499999999998,50.1125
2026-06-20 23:14:00,22.1,50.275
2026-06-20 23:29:00,21.955000000000002,50.5225
2026-06-20 23:44:00,21.762500000000003,50.945
2026-06-20 23:59:00,21.599999999999998,51.495
2026-06-21 00:14:00,21.437500000000004,51.9175
2026-06-21 00:29:00,21.3,52.365
2026-06-21 00:44:00,21.1825,52.7275
2026-06-21 00:59:00,21.092499999999998,53.1675
2026-06-21 01:14:00,21.02,53.6225
2026-06-21 01:29:00,20.930000000000003,53.8675
2026-06-21 01:44:00,20.84,54.15
2026-06-21 01:59:00,20.794999999999998,54.225
2026-06-21 02:14:00,20.690000000000005,54.7
2026-06-21 02:29:00,20.6675,54.8025
2026-06-21 02:44:00,20.5825,55.21
2026-06-21 02:59:00,20.5375,55.1575
2026-06-21 03:14:00,20.520000000000003,55.3275
2026-06-21 03:29:00,20.4975,55.3925
2026-06-21 03:44:00,20.427499999999995,55.435
2026-06-21 03:59:00,20.377500000000005,55.7125
2026-06-21 04:14:00,20.300000000000004,55.83
2026-06-21 04:29:00,20.247499999999995,55.8925
2026-06-21 04:44:00,20.205,55.9525
2026-06-21 04:59:00,20.122500000000002,56.1875
2026-06-21 05:14:00,20.070000000000004,56.54
2026-06-21 05:29:00,20.05,56.4125
2026-06-21 05:44:00,20.032499999999995,56.4175
2026-06-21 05:59:00,19.977500000000003,56.4125
2026-06-21 06:14:00,19.942500000000003,56.535
2026-06-21 06:29:00,19.899999999999995,56.8825
2026-06-21 06:44:00,19.890000000000004,56.89
2026-06-21 06:59:00,19.855000000000004,57.115
2026-06-21 07:14:00,19.810000000000002,57.32
2026-06-21 07:29:00,19.825000000000003,57.05
2026-06-21 07:44:00,19.895000000000003,56.3975
2026-06-21 07:59:00,19.9225,56.2675
2026-06-21 08:14:00,19.9575,56.3725
2026-06-21 08:29:00,19.942500000000003,56.3425
2026-06-21 08:44:00,19.965,56.25
2026-06-21 08:59:00,19.967500000000005,56.3225
2026-06-21 09:14:00,19.97,56.4675
2026-06-21 09:29:00,20.007499999999997,56.435
2026-06-21 09:44:00,20.075000000000003,56.5175
2026-06-21 09:59:00,20.085000000000004,56.6125
2026-06-21 10:14:00,20.129999999999995,56.68
2026-06-21 10:29:00,20.134999999999998,56.73
2026-06-21 10:44:00,20.162500000000005,56.9625
2026-06-21 10:59:00,20.157500000000002,57.0875
2026-06-21 11:14:00,20.2575,57.345
2026-06-21 11:29:00,20.3425,57.4375
2026-06-21 11:44:00,20.482499999999998,57.46
2026-06-21 11:59:00,20.602500000000003,57.465
2026-06-21 12:14:00,20.7325,57.38
2026-06-21 12:29:00,20.855,57.31
2026-06-21 12:44:00,21.015,57.2225
2026-06-21 12:59:00,21.157500000000002,57.1175
2026-06-21 13:14:00,21.277499999999996,56.93
2026-06-21 13:29:00,21.447500000000005,56.8325
2026-06-21 13:44:00,21.63,56.6625
2026-06-21 13:59:00,21.84,56.5575
2026-06-21 14:14:00,22.029999999999998,56.215
2026-06-21 14:29:00,22.2075,55.7025
2026-06-21 14:44:00,22.3825,55.155
2026-06-21 14:59:00,22.552499999999995,54.5325
2026-06-21 15:14:00,22.687500000000004,53.9775
2026-06-21 15:29:00,22.88,53.52
2026-06-21 15:44:00,23.054999999999996,53.3075
2026-06-21 15:59:00,23.197499999999998,52.6925
2026-06-21 16:14:00,23.345000000000002,51.8925
2026-06-21 16:29:00,23.4825,51.24
2026-06-21 16:44:00,23.600000000000005,50.5325
2026-06-21 16:59:00,23.77,50.095
2026-06-21 17:14:00,23.952500000000004,49.925
2026-06-21 17:29:00,24.0925,49.6975
2026-06-21 17:44:00,24.299999999999997,49.93
2026-06-21 17:59:00,24.542500000000004,50.675
2026-06-21 18:14:00,24.7075,51.0075
2026-06-21 18:29:00,24.9575,51.295
2026-06-21 18:44:00,25.0,51.01
2026-06-21 18:59:00,25.035,50.9725
2026-06-21 19:14:00,25.022499999999997,51.0575
2026-06-21 19:29:00,24.972500000000004,50.97
2026-06-21 19:44:00,24.8675,50.955
2026-06-21 19:59:00,24.752500000000005,51.115
2026-06-21 20:14:00,24.675000000000004,51.035
2026-06-21 20:29:00,24.515,51.1
2026-06-21 20:44:00,24.342500000000005,51.23
2026-06-21 20:59:00,24.185000000000002,51.2125
2026-06-21 21:14:00,23.927500000000002,51.2
2026-06-21 21:29:00,23.717500000000005,51.1875
2026-06-21 21:44:00,23.537500000000005,51.4
2026-06-21 21:59:00,23.4175,51.59
2026-06-21 22:14:00,23.247500000000002,51.7325
2026-06-21 22:29:00,23.105,51.7425
2026-06-21 22:44:00,22.927499999999995,51.7075
2026-06-21 22:59:00,22.7925,51.745
2026-06-21 23:14:00,22.585000000000004,51.885
2026-06-21 23:29:00,22.404999999999998,51.9675
2026-06-21 23:44:00,22.17,52.075
2026-06-21 23:59:00,21.970000000000002,52.33
2026-06-22 00:14:00,21.779999999999998,52.4875
2026-06-22 00:29:00,21.64,52.68
2026-06-22 00:44:00,21.5075,52.8025
2026-06-22 00:59:00,21.3175,53.0025
2026-06-22 01:14:00,21.145000000000003,53.2225
2026-06-22 01:29:00,20.9725,53.5125
2026-06-22 01:44:00,20.774999999999995,53.7
2026-06-22 01:59:00,20.665000000000003,53.95
2026-06-22 02:14:00,20.572500000000005,54.16
2026-06-22 02:29:00,20.4775,54.28
2026-06-22 02:44:00,20.407500000000002,54.56
2026-06-22 02:59:00,20.3575,54.7375
2026-06-22 03:14:00,20.337500000000002,54.98
2026-06-22 03:29:00,20.295,55.1525
2026-06-22 03:44:00,20.242499999999996,55.2725
2026-06-22 03:59:00,20.222499999999997,55.41
2026-06-22 04:14:00,20.1725,55.5975
2026-06-22 04:29:00,20.1175,55.6225
2026-06-22 04:44:00,20.060000000000002,55.775
2026-06-22 04:59:00,19.992500000000003,55.825
2026-06-22 05:14:00,19.942500000000003,55.9125
2026-06-22 05:29:00,19.899999999999995,56.0425
2026-06-22 05:44:00,19.8725,56.1225
2026-06-22 05:59:00,19.812499999999996,56.2575
2026-06-22 06:14:00,19.782500000000002,56.215
2026-06-22 06:29:00,19.787500000000005,56.44
2026-06-22 06:44:00,19.825000000000003,56.565
2026-06-22 06:59:00,19.865000000000002,56.4925
2026-06-22 07:14:00,19.914999999999996,56.4475
2026-06-22 07:29:00,19.919999999999998,56.395
2026-06-22 07:44:00,20.007499999999997,56.42
2026-06-22 07:59:00,20.01,56.4425
2026-06-22 08:14:00,20.045,56.4725
2026-06-22 08:29:00,20.075000000000003,56.5
2026-06-22 08:44:00,20.102500000000003,56.52
2026-06-22 08:59:00,20.114999999999995,56.5975
2026-06-22 09:14:00,20.134999999999998,56.735
2026-06-22 09:29:00,20.23,56.9175
2026-06-22 09:44:00,20.3225,57.04
2026-06-22 09:59:00,20.442499999999995,57.11
2026-06-22 10:14:00,20.5075,57.0325
2026-06-22 10:29:00,20.599999999999998,56.9925
2026-06-22 10:44:00,20.700000000000003,56.9575
2026-06-22 10:59:00,20.762500000000003,56.9425
2026-06-22 11:14:00,20.8875,57.075
2026-06-22 11:29:00,21.1175,57.4975
2026-06-22 11:44:00,21.3475,57.4225
2026-06-22 11:59:00,21.5,57.0625
2026-06-22 12:14:00,21.634999999999998,56.9025
2026-06-22 12:29:00,21.774999999999995,56.745
2026-06-22 12:44:00,21.935000000000002,56.5325
2026-06-22 12:59:00,22.097499999999997,56.36
2026-06-22 13:14:00,22.244999999999997,56.1875
2026-06-22 13:29:00,22.3725,55.97
2026-06-22 13:44:00,22.494999999999997,55.7125
2026-06-22 13:59:00,22.624999999999996,55.38
2026-06-22 14:14:00,22.772499999999997,55.285
2026-06-22 14:29:00,22.945,55.2875
2026-06-22 14:44:00,23.115,55.175
2026-06-22 14:59:00,23.282500000000002,54.9125
2026-06-22 15:14:00,23.435000000000002,54.8125
2026-06-22 15:29:00,23.562499999999996,54.5575
2026-06-22 15:44:00,23.712500000000002,54.33
2026-06-22 15:59:00,23.859999999999996,54.15
2026-06-22 16:14:00,23.970000000000002,53.9075
2026-06-22 16:29:00,24.102500000000003,53.6925
2026-06-22 16:44:00,24.237499999999997,53.5325
2026-06-22 16:59:00,24.345,53.345
2026-06-22 17:14:00,24.440000000000005,53.1325
2026-06-22 17:29:00,24.524999999999995,52.9875
2026-06-22 17:44:00,24.61,52.7825
2026-06-22 17:59:00,24.714999999999996,52.8175
2026-06-22 18:14:00,24.765,52.6875
2026-06-22 18:29:00,24.755,52.7275
2026-06-22 18:44:00,24.77,52.78
2026-06-22 18:59:00,24.799999999999997,52.875
2026-06-22 19:14:00,24.8925,53.185
2026-06-22 19:29:00,24.985,53.065
2026-06-22 19:44:00,24.985,52.6575
2026-06-22 19:59:00,24.927500000000002,52.5675
2026-06-22 20:14:00,24.817499999999995,52.4925
2026-06-22 20:29:00,24.675000000000004,52.615
2026-06-22 20:44:00,24.4925,52.45
2026-06-22 20:59:00,24.387499999999996,52.4675
2026-06-22 21:14:00,24.060000000000002,52.2375
2026-06-22 21:29:00,23.7675,52.3725
2026-06-22 21:44:00,23.52,52.4475
2026-06-22 21:59:00,23.182499999999997,52.6325
2026-06-22 22:14:00,22.917499999999997,52.785
2026-06-22 22:29:00,22.64,52.96
2026-06-22 22:44:00,22.522499999999997,53.025
2026-06-22 22:59:00,22.36,53.1925
2026-06-22 23:14:00,22.127499999999998,53.205
2026-06-22 23:29:00,21.950000000000003,53.5475
2026-06-22 23:44:00,21.737499999999997,53.6675
2026-06-22 23:59:00,21.5425,53.9425
2026-06-23 00:14:00,21.394999999999996,54.11
2026-06-23 00:29:00,21.1875,54.2525
2026-06-23 00:44:00,21.037500000000005,54.3975
2026-06-23 00:59:00,20.900000000000002,54.5425
2026-06-23 01:14:00,20.754999999999995,54.7575
2026-06-23 01:29:00,20.5775,54.9575
2026-06-23 01:44:00,20.4925,55.255
2026-06-23 01:59:00,20.424999999999997,55.5075
2026-06-23 02:14:00,20.38,55.705
2026-06-23 02:29:00,20.3225,55.77
2026-06-23 02:44:00,20.295,55.94
2026-06-23 02:59:00,20.245,56.065
2026-06-23 03:14:00,20.220000000000002,56.2225
2026-06-23 03:29:00,20.1725,56.3025
2026-06-23 03:44:00,20.1175,56.505
2026-06-23 03:59:00,20.090000000000003,56.6625
2026-06-23 04:14:00,20.045,56.725
2026-06-23 04:29:00,19.985,56.825
2026-06-23 04:44:00,19.965,56.94
2026-06-23 04:59:00,19.939999999999998,57.08
2026-06-23 05:14:00,19.895000000000003,57.275
2026-06-23 05:29:00,19.8675,57.34
2026-06-23 05:44:00,19.815,57.3925
2026-06-23 05:59:00,19.790000000000003,57.4025
2026-06-23 06:14:00,19.692500000000003,57.5025
2026-06-23 06:29:00,19.6325,57.61
2026-06-23 06:44:00,19.595000000000002,57.6425
2026-06-23 06:59:00,19.597499999999997,57.9125
2026-06-23 07:14:00,19.675000000000004,58.01
2026-06-23 07:29:00,19.75,58.0525
2026-06-23 07:44:00,19.835,58.0525
2026-06-23 07:59:00,19.865000000000002,58.005
2026-06-23 08:14:00,19.98,58.0825
2026-06-23 08:29:00,20.055,58.0325
2026-06-23 08:44:00,20.1725,57.9925
2026-06-23 08:59:00,20.25,57.9875
2026-06-23 09:14:00,20.422499999999996,57.9475
2026-06-23 09:29:00,20.520000000000003,57.915
2026-06-23 09:44:00,20.605,57.915
2026-06-23 09:59:00,20.6875,57.8825
2026-06-23 10:14:00,20.765,57.9975
2026-06-23 10:29:00,20.855,58.0125
2026-06-23 10:44:00,20.939999999999998,58.03
2026-06-23 10:59:00,21.007500000000004,57.965
2026-06-23 11:14:00,21.075000000000003,57.8925
2026-06-23 11:29:00,21.145000000000003,57.8625
2026-06-23 11:44:00,21.255000000000003,57.82
2026-06-23 11:59:00,21.387500000000003,57.915
2026-06-23 12:14:00,21.485,57.8625
2026-06-23 12:29:00,21.625,57.6975
2026-06-23 12:44:00,21.7575,57.5325
2026-06-23 12:59:00,21.872500000000002,57.33
2026-06-23 13:14:00,22.019999999999996,57.0925
2026-06-23 13:29:00,22.165000000000003,56.8875
2026-06-23 13:44:00,22.34,56.5675
2026-06-23 13:59:00,22.497500000000002,56.305
2026-06-23 14:14:00,22.66,56.0125
2026-06-23 14:29:00,22.8275,55.59
2026-06-23 14:44:00,22.987499999999997,55.3
2026-06-23 14:59:00,23.175,55.035
2026-06-23 15:14:00,23.345000000000002,55.13
2026-06-23 15:29:00,23.505,55.0475
2026-06-23 15:44:00,23.674999999999997,55.09
2026-06-23 15:59:00,23.892500000000002,55.135
2026-06-23 16:14:00,24.045,55.095
2026-06-23 16:29:00,24.2475,55.09
2026-06-23 16:44:00,24.407499999999995,54.9075
2026-06-23 16:59:00,24.542500000000004,54.5825
2026-06-23 17:14:00,24.6525,54.1825
2026-06-23 17:29:00,24.77,53.975
2026-06-23 17:44:00,24.8825,54.085
2026-06-23 17:59:00,25.195,54.43
2026-06-23 18:14:00,25.314999999999998,54.115
2026-06-23 18:29:00,25.432499999999997,54.065
2026-06-23 18:44:00,25.442499999999995,53.635
2026-06-23 18:59:00,25.482499999999998,53.2175
2026-06-23 19:14:00,25.544999999999998,53.1325
2026-06-23 19:29:00,25.5775,53.1725
2026-06-23 19:44:00,25.602500000000003,52.9875
2026-06-23 19:59:00,25.617500000000003,52.7425
2026-06-23 20:14:00,25.5825,52.7625
2026-06-23 20:29:00,25.522499999999997,52.7975
2026-06-23 20:44:00,25.470000000000002,52.635
2026-06-23 20:59:00,25.290000000000003,52.485
2026-06-23 21:14:00,25.149999999999995,52.45
2026-06-23 21:29:00,25.075000000000003,52.52
2026-06-23 21:44:00,24.802499999999995,52.1275
2026-06-23 21:59:00,24.555,52.05
2026-06-23 22:14:00,24.279999999999998,52.0625
2026-06-23 22:29:00,24.050000000000004,52.0425
2026-06-23 22:44:00,23.772499999999997,52.235
2026-06-23 22:59:00,23.6025,52.1525
2026-06-23 23:14:00,23.397499999999997,52.315
2026-06-23 23:29:00,23.2325,52.3675
2026-06-23 23:44:00,23.0825,52.3075
2026-06-23 23:59:00,22.93,52.275
2026-06-24 00:14:00,22.702500000000004,52.585
2026-06-24 00:29:00,22.555,52.6625
2026-06-24 00:44:00,22.3825,52.7
2026-06-24 00:59:00,22.219999999999995,52.87
2026-06-24 01:14:00,22.042500000000004,53.06
2026-06-24 01:29:00,21.86,53.3025
2026-06-24 01:44:00,21.695,53.45
2026-06-24 01:59:00,21.505000000000003,53.6525
2026-06-24 02:14:00,21.325000000000003,53.82
2026-06-24 02:29:00,21.169999999999998,53.9975
2026-06-24 02:44:00,21.027500000000003,54.15
2026-06-24 02:59:00,20.89,54.2925
2026-06-24 03:14:00,20.7425,54.405
2026-06-24 03:29:00,20.587500000000002,54.5525
2026-06-24 03:44:00,20.470000000000002,54.805
2026-06-24 03:59:00,20.3675,55.115
2026-06-24 04:14:00,20.252499999999998,55.3825
2026-06-24 04:29:00,20.187500000000004,55.705
2026-06-24 04:44:00,20.1175,55.96
2026-06-24 04:59:00,20.100000000000005,56.195
2026-06-24 05:14:00,20.070000000000004,56.3975
2026-06-24 05:29:00,20.045,56.515
2026-06-24 05:44:00,20.022499999999997,56.7325
2026-06-24 05:59:00,19.9825,56.9025
2026-06-24 06:14:00,19.914999999999996,57.115
2026-06-24 06:29:00,19.862499999999997,57.2475
2026-06-24 06:44:00,19.82,57.41
2026-06-24 06:59:00,19.817499999999995,57.2825
2026-06-24 07:14:00,19.782500000000002,57.37
2026-06-24 07:29:00,19.75,57.4825
2026-06-24 07:44:00,19.810000000000002,57.7475
2026-06-24 07:59:00,19.8275,57.6575
2026-06-24 08:14:00,19.825000000000003,57.7425
2026-06-24 08:29:00,19.835,57.755
2026-06-24 08:44:00,19.862499999999997,57.8425
2026-06-24 08:59:00,19.870000000000005,57.9925
2026-06-24 09:14:00,19.877499999999998,58.0925
2026-06-24 09:29:00,19.8825,58.21
2026-06-24 09:44:00,19.909999999999997,58.2975
2026-06-24 09:59:00,20.040000000000003,58.39
2026-06-24 10:14:00,20.220000000000002,58.4275
2026-06-24 10:29:00,20.38,58.335
2026-06-24 10:44:00,20.599999999999998,58.2575
2026-06-24 10:59:00,20.862499999999997,58.08
2026-06-24 11:14:00,21.009999999999998,57.6
2026-06-24 11:29:00,21.1175,57.365
2026-06-24 11:44:00,21.315000000000005,57.1775
2026-06-24 11:59:00,21.472499999999997,56.8875
2026-06-24 12:14:00,21.587500000000002,56.7675
2026-06-24 12:29:00,21.71,56.515
2026-06-24 12:44:00,21.887499999999996,56.195
2026-06-24 12:59:00,22.032500000000002,55.9575
2026-06-24 13:14:00,22.1375,55.7075
2026-06-24 13:29:00,22.307499999999997,55.375
2026-06-24 13:44:00,22.5,55.1475
2026-06-24 13:59:00,22.700000000000003,54.965
2026-06-24 14:14:00,22.869999999999997,54.62
2026-06-24 14:29:00,23.029999999999998,54.3725
2026-06-24 14:44:00,23.195000000000004,54.185
2026-06-24 14:59:00,23.337499999999995,54.045
2026-06-24 15:14:00,23.4875,54.01
2026-06-24 15:29:00,23.664999999999996,54.125
2026-06-24 15:44:00,23.830000000000002,54.105
2026-06-24 15:59:00,23.992499999999996,54.0675
2026-06-24 16:14:00,24.15,53.8925
2026-06-24 16:29:00,24.322500000000005,53.7325
2026-06-24 16:44:00,24.440000000000005,53.465
2026-06-24 16:59:00,24.489999999999995,53.3325
2026-06-24 17:14:00,24.515,53.2375
2026-06-24 17:29:00,24.557500000000005,53.185
2026-06-24 17:44:00,24.567500000000003,53.0225
2026-06-24 17:59:00,24.512500000000003,52.955
2026-06-24 18:14:00,24.477500000000003,52.97
2026-06-24 18:29:00,24.445000000000004,52.995
2026-06-24 18:44:00,24.59,53.3175
2026-06-24 18:59:00,24.757500000000004,53.0
2026-06-24 19:14:00,24.759999999999998,52.77
2026-06-24 19:29:00,24.67,52.655
2026-06-24 19:44:00,24.552500000000002,52.5175
2026-06-24 19:59:00,24.367500000000003,52.4525
2026-06-24 20:14:00,24.167499999999997,52.445
2026-06-24 20:29:00,23.965,52.4875
2026-06-24 20:44:00,23.755000000000003,52.51
2026-06-24 20:59:00,23.587499999999995,52.5625
2026-06-24 21:14:00,23.3825,52.68
2026-06-24 21:29:00,23.190000000000005,52.695
2026-06-24 21:44:00,23.002499999999998,52.79
2026-06-24 21:59:00,22.8025,52.8075
2026-06-24 22:14:00,22.5975,52.9675
2026-06-24 22:29:00,22.34,53.0275
2026-06-24 22:44:00,22.077500000000004,53.1625
2026-06-24 22:59:00,21.932499999999997,53.4025
2026-06-24 23:14:00,21.762500000000003,53.4675
2026-06-24 23:29:00,21.5925,53.6425
2026-06-24 23:44:00,21.459999999999997,53.8925
2026-06-24 23:59:00,21.350000000000005,54.15
2026-06-25 00:14:00,21.197500000000005,54.375
2026-06-25 00:29:00,21.075000000000003,54.585
2026-06-25 00:44:00,20.915000000000003,54.5925
2026-06-25 00:59:00,20.7775,54.7425
2026-06-25 01:14:00,20.6675,54.9375
2026-06-25 01:29:00,20.5825,55.175
2026-06-25 01:44:00,20.5075,55.3575
2026-06-25 01:59:00,20.4525,55.5575
2026-06-25 02:14:00,20.44,55.7125
2026-06-25 02:29:00,20.397500000000004,55.9925
2026-06-25 02:44:00,20.38,56.09
2026-06-25 02:59:00,20.382500000000004,56.215
2026-06-25 03:14:00,20.369999999999997,56.29
2026-06-25 03:29:00,20.337500000000002,56.4
2026-06-25 03:44:00,20.300000000000004,56.5
2026-06-25 03:59:00,20.2825,56.6325
2026-06-25 04:14:00,20.2575,56.7475
2026-06-25 04:29:00,20.192500000000003,56.8775
2026-06-25 04:44:00,20.1725,56.995
2026-06-25 04:59:00,20.142500000000002,57.08
2026-06-25 05:14:00,20.0875,57.16
2026-06-25 05:29:00,20.070000000000004,57.2075
2026-06-25 05:44:00,20.027499999999996,57.2575
2026-06-25 05:59:00,19.967500000000005,57.32
2026-06-25 06:14:00,19.919999999999998,57.455
2026-06-25 06:29:00,19.890000000000004,57.56
2026-06-25 06:44:00,19.857499999999998,57.635
2026-06-25 06:59:00,19.832499999999996,57.65
2026-06-25 07:14:00,19.777500000000003,57.75
2026-06-25 07:29:00,19.802499999999995,57.795
2026-06-25 07:44:00,19.8475,57.78
2026-06-25 07:59:00,19.9125,57.8525
2026-06-25 08:14:00,19.947500000000005,57.765
2026-06-25 08:29:00,19.9575,57.8025
2026-06-25 08:44:00,19.98,57.765
2026-06-25 08:59:00,20.03,57.835
2026-06-25 09:14:00,20.032499999999995,57.835
2026-06-25 09:29:00,20.092499999999998,57.8825
2026-06-25 09:44:00,20.14,57.925
2026-06-25 09:59:00,20.2825,58.0375
2026-06-25 10:14:00,20.4975,59.5375
2026-06-25 10:29:00,20.445,58.5525
2026-06-25 10:44:00,21.037500000000005,61.9475
2026-06-25 10:59:00,22.497500000000002,61.335
2026-06-25 11:14:00,24.2675,59.5325
2026-06-25 11:29:00,26.1325,57.2
2026-06-25 11:44:00,27.942499999999995,54.9375
2026-06-25 11:59:00,29.67,52.65
2026-06-25 12:14:00,31.377500000000005,50.8475
2026-06-25 12:29:00,33.0525,49.2125
2026-06-25 12:44:00,34.5275,47.705
2026-06-25 12:59:00,35.9775,46.48
2026-06-25 13:14:00,37.357499999999995,45.245
2026-06-25 13:29:00,38.63,44.1575
2026-06-25 13:44:00,39.872499999999995,43.1875
2026-06-25 13:59:00,41.052499999999995,42.1225
2026-06-25 14:14:00,42.0325,41.0425
2026-06-25 14:29:00,42.79,40.26
2026-06-25 14:44:00,43.125,40.0125
2026-06-25 14:59:00,43.1175,39.655
2026-06-25 15:14:00,42.489999999999995,37.3525
2026-06-25 15:29:00,41.23,34.9425
2026-06-25 15:44:00,37.545,28.8
2026-06-25 15:59:00,34.515,31.27
2026-06-25 16:14:00,32.370000000000005,33.03
2026-06-25 16:29:00,30.747500000000002,35.65
2026-06-25 16:44:00,30.25,38.3375
2026-06-25 16:59:00,30.055,40.3175
2026-06-25 17:14:00,29.865000000000002,40.5125
2026-06-25 17:29:00,29.705,40.605
2026-06-25 17:44:00,29.4925,40.6725
2026-06-25 17:59:00,29.195,38.4
2026-06-25 18:14:00,28.952500000000004,38.6425
2026-06-25 18:29:00,28.830000000000002,38.6
2026-06-25 18:44:00,28.642500000000002,38.9325
2026-06-25 18:59:00,28.469999999999995,39.19
2026-06-25 19:14:00,28.215000000000003,39.5025
2026-06-25 19:29:00,28.0275,39.2775
2026-06-25 19:44:00,28.135,39.135
2026-06-25 19:59:00,27.864999999999995,38.9875
2026-06-25 20:14:00,27.585000000000004,39.7875
2026-06-25 20:29:00,27.445,38.9925
2026-06-25 20:44:00,27.1725,39.0875
2026-06-25 20:59:00,26.887499999999996,39.115
2026-06-25 21:14:00,26.212500000000002,38.5525
2026-06-25 21:29:00,25.630000000000003,38.77
2026-06-25 21:44:00,25.1275,39.0475
2026-06-25 21:59:00,24.782500000000002,39.34
2026-06-25 22:14:00,24.5025,39.555
2026-06-25 22:29:00,24.237499999999997,39.75
2026-06-25 22:44:00,23.985,39.9
2026-06-25 22:59:00,23.775000000000002,40.0975
2026-06-25 23:14:00,23.585,40.2775
2026-06-25 23:29:00,23.439999999999998,40.4325
2026-06-25 23:44:00,23.274999999999995,40.5275
2026-06-25 23:59:00,23.127499999999998,40.64
2026-06-26 00:14:00,22.955000000000002,40.79
2026-06-26 00:29:00,22.8275,40.8875
2026-06-26 00:44:00,22.702500000000004,41.02
2026-06-26 00:59:00,22.5775,41.1075
2026-06-26 01:14:00,22.447500000000005,41.24
2026-06-26 01:29:00,22.292499999999997,41.3075
2026-06-26 01:44:00,22.189999999999998,41.47
2026-06-26 01:59:00,22.075000000000003,41.58
2026-06-26 02:14:00,21.950000000000003,41.72
2026-06-26 02:29:00,21.8275,41.8225
2026-06-26 02:44:00,21.725000000000005,41.9775
2026-06-26 02:59:00,21.647500000000004,42.065
2026-06-26 03:14:00,21.540000000000003,42.2375
2026-06-26 03:29:00,21.442500000000003,42.3775
2026-06-26 03:44:00,21.325000000000003,42.4775
2026-06-26 03:59:00,21.26,42.6125
2026-06-26 04:14:00,21.154999999999998,42.7125
2026-06-26 04:29:00,21.065,42.8525
2026-06-26 04:44:00,20.9675,42.9775
2026-06-26 04:59:00,20.880000000000003,43.0275
2026-06-26 05:14:00,20.765,43.1575
2026-06-26 05:29:00,20.685000000000002,43.255
2026-06-26 05:44:00,20.599999999999998,43.4175
2026-06-26 05:59:00,20.5175,43.52
2026-06-26 06:14:00,20.445,43.6175
2026-06-26 06:29:00,20.352500000000003,43.7775
2026-06-26 06:44:00,20.280000000000005,43.9
2026-06-26 06:59:00,20.207500000000003,44.0525
2026-06-26 07:14:00,20.187500000000004,44.25
2026-06-26 07:29:00,20.129999999999995,44.3675
2026-06-26 07:44:00,20.1175,44.5725
2026-06-26 07:59:00,20.0775,44.725
2026-06-26 08:14:00,20.045,44.8075
2026-06-26 08:29:00,20.012499999999996,44.9475
2026-06-26 08:44:00,19.99,45.0975
2026-06-26 08:59:00,19.955,45.22
2026-06-26 09:14:00,19.9375,45.305
2026-06-26 09:29:00,19.9375,45.4625
2026-06-26 09:44:00,19.942500000000003,45.595
2026-06-26 09:59:00,19.907500000000002,45.7075
2026-06-26 10:14:00,19.9375,45.855
2026-06-26 10:29:00,19.899999999999995,45.935
2026-06-26 10:44:00,19.9325,46.065
2026-06-26 10:59:00,19.9025,46.185
2026-06-26 11:14:00,19.909999999999997,46.3625
2026-06-26 11:29:00,19.914999999999996,46.4225
2026-06-26 11:44:00,19.914999999999996,46.5625
2026-06-26 11:59:00,19.907500000000002,46.715
2026-06-26 12:14:00,19.909999999999997,46.8675
2026-06-26 12:29:00,19.942500000000003,47.0325
2026-06-26 12:44:00,19.9525,47.2075
2026-06-26 12:59:00,19.987500000000004,47.35
2026-06-26 13:14:00,20.022499999999997,47.4875
2026-06-26 13:29:00,20.055,47.6725
2026-06-26 13:44:00,20.092499999999998,47.8275
2026-06-26 13:59:00,20.1325,47.99
2026-06-26 14:14:00,20.192500000000003,48.1525
2026-06-26 14:29:00,20.235,48.3525
2026-06-26 14:44:00,20.310000000000002,48.54
2026-06-26 14:59:00,20.382500000000004,48.6925
2026-06-26 15:14:00,20.432499999999997,48.865
2026-06-26 15:29:00,20.5075,49.055
2026-06-26 15:44:00,20.549999999999997,49.2025
2026-06-26 15:59:00,20.645,49.4025
2026-06-26 16:14:00,20.690000000000005,49.6
2026-06-26 16:29:00,20.792500000000004,49.7425
2026-06-26 16:44:00,20.845000000000002,50.0175
2026-06-26 16:59:00,20.955,50.225
2026-06-26 17:14:00,21.042499999999997,50.415
2026-06-26 17:29:00,21.149999999999995,50.5775
2026-06-26 17:44:00,21.235,50.7225
2026-06-26 17:59:00,21.290000000000003,50.8575
2026-06-26 18:14:00,21.3675,51.02
2026-06-26 18:29:00,21.455,51.185
2026-06-26 18:44:00,21.560000000000002,51.3575
2026-06-26 18:59:00,21.622500000000002,51.42
2026-06-26 19:14:00,21.700000000000003,51.515
2026-06-26 19:29:00,21.737499999999997,51.5825
2026-06-26 19:44:00,21.7575,51.635
2026-06-26 19:59:00,21.7875,51.6525
2026-06-26 20:14:00,21.8125,51.665
2026-06-26 20:29:00,21.8325,51.7125
2026-06-26 20:44:00,21.837500000000002,51.795
2026-06-26 20:59:00,21.852500000000003,51.8375
2026-06-26 21:14:00,21.837500000000002,51.855
2026-06-26 21:29:00,21.86,51.9625
2026-06-26 21:44:00,21.86,51.9975
2026-06-26 21:59:00,21.862500000000004,52.0175
2026-06-26 22:14:00,21.86,52.085
2026-06-26 22:29:00,21.817500000000003,52.09
2026-06-26 22:44:00,21.799999999999997,52.13
2026-06-26 22:59:00,21.7975,52.195
2026-06-26 23:14:00,21.752499999999998,52.2275
2026-06-26 23:29:00,21.720000000000002,52.2725
2026-06-26 23:44:00,21.682499999999997,52.34
2026-06-26 23:59:00,21.674999999999997,52.3725
2026-06-27 00:14:00,21.645,52.415
2026-06-27 00:29:00,21.5975,52.4525
2026-06-27 00:44:00,21.550000000000004,52.495
2026-06-27 00:59:00,21.530000000000005,52.515
2026-06-27 01:14:00,21.497499999999995,52.54
2026-06-27 01:29:00,21.459999999999997,52.59
2026-06-27 01:44:00,21.39,52.605
2026-06-27 01:59:00,21.359999999999996,52.695
2026-06-27 02:14:00,21.3,52.7025
2026-06-27 02:29:00,21.272499999999997,52.7775
2026-06-27 02:44:00,21.22,52.8625
2026-06-27 02:59:00,21.2,52.93
2026-06-27 03:14:00,21.154999999999998,53.055
2026-06-27 03:29:00,21.145000000000003,53.1175
2026-06-27 03:44:00,21.1025,53.16
2026-06-27 03:59:00,21.062499999999996,53.265
2026-06-27 04:14:00,21.032500000000002,53.3375
2026-06-27 04:29:00,21.0,53.385
2026-06-27 04:44:00,20.9575,53.515
2026-06-27 04:59:00,20.944999999999997,53.56
2026-06-27 05:14:00,20.910000000000004,53.66
2026-06-27 05:29:00,20.86,53.7125
2026-06-27 05:44:00,20.845000000000002,53.8125
2026-06-27 05:59:00,20.7775,53.8475
2026-06-27 06:14:00,20.765,53.98
2026-06-27 06:29:00,20.727500000000003,54.0375
2026-06-27 06:44:00,20.690000000000005,54.0825
2026-06-27 06:59:00,20.66,54.15
2026-06-27 07:14:00,20.625,54.225
2026-06-27 07:29:00,20.61,54.3275
2026-06-27 07:44:00,20.5825,54.47
2026-06-27 07:59:00,20.564999999999998,54.5275
2026-06-27 08:14:00,20.534999999999997,54.62
2026-06-27 08:29:00,20.4975,54.66
2026-06-27 08:44:00,20.487499999999997,54.7175
2026-06-27 08:59:00,20.437499999999996,54.8025
2026-06-27 09:14:00,20.445,54.8575
2026-06-27 09:29:00,20.384999999999998,54.91
2026-06-27 09:44:00,20.402500000000003,55.01
2026-06-27 09:59:00,20.349999999999998,55.0525
2026-06-27 10:14:00,20.3475,55.1225
2026-06-27 10:29:00,20.3225,55.18
2026-06-27 10:44:00,20.305000000000003,55.2375
2026-06-27 10:59:00,20.307499999999997,55.335
2026-06-27 11:14:00,20.295,55.41
2026-06-27 11:29:00,20.305000000000003,55.4575
2026-06-27 11:44:00,20.300000000000004,55.5125
2026-06-27 11:59:00,20.3025,55.54
2026-06-27 12:14:00,20.3225,55.5775
2026-06-27 12:29:00,20.314999999999998,55.59
2026-06-27 12:44:00,20.3225,55.635
2026-06-27 12:59:00,20.339999999999996,55.645
2026-06-27 13:14:00,20.3425,55.6875
2026-06-27 13:29:00,20.352500000000003,55.7
2026-06-27 13:44:00,20.3475,55.7525
2026-06-27 13:59:00,20.372500000000002,55.7525
2026-06-27 14:14:00,20.397500000000004,55.7925
2026-06-27 14:29:00,20.422499999999996,55.8025
2026-06-27 14:44:00,20.470000000000002,55.85
2026-06-27 14:59:00,20.500000000000004,55.9275
2026-06-27 15:14:00,20.534999999999997,55.9125
2026-06-27 15:29:00,20.619999999999997,55.9675
2026-06-27 15:44:00,20.632499999999997,55.985
2026-06-27 15:59:00,20.7025,56.01
2026-06-27 16:14:00,20.765,56.04
2026-06-27 16:29:00,20.83,56.0575
2026-06-27 16:44:00,20.8875,56.0575
2026-06-27 16:59:00,20.964999999999996,56.0525
2026-06-27 17:14:00,21.02,56.03
2026-06-27 17:29:00,21.07,56.015
2026-06-27 17:44:00,21.145000000000003,55.9925
2026-06-27 17:59:00,21.209999999999997,55.9525
2026-06-27 18:14:00,21.287499999999998,55.9125
2026-06-27 18:29:00,21.362499999999997,55.9025
2026-06-27 18:44:00,21.41,55.84
2026-06-27 18:59:00,21.5475,56.03
2026-06-27 19:14:00,21.715,56.4875
2026-06-27 19:29:00,21.855,56.4125
2026-06-27 19:44:00,21.912499999999998,56.03
2026-06-27 19:59:00,21.9425,55.605
2026-06-27 20:14:00,21.907499999999995,55.165
2026-06-27 20:29:00,21.855,54.775
2026-06-27 20:44:00,21.837500000000002,54.5175
2026-06-27 20:59:00,21.7875,54.215
2026-06-27 21:14:00,21.7475,53.99
2026-06-27 21:29:00,21.705000000000002,53.75
2026-06-27 21:44:00,21.657500000000002,53.58
2026-06-27 21:59:00,21.599999999999998,53.415
2026-06-27 22:14:00,21.564999999999998,53.2575
2026-06-27 22:29:00,21.5175,53.125
2026-06-27 22:44:00,21.459999999999997,53.0025
2026-06-27 22:59:00,21.3975,52.885
2026-06-27 23:14:00,21.394999999999996,52.7925
2026-06-27 23:29:00,21.342499999999998,52.705
2026-06-27 23:44:00,21.255000000000003,52.605
2026-06-27 23:59:00,21.209999999999997,52.47
2026-06-28 00:14:00,21.1875,52.42
2026-06-28 00:29:00,21.1225,52.34
2026-06-28 00:44:00,21.065,52.26
2026-06-28 00:59:00,21.029999999999998,52.1725
2026-06-28 01:14:00,20.9575,52.09
2026-06-28 01:29:00,20.897499999999997,52.01
2026-06-28 01:44:00,20.845000000000002,51.925
2026-06-28 01:59:00,20.739999999999995,51.835
2026-06-28 02:14:00,20.675,51.73
2026-06-28 02:29:00,20.61,51.6075
2026-06-28 02:44:00,20.502499999999998,51.53
2026-06-28 02:59:00,20.404999999999998,51.395
2026-06-28 03:14:00,20.3225,51.3325
2026-06-28 03:29:00,20.205,51.2275
2026-06-28 03:44:00,20.1075,51.1325
2026-06-28 03:59:00,20.015,51.0475
2026-06-28 04:14:00,19.895000000000003,50.955
2026-06-28 04:29:00,19.787500000000005,50.8775
2026-06-28 04:44:00,19.680000000000003,50.82
2026-06-28 04:59:00,19.577500000000004,50.7575
2026-06-28 05:14:00,19.445000000000004,50.6975
2026-06-28 05:29:00,19.349999999999998,50.6275
2026-06-28 05:44:00,19.2225,50.555
2026-06-28 05:59:00,19.127500000000005,50.4975
2026-06-28 06:14:00,18.98,50.42
2026-06-28 06:29:00,18.879999999999995,50.4125
2026-06-28 06:44:00,18.7675,50.3875
2026-06-28 06:59:00,18.674999999999997,50.41
2026-06-28 07:14:00,18.580000000000002,50.435
2026-06-28 07:29:00,18.537500000000005,50.5025
2026-06-28 07:44:00,18.4725,50.63
2026-06-28 07:59:00,18.464999999999996,50.8025
2026-06-28 08:14:00,18.4725,51.19
2026-06-28 08:29:00,18.505,51.3625
2026-06-28 08:44:00,18.527500000000003,51.465
2026-06-28 08:59:00,18.52,51.56
2026-06-28 09:14:00,18.565,51.65
2026-06-28 09:29:00,18.6025,51.7775
2026-06-28 09:44:00,18.664999999999996,51.9425
2026-06-28 09:59:00,18.727500000000003,52.035
2026-06-28 10:14:00,18.762499999999996,52.1
2026-06-28 10:29:00,18.805,52.2
2026-06-28 10:44:00,18.842499999999998,52.2275
2026-06-28 10:59:00,18.887500000000003,52.35
2026-06-28 11:14:00,18.970000000000002,52.4675
2026-06-28 11:29:00,19.035000000000004,52.545
2026-06-28 11:44:00,19.114999999999995,52.655
2026-06-28 11:59:00,19.187499999999996,52.7675
2026-06-28 12:14:00,19.270000000000003,52.8975
2026-06-28 12:29:00,19.365,52.995
2026-06-28 12:44:00,19.43,53.0825
2026-06-28 12:59:00,19.549999999999997,53.2025
2026-06-28 13:14:00,19.6375,53.3025
2026-06-28 13:29:00,19.739999999999995,53.4075
2026-06-28 13:44:00,19.825000000000003,53.515
2026-06-28 13:59:00,19.9175,53.57
2026-06-28 14:14:00,20.055,53.6825
2026-06-28 14:29:00,20.167500000000004,53.7925
2026-06-28 14:44:00,20.2675,53.8925
2026-06-28 14:59:00,20.424999999999997,53.9775
2026-06-28 15:14:00,20.549999999999997,54.12
2026-06-28 15:29:00,20.685000000000002,54.2225
2026-06-28 15:44:00,20.84,54.3325
2026-06-28 15:59:00,20.997500000000002,54.425
2026-06-28 16:14:00,21.145000000000003,54.5
2026-06-28 16:29:00,21.2925,54.5275
2026-06-28 16:44:00,21.442500000000003,54.6
2026-06-28 16:59:00,21.605,54.6175
2026-06-28 17:14:00,21.752499999999998,54.6125
2026-06-28 17:29:00,21.912499999999998,54.6325
2026-06-28 17:44:00,22.067500000000003,54.61
2026-06-28 17:59:00,22.219999999999995,54.6125
2026-06-28 18:14:00,22.357499999999998,54.55
2026-06-28 18:29:00,22.49,54.495
2026-06-28 18:44:00,22.66,54.4575
2026-06-28 18:59:00,22.8225,54.6725
2026-06-28 19:14:00,23.0825,55.155
2026-06-28 19:29:00,23.2975,55.095
2026-06-28 19:44:00,23.425000000000004,54.6875
2026-06-28 19:59:00,23.507500000000004,54.1875
2026-06-28 20:14:00,23.537500000000005,53.7475
2026-06-28 20:29:00,23.567499999999995,53.3
2026-06-28 20:44:00,23.575000000000003,52.8775
2026-06-28 20:59:00,23.527500000000003,52.3975
2026-06-28 21:14:00,23.444999999999997,51.8625
2026-06-28 21:29:00,23.365000000000002,51.4225
2026-06-28 21:44:00,23.307500000000005,51.0475
2026-06-28 21:59:00,23.225000000000005,50.7475
2026-06-28 22:14:00,23.147499999999997,50.4825
2026-06-28 22:29:00,23.087500000000002,50.27
2026-06-28 22:44:00,23.039999999999996,50.055
2026-06-28 22:59:00,22.967499999999998,49.8375
2026-06-28 23:14:00,22.9,49.595
2026-06-28 23:29:00,22.790000000000003,49.395
2026-06-28 23:44:00,22.740000000000002,49.185
2026-06-28 23:59:00,22.6525,48.9925
2026-06-29 00:14:00,22.5475,48.775
2026-06-29 00:29:00,22.467500000000005,48.5675
2026-06-29 00:44:00,22.3825,48.4
2026-06-29 00:59:00,22.305,48.2725
2026-06-29 01:14:00,22.212500000000002,48.125
2026-06-29 01:29:00,22.1325,48.0075
2026-06-29 01:44:00,22.057500000000005,47.8975
2026-06-29 01:59:00,21.979999999999997,47.7775
2026-06-29 02:14:00,21.849999999999998,47.6975
2026-06-29 02:29:00,21.779999999999998,47.6375
2026-06-29 02:44:00,21.682499999999997,47.5575
2026-06-29 02:59:00,21.594999999999995,47.515
2026-06-29 03:14:00,21.497499999999995,47.4525
2026-06-29 03:29:00,21.39,47.4275
2026-06-29 03:44:00,21.310000000000002,47.425
2026-06-29 03:59:00,21.209999999999997,47.4075
2026-06-29 04:14:00,21.095000000000002,47.3575
2026-06-29 04:29:00,20.989999999999995,47.3525
2026-06-29 04:44:00,20.877499999999998,47.3725
2026-06-29 04:59:00,20.799999999999997,47.34
2026-06-29 05:14:00,20.705000000000002,47.36
2026-06-29 05:29:00,20.5825,47.4725
2026-06-29 05:44:00,20.515000000000004,47.5275
2026-06-29 05:59:00,20.43,47.6475
2026-06-29 06:14:00,20.369999999999997,47.735
2026-06-29 06:29:00,20.305000000000003,47.835
2026-06-29 06:44:00,20.2575,47.9825
2026-06-29 06:59:00,20.212499999999995,48.16
2026-06-29 07:14:00,20.167500000000004,48.34
2026-06-29 07:29:00,20.167500000000004,48.51
2026-06-29 07:44:00,20.182500000000005,48.6925
2026-06-29 07:59:00,20.169999999999998,48.92
2026-06-29 08:14:00,20.215,49.315
2026-06-29 08:29:00,20.3225,49.7725
2026-06-29 08:44:00,20.515000000000004,49.97
2026-06-29 08:59:00,20.6925,50.0325
2026-06-29 09:14:00,20.83,50.1025
2026-06-29 09:29:00,20.9725,50.1575
2026-06-29 09:44:00,21.09,50.1925
2026-06-29 09:59:00,21.2,50.2625
2026-06-29 10:14:00,21.282499999999995,50.355
2026-06-29 10:29:00,21.3575,50.3975
2026-06-29 10:44:00,21.4225,50.4525
2026-06-29 10:59:00,21.537499999999998,51.8175
2026-06-29 11:14:00,21.48,51.8575
2026-06-29 11:29:00,21.522499999999997,51.8475
2026-06-29 11:44:00,21.550000000000004,51.8775
2026-06-29 11:59:00,21.589999999999996,51.8825
2026-06-29 12:14:00,21.645,51.9
2026-06-29 12:29:00,21.732499999999998,51.9225
2026-06-29 12:44:00,21.8125,51.92
2026-06-29 12:59:00,21.915000000000003,51.9475
2026-06-29 13:14:00,21.9825,51.8975
2026-06-29 13:29:00,22.052500000000002,51.825
2026-06-29 13:44:00,22.180000000000003,51.85
2026-06-29 13:59:00,22.317499999999995,51.84
2026-06-29 14:14:00,22.409999999999997,51.7525
2026-06-29 14:29:00,22.522499999999997,51.655
2026-06-29 14:44:00,22.612499999999997,51.495
2026-06-29 14:59:00,22.737499999999997,51.39
2026-06-29 15:14:00,22.8275,51.2325
2026-06-29 15:29:00,22.9925,51.1175
2026-06-29 15:44:00,23.147499999999997,51.0775
2026-06-29 15:59:00,23.325000000000003,50.9975
2026-06-29 16:14:00,23.4675,50.9525
2026-06-29 16:29:00,23.649999999999995,50.8525
2026-06-29 16:44:00,23.772499999999997,50.78
2026-06-29 16:59:00,23.907500000000002,50.6125
2026-06-29 17:14:00,24.0325,50.45
2026-06-29 17:29:00,24.177499999999995,50.3475
2026-06-29 17:44:00,24.309999999999995,50.255
2026-06-29 17:59:00,24.467499999999998,50.1675
2026-06-29 18:14:00,24.647499999999997,50.0975
2026-06-29 18:29:00,24.792499999999997,50.02
2026-06-29 18:44:00,24.9575,50.0075
2026-06-29 18:59:00,25.114999999999995,49.9425
2026-06-29 19:14:00,25.25,49.725
2026-06-29 19:29:00,25.337500000000002,49.23
2026-06-29 19:44:00,25.39,48.4725
2026-06-29 19:59:00,25.36,47.515
2026-06-29 20:14:00,25.314999999999998,46.7075
2026-06-29 20:29:00,25.245,45.995
2026-06-29 20:44:00,25.169999999999998,45.45
2026-06-29 20:59:00,25.0825,45.095
2026-06-29 21:14:00,25.0,44.7525
2026-06-29 21:29:00,24.904999999999998,44.4425
2026-06-29 21:44:00,24.817499999999995,44.28
2026-06-29 21:59:00,24.692500000000003,41.795
2026-06-29 22:14:00,24.61,41.485
2026-06-29 22:29:00,24.4825,41.8475
2026-06-29 22:44:00,24.3275,42.1325
2026-06-29 22:59:00,24.2225,42.6625
2026-06-29 23:14:00,24.0075,43.7375
2026-06-29 23:29:00,23.8775,44.15
2026-06-29 23:44:00,23.697500000000005,44.4175
2026-06-29 23:59:00,23.5775,44.6
2026-06-30 00:14:00,23.439999999999998,44.6875
2026-06-30 00:29:00,23.2525,44.3225
2026-06-30 00:44:00,23.130000000000003,44.325
2026-06-30 00:59:00,22.9775,44.525
2026-06-30 01:14:00,22.8625,44.7525
2026-06-30 01:29:00,22.697500000000005,45.0725
2026-06-30 01:44:00,22.555,45.67
2026-06-30 01:59:00,22.4225,46.3225
2026-06-30 02:14:00,22.239999999999995,47.08
2026-06-30 02:29:00,22.057500000000005,47.6125
2026-06-30 02:44:00,21.837500000000002,48.26
2026-06-30 02:59:00,21.685000000000002,48.695
2026-06-30 03:14:00,21.5175,49.5225
2026-06-30 03:29:00,21.342499999999998,49.9825
2026-06-30 03:44:00,21.192500000000003,50.6975
2026-06-30 03:59:00,21.049999999999997,51.2975
2026-06-30 04:14:00,20.86,51.87
2026-06-30 04:29:00,20.7125,52.355
2026-06-30 04:44:00,20.5625,52.855
2026-06-30 04:59:00,20.462499999999995,53.27
2026-06-30 05:14:00,20.3425,53.375
2026-06-30 05:29:00,20.177500000000002,53.7875
2026-06-30 05:44:00,20.0825,54.19
2026-06-30 05:59:00,19.967500000000005,54.5525
2026-06-30 06:14:00,19.8475,54.915
2026-06-30 06:29:00,19.802499999999995,55.3175
2026-06-30 06:44:00,19.772500000000004,55.54
2026-06-30 06:59:00,19.757500000000004,55.995
2026-06-30 07:14:00,19.777500000000003,56.3825
2026-06-30 07:29:00,19.9375,56.17
2026-06-30 07:44:00,20.102500000000003,55.8725
2026-06-30 07:59:00,20.307499999999997,55.7725
2026-06-30 08:14:00,20.427499999999995,55.7175
2026-06-30 08:29:00,20.520000000000003,55.5675
2026-06-30 08:44:00,20.587500000000002,55.2275
2026-06-30 08:59:00,20.6925,55.0325
2026-06-30 09:14:00,20.754999999999995,54.89
2026-06-30 09:29:00,20.845000000000002,54.9
2026-06-30 09:44:00,20.9475,54.55
2026-06-30 09:59:00,21.055,54.635
2026-06-30 10:14:00,21.154999999999998,54.5575
2026-06-30 10:29:00,21.23,54.27
2026-06-30 10:44:00,21.325000000000003,54.0975
2026-06-30 10:59:00,21.419999999999998,53.8925
2026-06-30 11:14:00,21.522499999999997,53.7675
2026-06-30 11:29:00,21.5975,53.6025
2026-06-30 11:44:00,21.720000000000002,53.3975
2026-06-30 11:59:00,21.84,53.3275
2026-06-30 12:14:00,21.955000000000002,53.0075
2026-06-30 12:29:00,22.067500000000003,52.6775
2026-06-30 12:44:00,22.194999999999997,52.4525
2026-06-30 12:59:00,22.285,51.45
2026-06-30 13:14:00,22.419999999999998,50.9475
2026-06-30 13:29:00,22.5425,50.705
2026-06-30 13:44:00,22.702500000000004,50.8725
2026-06-30 13:59:00,22.844999999999995,50.845
2026-06-30 14:14:00,22.9925,50.425
2026-06-30 14:29:00,23.119999999999997,50.23
2026-06-30 14:44:00,23.269999999999996,50.57
2026-06-30 14:59:00,23.4275,50.3875
2026-06-30 15:14:00,23.580000000000002,50.295
2026-06-30 15:29:00,23.777499999999996,50.295
2026-06-30 15:44:00,23.947500000000005,49.925
2026-06-30 15:59:00,25.189999999999998,54.3025
2026-06-30 16:14:00,29.324999999999996,39.53
2026-06-30 16:29:00,30.395,37.595
2026-06-30 16:44:00,29.934999999999995,39.935
2026-06-30 16:59:00,28.932500000000005,40.9425
2026-06-30 17:14:00,28.0825,42.0425
2026-06-30 17:29:00,27.575000000000003,43.0975
2026-06-30 17:44:00,27.209999999999997,43.8025
2026-06-30 17:59:00,27.695,43.045
2026-06-30 18:14:00,27.1425,44.4825
2026-06-30 18:29:00,28.995000000000005,42.84
2026-06-30 18:44:00,27.824999999999996,42.845
2026-06-30 18:59:00,26.93,38.175
2026-06-30 19:14:00,27.4825,44.43
2026-06-30 19:29:00,29.16,47.635
2026-06-30 19:44:00,30.010000000000005,46.6025
2026-06-30 19:59:00,29.744999999999997,40.16
2026-06-30 20:14:00,30.100000000000005,47.8875
2026-06-30 20:29:00,30.6725,45.64
2026-06-30 20:44:00,31.087499999999995,44.3875
2026-06-30 20:59:00,33.0075,43.995
2026-06-30 21:14:00,33.455,45.18
2026-06-30 21:29:00,32.7975,45.425
2026-06-30 21:44:00,32.755,44.6
2026-06-30 21:59:00,32.6925,45.685
2026-06-30 22:14:00,32.224999999999994,45.2675
2026-06-30 22:29:00,26.067499999999995,44.455
2026-06-30 22:44:00,24.182499999999997,49.0275
2026-06-30 22:59:00,23.587499999999995,49.07
2026-06-30 23:14:00,23.505,49.2825
2026-06-30 23:29:00,23.4025,49.415
2026-06-30 23:44:00,23.2225,49.36
2026-06-30 23:59:00,23.102500000000003,50.275
2026-07-01 00:14:00,23.054999999999996,49.34
2026-07-01 00:29:00,22.927499999999995,50.255
2026-07-01 00:44:00,22.9975,50.4925
2026-07-01 00:59:00,22.77,51.305
2026-07-01 01:14:00,22.345000000000002,51.52
2026-07-01 01:29:00,22.404999999999998,51.7175
2026-07-01 01:44:00,22.2175,51.9775
2026-07-01 01:59:00,22.064999999999998,51.7525
2026-07-01 02:14:00,22.015,52.025
2026-07-01 02:29:00,22.180000000000003,51.5275
2026-07-01 02:44:00,21.967499999999998,52.335
2026-07-01 02:59:00,21.84,52.5775
2026-07-01 03:14:00,21.865,52.535
2026-07-01 03:29:00,21.470000000000002,53.2475
2026-07-01 03:44:00,21.427500000000002,52.8575
2026-07-01 03:59:00,21.029999999999998,53.5625
2026-07-01 04:14:00,20.925000000000004,53.8525
2026-07-01 04:29:00,20.7325,54.265
2026-07-01 04:44:00,20.534999999999997,54.4875
2026-07-01 04:59:00,20.424999999999997,54.4875
2026-07-01 05:14:00,20.5625,54.0225
2026-07-01 05:29:00,20.4775,54.5675
2026-07-01 05:44:00,20.2675,54.5225
2026-07-01 05:59:00,20.122500000000002,54.7275
2026-07-01 06:14:00,20.14,54.6825
2026-07-01 06:29:00,20.0875,55.0075
2026-07-01 06:44:00,19.777500000000003,55.085
2026-07-01 06:59:00,19.837499999999995,55.0925
2026-07-01 07:14:00,20.012499999999996,54.7125
2026-07-01 07:29:00,19.777500000000003,54.89
2026-07-01 07:44:00,19.739999999999995,54.6975
2026-07-01 07:59:00,19.945,54.405
2026-07-01 08:14:00,20.065000000000005,53.395
2026-07-01 08:29:00,20.065000000000005,54.045
2026-07-01 08:44:00,20.305000000000003,53.905
2026-07-01 08:59:00,20.767500000000002,52.935
2026-07-01 09:14:00,20.61,52.77
2026-07-01 09:29:00,20.769999999999996,52.7075
2026-07-01 09:44:00,21.015,52.48
2026-07-01 09:59:00,21.189999999999998,51.8175
2026-07-01 10:14:00,21.342499999999998,51.6825
2026-07-01 10:29:00,21.564999999999998,51.385
2026-07-01 10:44:00,21.774999999999995,51.14
2026-07-01 10:59:00,22.012500000000003,50.47
2026-07-01 11:14:00,22.227500000000003,50.7475
2026-07-01 11:29:00,22.362499999999997,50.4575
2026-07-01 11:44:00,22.49,50.3875
2026-07-01 11:59:00,22.600000000000005,50.4325
2026-07-01 12:14:00,22.790000000000003,50.3925
2026-07-01 12:29:00,23.034999999999997,50.35
2026-07-01 12:44:00,23.247500000000002,49.865
2026-07-01 12:59:00,23.337499999999995,49.565
2026-07-01 13:14:00,23.42,49.3375
2026-07-01 13:29:00,23.4875,49.3275
2026-07-01 13:44:00,23.580000000000002,49.165
2026-07-01 13:59:00,23.630000000000003,50.33
2026-07-01 14:14:00,22.800000000000004,55.3725
2026-07-01 14:29:00,21.482499999999998,53.61
2026-07-01 14:44:00,21.462499999999995,50.585
2026-07-01 14:59:00,23.234999999999996,57.6875
2026-07-01 15:14:00,23.4725,53.485
2026-07-01 15:29:00,24.174999999999997,52.525
2026-07-01 15:44:00,24.739999999999995,53.3625
2026-07-01 15:59:00,29.105,31.725
2026-07-01 16:14:00,32.995000000000005,31.74
2026-07-01 16:29:00,31.942499999999995,25.715
2026-07-01 16:44:00,29.945,30.2125
2026-07-01 16:59:00,29.8675,33.9525
2026-07-01 17:14:00,30.515000000000004,35.4875
2026-07-01 17:29:00,31.227500000000003,35.5725
2026-07-01 17:44:00,31.834999999999997,35.2425
2026-07-01 17:59:00,32.3525,35.08
2026-07-01 18:14:00,32.6775,35.0575
2026-07-01 18:29:00,32.8725,34.9525
2026-07-01 18:44:00,32.935,34.8175
2026-07-01 18:59:00,32.927499999999995,34.63
2026-07-01 19:14:00,32.785000000000004,34.34
2026-07-01 19:29:00,32.4925,34.07
2026-07-01 19:44:00,25.442499999999995,42.4325
2026-07-01 19:59:00,21.435,50.965
2026-07-01 20:14:00,20.114999999999995,54.2475
2026-07-01 20:29:00,19.21,56.48
2026-07-01 20:44:00,18.627499999999998,58.545
2026-07-01 20:59:00,17.9525,60.265
2026-07-01 21:14:00,17.557499999999997,61.675
2026-07-01 21:29:00,17.212500000000002,63.0975
2026-07-01 21:44:00,17.064999999999998,63.93
2026-07-01 21:59:00,16.692500000000003,65.295
2026-07-01 22:14:00,16.56,65.94
2026-07-01 22:29:00,16.209999999999997,67.1525
2026-07-01 22:44:00,16.065,67.68
2026-07-01 22:59:00,15.854999999999999,68.4325
2026-07-01 23:14:00,15.625,69.5275
2026-07-01 23:29:00,15.482499999999996,70.2875
2026-07-01 23:44:00,15.375,70.6775
2026-07-01 23:59:00,15.1175,71.675
2026-07-02 00:14:00,15.057499999999997,72.345
2026-07-02 00:29:00,15.157499999999999,71.8675
2026-07-02 00:44:00,15.040000000000001,72.675
2026-07-02 00:59:00,14.887500000000001,73.805
2026-07-02 01:14:00,14.9025,72.8
2026-07-02 01:29:00,14.815000000000001,74.065
2026-07-02 01:44:00,14.682499999999997,73.9025
2026-07-02 01:59:00,14.487499999999999,73.0525
2026-07-02 02:14:00,14.022499999999999,73.7925
2026-07-02 02:29:00,13.775,74.6625
2026-07-02 02:44:00,13.704999999999998,75.015
2026-07-02 02:59:00,13.514999999999999,75.58
2026-07-02 03:14:00,13.407499999999999,76.125
2026-07-02 03:29:00,13.46,75.795
2026-07-02 03:44:00,13.4225,76.04
2026-07-02 03:59:00,13.397499999999999,76.0925
2026-07-02 04:14:00,13.3125,76.045
2026-07-02 04:29:00,13.202499999999999,76.4325
2026-07-02 04:44:00,12.982499999999998,76.52
2026-07-02 04:59:00,12.832500000000001,76.6475
2026-07-02 05:14:00,12.809999999999999,76.79
2026-07-02 05:29:00,12.662499999999998,76.785
2026-07-02 05:44:00,12.550000000000002,76.9325
2026-07-02 05:59:00,12.42,77.17
2026-07-02 06:14:00,12.462499999999999,77.2775
2026-07-02 06:29:00,12.615,76.835
2026-07-02 06:44:00,12.887499999999998,76.325
2026-07-02 06:59:00,13.265000000000002,75.8275
2026-07-02 07:14:00,13.580000000000002,74.905
2026-07-02 07:29:00,13.854999999999999,74.805
2026-07-02 07:44:00,14.302500000000002,73.2925
2026-07-02 07:59:00,14.684999999999999,72.2575
2026-07-02 08:14:00,15.005000000000003,70.9675
2026-07-02 08:29:00,15.530000000000001,69.7825
2026-07-02 08:44:00,16.3475,67.07
2026-07-02 08:59:00,17.61,63.46
2026-07-02 09:14:00,17.89,63.19
2026-07-02 09:29:00,18.8375,60.22
2026-07-02 09:44:00,19.524999999999995,58.045
2026-07-02 09:59:00,20.437499999999996,55.3075
2026-07-02 10:14:00,21.895,52.405
2026-07-02 10:29:00,22.505000000000003,50.925
2026-07-02 10:44:00,23.567499999999995,48.625
2026-07-02 10:59:00,24.325,47.045
2026-07-02 11:14:00,24.777500000000003,46.06
2026-07-02 11:29:00,25.202500000000004,47.3725
2026-07-02 11:44:00,24.605,48.6825
2026-07-02 11:59:00,25.05,47.03
2026-07-02 12:14:00,25.83,46.6825
2026-07-02 12:29:00,25.897499999999997,47.955
2026-07-02 12:44:00,26.8275,45.2875
2026-07-02 12:59:00,27.224999999999998,43.335
2026-07-02 13:14:00,28.352499999999996,41.2275
2026-07-02 13:29:00,28.397499999999997,41.6875
2026-07-02 13:44:00,28.215000000000003,41.9175
2026-07-02 13:59:00,28.185000000000002,42.245
2026-07-02 14:14:00,29.050000000000004,41.075
2026-07-02 14:29:00,29.197499999999998,39.965
2026-07-02 14:44:00,29.907500000000002,38.38
2026-07-02 14:59:00,29.927500000000002,38.3525
2026-07-02 15:14:00,30.935000000000002,36.24
2026-07-02 15:29:00,31.040000000000003,36.56
2026-07-02 15:44:00,31.27,36.115
2026-07-02 15:59:00,30.557500000000005,37.545
2026-07-02 16:14:00,31.310000000000002,37.1675
2026-07-02 16:29:00,30.852499999999996,37.895
2026-07-02 16:44:00,30.814999999999998,37.4475
2026-07-02 16:59:00,31.357499999999998,36.875
2026-07-02 17:14:00,31.112499999999997,37.3825
2026-07-02 17:29:00,30.490000000000002,38.6625
2026-07-02 17:44:00,30.035,39.16
2026-07-02 17:59:00,29.355,40.3825
2026-07-02 18:14:00,28.259999999999998,41.95
2026-07-02 18:29:00,26.997500000000002,44.015
2026-07-02 18:44:00,25.962500000000002,45.8
2026-07-02 18:59:00,24.57,48.59
2026-07-02 19:14:00,23.935,49.83
2026-07-02 19:29:00,23.547499999999996,50.5375
2026-07-02 19:44:00,22.895,51.88
2026-07-02 19:59:00,22.097499999999997,53.78
2026-07-02 20:14:00,21.4025,56.05
2026-07-02 20:29:00,20.83,57.285
2026-07-02 20:44:00,20.432499999999997,57.2825
2026-07-02 20:59:00,19.77,58.9825
2026-07-02 21:14:00,19.2875,59.94
2026-07-02 21:29:00,18.795,61.64
2026-07-02 21:44:00,18.249999999999996,63.7725
2026-07-02 21:59:00,17.605,65.1225
2026-07-02 22:14:00,16.917500000000004,67.185
2026-07-02 22:29:00,16.385,68.875
2026-07-02 22:44:00,16.049999999999997,69.8825
2026-07-02 22:59:00,15.832500000000001,70.625
2026-07-02 23:14:00,15.550000000000002,71.7325
2026-07-02 23:29:00,15.42,72.8025
2026-07-02 23:44:00,15.364999999999997,72.9175
2026-07-02 23:59:00,15.229999999999999,73.8625
2026-07-03 00:14:00,15.0625,74.7725
2026-07-03 00:29:00,14.895000000000001,75.295
2026-07-03 00:44:00,14.795,76.0775
2026-07-03 00:59:00,14.705,76.0525
2026-07-03 01:14:00,14.577499999999999,76.2125
2026-07-03 01:29:00,14.329999999999997,77.665
2026-07-03 01:44:00,14.3125,77.7175
2026-07-03 01:59:00,14.2575,78.1375
2026-07-03 02:14:00,14.219999999999999,78.17
2026-07-03 02:29:00,14.0625,78.455
2026-07-03 02:44:00,13.8975,78.9175
2026-07-03 02:59:00,13.66,79.31
2026-07-03 03:14:00,13.487500000000002,79.94
2026-07-03 03:29:00,13.377500000000001,80.98
2026-07-03 03:44:00,13.545,80.84
2026-07-03 03:59:00,13.392499999999998,80.165
2026-07-03 04:14:00,13.375000000000002,79.455
2026-07-03 04:29:00,13.470000000000002,80.0325
2026-07-03 04:44:00,13.7575,80.75
2026-07-03 04:59:00,13.83,81.4625
2026-07-03 05:14:00,13.895000000000001,81.54
2026-07-03 05:29:00,13.934999999999999,81.72
2026-07-03 05:44:00,14.0675,81.06
2026-07-03 05:59:00,13.802499999999998,81.2225
2026-07-03 06:14:00,13.8675,81.1175
2026-07-03 06:29:00,13.902500000000002,80.915
2026-07-03 06:44:00,14.0525,80.5575
2026-07-03 06:59:00,14.139999999999999,80.4625
2026-07-03 07:14:00,14.395000000000001,80.0775
2026-07-03 07:29:00,14.5225,79.7375
2026-07-03 07:44:00,14.885,78.765
2026-07-03 07:59:00,15.01,78.0975
2026-07-03 08:14:00,15.309999999999999,77.1925
2026-07-03 08:29:00,15.9375,75.5275
2026-07-03 08:44:00,16.712500000000002,73.43
2026-07-03 08:59:00,17.852500000000003,69.325
2026-07-03 09:14:00,19.1075,65.53
2026-07-03 09:29:00,19.765,62.725
2026-07-03 09:44:00,20.310000000000002,61.4725
2026-07-03 09:59:00,21.007500000000004,59.09
2026-07-03 10:14:00,22.3475,56.6925
2026-07-03 10:29:00,23.825000000000003,53.0875
2026-07-03 10:44:00,24.440000000000005,50.0175
2026-07-03 10:59:00,25.0775,49.3225
2026-07-03 11:14:00,26.065,47.5075
2026-07-03 11:29:00,26.5325,45.4775
2026-07-03 11:44:00,26.932499999999997,46.0775
2026-07-03 11:59:00,27.790000000000003,44.3525
2026-07-03 12:14:00,29.407499999999995,40.405
2026-07-03 12:29:00,29.865000000000002,40.645
2026-07-03 12:44:00,30.377500000000005,36.4875
2026-07-03 12:59:00,30.925000000000004,37.6625
2026-07-03 13:14:00,32.27250000000001,34.8875
2026-07-03 13:29:00,32.8825,34.405
2026-07-03 13:44:00,32.6375,34.72
2026-07-03 13:59:00,33.0625,34.7725
2026-07-03 14:14:00,33.7175,32.805
2026-07-03 14:29:00,33.925,31.1875
2026-07-03 14:44:00,33.934999999999995,30.1975
2026-07-03 14:59:00,33.787499999999994,28.24
2026-07-03 15:14:00,34.4675,27.035
2026-07-03 15:29:00,35.10999999999999,27.15
2026-07-03 15:44:00,35.18,27.4075
2026-07-03 15:59:00,35.055,28.4125
2026-07-03 16:14:00,35.295,27.8075
2026-07-03 16:29:00,34.71,27.4025
2026-07-03 16:44:00,34.794999999999995,25.44
2026-07-03 16:59:00,35.080000000000005,29.0125
2026-07-03 17:14:00,34.5675,28.2375
2026-07-03 17:29:00,33.925,29.66
2026-07-03 17:44:00,33.449999999999996,29.8425
2026-07-03 17:59:00,32.705000000000005,30.8775
2026-07-03 18:14:00,31.715,28.15
2026-07-03 18:29:00,30.827500000000004,31.165
2026-07-03 18:44:00,29.9825,33.3575
2026-07-03 18:59:00,28.974999999999998,35.54
2026-07-03 19:14:00,28.2775,36.98
2026-07-03 19:29:00,27.712499999999995,38.19
2026-07-03 19:44:00,27.1525,38.8875
2026-07-03 19:59:00,26.755000000000003,39.885
2026-07-03 20:14:00,26.257499999999997,40.95
2026-07-03 20:29:00,25.9075,41.1675
2026-07-03 20:44:00,25.4,42.14
2026-07-03 20:59:00,24.719999999999995,44.0125
2026-07-03 21:14:00,24.067500000000003,45.59
2026-07-03 21:29:00,23.2975,47.4175
2026-07-03 21:44:00,22.7625,49.815
2026-07-03 21:59:00,22.06,52.355
2026-07-03 22:14:00,21.3175,53.9925
2026-07-03 22:29:00,20.765,54.99
2026-07-03 22:44:00,20.295,56.34
2026-07-03 22:59:00,19.9225,57.6575
2026-07-03 23:14:00,19.577500000000004,58.65
2026-07-03 23:29:00,19.119999999999997,59.7625
2026-07-03 23:44:00,18.724999999999998,60.685
2026-07-03 23:59:00,18.4075,62.1275
2026-07-04 00:14:00,18.097500000000004,63.3375
2026-07-04 00:29:00,17.800000000000004,64.7575
2026-07-04 00:44:00,17.5775,66.725
2026-07-04 00:59:00,17.265,67.18
2026-07-04 01:14:00,17.0725,67.535
2026-07-04 01:29:00,16.755,68.6475
2026-07-04 01:44:00,16.507500000000004,69.9925
2026-07-04 01:59:00,16.2975,70.955
2026-07-04 02:14:00,16.147499999999997,71.365
2026-07-04 02:29:00,15.9375,72.1825
2026-07-04 02:44:00,15.807499999999997,72.75
2026-07-04 02:59:00,15.709999999999999,73.3875
2026-07-04 03:14:00,15.305,74.2925
2026-07-04 03:29:00,14.9925,75.5375
2026-07-04 03:44:00,14.799999999999999,76.375
2026-07-04 03:59:00,14.785,76.7025
2026-07-04 04:14:00,14.700000000000001,77.3475
2026-07-04 04:29:00,14.622500000000002,77.24
2026-07-04 04:44:00,14.447499999999998,78.16
2026-07-04 04:59:00,14.332499999999998,77.975
2026-07-04 05:14:00,14.097500000000002,79.3125
2026-07-04 05:29:00,14.010000000000002,80.5
2026-07-04 05:44:00,13.955,82.49
2026-07-04 05:59:00,13.957500000000001,83.2025
2026-07-04 06:14:00,14.16,83.705
2026-07-04 06:29:00,14.49,82.4025
2026-07-04 06:44:00,14.730000000000002,81.69
2026-07-04 06:59:00,15.020000000000001,80.5625
2026-07-04 07:14:00,15.145000000000001,80.1175
2026-07-04 07:29:00,15.369999999999997,79.3875
2026-07-04 07:44:00,15.599999999999998,78.79
2026-07-04 07:59:00,15.945,77.735
2026-07-04 08:14:00,16.185000000000002,77.5725
2026-07-04 08:29:00,16.619999999999997,76.7575
2026-07-04 08:44:00,17.362499999999997,73.7425
2026-07-04 08:59:00,18.327500000000004,70.275
2026-07-04 09:14:00,19.174999999999997,67.62
2026-07-04 09:29:00,19.772500000000004,65.8575
2026-07-04 09:44:00,20.92,62.7575
2026-07-04 09:59:00,22.112499999999997,59.555
2026-07-04 10:14:00,23.785,55.31
2026-07-04 10:29:00,24.727500000000003,53.1075
2026-07-04 10:44:00,25.677499999999995,51.41
2026-07-04 10:59:00,26.700000000000003,49.3625
2026-07-04 11:14:00,27.800000000000004,47.1375
2026-07-04 11:29:00,28.29,45.4025
2026-07-04 11:44:00,29.182499999999997,44.0975
2026-07-04 11:59:00,29.872499999999995,42.1625
2026-07-04 12:14:00,30.717499999999998,39.575
2026-07-04 12:29:00,30.974999999999998,38.975
2026-07-04 12:44:00,31.2925,39.39
2026-07-04 12:59:00,32.057500000000005,37.25
2026-07-04 13:14:00,33.11,35.5625
2026-07-04 13:29:00,33.5725,32.79
2026-07-04 13:44:00,33.61,33.705
2026-07-04 13:59:00,33.805,32.9625
2026-07-04 14:14:00,34.1075,31.965
2026-07-04 14:29:00,34.5925,31.6225
2026-07-04 14:44:00,34.345,31.75
2026-07-04 14:59:00,34.1825,32.0725
2026-07-04 15:14:00,34.85,30.44
2026-07-04 15:29:00,35.0575,30.1875
2026-07-04 15:44:00,35.857499999999995,30.1875
2026-07-04 15:59:00,35.732499999999995,30.035
2026-07-04 16:14:00,35.465,29.805
2026-07-04 16:29:00,33.620000000000005,30.3925
2026-07-04 16:44:00,34.185,30.175
2026-07-04 16:59:00,34.855000000000004,28.895
2026-07-04 17:14:00,35.08500000000001,28.565
2026-07-04 17:29:00,34.714999999999996,28.8525
2026-07-04 17:44:00,33.192499999999995,29.7625
2026-07-04 17:59:00,32.955000000000005,30.5575
2026-07-04 18:14:00,31.774999999999995,31.2275
2026-07-04 18:29:00,30.705000000000002,32.5125
2026-07-04 18:44:00,29.794999999999998,33.5425
2026-07-04 18:59:00,28.3875,35.52
2026-07-04 19:14:00,27.609999999999996,36.725
2026-07-04 19:29:00,26.634999999999998,38.46
2026-07-04 19:44:00,26.127499999999998,39.8
2026-07-04 19:59:00,25.260000000000005,41.09
2026-07-04 20:14:00,24.089999999999996,42.52
2026-07-04 20:29:00,22.970000000000002,44.6325
2026-07-04 20:44:00,22.522499999999997,45.145
2026-07-04 20:59:00,22.130000000000003,46.53
2026-07-04 21:14:00,21.84,47.705
2026-07-04 21:29:00,21.560000000000002,49.0025
2026-07-04 21:44:00,21.154999999999998,50.3
2026-07-04 21:59:00,20.82,51.745
2026-07-04 22:14:00,20.260000000000005,54.0825
2026-07-04 22:29:00,19.904999999999998,55.065
2026-07-04 22:44:00,19.647499999999997,55.97
2026-07-04 22:59:00,19.240000000000002,57.015
2026-07-04 23:14:00,18.892500000000002,58.24
2026-07-04 23:29:00,18.489999999999995,59.6175
2026-07-04 23:44:00,18.147499999999997,60.995
2026-07-04 23:59:00,17.844999999999995,62.425
2026-07-05 00:14:00,17.7825,63.0025
2026-07-05 00:29:00,17.512500000000003,64.26
2026-07-05 00:44:00,17.315,65.1575
2026-07-05 00:59:00,17.06,66.195
2026-07-05 01:14:00,16.585,68.155
2026-07-05 01:29:00,16.290000000000003,69.3625
2026-07-05 01:44:00,16.0,70.5825
2026-07-05 01:59:00,15.842500000000001,71.2725
2026-07-05 02:14:00,15.79,71.615
2026-07-05 02:29:00,15.6475,72.285
2026-07-05 02:44:00,15.407499999999999,73.4425
2026-07-05 02:59:00,15.084999999999999,75.0075
2026-07-05 03:14:00,14.887500000000001,76.1275
2026-07-05 03:29:00,14.752499999999998,76.56
2026-07-05 03:44:00,14.725000000000001,76.985
2026-07-05 03:59:00,14.817500000000003,77.27
2026-07-05 04:14:00,14.84,77.17
2026-07-05 04:29:00,14.67,77.5725
2026-07-05 04:44:00,14.612500000000002,78.105
2026-07-05 04:59:00,14.754999999999999,77.6625
2026-07-05 05:14:00,14.737500000000002,77.7975
2026-07-05 05:29:00,14.744999999999997,78.105
2026-07-05 05:44:00,14.612500000000002,78.105
2026-07-05 05:59:00,14.5625,78.725
2026-07-05 06:14:00,14.625,78.62
2026-07-05 06:29:00,14.6975,78.74
2026-07-05 06:44:00,14.927500000000002,78.525
2026-07-05 06:59:00,15.094999999999999,78.15
2026-07-05 07:14:00,15.18,77.825
2026-07-05 07:29:00,15.1775,77.7825
2026-07-05 07:44:00,15.307499999999997,77.565
2026-07-05 07:59:00,15.469999999999999,77.25
2026-07-05 08:14:00,15.560000000000002,76.9425
2026-07-05 08:29:00,15.92,75.97
2026-07-05 08:44:00,16.0075,75.285
2026-07-05 08:59:00,16.724999999999998,73.115
2026-07-05 09:14:00,17.6275,70.82
2026-07-05 09:29:00,18.7675,67.1075
2026-07-05 09:44:00,19.5475,64.49
2026-07-05 09:59:00,20.9075,60.715
2026-07-05 10:14:00,21.984999999999996,58.2775
2026-07-05 10:29:00,22.790000000000003,56.0225
2026-07-05 10:44:00,23.462500000000002,54.4125
2026-07-05 10:59:00,24.387499999999996,52.945
2026-07-05 11:14:00,24.987500000000004,50.9275
2026-07-05 11:29:00,25.9175,49.6025
2026-07-05 11:44:00,26.58,47.3775
2026-07-05 11:59:00,27.3525,45.92
2026-07-05 12:14:00,27.689999999999998,44.59
2026-07-05 12:29:00,27.7825,43.8325
2026-07-05 12:44:00,28.817499999999995,42.3475
2026-07-05 12:59:00,29.73,40.81
2026-07-05 13:14:00,30.43,40.42
2026-07-05 13:29:00,30.772499999999997,38.7475
2026-07-05 13:44:00,30.3675,38.2775
2026-07-05 13:59:00,31.075000000000003,38.34
2026-07-05 14:14:00,31.282499999999995,38.63
2026-07-05 14:29:00,31.364999999999995,37.77
2026-07-05 14:44:00,32.0875,37.1525
2026-07-05 14:59:00,31.7425,37.545
2026-07-05 15:14:00,32.03,36.71
2026-07-05 15:29:00,32.275000000000006,36.775
2026-07-05 15:44:00,32.6525,36.41
2026-07-05 15:59:00,32.0,38.17
2026-07-05 16:14:00,31.925000000000004,38.69
2026-07-05 16:29:00,31.482499999999998,38.45
2026-07-05 16:44:00,31.377500000000005,38.6825
2026-07-05 16:59:00,31.310000000000002,38.3275
2026-07-05 17:14:00,31.262499999999996,38.29
2026-07-05 17:29:00,29.837499999999995,40.335
2026-07-05 17:44:00,29.154999999999998,40.8475
2026-07-05 17:59:00,28.474999999999998,41.8725
2026-07-05 18:14:00,26.877499999999998,43.9075
2026-07-05 18:29:00,25.240000000000002,46.0925
2026-07-05 18:44:00,23.995,48.81
2026-07-05 18:59:00,23.1075,50.2475
2026-07-05 19:14:00,22.310000000000002,52.2725
2026-07-05 19:29:00,21.2675,54.265
2026-07-05 19:44:00,20.939999999999998,55.06
2026-07-05 19:59:00,20.2975,56.875
2026-07-05 20:14:00,19.535,59.345
2026-07-05 20:29:00,18.627499999999998,61.895
2026-07-05 20:44:00,18.137499999999996,63.3525
2026-07-05 20:59:00,17.14,66.8725
2026-07-05 21:14:00,16.57,69.52
2026-07-05 21:29:00,16.075000000000003,71.4475
2026-07-05 21:44:00,15.76,72.3125
2026-07-05 21:59:00,15.555,73.0275
2026-07-05 22:14:00,15.245000000000001,74.21
2026-07-05 22:29:00,15.104999999999999,74.98
2026-07-05 22:44:00,15.087499999999999,75.2975
2026-07-05 22:59:00,14.877499999999998,76.475
2026-07-05 23:14:00,14.774999999999999,77.09
2026-07-05 23:29:00,14.612500000000002,77.4625
2026-07-05 23:44:00,14.602500000000001,77.755
2026-07-05 23:59:00,14.785,77.7925
2026-07-06 00:14:00,14.9025,77.9275
2026-07-06 00:29:00,15.030000000000001,77.7475
2026-07-06 00:44:00,15.1525,77.73
2026-07-06 00:59:00,15.217500000000001,77.28
2026-07-06 01:14:00,15.282499999999999,77.04
2026-07-06 01:29:00,15.350000000000001,76.785
2026-07-06 01:44:00,15.327499999999999,76.77
2026-07-06 01:59:00,15.335,77.105
2026-07-06 02:14:00,15.32,77.2675
2026-07-06 02:29:00,15.205,77.645
2026-07-06 02:44:00,15.2325,77.81
2026-07-06 02:59:00,15.1075,78.42
2026-07-06 03:14:00,15.1875,78.1925
2026-07-06 03:29:00,15.125,78.92
2026-07-06 03:44:00,15.087499999999999,78.835
2026-07-06 03:59:00,15.094999999999999,78.665
2026-07-06 04:14:00,15.0625,78.74
2026-07-06 04:29:00,15.115,79.085
2026-07-06 04:44:00,15.172499999999998,78.9825
2026-07-06 04:59:00,15.155000000000001,79.11
2026-07-06 05:14:00,15.18,79.2225
2026-07-06 05:29:00,15.247500000000002,78.795
2026-07-06 05:44:00,15.157499999999999,78.92
2026-07-06 05:59:00,15.292499999999999,78.4025
2026-07-06 06:14:00,15.372499999999999,77.7825
2026-07-06 06:29:00,15.345000000000002,77.2975
2026-07-06 06:44:00,15.530000000000001,77.545
2026-07-06 06:59:00,15.497499999999999,76.5125
2026-07-06 07:14:00,15.709999999999999,76.02
2026-07-06 07:29:00,15.872500000000002,75.5525
2026-07-06 07:44:00,16.192500000000003,74.5225
2026-07-06 07:59:00,16.255000000000003,73.8875
2026-07-06 08:14:00,16.424999999999997,73.1725
2026-07-06 08:29:00,16.977500000000003,71.3875
2026-07-06 08:44:00,17.3525,70.7975
2026-07-06 08:59:00,17.844999999999995,68.78
2026-07-06 09:14:00,18.6625,66.145
2026-07-06 09:29:00,19.035000000000004,65.4275
2026-07-06 09:44:00,20.0825,62.5875
2026-07-06 09:59:00,21.147499999999997,59.485
2026-07-06 10:14:00,21.7975,57.3125
2026-07-06 10:29:00,22.790000000000003,54.0225
2026-07-06 10:44:00,23.279999999999998,52.365
2026-07-06 10:59:00,24.499999999999996,47.585
2026-07-06 11:14:00,24.504999999999995,48.3475
2026-07-06 11:29:00,24.919999999999998,48.9975
2026-07-06 11:44:00,25.6725,48.0125
2026-07-06 11:59:00,26.465,46.365
2026-07-06 12:14:00,26.760000000000005,45.7375
2026-07-06 12:29:00,27.147499999999997,44.365
2026-07-06 12:44:00,27.580000000000002,42.925
2026-07-06 12:59:00,28.970000000000002,41.0425
2026-07-06 13:14:00,29.467499999999998,40.6625
2026-07-06 13:29:00,29.362500000000004,40.5875
2026-07-06 13:44:00,29.314999999999998,40.46
2026-07-06 13:59:00,29.650000000000002,38.8825
2026-07-06 14:14:00,29.862499999999997,38.3575
2026-07-06 14:29:00,30.142500000000002,38.8225
2026-07-06 14:44:00,30.505000000000003,37.4725
2026-07-06 14:59:00,30.925000000000004,37.6325
2026-07-06 15:14:00,31.244999999999997,38.2025
2026-07-06 15:29:00,31.712499999999995,37.6575
2026-07-06 15:44:00,31.4025,38.0575
2026-07-06 15:59:00,31.149999999999995,38.2825
2026-07-06 16:14:00,31.2075,38.585
2026-07-06 16:29:00,30.885000000000005,39.2075
2026-07-06 16:44:00,30.334999999999997,38.8575
2026-07-06 16:59:00,29.440000000000005,40.2725
2026-07-06 17:14:00,28.857499999999998,40.8575
2026-07-06 17:29:00,28.77,41.09
2026-07-06 17:44:00,28.5625,41.31
2026-07-06 17:59:00,27.765,42.51
2026-07-06 18:14:00,26.487499999999997,44.165
2026-07-06 18:29:00,25.01,46.9425
2026-07-06 18:44:00,24.200000000000003,48.1125
2026-07-06 18:59:00,22.689999999999998,51.1825
2026-07-06 19:14:00,21.387500000000003,54.0375
2026-07-06 19:29:00,20.397500000000004,56.2275
2026-07-06 19:44:00,19.680000000000003,58.175
2026-07-06 19:59:00,18.982499999999998,60.265
2026-07-06 20:14:00,17.990000000000002,62.92
2026-07-06 20:29:00,17.122500000000002,65.415
2026-07-06 20:44:00,16.352500000000003,68.375
2026-07-06 20:59:00,16.2025,68.7525
2026-07-06 21:14:00,15.837499999999999,70.17
2026-07-06 21:29:00,15.727500000000001,70.79
2026-07-06 21:44:00,15.264999999999999,71.7275
2026-07-06 21:59:00,14.9025,73.35
2026-07-06 22:14:00,14.792499999999999,74.2725
2026-07-06 22:29:00,14.644999999999998,75.03
2026-07-06 22:44:00,14.6075,75.4675
2026-07-06 22:59:00,14.647499999999999,75.69
2026-07-06 23:14:00,14.8125,75.4275
2026-07-06 23:29:00,14.974999999999998,75.11
2026-07-06 23:44:00,14.927500000000002,75.11
2026-07-06 23:59:00,15.07,75.03
2026-07-07 00:14:00,15.052499999999997,75.8925
2026-07-07 00:29:00,14.899999999999999,76.265
2026-07-07 00:44:00,14.810000000000002,76.6975
2026-07-07 00:59:00,14.7225,77.1325
2026-07-07 01:14:00,14.674999999999999,77.235
2026-07-07 01:29:00,14.559999999999999,77.9975
2026-07-07 01:44:00,14.334999999999999,78.79
2026-07-07 01:59:00,14.252499999999998,78.9675
2026-07-07 02:14:00,14.272499999999999,78.9525
2026-07-07 02:29:00,14.354999999999999,78.6275
2026-07-07 02:44:00,14.157499999999999,79.01
2026-07-07 02:59:00,14.2575,78.645
2026-07-07 03:14:00,14.059999999999999,78.91
2026-07-07 03:29:00,13.8975,78.5575
2026-07-07 03:44:00,13.93,77.88
2026-07-07 03:59:00,13.915,78.03
2026-07-07 04:14:00,13.905000000000001,78.09
2026-07-07 04:29:00,13.780000000000001,78.4675
2026-07-07 04:44:00,13.645000000000001,78.8575
2026-07-07 04:59:00,13.745,78.1925
2026-07-07 05:14:00,13.745,78.695
2026-07-07 05:29:00,13.625,79.3625
2026-07-07 05:44:00,13.587500000000002,79.455
2026-07-07 05:59:00,13.504999999999999,79.2675
2026-07-07 06:14:00,13.434999999999999,79.745
2026-07-07 06:29:00,13.4275,79.8075
2026-07-07 06:44:00,13.292499999999999,80.125
2026-07-07 06:59:00,13.424999999999999,80.1975
2026-07-07 07:14:00,13.599999999999998,79.7375
2026-07-07 07:29:00,13.729999999999999,79.3575
2026-07-07 07:44:00,13.714999999999998,78.9175
2026-07-07 07:59:00,13.844999999999999,78.8525
2026-07-07 08:14:00,13.995000000000001,78.6425
2026-07-07 08:29:00,14.190000000000001,78.4275
2026-07-07 08:44:00,14.329999999999997,77.68
2026-07-07 08:59:00,14.727500000000001,76.25
2026-07-07 09:14:00,15.052499999999997,75.19
2026-07-07 09:29:00,15.3825,74.21
2026-07-07 09:44:00,15.745000000000001,73.25
2026-07-07 09:59:00,16.307499999999997,71.7325
2026-07-07 10:14:00,17.0225,69.515
2026-07-07 10:29:00,17.7425,67.885
2026-07-07 10:44:00,18.5975,65.1525
2026-07-07 10:59:00,19.564999999999998,62.6725
2026-07-07 11:14:00,20.3575,60.41
2026-07-07 11:29:00,21.23,58.8775
2026-07-07 11:44:00,21.107499999999998,58.23
2026-07-07 11:59:00,21.419999999999998,57.665
2026-07-07 12:14:00,21.457500000000003,58.5975
2026-07-07 12:29:00,22.297499999999996,56.1
2026-07-07 12:44:00,21.8925,56.8
2026-07-07 12:59:00,21.965000000000003,56.91
2026-07-07 13:14:00,22.459999999999997,54.9475
2026-07-07 13:29:00,22.709999999999997,54.56
2026-07-07 13:44:00,23.115,53.955
2026-07-07 13:59:00,23.2725,52.0575
2026-07-07 14:14:00,23.6025,51.46
2026-07-07 14:29:00,23.927500000000002,51.055
2026-07-07 14:44:00,23.8675,50.635
2026-07-07 14:59:00,24.105,50.0225
2026-07-07 15:14:00,24.489999999999995,48.495
2026-07-07 15:29:00,25.01,48.3325
2026-07-07 15:44:00,25.38,46.7225
2026-07-07 15:59:00,25.402500000000003,46.165
2026-07-07 16:14:00,25.575,46.6175
2026-07-07 16:29:00,25.112499999999997,47.455
2026-07-07 16:44:00,25.085000000000004,47.135
2026-07-07 16:59:00,25.3025,47.25
2026-07-07 17:14:00,25.0875,47.375
2026-07-07 17:29:00,24.322500000000005,48.6375
2026-07-07 17:44:00,24.365,48.9525
2026-07-07 17:59:00,23.0425,50.9425
2026-07-07 18:14:00,22.299999999999997,52.585
2026-07-07 18:29:00,21.065,54.6625
2026-07-07 18:44:00,19.8725,57.915
2026-07-07 18:59:00,18.7,60.555
2026-07-07 19:14:00,18.059999999999995,63.0025
2026-07-07 19:29:00,17.907500000000002,63.7875
2026-07-07 19:44:00,17.630000000000003,63.8975
2026-07-07 19:59:00,17.0675,65.065
2026-07-07 20:14:00,16.0525,68.555
2026-07-07 20:29:00,15.4025,70.83
2026-07-07 20:44:00,14.974999999999998,72.5575
2026-07-07 20:59:00,14.662499999999998,73.5325
2026-07-07 21:14:00,14.549999999999999,73.9525
2026-07-07 21:29:00,14.334999999999999,74.5475
2026-07-07 21:44:00,14.3925,75.2125
2026-07-07 21:59:00,14.445,74.895
2026-07-07 22:14:00,14.097500000000002,75.4825
2026-07-07 22:29:00,13.865,76.4225
2026-07-07 22:44:00,13.854999999999999,76.6425
2026-07-07 22:59:00,13.990000000000002,76.145
2026-07-07 23:14:00,13.957500000000001,76.21
2026-07-07 23:29:00,13.907499999999999,76.4325
2026-07-07 23:44:00,13.902500000000002,76.6825
2026-07-07 23:59:00,13.844999999999999,76.58
2026-07-08 00:14:00,13.807499999999997,76.595
2026-07-08 00:29:00,13.725,76.6
2026-07-08 00:44:00,13.607499999999998,77.09
2026-07-08 00:59:00,13.567500000000003,77.31
2026-07-08 01:14:00,13.542499999999999,77.3875
2026-07-08 01:29:00,13.4225,78.21
2026-07-08 01:44:00,13.415,78.0125
2026-07-08 01:59:00,13.397499999999999,78.185
2026-07-08 02:14:00,13.360000000000001,78.6
2026-07-08 02:29:00,13.2075,79.025
2026-07-08 02:44:00,13.187499999999998,79.2025
2026-07-08 02:59:00,13.172500000000001,79.52
2026-07-08 03:14:00,13.199999999999998,79.49
2026-07-08 03:29:00,13.170000000000002,79.3675
2026-07-08 03:44:00,13.127500000000001,79.0125
2026-07-08 03:59:00,13.0125,79.4075
2026-07-08 04:14:00,12.942500000000003,79.7125
2026-07-08 04:29:00,13.01,79.4375
2026-07-08 04:44:00,12.8175,79.7325
2026-07-08 04:59:00,12.809999999999999,80.14
2026-07-08 05:14:00,12.782499999999999,80.3975
2026-07-08 05:29:00,12.84,80.2925
2026-07-08 05:44:00,12.84,79.9575
2026-07-08 05:59:00,12.857500000000002,79.8975
2026-07-08 06:14:00,12.777499999999998,79.96
2026-07-08 06:29:00,12.764999999999999,79.8575
2026-07-08 06:44:00,12.92,79.18
2026-07-08 06:59:00,13.055,78.62
2026-07-08 07:14:00,13.087499999999999,78.24
2026-07-08 07:29:00,13.079999999999998,78.345
2026-07-08 07:44:00,13.335,77.745
2026-07-08 07:59:00,13.690000000000001,76.6925
2026-07-08 08:14:00,14.017499999999998,75.6175
2026-07-08 08:29:00,14.41,74.5725
2026-07-08 08:44:00,15.104999999999999,73.3575
2026-07-08 08:59:00,15.615,71.29
2026-07-08 09:14:00,15.93,70.7575
2026-07-08 09:29:00,17.084999999999997,67.895
2026-07-08 09:44:00,17.465,66.0775
2026-07-08 09:59:00,18.285,64.45
2026-07-08 10:14:00,18.61,63.535
2026-07-08 10:29:00,19.680000000000003,61.8975
2026-07-08 10:44:00,20.225,60.3575
2026-07-08 10:59:00,20.612500000000004,60.5425
2026-07-08 11:14:00,20.964999999999996,58.9625
2026-07-08 11:29:00,21.23,58.6
2026-07-08 11:44:00,21.732499999999998,58.19
2026-07-08 11:59:00,22.624999999999996,55.455
2026-07-08 12:14:00,23.352499999999996,54.025
2026-07-08 12:29:00,23.995,52.265
2026-07-08 12:44:00,24.487499999999997,51.5225
2026-07-08 12:59:00,24.899999999999995,52.17
2026-07-08 13:14:00,26.599999999999998,47.8925
2026-07-08 13:29:00,26.912499999999998,47.16
2026-07-08 13:44:00,27.2375,45.67
2026-07-08 13:59:00,27.982499999999998,44.5125
2026-07-08 14:14:00,28.362499999999997,44.4475
2026-07-08 14:29:00,29.060000000000002,43.68
2026-07-08 14:44:00,29.497500000000002,41.74
2026-07-08 14:59:00,29.834999999999997,41.4125
2026-07-08 15:14:00,30.830000000000002,40.3525
2026-07-08 15:29:00,31.092499999999998,39.7175
2026-07-08 15:44:00,31.120000000000005,40.0875
2026-07-08 15:59:00,31.310000000000002,38.4375
2026-07-08 16:14:00,31.352500000000003,38.65
2026-07-08 16:29:00,31.697499999999998,37.96
2026-07-08 16:44:00,31.490000000000002,37.595
2026-07-08 16:59:00,31.272499999999997,37.8725
2026-07-08 17:14:00,30.712500000000002,38.4125
2026-07-08 17:29:00,30.302499999999995,38.72
2026-07-08 17:44:00,29.832499999999996,39.075
2026-07-08 17:59:00,29.247499999999995,40.6425
2026-07-08 18:14:00,28.249999999999996,41.9925
2026-07-08 18:29:00,26.6075,43.9925
2026-07-08 18:44:00,25.6675,46.0075
2026-07-08 18:59:00,24.772500000000004,47.125
2026-07-08 19:14:00,24.207499999999996,48.1875
2026-07-08 19:29:00,24.055000000000003,48.1975
2026-07-08 19:44:00,23.279999999999998,45.9725
2026-07-08 19:59:00,22.604999999999997,50.5125
2026-07-08 20:14:00,21.802500000000002,49.9275
2026-07-08 20:29:00,20.700000000000003,53.7
2026-07-08 20:44:00,19.270000000000003,55.385
2026-07-08 20:59:00,18.4175,60.74
2026-07-08 21:14:00,17.345,64.74
2026-07-08 21:29:00,16.86,67.0675
2026-07-08 21:44:00,16.322499999999998,70.515
2026-07-08 21:59:00,16.17,69.575
2026-07-08 22:14:00,15.827499999999999,70.1075
2026-07-08 22:29:00,15.3025,71.6425
2026-07-08 22:44:00,15.087499999999999,72.775
2026-07-08 22:59:00,14.93,73.6075
2026-07-08 23:14:00,14.747499999999999,74.3125
2026-07-08 23:29:00,14.405000000000001,75.1825
2026-07-08 23:44:00,14.270000000000001,75.65
2026-07-08 23:59:00,14.272499999999999,75.845
2026-07-09 00:14:00,14.21,76.0925
2026-07-09 00:29:00,14.0725,76.5775
2026-07-09 00:44:00,13.934999999999999,77.365
2026-07-09 00:59:00,13.792500000000002,77.9125
2026-07-09 01:14:00,13.594999999999999,78.7475
2026-07-09 01:29:00,13.545,79.4325
2026-07-09 01:44:00,13.46,79.585
2026-07-09 01:59:00,13.472500000000002,79.795
2026-07-09 02:14:00,13.43,79.75
2026-07-09 02:29:00,13.229999999999999,80.735
2026-07-09 02:44:00,13.372500000000002,81.04
2026-07-09 02:59:00,13.450000000000001,80.835
2026-07-09 03:14:00,13.547500000000001,81.0975
2026-07-09 03:29:00,13.4225,81.765
2026-07-09 03:44:00,13.267500000000002,82.3375
2026-07-09 03:59:00,13.050000000000002,82.6825
2026-07-09 04:14:00,13.1475,82.7875
2026-07-09 04:29:00,13.202499999999999,82.8075
2026-07-09 04:44:00,13.24,82.685
2026-07-09 04:59:00,13.2575,82.5975
2026-07-09 05:14:00,13.275000000000002,82.52
2026-07-09 05:29:00,13.267500000000002,82.515
2026-07-09 05:44:00,13.342500000000001,82.41
2026-07-09 05:59:00,13.3125,82.595
2026-07-09 06:14:00,13.3125,82.515
2026-07-09 06:29:00,13.389999999999999,82.1425
2026-07-09 06:44:00,13.415,82.4175
2026-07-09 06:59:00,13.604999999999999,81.78
2026-07-09 07:14:00,13.8525,81.05
2026-07-09 07:29:00,13.977500000000001,80.565
2026-07-09 07:44:00,14.292499999999999,79.4625
2026-07-09 07:59:00,14.827500000000002,78.44
2026-07-09 08:14:00,15.0275,77.305
2026-07-09 08:29:00,15.087499999999999,77.4725
2026-07-09 08:44:00,15.697499999999998,75.98
2026-07-09 08:59:00,16.715,72.555
2026-07-09 09:14:00,17.34,70.9275
2026-07-09 09:29:00,18.659999999999997,67.32
2026-07-09 09:44:00,19.349999999999998,64.16
2026-07-09 09:59:00,20.602500000000003,62.4275
2026-07-09 10:14:00,21.237500000000004,60.965
2026-07-09 10:29:00,22.612499999999997,56.7625
2026-07-09 10:44:00,23.755000000000003,53.19
2026-07-09 10:59:00,24.832499999999996,51.1125
2026-07-09 11:14:00,26.065,48.55
2026-07-09 11:29:00,26.912499999999998,46.66
2026-07-09 11:44:00,28.205000000000002,44.325
2026-07-09 11:59:00,28.682500000000005,43.0425
2026-07-09 12:14:00,29.462500000000002,42.395
2026-07-09 12:29:00,30.0625,41.075
2026-07-09 12:44:00,31.130000000000003,39.04
2026-07-09 12:59:00,31.752499999999998,39.345
2026-07-09 13:14:00,33.265,35.135
2026-07-09 13:29:00,34.165,33.9225
2026-07-09 13:44:00,34.475,34.355
2026-07-09 13:59:00,34.7325,33.9575
2026-07-09 14:14:00,35.08500000000001,34.4775
2026-07-09 14:29:00,35.725,34.0625
2026-07-09 14:44:00,36.1025,33.135
2026-07-09 14:59:00,35.9575,33.12
2026-07-09 15:14:00,35.9775,33.29
2026-07-09 15:29:00,36.199999999999996,32.94
2026-07-09 15:44:00,37.0275,32.0725
2026-07-09 15:59:00,36.692499999999995,32.635
2026-07-09 16:14:00,36.01,31.87
2026-07-09 16:29:00,35.260000000000005,32.39
2026-07-09 16:44:00,35.22749999999999,31.095
2026-07-09 16:59:00,35.15,30.87
2026-07-09 17:14:00,36.01,29.9875
2026-07-09 17:29:00,35.415,28.985
2026-07-09 17:44:00,34.8475,31.5875
2026-07-09 17:59:00,33.9275,32.4775
2026-07-09 18:14:00,32.629999999999995,33.7375
2026-07-09 18:29:00,31.317499999999995,33.95
2026-07-09 18:44:00,30.010000000000005,34.9375
2026-07-09 18:59:00,28.645000000000007,38.5325
2026-07-09 19:14:00,27.727499999999996,39.865
2026-07-09 19:29:00,26.895,41.5725
2026-07-09 19:44:00,25.875,42.9825
2026-07-09 19:59:00,24.479999999999997,45.42
2026-07-09 20:14:00,23.305,48.0825
2026-07-09 20:29:00,22.512499999999996,49.8075
2026-07-09 20:44:00,21.71,51.4725
2026-07-09 20:59:00,21.157500000000002,53.0675
2026-07-09 21:14:00,20.392500000000002,55.945
2026-07-09 21:29:00,19.927500000000002,57.36
2026-07-09 21:44:00,19.4825,58.53
2026-07-09 21:59:00,19.037499999999998,60.12
2026-07-09 22:14:00,18.765,59.9225
2026-07-09 22:29:00,18.575000000000003,60.5025
2026-07-09 22:44:00,18.3925,61.0875
2026-07-09 22:59:00,18.130000000000003,61.92
2026-07-09 23:14:00,17.787499999999998,63.2025
2026-07-09 23:29:00,17.56,64.2625
2026-07-09 23:44:00,17.239999999999995,65.695
2026-07-09 23:59:00,16.744999999999997,67.1575
2026-07-10 00:14:00,16.2975,68.8725
2026-07-10 00:29:00,15.825000000000001,70.6125
2026-07-10 00:44:00,15.59,71.5275
2026-07-10 00:59:00,15.532500000000002,71.805
2026-07-10 01:14:00,15.217500000000001,73.2225
2026-07-10 01:29:00,14.895000000000001,74.23
2026-07-10 01:44:00,14.682499999999997,75.16
2026-07-10 01:59:00,14.625,75.6725
2026-07-10 02:14:00,14.497500000000002,75.4675
2026-07-10 02:29:00,14.420000000000003,75.7925
2026-07-10 02:44:00,14.282500000000002,76.6975
2026-07-10 02:59:00,14.102500000000001,77.0025
2026-07-10 03:14:00,13.98,76.615
2026-07-10 03:29:00,13.827499999999999,76.885
2026-07-10 03:44:00,13.699999999999998,77.5575
2026-07-10 03:59:00,13.585,77.9225
2026-07-10 04:14:00,13.482500000000002,78.0475
2026-07-10 04:29:00,13.399999999999999,78.4825
2026-07-10 04:44:00,13.245000000000001,79.1125
2026-07-10 04:59:00,13.189999999999998,79.5525
2026-07-10 05:14:00,13.184999999999999,79.975
2026-07-10 05:29:00,13.235000000000001,80.5575
2026-07-10 05:44:00,13.179999999999998,81.1775
2026-07-10 05:59:00,13.2425,81.5225
2026-07-10 06:14:00,13.350000000000001,81.7325
2026-07-10 06:29:00,13.309999999999999,82.305
2026-07-10 06:44:00,13.625,82.2025
2026-07-10 06:59:00,14.017499999999998,81.4425
2026-07-10 07:14:00,14.315000000000001,80.765
2026-07-10 07:29:00,14.665,79.9575
2026-07-10 07:44:00,14.932500000000001,79.2525
2026-07-10 07:59:00,15.084999999999999,78.26
2026-07-10 08:14:00,15.389999999999999,77.4525
2026-07-10 08:29:00,15.765000000000002,76.025
2026-07-10 08:44:00,16.549999999999997,73.6475
2026-07-10 08:59:00,17.52,70.565
2026-07-10 09:14:00,18.712500000000002,66.87
2026-07-10 09:29:00,20.0,63.0225
2026-07-10 09:44:00,21.005,60.01
2026-07-10 09:59:00,21.9525,57.94
2026-07-10 10:14:00,22.492500000000003,56.3925
2026-07-10 10:29:00,23.439999999999998,53.425
2026-07-10 10:44:00,24.15,52.365
2026-07-10 10:59:00,24.959999999999997,49.9325
2026-07-10 11:14:00,25.334999999999997,48.9275
2026-07-10 11:29:00,26.105000000000004,47.5525
2026-07-10 11:44:00,26.875,45.18
2026-07-10 11:59:00,27.455,45.0
2026-07-10 12:14:00,27.9775,42.86
2026-07-10 12:29:00,28.1725,41.945
2026-07-10 12:44:00,28.5775,41.7225
2026-07-10 12:59:00,29.190000000000005,39.9575
2026-07-10 13:14:00,30.539999999999996,39.375
2026-07-10 13:29:00,30.987500000000004,37.3225
2026-07-10 13:44:00,30.265,38.8875
2026-07-10 13:59:00,30.61,37.395
2026-07-10 14:14:00,31.145000000000007,37.575
2026-07-10 14:29:00,31.040000000000003,36.9325
2026-07-10 14:44:00,31.0775,36.345
2026-07-10 14:59:00,31.305,35.815
2026-07-10 15:14:00,31.474999999999998,35.355
2026-07-10 15:29:00,31.472499999999993,34.095
2026-07-10 15:44:00,31.2425,34.095
2026-07-10 15:59:00,31.2075,33.5
2026-07-10 16:14:00,31.39,33.8425
2026-07-10 16:29:00,30.592500000000005,34.5475
2026-07-10 16:44:00,30.987500000000004,33.005
2026-07-10 16:59:00,31.677499999999995,30.14
2026-07-10 17:14:00,31.845000000000002,27.8475
2026-07-10 17:29:00,31.782500000000002,29.095
2026-07-10 17:44:00,31.2975,28.3
2026-07-10 17:59:00,29.607499999999998,30.26
2026-07-10 18:14:00,27.592499999999998,32.8925
2026-07-10 18:29:00,26.080000000000002,35.6625
2026-07-10 18:44:00,25.1175,36.57
2026-07-10 18:59:00,24.0775,37.2875
2026-07-10 19:14:00,23.522500000000004,37.35
2026-07-10 19:29:00,22.8275,39.225
2026-07-10 19:44:00,22.697500000000005,39.24
2026-07-10 19:59:00,22.609999999999996,39.6675
2026-07-10 20:14:00,22.252500000000005,41.8825
2026-07-10 20:29:00,21.235,45.2775
2026-07-10 20:44:00,20.4975,45.445
2026-07-10 20:59:00,19.992500000000003,47.0675
2026-07-10 21:14:00,19.347500000000004,48.815
2026-07-10 21:29:00,18.5975,53.7875
2026-07-10 21:44:00,17.96,55.5925
2026-07-10 21:59:00,17.34,58.3625
2026-07-10 22:14:00,16.975,58.38
2026-07-10 22:29:00,16.6675,58.7275
2026-07-10 22:44:00,16.39,59.0275
2026-07-10 22:59:00,16.292500000000004,59.22
2026-07-10 23:14:00,16.2225,59.41
2026-07-10 23:29:00,16.0375,59.735
2026-07-10 23:44:00,15.697499999999998,59.96
2026-07-10 23:59:00,15.570000000000002,59.7075
2026-07-11 00:14:00,15.5075,61.0
2026-07-11 00:29:00,15.167499999999999,67.0375
2026-07-11 00:44:00,14.762499999999998,69.1
2026-07-11 00:59:00,14.54,69.5675
2026-07-11 01:14:00,14.577499999999999,69.83
2026-07-11 01:29:00,14.3925,70.0075
2026-07-11 01:44:00,14.04,70.9925
2026-07-11 01:59:00,13.9475,71.1175
2026-07-11 02:14:00,13.599999999999998,72.865
2026-07-11 02:29:00,13.372500000000002,73.605
2026-07-11 02:44:00,13.212499999999999,74.455
2026-07-11 02:59:00,13.0075,75.015
2026-07-11 03:14:00,12.905,75.14
2026-07-11 03:29:00,13.020000000000001,73.6975
2026-07-11 03:44:00,12.8275,74.6825
2026-07-11 03:59:00,12.715,75.19
2026-07-11 04:14:00,12.715,75.2675
2026-07-11 04:29:00,12.512500000000001,75.4125
2026-07-11 04:44:00,12.4175,76.22
2026-07-11 04:59:00,12.362499999999999,76.555
2026-07-11 05:14:00,12.227500000000001,77.0475
2026-07-11 05:29:00,12.139999999999999,77.405
2026-07-11 05:44:00,12.139999999999999,77.6
2026-07-11 05:59:00,12.2125,76.4675
2026-07-11 06:14:00,12.100000000000001,76.95
2026-07-11 06:29:00,12.2675,78.0725
2026-07-11 06:44:00,12.642500000000002,77.65
2026-07-11 06:59:00,13.209999999999999,76.23
2026-07-11 07:14:00,13.5725,75.3
2026-07-11 07:29:00,13.775,75.3775
2026-07-11 07:44:00,14.0725,74.9725
2026-07-11 07:59:00,14.422500000000001,74.37
2026-07-11 08:14:00,14.759999999999998,72.6925
2026-07-11 08:29:00,15.4025,70.94
2026-07-11 08:44:00,16.197500000000005,68.8275
2026-07-11 08:59:00,17.3075,65.2875
2026-07-11 09:14:00,18.684999999999995,61.605
2026-07-11 09:29:00,19.810000000000002,58.55
2026-07-11 09:44:00,20.5825,56.775
2026-07-11 09:59:00,21.594999999999995,53.405
2026-07-11 10:14:00,22.614999999999995,51.6
2026-07-11 10:29:00,23.985,47.9425
2026-07-11 10:44:00,25.470000000000002,44.5975
2026-07-11 10:59:00,26.209999999999997,43.98
2026-07-11 11:14:00,27.32,42.0275
2026-07-11 11:29:00,28.322500000000005,37.7825
2026-07-11 11:44:00,29.6725,35.905
2026-07-11 11:59:00,29.927500000000002,34.2
2026-07-11 12:14:00,30.925000000000004,33.3525
2026-07-11 12:29:00,31.279999999999998,33.205
2026-07-11 12:44:00,32.08250000000001,28.445
2026-07-11 12:59:00,32.945,28.9975
2026-07-11 13:14:00,33.7025,30.025
2026-07-11 13:29:00,33.6675,30.5375
2026-07-11 13:44:00,33.945,30.94
2026-07-11 13:59:00,34.225,29.31
2026-07-11 14:14:00,34.455000000000005,27.845
2026-07-11 14:29:00,34.7575,27.6625
2026-07-11 14:44:00,34.9975,27.9725
2026-07-11 14:59:00,35.165,28.995
2026-07-11 15:14:00,34.6475,29.3275
2026-07-11 15:29:00,34.870000000000005,27.955
2026-07-11 15:44:00,34.0575,28.09
2026-07-11 15:59:00,31.5825,29.2975
2026-07-11 16:14:00,31.5975,30.01
2026-07-11 16:29:00,30.885000000000005,30.7225
2026-07-11 16:44:00,30.682499999999997,30.445
2026-07-11 16:59:00,30.247499999999995,30.4075
2026-07-11 17:14:00,30.7075,29.72
2026-07-11 17:29:00,31.120000000000005,29.1325
2026-07-11 17:44:00,32.4975,27.835
2026-07-11 17:59:00,32.5425,27.0975
2026-07-11 18:14:00,30.849999999999998,29.115
2026-07-11 18:29:00,30.842499999999998,29.585
2026-07-11 18:44:00,29.177499999999995,31.58
2026-07-11 18:59:00,28.522500000000004,32.2825
2026-07-11 19:14:00,27.817500000000003,32.55
2026-07-11 19:29:00,27.2375,33.87
2026-07-11 19:44:00,26.437500000000004,35.7475
2026-07-11 19:59:00,25.260000000000005,37.18
2026-07-11 20:14:00,24.400000000000002,37.02
2026-07-11 20:29:00,23.76,38.4725
2026-07-11 20:44:00,23.147499999999997,38.725
2026-07-11 20:59:00,22.600000000000005,39.4375
2026-07-11 21:14:00,22.3275,39.51
2026-07-11 21:29:00,22.17,40.2625
2026-07-11 21:44:00,21.925,40.0475
2026-07-11 21:59:00,21.782500000000002,40.4225
2026-07-11 22:14:00,21.58,41.345
2026-07-11 22:29:00,21.112499999999997,42.8775
2026-07-11 22:44:00,20.855,44.5175
2026-07-11 22:59:00,20.554999999999996,46.195
2026-07-11 23:14:00,20.372500000000002,47.085
2026-07-11 23:29:00,20.220000000000002,47.0125
2026-07-11 23:44:00,20.1175,47.065
2026-07-11 23:59:00,20.100000000000005,47.4825
2026-07-12 00:14:00,19.9175,49.17
2026-07-12 00:29:00,19.59,50.5225
2026-07-12 00:44:00,19.487499999999997,50.745
2026-07-12 00:59:00,19.309999999999995,52.7075
2026-07-12 01:14:00,19.132500000000004,53.1
2026-07-12 01:29:00,18.927500000000002,53.54
2026-07-12 01:44:00,18.640000000000004,54.94
2026-07-12 01:59:00,18.210000000000004,56.0
2026-07-12 02:14:00,18.220000000000002,56.24
2026-07-12 02:29:00,18.372499999999995,56.785
2026-07-12 02:44:00,18.522500000000004,53.8975
2026-07-12 02:59:00,18.525,55.59
2026-07-12 03:14:00,18.600000000000005,56.175
2026-07-12 03:29:00,18.677500000000002,56.6875
2026-07-12 03:44:00,18.677500000000002,56.7525
2026-07-12 03:59:00,18.835000000000004,58.7325
2026-07-12 04:14:00,18.76,59.7775
2026-07-12 04:29:00,18.697500000000005,60.5525
2026-07-12 04:44:00,18.6875,60.06
2026-07-12 04:59:00,18.695,60.485
2026-07-12 05:14:00,18.78,61.2725
2026-07-12 05:29:00,18.842499999999998,61.5825
2026-07-12 05:44:00,18.825000000000003,61.8025
2026-07-12 05:59:00,18.807499999999997,62.0675
2026-07-12 06:14:00,18.8825,62.105
2026-07-12 06:29:00,18.820000000000004,61.2825
2026-07-12 06:44:00,18.8,64.145
2026-07-12 06:59:00,18.93,63.5975
2026-07-12 07:14:00,18.972499999999997,63.425
2026-07-12 07:29:00,19.284999999999997,62.345
2026-07-12 07:44:00,19.627499999999998,61.18
2026-07-12 07:59:00,19.95,59.675
2026-07-12 08:14:00,20.462499999999995,58.2225
2026-07-12 08:29:00,21.154999999999998,55.5725
2026-07-12 08:44:00,22.292499999999997,52.265
2026-07-12 08:59:00,22.5625,52.2825
2026-07-12 09:14:00,23.1925,50.015
2026-07-12 09:29:00,23.415000000000003,50.6275
2026-07-12 09:44:00,24.002499999999998,49.965
2026-07-12 09:59:00,24.4525,46.575
2026-07-12 10:14:00,24.735,46.485
2026-07-12 10:29:00,25.5275,45.26
2026-07-12 10:44:00,26.127499999999998,44.15
2026-07-12 10:59:00,26.065,43.64
2026-07-12 11:14:00,26.140000000000004,45.6525
2026-07-12 11:29:00,26.387500000000003,44.665
2026-07-12 11:44:00,27.0025,44.3
2026-07-12 11:59:00,27.602500000000003,41.1075
2026-07-12 12:14:00,27.987499999999997,39.885
2026-07-12 12:29:00,29.192499999999995,40.5825
2026-07-12 12:44:00,30.495000000000005,34.9275
2026-07-12 12:59:00,31.305,32.9725
2026-07-12 13:14:00,31.470000000000002,34.3025
2026-07-12 13:29:00,32.05,30.675
2026-07-12 13:44:00,33.4925,27.39
2026-07-12 13:59:00,34.620000000000005,27.025
2026-07-12 14:14:00,34.7075,26.715
2026-07-12 14:29:00,34.9025,27.8875
2026-07-12 14:44:00,36.0975,26.085
2026-07-12 14:59:00,36.2925,24.1375
2026-07-12 15:14:00,36.885000000000005,24.985
2026-07-12 15:29:00,37.5825,23.15
2026-07-12 15:44:00,37.177499999999995,23.7275
2026-07-12 15:59:00,37.5,24.585
2026-07-12 16:14:00,36.785,24.895
2026-07-12 16:29:00,36.572500000000005,25.4975
2026-07-12 16:44:00,36.4025,22.92
2026-07-12 16:59:00,36.940000000000005,21.5975
2026-07-12 17:14:00,37.162499999999994,23.4425
2026-07-12 17:29:00,35.0725,26.0675
2026-07-12 17:44:00,34.105,25.9275
2026-07-12 17:59:00,33.44,26.005
2026-07-12 18:14:00,32.800000000000004,25.78
2026-07-12 18:29:00,32.3475,26.1225
2026-07-12 18:44:00,32.267500000000005,25.935
2026-07-12 18:59:00,32.122499999999995,26.92
2026-07-12 19:14:00,31.512499999999996,26.325
2026-07-12 19:29:00,30.822500000000005,26.325
2026-07-12 19:44:00,29.775000000000002,27.3075
2026-07-12 19:59:00,29.125,29.67
2026-07-12 20:14:00,28.752499999999998,30.0
2026-07-12 20:29:00,28.305,31.895
2026-07-12 20:44:00,27.852500000000003,32.6075
2026-07-12 20:59:00,27.555,33.2825
2026-07-12 21:14:00,27.219999999999995,33.6525
2026-07-12 21:29:00,26.9925,33.625
2026-07-12 21:44:00,26.687499999999996,34.83
2026-07-12 21:59:00,26.417500000000004,35.805
2026-07-12 22:14:00,26.177500000000002,36.135
2026-07-12 22:29:00,25.8875,36.5175
2026-07-12 22:44:00,25.747500000000002,37.1575
2026-07-12 22:59:00,25.532500000000002,37.1725
2026-07-12 23:14:00,25.252499999999998,37.7775
2026-07-12 23:29:00,24.977500000000003,38.2025
2026-07-12 23:44:00,24.699999999999996,38.9775
2026-07-12 23:59:00,24.425,39.735
2026-07-13 00:14:00,24.250000000000004,39.8375
2026-07-13 00:29:00,24.237499999999997,42.045
2026-07-13 00:44:00,24.1125,41.8925
2026-07-13 00:59:00,23.924999999999997,41.41
2026-07-13 01:14:00,23.737500000000004,42.5175
2026-07-13 01:29:00,23.4025,43.075
2026-07-13 01:44:00,23.2425,43.5375
2026-07-13 01:59:00,23.16,44.3575
2026-07-13 02:14:00,23.122500000000002,45.1125
2026-07-13 02:29:00,22.852500000000003,44.7425
2026-07-13 02:44:00,22.3725,46.48
2026-07-13 02:59:00,22.082500000000003,47.5825
2026-07-13 03:14:00,21.965000000000003,47.815
2026-07-13 03:29:00,21.837500000000002,48.5425
2026-07-13 03:44:00,21.774999999999995,49.2425
2026-07-13 03:59:00,21.735,48.8125
2026-07-13 04:14:00,21.745000000000005,49.1525
2026-07-13 04:29:00,21.682499999999997,49.305
2026-07-13 04:44:00,21.5825,49.155
2026-07-13 04:59:00,21.505000000000003,50.6275
2026-07-13 05:14:00,21.359999999999996,50.11
2026-07-13 05:29:00,21.282499999999995,50.8625
2026-07-13 05:44:00,21.3375,51.16
2026-07-13 05:59:00,21.4025,51.0525
2026-07-13 06:14:00,21.350000000000005,52.87
2026-07-13 06:29:00,21.5075,51.47
2026-07-13 06:44:00,22.095000000000002,52.0775
2026-07-13 06:59:00,22.674999999999997,51.3325
2026-07-13 07:14:00,22.765,53.435
2026-07-13 07:29:00,22.709999999999997,52.615
2026-07-13 07:44:00,22.8575,53.15
2026-07-13 07:59:00,23.565,49.55
2026-07-13 08:14:00,24.2775,49.0
2026-07-13 08:29:00,25.075000000000003,47.8825
2026-07-13 08:44:00,25.38,47.3275
2026-07-13 08:59:00,25.482499999999998,48.5575
2026-07-13 09:14:00,25.68,47.1575
2026-07-13 09:29:00,25.812500000000004,46.445
2026-07-13 09:44:00,25.822500000000005,47.0375
2026-07-13 09:59:00,26.027500000000003,45.84
2026-07-13 10:14:00,26.3975,45.6775
2026-07-13 10:29:00,26.447500000000005,46.26
2026-07-13 10:44:00,26.677499999999995,45.6225
2026-07-13 10:59:00,26.7225,47.07
2026-07-13 11:14:00,27.052500000000002,43.26
2026-07-13 11:29:00,28.102500000000003,41.79
2026-07-13 11:44:00,29.215,39.8525
2026-07-13 11:59:00,29.519999999999996,37.57
2026-07-13 12:14:00,30.045,38.09
2026-07-13 12:29:00,30.559999999999995,34.9525
2026-07-13 12:44:00,30.6075,35.66
2026-07-13 12:59:00,32.4375,34.88
2026-07-13 13:14:00,33.735,31.7125
2026-07-13 13:29:00,33.17,32.4325
2026-07-13 13:44:00,32.675,31.2425
2026-07-13 13:59:00,32.6725,30.5275
2026-07-13 14:14:00,32.73,30.005
2026-07-13 14:29:00,32.849999999999994,32.67
2026-07-13 14:44:00,32.732499999999995,30.5675
2026-07-13 14:59:00,32.822500000000005,30.84
2026-07-13 15:14:00,32.87,32.33
2026-07-13 15:29:00,32.552499999999995,31.6125
2026-07-13 15:44:00,32.370000000000005,31.64
2026-07-13 15:59:00,32.34,30.0675
2026-07-13 16:14:00,31.864999999999995,29.5775
2026-07-13 16:29:00,31.5625,31.5325
2026-07-13 16:44:00,31.6325,32.4175
2026-07-13 16:59:00,31.512499999999996,34.2825
2026-07-13 17:14:00,31.560000000000002,32.09
2026-07-13 17:29:00,31.41,32.69
2026-07-13 17:44:00,31.057499999999997,30.91
2026-07-13 17:59:00,30.529999999999998,33.8775
2026-07-13 18:14:00,30.012499999999996,34.755
2026-07-13 18:29:00,29.460000000000004,35.745
2026-07-13 18:44:00,29.1875,35.7575
2026-07-13 18:59:00,28.965,34.625
2026-07-13 19:14:00,28.715,33.31
2026-07-13 19:29:00,28.285,34.615
2026-07-13 19:44:00,28.1725,33.59
2026-07-13 19:59:00,28.122500000000002,33.505
2026-07-13 20:14:00,27.869999999999997,35.16
2026-07-13 20:29:00,27.575000000000003,36.47
2026-07-13 20:44:00,27.345000000000002,37.4275
2026-07-13 20:59:00,26.977500000000003,39.55
2026-07-13 21:14:00,26.5825,42.0375
2026-07-13 21:29:00,26.035,44.05
2026-07-13 21:44:00,25.3625,44.6175
2026-07-13 21:59:00,24.8475,45.55
2026-07-13 22:14:00,24.6975,42.9475
2026-07-13 22:29:00,24.567500000000003,39.6
2026-07-13 22:44:00,24.317500000000003,39.7375
2026-07-13 22:59:00,24.0425,40.785
2026-07-13 23:14:00,23.785,42.2125
2026-07-13 23:29:00,23.580000000000002,44.0625
2026-07-13 23:44:00,23.1675,46.56
2026-07-13 23:59:00,22.727499999999996,47.3725
2026-07-14 00:14:00,22.4025,49.185
2026-07-14 00:29:00,21.837500000000002,49.4425
2026-07-14 00:44:00,21.502499999999998,51.0725
2026-07-14 00:59:00,21.387500000000003,52.5025
2026-07-14 01:14:00,21.439999999999998,51.1725
2026-07-14 01:29:00,21.25,52.2475
2026-07-14 01:44:00,20.9675,50.79
2026-07-14 01:59:00,20.767500000000002,51.4575
2026-07-14 02:14:00,20.602500000000003,51.9025
2026-07-14 02:29:00,20.310000000000002,53.2575
2026-07-14 02:44:00,19.919999999999998,54.5275
2026-07-14 02:59:00,19.752500000000005,55.2275
2026-07-14 03:14:00,19.630000000000003,54.57
2026-07-14 03:29:00,19.3325,55.29
2026-07-14 03:44:00,19.147500000000004,56.73
2026-07-14 03:59:00,18.995,56.3575
2026-07-14 04:14:00,18.924999999999997,57.4925
2026-07-14 04:29:00,18.744999999999997,56.4825
2026-07-14 04:44:00,18.4675,58.6725
2026-07-14 04:59:00,18.215000000000003,59.67
2026-07-14 05:14:00,18.075,59.94
2026-07-14 05:29:00,17.897500000000004,60.6025
2026-07-14 05:44:00,17.884999999999998,61.1
2026-07-14 05:59:00,17.6325,62.57
2026-07-14 06:14:00,17.575,60.485
2026-07-14 06:29:00,17.7375,59.8025
2026-07-14 06:44:00,17.93,59.0775
2026-07-14 06:59:00,18.6325,59.395
2026-07-14 07:14:00,19.334999999999997,55.0
2026-07-14 07:29:00,19.942500000000003,54.5275
2026-07-14 07:44:00,20.572500000000005,53.6025
2026-07-14 07:59:00,21.307499999999997,51.0275
2026-07-14 08:14:00,21.932499999999997,50.0475
2026-07-14 08:29:00,22.945,49.12
2026-07-14 08:44:00,24.050000000000004,47.5275
2026-07-14 08:59:00,25.407500000000002,45.7075
2026-07-14 09:14:00,26.750000000000004,43.4
2026-07-14 09:29:00,27.8475,41.7725
2026-07-14 09:44:00,28.830000000000002,41.5825
2026-07-14 09:59:00,30.1875,39.905
2026-07-14 10:14:00,31.244999999999997,34.71
2026-07-14 10:29:00,32.62,31.7925
2026-07-14 10:44:00,33.4425,31.11
2026-07-14 10:59:00,34.61,29.2575
2026-07-14 11:14:00,35.7475,27.125
2026-07-14 11:29:00,36.135000000000005,25.9875
2026-07-14 11:44:00,36.525000000000006,26.8975
2026-07-14 11:59:00,36.864999999999995,27.1275
2026-07-14 12:14:00,37.515,25.5025
2026-07-14 12:29:00,37.7525,24.41
2026-07-14 12:44:00,38.762499999999996,22.8175
2026-07-14 12:59:00,39.337500000000006,22.9725
2026-07-14 13:14:00,40.480000000000004,21.6325
2026-07-14 13:29:00,40.52000000000001,21.095
2026-07-14 13:44:00,40.4025,20.7025
2026-07-14 13:59:00,40.3575,22.1025
2026-07-14 14:14:00,40.6825,21.71
2026-07-14 14:29:00,40.732499999999995,21.34
2026-07-14 14:44:00,41.07,22.2925
2026-07-14 14:59:00,40.64,22.295
2026-07-14 15:14:00,40.385,22.025
2026-07-14 15:29:00,40.4725,21.1275
2026-07-14 15:44:00,40.7275,21.4175
2026-07-14 15:59:00,40.537499999999994,20.335
2026-07-14 16:14:00,40.2225,20.205
2026-07-14 16:29:00,40.4925,20.21
2026-07-14 16:44:00,40.167500000000004,20.2275
2026-07-14 16:59:00,40.4475,19.3675
2026-07-14 17:14:00,39.845,20.2
2026-07-14 17:29:00,39.542500000000004,20.195
2026-07-14 17:44:00,39.287499999999994,21.1375
2026-07-14 17:59:00,38.4925,21.45
2026-07-14 18:14:00,37.7825,22.4475
2026-07-14 18:29:00,36.6575,22.55
2026-07-14 18:44:00,35.89,22.805
2026-07-14 18:59:00,35.245000000000005,21.2775
2026-07-14 19:14:00,34.615,21.4375
2026-07-14 19:29:00,33.9875,23.4425
2026-07-14 19:44:00,33.177499999999995,24.025
2026-07-14 19:59:00,32.239999999999995,26.28
2026-07-14 20:14:00,31.235,27.9875
2026-07-14 20:29:00,30.377500000000005,29.01
2026-07-14 20:44:00,29.689999999999998,29.2225
2026-07-14 20:59:00,29.152500000000007,29.645
2026-07-14 21:14:00,28.6175,30.945
2026-07-14 21:29:00,28.1675,31.5
2026-07-14 21:44:00,27.814999999999998,31.315
2026-07-14 21:59:00,27.395000000000003,33.0775
2026-07-14 22:14:00,27.052500000000002,33.745
2026-07-14 22:29:00,26.865,33.4275
2026-07-14 22:44:00,26.634999999999998,34.9525
2026-07-14 22:59:00,26.075000000000003,36.9875
2026-07-14 23:14:00,25.5375,37.765
2026-07-14 23:29:00,25.022499999999997,38.5575
2026-07-14 23:44:00,24.519999999999996,40.9375
2026-07-14 23:59:00,24.265000000000004,41.67
2026-07-15 00:14:00,24.325,40.85
2026-07-15 00:29:00,24.0975,41.535
2026-07-15 00:44:00,23.840000000000003,39.965
2026-07-15 00:59:00,23.785,35.575
2026-07-15 01:14:00,23.8175,33.655
2026-07-15 01:29:00,23.637500000000003,33.9575
2026-07-15 01:44:00,23.37,34.47
2026-07-15 01:59:00,23.022499999999997,35.685
2026-07-15 02:14:00,22.5625,36.8425
2026-07-15 02:29:00,22.255,37.08
2026-07-15 02:44:00,22.189999999999998,38.2025
2026-07-15 02:59:00,21.979999999999997,38.92
2026-07-15 03:14:00,21.7225,39.3925
2026-07-15 03:29:00,21.3,40.8025
2026-07-15 03:44:00,21.085,41.55
2026-07-15 03:59:00,21.049999999999997,40.5625
2026-07-15 04:14:00,20.944999999999997,39.6725
2026-07-15 04:29:00,20.812500000000004,40.525
2026-07-15 04:44:00,20.549999999999997,41.0425
2026-07-15 04:59:00,20.339999999999996,40.755
2026-07-15 05:14:00,20.142500000000002,42.2075
2026-07-15 05:29:00,20.055,41.485
2026-07-15 05:44:00,20.022499999999997,42.2575
2026-07-15 05:59:00,19.799999999999997,43.215
2026-07-15 06:14:00,19.615000000000002,44.4375
2026-07-15 06:29:00,19.622499999999995,42.8375
2026-07-15 06:44:00,19.830000000000002,45.035
2026-07-15 06:59:00,20.490000000000002,43.4275
2026-07-15 07:14:00,21.189999999999998,42.6675
2026-07-15 07:29:00,21.625,42.4425
2026-07-15 07:44:00,22.255,40.19
2026-07-15 07:59:00,22.7975,40.4225
2026-07-15 08:14:00,23.572499999999998,38.6375
2026-07-15 08:29:00,24.440000000000005,36.4425
2026-07-15 08:44:00,25.314999999999998,34.975
2026-07-15 08:59:00,26.52,34.1525
2026-07-15 09:14:00,27.442500000000003,33.73
2026-07-15 09:29:00,28.689999999999998,32.585
2026-07-15 09:44:00,30.067499999999995,30.8625
2026-07-15 09:59:00,31.042499999999993,30.64
2026-07-15 10:14:00,31.955000000000002,28.795
2026-07-15 10:29:00,32.755,26.7675
2026-07-15 10:44:00,33.615,25.25
2026-07-15 10:59:00,34.7825,24.565
2026-07-15 11:14:00,35.45,23.3675
2026-07-15 11:29:00,35.7725,22.6725
2026-07-15 11:44:00,36.1725,22.6025
2026-07-15 11:59:00,36.767500000000005,22.61
2026-07-15 12:14:00,36.955000000000005,22.97
2026-07-15 12:29:00,36.989999999999995,23.43
2026-07-15 12:44:00,37.3525,23.32
2026-07-15 12:59:00,38.05,22.5375
2026-07-15 13:14:00,38.75,21.515
2026-07-15 13:29:00,38.607499999999995,21.0875
2026-07-15 13:44:00,38.6675,21.63
2026-07-15 13:59:00,38.33250000000001,21.5675
2026-07-15 14:14:00,38.487500000000004,20.9475
2026-07-15 14:29:00,39.0825,20.38
2026-07-15 14:44:00,39.3975,19.815
2026-07-15 14:59:00,38.82,19.2875
2026-07-15 15:14:00,39.177499999999995,18.22
2026-07-15 15:29:00,39.03,19.165
2026-07-15 15:44:00,39.637499999999996,17.2675
2026-07-15 15:59:00,39.155,17.11
2026-07-15 16:14:00,39.215,17.845
2026-07-15 16:29:00,38.864999999999995,17.2725
2026-07-15 16:44:00,38.5875,17.4925
2026-07-15 16:59:00,38.905,19.4625
2026-07-15 17:14:00,38.21000000000001,19.3825
2026-07-15 17:29:00,37.2625,18.93
2026-07-15 17:44:00,36.5775,21.185
2026-07-15 17:59:00,35.614999999999995,22.2825
2026-07-15 18:14:00,33.98,23.655
2026-07-15 18:29:00,32.60999999999999,24.3475
2026-07-15 18:44:00,31.307499999999997,24.9125
2026-07-15 18:59:00,30.355,25.8075
2026-07-15 19:14:00,29.504999999999995,27.43
2026-07-15 19:29:00,28.119999999999997,29.7675
2026-07-15 19:44:00,27.115000000000002,31.7175
2026-07-15 19:59:00,26.177500000000002,33.125
2026-07-15 20:14:00,25.524999999999995,33.2925
2026-07-15 20:29:00,24.817499999999995,34.4125
2026-07-15 20:44:00,24.0925,37.0925
2026-07-15 20:59:00,23.3825,37.5425
2026-07-15 21:14:00,22.600000000000005,39.265
2026-07-15 21:29:00,22.077500000000004,40.84
2026-07-15 21:44:00,22.122499999999995,40.7825
2026-07-15 21:59:00,21.977500000000003,41.0
2026-07-15 22:14:00,21.989999999999995,41.115
2026-07-15 22:29:00,21.705000000000002,42.17
2026-07-15 22:44:00,21.372500000000002,42.735
2026-07-15 22:59:00,20.9025,43.84
2026-07-15 23:14:00,20.635,44.3525
2026-07-15 23:29:00,20.422499999999996,45.465
2026-07-15 23:44:00,20.1175,46.5725
2026-07-15 23:59:00,19.974999999999998,45.9475
2026-07-16 00:14:00,19.992500000000003,46.045
2026-07-16 00:29:00,19.612499999999997,46.2875
2026-07-16 00:44:00,19.2225,47.91
2026-07-16 00:59:00,18.805,49.5325
2026-07-16 01:14:00,18.705,49.1775
2026-07-16 01:29:00,18.555,50.28
2026-07-16 01:44:00,18.132499999999997,52.55
2026-07-16 01:59:00,17.86,52.98
2026-07-16 02:14:00,17.6175,53.57
2026-07-16 02:29:00,17.41,54.36
2026-07-16 02:44:00,17.3525,54.01
2026-07-16 02:59:00,17.2625,53.2975
2026-07-16 03:14:00,17.04,54.52
2026-07-16 03:29:00,16.887500000000003,55.8175
2026-07-16 03:44:00,16.6575,57.285
2026-07-16 03:59:00,16.465,58.19
2026-07-16 04:14:00,16.25,58.2875
2026-07-16 04:29:00,16.2575,57.9375
2026-07-16 04:44:00,16.125,58.7925
2026-07-16 04:59:00,16.0275,60.12
2026-07-16 05:14:00,15.967500000000001,60.015
2026-07-16 05:29:00,15.872500000000002,60.89
2026-07-16 05:44:00,15.7225,62.0925
2026-07-16 05:59:00,15.675000000000002,62.33
2026-07-16 06:14:00,15.615,62.2825
2026-07-16 06:29:00,15.622499999999999,61.915
2026-07-16 06:44:00,15.745000000000001,62.225
2026-07-16 06:59:00,16.31,60.95
2026-07-16 07:14:00,16.56,59.8
2026-07-16 07:29:00,16.77,58.93
2026-07-16 07:44:00,17.1275,57.975
2026-07-16 07:59:00,17.602500000000003,56.11
2026-07-16 08:14:00,18.112500000000004,54.495
2026-07-16 08:29:00,18.959999999999997,51.5925
2026-07-16 08:44:00,20.065000000000005,48.285
2026-07-16 08:59:00,21.255000000000003,45.9825
2026-07-16 09:14:00,22.247500000000002,42.88
2026-07-16 09:29:00,23.4075,41.0775
2026-07-16 09:44:00,24.21,39.955
2026-07-16 09:59:00,25.287499999999998,38.975
2026-07-16 10:14:00,25.697499999999998,37.955
2026-07-16 10:29:00,26.467499999999998,36.7375
2026-07-16 10:44:00,27.1425,37.225
2026-07-16 10:59:00,27.687500000000004,35.72
2026-07-16 11:14:00,27.882500000000004,35.3075
2026-07-16 11:29:00,28.0075,35.3
2026-07-16 11:44:00,28.4725,34.1875
2026-07-16 11:59:00,28.5775,34.7425
2026-07-16 12:14:00,29.440000000000005,33.0375
2026-07-16 12:29:00,29.779999999999998,32.3125
2026-07-16 12:44:00,30.0,32.2325
2026-07-16 12:59:00,30.395,31.9325
2026-07-16 13:14:00,30.619999999999997,29.77
2026-07-16 13:29:00,31.137500000000003,28.635
2026-07-16 13:44:00,31.377500000000005,26.95
2026-07-16 13:59:00,31.11,27.4475
2026-07-16 14:14:00,30.989999999999995,28.76
2026-07-16 14:29:00,31.199999999999996,27.63
2026-07-16 14:44:00,31.195,27.4825
2026-07-16 14:59:00,31.072499999999998,28.475
2026-07-16 15:14:00,30.849999999999998,29.23
2026-07-16 15:29:00,31.199999999999996,28.8325
2026-07-16 15:44:00,31.599999999999998,26.1425
2026-07-16 15:59:00,31.880000000000003,26.5425
2026-07-16 16:14:00,31.39,26.0725
2026-07-16 16:29:00,31.4025,26.9325
2026-07-16 16:44:00,31.89,26.4875
2026-07-16 16:59:00,31.029999999999998,26.7
2026-07-16 17:14:00,31.042499999999993,27.9475
2026-07-16 17:29:00,30.790000000000003,28.5125
2026-07-16 17:44:00,30.282500000000002,29.05
2026-07-16 17:59:00,29.427499999999995,30.505
2026-07-16 18:14:00,28.852500000000003,29.6475
2026-07-16 18:29:00,27.772499999999997,32.1525
2026-07-16 18:44:00,26.029999999999998,34.485
2026-07-16 18:59:00,24.84,35.495
2026-07-16 19:14:00,23.6525,37.7275
2026-07-16 19:29:00,22.752499999999998,40.8025
2026-07-16 19:44:00,22.147499999999997,42.0125
2026-07-16 19:59:00,21.625,42.97
2026-07-16 20:14:00,20.955,45.0575
2026-07-16 20:29:00,20.5825,46.5
2026-07-16 20:44:00,19.9575,48.6325
2026-07-16 20:59:00,19.185000000000002,51.29
2026-07-16 21:14:00,18.567499999999995,53.4925
2026-07-16 21:29:00,18.015000000000004,55.2375
2026-07-16 21:44:00,17.64,57.22
2026-07-16 21:59:00,17.405,59.32
2026-07-16 22:14:00,17.125,61.015
2026-07-16 22:29:00,16.822500000000005,62.5275
2026-07-16 22:44:00,16.455,64.375
2026-07-16 22:59:00,16.2725,65.16
2026-07-16 23:14:00,16.2275,65.2425
2026-07-16 23:29:00,16.14,64.9975
2026-07-16 23:44:00,15.985000000000001,65.2525
2026-07-16 23:59:00,15.7775,65.875
2026-07-17 00:14:00,15.699999999999998,67.9675
2026-07-17 00:29:00,15.504999999999999,67.2325
2026-07-17 00:44:00,15.3225,67.8925
2026-07-17 00:59:00,15.1475,68.7475
2026-07-17 01:14:00,15.094999999999999,70.5075
2026-07-17 01:29:00,14.889999999999999,72.0175
2026-07-17 01:44:00,14.575000000000001,73.1825
2026-07-17 01:59:00,14.264999999999999,74.1025
2026-07-17 02:14:00,14.032499999999999,75.32
2026-07-17 02:29:00,13.804999999999998,76.1725
2026-07-17 02:44:00,13.612499999999999,76.0
2026-07-17 02:59:00,13.4475,74.2875
2026-07-17 03:14:00,13.060000000000002,73.445
2026-07-17 03:29:00,13.01,71.765
2026-07-17 03:44:00,12.967500000000001,69.86
2026-07-17 03:59:00,12.727500000000001,70.3925
2026-07-17 04:14:00,12.542500000000002,70.355
2026-07-17 04:29:00,12.427500000000002,71.045
2026-07-17 04:44:00,12.31,71.08
2026-07-17 04:59:00,12.235000000000001,70.2825
2026-07-17 05:14:00,12.207500000000001,70.5375
2026-07-17 05:29:00,11.952499999999999,71.615
2026-07-17 05:44:00,11.6425,73.6025
2026-07-17 05:59:00,11.417499999999999,74.59
2026-07-17 06:14:00,11.490000000000002,76.6
2026-07-17 06:29:00,12.055,78.2575
2026-07-17 06:44:00,12.727500000000001,79.2
2026-07-17 06:59:00,13.619999999999997,77.985
2026-07-17 07:14:00,13.990000000000002,77.2375
2026-07-17 07:29:00,14.270000000000001,77.185
2026-07-17 07:44:00,14.602500000000001,77.32
2026-07-17 07:59:00,15.072499999999998,75.875
2026-07-17 08:14:00,15.372499999999999,74.565
2026-07-17 08:29:00,15.834999999999999,72.915
2026-07-17 08:44:00,16.849999999999998,69.17
2026-07-17 08:59:00,17.855,65.905
2026-07-17 09:14:00,19.1125,61.11
2026-07-17 09:29:00,20.027499999999996,58.8875
2026-07-17 09:44:00,20.994999999999997,55.49
2026-07-17 09:59:00,22.11,52.25
2026-07-17 10:14:00,23.16,50.035
2026-07-17 10:29:00,24.0325,48.8825
2026-07-17 10:44:00,24.317500000000003,48.49
2026-07-17 10:59:00,24.552500000000002,47.3625
2026-07-17 11:14:00,25.260000000000005,46.185
2026-07-17 11:29:00,25.949999999999996,45.015
2026-07-17 11:44:00,26.27,43.6725
2026-07-17 11:59:00,26.65,42.415
2026-07-17 12:14:00,27.25,42.2675
2026-07-17 12:29:00,28.07,40.155
2026-07-17 12:44:00,29.150000000000002,35.8
2026-07-17 12:59:00,29.502500000000005,36.4725
2026-07-17 13:14:00,30.262499999999996,34.3825
2026-07-17 13:29:00,30.2775,34.6225
2026-07-17 13:44:00,30.32,34.365
2026-07-17 13:59:00,30.912499999999998,34.04
2026-07-17 14:14:00,31.244999999999997,32.8825
2026-07-17 14:29:00,30.875,32.6825
2026-07-17 14:44:00,30.799999999999997,32.155
2026-07-17 14:59:00,30.57,31.5975
2026-07-17 15:14:00,31.474999999999998,30.4575
2026-07-17 15:29:00,31.482499999999998,30.7925
2026-07-17 15:44:00,31.377500000000005,30.5825
2026-07-17 15:59:00,31.162499999999998,31.605
2026-07-17 16:14:00,31.004999999999995,31.5075
2026-07-17 16:29:00,30.555,32.2025
2026-07-17 16:44:00,30.612500000000004,32.7475
2026-07-17 16:59:00,30.377500000000005,32.98
2026-07-17 17:14:00,30.290000000000003,32.8825
2026-07-17 17:29:00,29.220000000000002,32.4425
2026-07-17 17:44:00,28.695,34.355
2026-07-17 17:59:00,28.2525,34.8
2026-07-17 18:14:00,27.064999999999998,35.375
2026-07-17 18:29:00,26.159999999999997,36.4375
2026-07-17 18:44:00,25.057499999999997,40.1375
2026-07-17 18:59:00,23.990000000000002,42.225
2026-07-17 19:14:00,22.995000000000005,44.3175
2026-07-17 19:29:00,22.527499999999996,45.685
2026-07-17 19:44:00,21.875,48.3825
2026-07-17 19:59:00,21.005,51.16
2026-07-17 20:14:00,19.967500000000005,54.795
2026-07-17 20:29:00,19.387499999999996,56.65
2026-07-17 20:44:00,18.6225,59.6075
2026-07-17 20:59:00,17.869999999999997,62.6225
2026-07-17 21:14:00,17.345,64.2075
2026-07-17 21:29:00,16.849999999999998,66.2275
2026-07-17 21:44:00,16.445,67.9425
2026-07-17 21:59:00,16.4025,68.62
2026-07-17 22:14:00,16.392500000000002,68.7075
2026-07-17 22:29:00,15.952499999999999,70.42
2026-07-17 22:44:00,15.7225,71.3675
2026-07-17 22:59:00,15.567500000000003,71.8375
2026-07-17 23:14:00,15.267499999999997,73.185
2026-07-17 23:29:00,15.087499999999999,73.5725
2026-07-17 23:44:00,14.875,74.55
2026-07-17 23:59:00,14.815000000000001,74.995
2026-07-18 00:14:00,14.587499999999999,75.6725
2026-07-18 00:29:00,14.6075,75.6475
2026-07-18 00:44:00,14.682499999999997,75.49
2026-07-18 00:59:00,14.584999999999999,75.92
2026-07-18 01:14:00,14.445,76.76
2026-07-18 01:29:00,14.292499999999999,77.535
2026-07-18 01:44:00,14.334999999999999,77.3475
2026-07-18 01:59:00,14.317500000000003,77.9775
2026-07-18 02:14:00,14.167499999999999,78.4025
2026-07-18 02:29:00,14.04,79.0
2026-07-18 02:44:00,14.04,79.085
2026-07-18 02:59:00,14.105000000000002,79.0175
2026-07-18 03:14:00,14.155,79.0225
2026-07-18 03:29:00,14.09,78.9025
2026-07-18 03:44:00,14.095000000000002,79.3825
2026-07-18 03:59:00,14.270000000000001,79.28
2026-07-18 04:14:00,14.2775,79.425
2026-07-18 04:29:00,14.217500000000001,79.99
2026-07-18 04:44:00,14.18,80.4975
2026-07-18 04:59:00,14.25,80.35
2026-07-18 05:14:00,14.389999999999999,79.8375
2026-07-18 05:29:00,14.447499999999998,79.555
2026-07-18 05:44:00,14.5,79.3825
2026-07-18 05:59:00,14.5225,79.46
2026-07-18 06:14:00,14.625,79.52
2026-07-18 06:29:00,14.730000000000002,79.18
2026-07-18 06:44:00,14.899999999999999,79.0375
2026-07-18 06:59:00,15.067499999999999,78.725
2026-07-18 07:14:00,15.305,78.075
2026-07-18 07:29:00,15.337500000000002,77.96
2026-07-18 07:44:00,15.547500000000001,77.1175
2026-07-18 07:59:00,15.797499999999998,76.3675
2026-07-18 08:14:00,16.19,75.0425
2026-07-18 08:29:00,16.802500000000002,73.06
2026-07-18 08:44:00,16.7275,73.4625
2026-07-18 08:59:00,17.1975,71.3725
2026-07-18 09:14:00,18.1675,69.06
2026-07-18 09:29:00,19.2425,65.14
2026-07-18 09:44:00,20.695000000000004,60.8575
2026-07-18 09:59:00,21.342499999999998,59.3725
2026-07-18 10:14:00,22.285,56.54
2026-07-18 10:29:00,23.537500000000005,52.8875
2026-07-18 10:44:00,23.975,51.78
2026-07-18 10:59:00,24.689999999999998,50.505
2026-07-18 11:14:00,25.675,48.0025
2026-07-18 11:29:00,26.212500000000002,46.895
2026-07-18 11:44:00,26.960000000000004,45.73
2026-07-18 11:59:00,27.407500000000002,44.7025
2026-07-18 12:14:00,27.8275,43.135
2026-07-18 12:29:00,28.177499999999995,42.86
2026-07-18 12:44:00,28.892500000000002,40.7425
2026-07-18 12:59:00,29.555,39.5325
2026-07-18 13:14:00,30.595000000000002,38.29
2026-07-18 13:29:00,31.265,36.3275
2026-07-18 13:44:00,31.2425,36.28
2026-07-18 13:59:00,31.0625,35.1775
2026-07-18 14:14:00,31.272499999999997,36.245
2026-07-18 14:29:00,31.557499999999997,34.3125
2026-07-18 14:44:00,31.7975,33.11
2026-07-18 14:59:00,32.332499999999996,33.3
2026-07-18 15:14:00,32.87,32.28
2026-07-18 15:29:00,33.4375,29.835
2026-07-18 15:44:00,34.324999999999996,27.9125
2026-07-18 15:59:00,34.565,29.6575
2026-07-18 16:14:00,34.0275,30.455
2026-07-18 16:29:00,33.737500000000004,29.7375
2026-07-18 16:44:00,33.817499999999995,28.59
2026-07-18 16:59:00,33.544999999999995,26.87
2026-07-18 17:14:00,33.072500000000005,26.01
2026-07-18 17:29:00,33.085,23.17
2026-07-18 17:44:00,32.765,24.6825
2026-07-18 17:59:00,32.332499999999996,24.17
2026-07-18 18:14:00,31.384999999999998,24.365
2026-07-18 18:29:00,30.747500000000002,24.59
2026-07-18 18:44:00,29.647499999999997,25.9
2026-07-18 18:59:00,28.972499999999993,27.3275
2026-07-18 19:14:00,28.137499999999996,30.285
2026-07-18 19:29:00,27.600000000000005,32.3
2026-07-18 19:44:00,26.687499999999996,37.2325
2026-07-18 19:59:00,25.9875,36.7275
2026-07-18 20:14:00,24.73,40.8975
2026-07-18 20:29:00,23.89,41.925
2026-07-18 20:44:00,22.9975,46.98
2026-07-18 20:59:00,22.029999999999998,48.6975
2026-07-18 21:14:00,21.0975,51.5975
2026-07-18 21:29:00,20.792500000000004,51.1975
2026-07-18 21:44:00,20.599999999999998,50.9725
2026-07-18 21:59:00,20.3475,52.44
2026-07-18 22:14:00,19.907500000000002,53.925
2026-07-18 22:29:00,19.445000000000004,56.555
2026-07-18 22:44:00,18.937500000000004,58.12
2026-07-18 22:59:00,18.2125,60.73
2026-07-18 23:14:00,17.525000000000002,63.935
2026-07-18 23:29:00,16.834999999999997,66.635
2026-07-18 23:44:00,16.477500000000003,68.0425
2026-07-18 23:59:00,16.314999999999998,68.76
2026-07-19 00:14:00,16.085,69.93
2026-07-19 00:29:00,15.765000000000002,71.45
2026-07-19 00:44:00,15.4925,72.67
2026-07-19 00:59:00,15.332500000000001,73.63
2026-07-19 01:14:00,15.1875,74.6825
2026-07-19 01:29:00,15.104999999999999,74.99
2026-07-19 01:44:00,15.200000000000001,75.0875
2026-07-19 01:59:00,15.067499999999999,75.9375
2026-07-19 02:14:00,14.9775,76.5825
2026-07-19 02:29:00,14.879999999999999,76.8025
2026-07-19 02:44:00,14.810000000000002,77.1675
2026-07-19 02:59:00,14.762499999999998,77.8325
2026-07-19 03:14:00,14.797500000000001,77.7575
2026-07-19 03:29:00,14.762499999999998,78.4975
2026-07-19 03:44:00,14.6875,78.935
2026-07-19 03:59:00,14.59,79.29
2026-07-19 04:14:00,14.544999999999996,79.69
2026-07-19 04:29:00,14.405000000000001,80.34
2026-07-19 04:44:00,14.485000000000001,80.6675
2026-07-19 04:59:00,14.537499999999998,80.8275
2026-07-19 05:14:00,14.637499999999998,80.6025
2026-07-19 05:29:00,14.6775,80.47
2026-07-19 05:44:00,14.725000000000001,80.5425
2026-07-19 05:59:00,14.644999999999998,80.86
2026-07-19 06:14:00,14.754999999999999,80.7275
2026-07-19 06:29:00,14.875,80.4875
2026-07-19 06:44:00,15.162499999999998,79.6725
2026-07-19 06:59:00,15.130000000000003,79.545
2026-07-19 07:14:00,15.379999999999999,79.47
2026-07-19 07:29:00,15.412500000000001,78.87
2026-07-19 07:44:00,16.0,76.9375
2026-07-19 07:59:00,16.075000000000003,76.585
2026-07-19 08:14:00,16.2275,75.9975
2026-07-19 08:29:00,16.4025,75.4625
2026-07-19 08:44:00,17.3425,72.93
2026-07-19 08:59:00,18.020000000000003,70.58
2026-07-19 09:14:00,18.5775,69.1
2026-07-19 09:29:00,20.220000000000002,63.8225
2026-07-19 09:44:00,20.802500000000002,62.735
2026-07-19 09:59:00,21.145000000000003,62.205
2026-07-19 10:14:00,22.299999999999997,58.7625
2026-07-19 10:29:00,23.7925,55.005
2026-07-19 10:44:00,24.397499999999997,52.865
2026-07-19 10:59:00,24.897499999999997,51.4725
2026-07-19 11:14:00,25.402500000000003,49.355
2026-07-19 11:29:00,26.320000000000004,47.87
2026-07-19 11:44:00,27.1425,46.6275
2026-07-19 11:59:00,27.772499999999997,44.4125
2026-07-19 12:14:00,29.050000000000004,41.015
2026-07-19 12:29:00,29.615000000000002,40.2825
2026-07-19 12:44:00,30.202500000000004,39.53
2026-07-19 12:59:00,30.7775,38.3275
2026-07-19 13:14:00,31.375,36.515
2026-07-19 13:29:00,31.740000000000002,37.62
2026-07-19 13:44:00,32.44,35.6925
2026-07-19 13:59:00,32.535,34.0675
2026-07-19 14:14:00,31.945,34.0275
2026-07-19 14:29:00,32.08250000000001,34.1225
2026-07-19 14:44:00,32.3375,34.0825
2026-07-19 14:59:00,33.0475,31.7725
2026-07-19 15:14:00,34.275,31.2
2026-07-19 15:29:00,33.84,31.425
2026-07-19 15:44:00,33.455,31.0625
2026-07-19 15:59:00,32.9525,28.96
2026-07-19 16:14:00,33.2175,25.785
2026-07-19 16:29:00,32.8725,30.0925
2026-07-19 16:44:00,32.375,27.855
2026-07-19 16:59:00,31.6875,27.7175
2026-07-19 17:14:00,33.425000000000004,26.6075
2026-07-19 17:29:00,34.25,28.99
2026-07-19 17:44:00,32.91,28.8575
2026-07-19 17:59:00,31.787499999999998,28.37
2026-07-19 18:14:00,29.445,31.315
2026-07-19 18:29:00,28.182499999999997,33.665
2026-07-19 18:44:00,27.590000000000003,33.79
2026-07-19 18:59:00,27.2225,35.82
2026-07-19 19:14:00,26.3975,39.7075
2026-07-19 19:29:00,25.630000000000003,42.6425
2026-07-19 19:44:00,24.7175,44.5025
2026-07-19 19:59:00,24.237499999999997,45.4425
2026-07-19 20:14:00,23.8325,45.1825
2026-07-19 20:29:00,23.547499999999996,45.7725
2026-07-19 20:44:00,23.130000000000003,47.21
2026-07-19 20:59:00,22.852500000000003,48.345
2026-07-19 21:14:00,22.47,50.1925
2026-07-19 21:29:00,21.950000000000003,51.335
2026-07-19 21:44:00,21.682499999999997,52.2725
2026-07-19 21:59:00,21.48,52.9425
2026-07-19 22:14:00,21.27,53.565
2026-07-19 22:29:00,21.09,54.6425
2026-07-19 22:44:00,20.7125,55.77
2026-07-19 22:59:00,20.205,57.65
2026-07-19 23:14:00,19.992500000000003,58.5975
2026-07-19 23:29:00,19.810000000000002,58.8475
2026-07-19 23:44:00,19.6,59.415
2026-07-19 23:59:00,19.355,60.82
2026-07-20 00:14:00,19.174999999999997,62.03
2026-07-20 00:29:00,18.955,62.985
2026-07-20 00:44:00,18.6175,64.3875
2026-07-20 00:59:00,18.217499999999998,65.89
2026-07-20 01:14:00,17.995000000000005,67.13
2026-07-20 01:29:00,17.869999999999997,67.82
2026-07-20 01:44:00,17.950000000000003,67.995
2026-07-20 01:59:00,17.93,68.69
2026-07-20 02:14:00,17.655,69.595
2026-07-20 02:29:00,17.55,70.2375
2026-07-20 02:44:00,17.55,70.755
2026-07-20 02:59:00,17.6575,70.685
2026-07-20 03:14:00,17.542500000000004,71.3325
2026-07-20 03:29:00,17.5825,71.1225
2026-07-20 03:44:00,17.512500000000003,71.2325
2026-07-20 03:59:00,17.39,71.8675
2026-07-20 04:14:00,17.4925,71.905
2026-07-20 04:29:00,17.474999999999998,71.8475
2026-07-20 04:44:00,17.2875,72.6775
2026-07-20 04:59:00,17.1975,73.14
2026-07-20 05:14:00,17.21,73.18
2026-07-20 05:29:00,17.1375,73.9625
2026-07-20 05:44:00,17.15,73.9725
2026-07-20 05:59:00,17.1275,74.3475
2026-07-20 06:14:00,17.0025,75.0275
2026-07-20 06:29:00,17.084999999999997,74.9875
2026-07-20 06:44:00,17.2775,74.71
2026-07-20 06:59:00,17.395,73.2025
2026-07-20 07:14:00,17.4825,73.285
2026-07-20 07:29:00,17.465,73.7825
2026-07-20 07:44:00,17.7325,73.3775
2026-07-20 07:59:00,17.855,73.0175
2026-07-20 08:14:00,18.2525,72.4475
2026-07-20 08:29:00,18.842499999999998,70.54
2026-07-20 08:44:00,19.382499999999997,69.015
2026-07-20 08:59:00,20.022499999999997,67.5075
2026-07-20 09:14:00,20.89,65.1575
2026-07-20 09:29:00,21.197500000000005,63.2225
2026-07-20 09:44:00,21.940000000000005,60.7175
2026-07-20 09:59:00,22.7625,58.0875
2026-07-20 10:14:00,23.8175,54.5925
2026-07-20 10:29:00,24.450000000000003,53.9975
2026-07-20 10:44:00,24.8725,51.8925
2026-07-20 10:59:00,27.2375,47.8575
2026-07-20 11:14:00,28.095,44.2525
2026-07-20 11:29:00,29.517500000000002,42.1575
2026-07-20 11:44:00,29.86,39.285
2026-07-20 11:59:00,30.165000000000003,38.6275
2026-07-20 12:14:00,30.652499999999993,36.2475
2026-07-20 12:29:00,31.495000000000005,31.5275
2026-07-20 12:44:00,33.097500000000004,28.3275
2026-07-20 12:59:00,33.059999999999995,26.7425
2026-07-20 13:14:00,33.99,28.0725
2026-07-20 13:29:00,34.475,27.795
2026-07-20 13:44:00,34.987500000000004,26.5675
2026-07-20 13:59:00,35.7075,25.62
2026-07-20 14:14:00,35.155,25.715
2026-07-20 14:29:00,33.620000000000005,28.86
2026-07-20 14:44:00,33.0475,27.445
2026-07-20 14:59:00,32.802499999999995,28.255
2026-07-20 15:14:00,32.5975,27.465
2026-07-20 15:29:00,32.145,26.395
2026-07-20 15:44:00,32.10249999999999,26.5675
2026-07-20 15:59:00,31.9375,28.5625
2026-07-20 16:14:00,31.32,29.3525
2026-07-20 16:29:00,30.592500000000005,32.7575
2026-07-20 16:44:00,29.887500000000003,34.34
2026-07-20 16:59:00,29.802499999999995,33.875
2026-07-20 17:14:00,29.6325,33.0475
2026-07-20 17:29:00,29.215,34.77
2026-07-20 17:44:00,29.0975,34.5875
2026-07-20 17:59:00,28.93,33.505
2026-07-20 18:14:00,28.724999999999998,33.855
2026-07-20 18:29:00,28.449999999999996,34.1825
2026-07-20 18:44:00,28.582499999999996,32.35
2026-07-20 18:59:00,28.439999999999998,32.32
2026-07-20 19:14:00,28.185000000000002,32.2075
2026-07-20 19:29:00,27.980000000000004,31.1975
2026-07-20 19:44:00,27.66,31.51
2026-07-20 19:59:00,27.297499999999996,30.9375
2026-07-20 20:14:00,27.07,31.1925
2026-07-20 20:29:00,26.8325,30.6375
2026-07-20 20:44:00,26.569999999999997,30.945
2026-07-20 20:59:00,26.197500000000005,31.98
2026-07-20 21:14:00,25.6875,32.99
2026-07-20 21:29:00,25.375,34.5325
2026-07-20 21:44:00,24.985,36.0875
2026-07-20 21:59:00,24.595000000000002,36.4
2026-07-20 22:14:00,24.34,36.1
2026-07-20 22:29:00,24.0325,41.5575
2026-07-20 22:44:00,23.537500000000005,43.215
2026-07-20 22:59:00,23.1425,45.305
2026-07-20 23:14:00,22.892500000000002,45.2975
2026-07-20 23:29:00,22.395000000000003,46.675
2026-07-20 23:44:00,22.2025,47.72
2026-07-20 23:59:00,22.015,45.32
2026-07-21 00:14:00,21.765000000000004,45.5625
2026-07-21 00:29:00,21.3475,46.8075
2026-07-21 00:44:00,21.065,47.1325
2026-07-21 00:59:00,20.8925,48.2
2026-07-21 01:14:00,20.767500000000002,49.5025
2026-07-21 01:29:00,20.85,50.7625
2026-07-21 01:44:00,20.785,51.075
2026-07-21 01:59:00,20.652499999999996,52.0375
2026-07-21 02:14:00,20.3675,52.4275
2026-07-21 02:29:00,20.154999999999998,53.83
2026-07-21 02:44:00,20.1075,54.56
2026-07-21 02:59:00,20.124999999999996,52.72
2026-07-21 03:14:00,20.1275,51.84
2026-07-21 03:29:00,20.037499999999998,53.53
2026-07-21 03:44:00,20.134999999999998,51.7475
2026-07-21 03:59:00,20.272499999999997,52.765
2026-07-21 04:14:00,20.3675,53.26
2026-07-21 04:29:00,20.272499999999997,53.705
2026-07-21 04:44:00,20.23,54.0775
2026-07-21 04:59:00,20.252499999999998,55.14
2026-07-21 05:14:00,20.25,54.585
2026-07-21 05:29:00,20.225,54.3775
2026-07-21 05:44:00,20.14,53.6525
2026-07-21 05:59:00,20.314999999999998,53.3525
2026-07-21 06:14:00,20.404999999999998,54.2
2026-07-21 06:29:00,20.314999999999998,55.3425
2026-07-21 06:44:00,20.632499999999997,54.8825
2026-07-21 06:59:00,21.455,52.945
2026-07-21 07:14:00,22.125,51.93
2026-07-21 07:29:00,22.395000000000003,52.2425
2026-07-21 07:44:00,22.790000000000003,51.3825
2026-07-21 07:59:00,23.345000000000002,50.41
2026-07-21 08:14:00,23.935,50.29
2026-07-21 08:29:00,24.7425,49.24
2026-07-21 08:44:00,25.695000000000004,47.265
2026-07-21 08:59:00,26.3575,46.67
2026-07-21 09:14:00,26.849999999999998,46.29
2026-07-21 09:29:00,28.1875,43.265
2026-07-21 09:44:00,28.862499999999997,41.2525
2026-07-21 09:59:00,29.7575,39.57
2026-07-21 10:14:00,31.154999999999998,34.475
2026-07-21 10:29:00,32.449999999999996,30.71
2026-07-21 10:44:00,33.544999999999995,24.5475
2026-07-21 10:59:00,34.324999999999996,24.105
2026-07-21 11:14:00,35.0,21.2925
2026-07-21 11:29:00,35.43,23.43
2026-07-21 11:44:00,35.275000000000006,24.7375
2026-07-21 11:59:00,35.377500000000005,24.5
2026-07-21 12:14:00,36.16499999999999,25.2325
2026-07-21 12:29:00,37.065,25.355
2026-07-21 12:44:00,37.6475,22.915
2026-07-21 12:59:00,38.2975,23.16
2026-07-21 13:14:00,39.4375,22.6325
2026-07-21 13:29:00,39.2975,23.635
2026-07-21 13:44:00,39.02,23.91
2026-07-21 13:59:00,39.052499999999995,23.765
2026-07-21 14:14:00,38.6525,24.6275
2026-07-21 14:29:00,37.197500000000005,26.435
2026-07-21 14:44:00,38.4425,26.8325
2026-07-21 14:59:00,38.3025,26.7875
2026-07-21 15:14:00,39.294999999999995,24.9575
2026-07-21 15:29:00,39.542500000000004,24.465
2026-07-21 15:44:00,39.989999999999995,24.275
2026-07-21 15:59:00,39.72,24.3075
2026-07-21 16:14:00,39.5975,24.73
2026-07-21 16:29:00,39.5525,24.3325
2026-07-21 16:44:00,39.28,25.0225
2026-07-21 16:59:00,38.97749999999999,24.365
2026-07-21 17:14:00,38.9425,24.685
2026-07-21 17:29:00,38.22999999999999,24.755
2026-07-21 17:44:00,37.325,24.955
2026-07-21 17:59:00,36.4125,25.36
2026-07-21 18:14:00,35.5775,26.19
2026-07-21 18:29:00,34.724999999999994,27.19
2026-07-21 18:44:00,34.037499999999994,26.655
2026-07-21 18:59:00,33.55,27.065
2026-07-21 19:14:00,33.2,27.1875
2026-07-21 19:29:00,32.824999999999996,27.045
2026-07-21 19:44:00,32.23,26.43
2026-07-21 19:59:00,31.472499999999993,26.655
2026-07-21 20:14:00,30.690000000000005,27.0725
2026-07-21 20:29:00,29.630000000000003,28.5875
2026-07-21 20:44:00,28.744999999999997,31.2875
2026-07-21 20:59:00,28.1875,32.4
2026-07-21 21:14:00,27.224999999999998,34.3475
2026-07-21 21:29:00,26.667499999999997,34.47
2026-07-21 21:44:00,26.2025,34.42
2026-07-21 21:59:00,25.86,35.205
2026-07-21 22:14:00,25.57,36.3675
2026-07-21 22:29:00,25.25,38.695
2026-07-21 22:44:00,24.942500000000003,40.3525
2026-07-21 22:59:00,24.552500000000002,41.69
2026-07-21 23:14:00,24.094999999999995,49.88
2026-07-21 23:29:00,23.3825,54.9225
2026-07-21 23:44:00,22.8425,59.0625
2026-07-21 23:59:00,22.48,61.47
2026-07-22 00:14:00,22.365000000000002,62.1375
2026-07-22 00:29:00,22.277500000000003,62.7375
2026-07-22 00:44:00,22.292499999999997,62.59
2026-07-22 00:59:00,22.067500000000003,63.99
2026-07-22 01:14:00,21.750000000000004,65.9825
2026-07-22 01:29:00,21.564999999999998,66.8125
2026-07-22 01:44:00,21.555000000000003,66.035
2026-07-22 01:59:00,21.282499999999995,67.37
2026-07-22 02:14:00,21.1525,67.5075
2026-07-22 02:29:00,20.977500000000003,67.8
2026-07-22 02:44:00,20.910000000000004,67.2075
2026-07-22 02:59:00,20.759999999999998,67.7175
2026-07-22 03:14:00,20.592500000000005,68.6825
2026-07-22 03:29:00,20.515000000000004,69.475
2026-07-22 03:44:00,20.427499999999995,69.8125
2026-07-22 03:59:00,20.3425,69.7925
2026-07-22 04:14:00,20.2975,70.0025
2026-07-22 04:29:00,20.177500000000002,70.4675
2026-07-22 04:44:00,20.012499999999996,71.115
2026-07-22 04:59:00,19.9575,71.2725
2026-07-22 05:14:00,19.875000000000004,71.3125
2026-07-22 05:29:00,19.67,72.0
2026-07-22 05:44:00,19.529999999999998,72.465
2026-07-22 05:59:00,19.407499999999995,72.5775
2026-07-22 06:14:00,19.32,72.9075
2026-07-22 06:29:00,19.34,72.8025
2026-07-22 06:44:00,19.515,72.4725
2026-07-22 06:59:00,19.8525,71.33
2026-07-22 07:14:00,20.02,70.93
2026-07-22 07:29:00,20.027499999999996,70.8525
2026-07-22 07:44:00,20.3425,69.7375
2026-07-22 07:59:00,20.422499999999996,69.325
2026-07-22 08:14:00,20.665000000000003,68.0625
2026-07-22 08:29:00,21.09,66.6325
2026-07-22 08:44:00,21.762500000000003,64.925
2026-07-22 08:59:00,22.560000000000002,62.115
2026-07-22 09:14:00,23.17,60.675
2026-07-22 09:29:00,24.215,57.945
2026-07-22 09:44:00,25.057499999999997,55.365
2026-07-22 09:59:00,25.4,54.2575
2026-07-22 10:14:00,25.989999999999995,53.325
2026-07-22 10:29:00,26.462499999999995,51.7475
2026-07-22 10:44:00,27.604999999999997,49.6125
2026-07-22 10:59:00,28.4225,48.165
2026-07-22 11:14:00,28.720000000000002,47.3825
2026-07-22 11:29:00,28.535,47.825
2026-07-22 11:44:00,28.7925,48.0275
2026-07-22 11:59:00,29.010000000000005,47.69
2026-07-22 12:14:00,29.289999999999996,48.0275
2026-07-22 12:29:00,29.230000000000004,47.415
2026-07-22 12:44:00,29.39,46.7975
2026-07-22 12:59:00,30.339999999999993,44.35
2026-07-22 13:14:00,30.849999999999998,44.3525
2026-07-22 13:29:00,30.785,44.37
2026-07-22 13:44:00,30.240000000000002,43.9675
2026-07-22 13:59:00,30.66,43.415
2026-07-22 14:14:00,30.675000000000004,43.385
2026-07-22 14:29:00,30.964999999999993,42.895
2026-07-22 14:44:00,30.512500000000003,43.9075
2026-07-22 14:59:00,30.372500000000002,43.4075
2026-07-22 15:14:00,29.959999999999997,44.345
2026-07-22 15:29:00,29.2775,44.895
2026-07-22 15:44:00,28.995000000000005,44.705
2026-07-22 15:59:00,28.947500000000005,45.7725
2026-07-22 16:14:00,29.002499999999998,44.165
2026-07-22 16:29:00,29.089999999999993,43.68
2026-07-22 16:44:00,28.91,43.9875
2026-07-22 16:59:00,28.717500000000005,43.935
2026-07-22 17:14:00,28.747500000000002,44.7925
2026-07-22 17:29:00,27.985,45.35
2026-07-22 17:44:00,27.365000000000002,46.6425
2026-07-22 17:59:00,26.784999999999997,47.225
2026-07-22 18:14:00,25.825000000000003,48.7925
2026-07-22 18:29:00,24.812499999999996,50.645
2026-07-22 18:44:00,23.777499999999996,52.9925
2026-07-22 18:59:00,22.7625,55.35
2026-07-22 19:14:00,22.087499999999995,57.135
2026-07-22 19:29:00,21.667499999999997,57.9225
2026-07-22 19:44:00,21.137500000000003,59.8075
2026-07-22 19:59:00,20.695000000000004,61.2625
2026-07-22 20:14:00,20.137500000000003,63.14
2026-07-22 20:29:00,19.6,65.0875
2026-07-22 20:44:00,19.274999999999995,66.6625
2026-07-22 20:59:00,19.067500000000003,67.63
2026-07-22 21:14:00,18.75,68.53
2026-07-22 21:29:00,18.377499999999998,69.46
2026-07-22 21:44:00,18.029999999999998,70.76
2026-07-22 21:59:00,17.757500000000004,71.255
2026-07-22 22:14:00,17.575,72.5
2026-07-22 22:29:00,17.554999999999996,72.2225
2026-07-22 22:44:00,17.2875,73.02
2026-07-22 22:59:00,17.084999999999997,74.4925
2026-07-22 23:14:00,16.917500000000004,75.0125
2026-07-22 23:29:00,16.69,75.6575
2026-07-22 23:44:00,16.737499999999997,75.5275
2026-07-22 23:59:00,16.587500000000002,76.2875
2026-07-23 00:14:00,16.4425,77.23
2026-07-23 00:29:00,16.295,77.9425
2026-07-23 00:44:00,16.314999999999998,78.1275
2026-07-23 00:59:00,16.197500000000005,78.5875
2026-07-23 01:14:00,16.085,79.4975
2026-07-23 01:29:00,16.0425,79.7575
2026-07-23 01:44:00,16.049999999999997,79.71
2026-07-23 01:59:00,16.0,80.01
2026-07-23 02:14:00,16.015,79.945
2026-07-23 02:29:00,15.9475,79.995
2026-07-23 02:44:00,15.862500000000002,80.37
2026-07-23 02:59:00,15.727500000000001,80.7875
2026-07-23 03:14:00,15.667500000000002,80.8875
2026-07-23 03:29:00,15.520000000000001,81.4325
2026-07-23 03:44:00,15.445,81.9125
2026-07-23 03:59:00,15.350000000000001,82.2925
2026-07-23 04:14:00,15.309999999999999,82.255
2026-07-23 04:29:00,15.1775,82.6825
2026-07-23 04:44:00,15.115,82.63
2026-07-23 04:59:00,15.072499999999998,82.7425
2026-07-23 05:14:00,15.037500000000001,83.0625
2026-07-23 05:29:00,14.9925,82.97
2026-07-23 05:44:00,14.927500000000002,83.1725
2026-07-23 05:59:00,14.885,83.165
2026-07-23 06:14:00,14.827500000000002,83.41
2026-07-23 06:29:00,14.832500000000001,83.495
2026-07-23 06:44:00,15.0975,83.43
2026-07-23 06:59:00,15.567500000000003,82.4425
2026-07-23 07:14:00,15.967500000000001,81.8325
2026-07-23 07:29:00,16.065,81.7825
2026-07-23 07:44:00,16.439999999999998,81.06
2026-07-23 07:59:00,16.865,79.8825
2026-07-23 08:14:00,17.1525,78.545
2026-07-23 08:29:00,17.5975,77.145
2026-07-23 08:44:00,18.119999999999997,75.12
2026-07-23 08:59:00,19.030000000000005,72.44
2026-07-23 09:14:00,19.887500000000003,69.66
2026-07-23 09:29:00,20.515000000000004,66.6475
2026-07-23 09:44:00,21.48,64.245
2026-07-23 09:59:00,21.784999999999997,63.1825
2026-07-23 10:14:00,22.755000000000003,60.1775
2026-07-23 10:29:00,23.37,58.955
2026-07-23 10:44:00,24.7425,55.7125
2026-07-23 10:59:00,25.300000000000004,54.265
2026-07-23 11:14:00,25.66,53.4425
2026-07-23 11:29:00,25.747500000000002,53.57
2026-07-23 11:44:00,25.8875,52.0575
2026-07-23 11:59:00,26.735,51.0275
2026-07-23 12:14:00,26.915000000000003,50.975
2026-07-23 12:29:00,27.8675,48.9825
2026-07-23 12:44:00,28.61,46.94
2026-07-23 12:59:00,29.230000000000004,45.4125
2026-07-23 13:14:00,30.412500000000005,44.075
2026-07-23 13:29:00,30.772499999999997,41.91
2026-07-23 13:44:00,30.260000000000005,42.855
2026-07-23 13:59:00,30.974999999999998,42.0925
2026-07-23 14:14:00,31.09,41.61
2026-07-23 14:29:00,31.142500000000002,41.655
2026-07-23 14:44:00,31.462499999999995,40.29
2026-07-23 14:59:00,31.762500000000003,40.595
2026-07-23 15:14:00,31.765000000000004,40.64
2026-07-23 15:29:00,32.0925,40.045
2026-07-23 15:44:00,32.8825,38.63
2026-07-23 15:59:00,32.4775,39.0875
2026-07-23 16:14:00,32.822500000000005,38.88
2026-07-23 16:29:00,32.567499999999995,38.7475
2026-07-23 16:44:00,32.99,37.81
2026-07-23 16:59:00,32.919999999999995,38.3575
2026-07-23 17:14:00,32.655,38.1725
2026-07-23 17:29:00,32.04,38.785
2026-07-23 17:44:00,31.477499999999996,38.9925
2026-07-23 17:59:00,30.4525,40.8775
2026-07-23 18:14:00,29.334999999999997,42.9025
2026-07-23 18:29:00,28.380000000000003,44.2925
2026-07-23 18:44:00,26.912499999999998,46.755
2026-07-23 18:59:00,25.7325,48.605
2026-07-23 19:14:00,24.8525,50.5825
2026-07-23 19:29:00,24.460000000000004,50.8425
2026-07-23 19:44:00,23.76,51.4875
